cell_id,family,method,dtype_name,s,ci_low,ci_high,bootstrap_bias,quadratic_curvature,curvature_sign,delta_aic_quadratic_minus_power,quadratic_preferred
random_conditioned:20591473a1bf5735,random_conditioned,R0_C0,float32,0.9447589739210766,0.929378011589252,0.9603196525603975,-7.333878728199572e-06,0.06649450065284389,convex,-26.737662616233585,True
random_conditioned:20591473a1bf5735,random_conditioned,R0_C0,float64,0.43148536420588857,0.4063174417290748,0.46021299063076576,0.0016061543730990224,-0.10686030348494178,concave,-2.4309307639228876,True
random_conditioned:20591473a1bf5735,random_conditioned,R0_C1,float32,0.14760683082474158,0.14062853156059965,0.1556824386977379,0.0003416012194117912,-0.029549595415052185,concave,-19.18146128140927,True
random_conditioned:20591473a1bf5735,random_conditioned,R0_C1,float64,0.28868221804660615,0.28411764940638157,0.29289298966999167,-7.724583109547378e-05,0.02060918290405464,convex,-18.37673738389273,True
random_conditioned:20591473a1bf5735,random_conditioned,R0_C2,float32,0.15745548129499576,0.1504262669564326,0.1635582514457217,-7.81003113041745e-05,-0.02376140170585582,concave,-21.056170325713566,True
random_conditioned:20591473a1bf5735,random_conditioned,R0_C2,float64,0.34091974050818524,0.3360781931466247,0.3459715231754138,0.00020527023502608932,0.017528215646429784,convex,-25.062134432665516,True
random_conditioned:20591473a1bf5735,random_conditioned,R1_C1,float32,0.14722570620398923,0.14130424706918196,0.15392526452047225,0.00013969922955900382,-0.021244362781421344,concave,-19.42055841753357,True
random_conditioned:20591473a1bf5735,random_conditioned,R1_C1,float64,0.20930000981309657,0.20505292683310816,0.2125814024681491,-0.0002478741324205558,0.017220284112075747,convex,-39.51736966879652,True
random_conditioned:20591473a1bf5735,random_conditioned,R2_C2,float32,0.1756990698652219,0.1689715291967697,0.18278395193996547,4.296421784122373e-05,-0.014407967899113451,concave,-7.709540937056516,True
random_conditioned:20591473a1bf5735,random_conditioned,R2_C2,float64,0.2593283613697487,0.25542022618119664,0.26308289511512606,0.00011052195227284622,0.02396987761107671,convex,-42.37955376265842,True
random_conditioned:24db10624cd06023,random_conditioned,R0_C0,float32,0.9955291784222299,0.9632320235850024,1.029311205738388,-0.0013287849465238866,-0.29275252018932685,concave,-47.464497725870544,True
random_conditioned:24db10624cd06023,random_conditioned,R0_C0,float64,1.5072122152892855,1.4641209162646582,1.5533241694543443,-0.0001673948790124058,-0.028164461665077578,concave,0.41506640224071845,False
random_conditioned:24db10624cd06023,random_conditioned,R0_C1,float32,0.30392268286637286,0.29655772401397235,0.30819136561705174,-0.0005900806433569161,0.013415446776663386,convex,-16.991484137234067,True
random_conditioned:24db10624cd06023,random_conditioned,R0_C1,float64,0.2864112963031635,0.2822254412549612,0.29081375923512875,-2.0169896917165975e-05,0.022289024264636505,convex,-33.35691164826616,True
random_conditioned:24db10624cd06023,random_conditioned,R0_C2,float32,0.36034885312272785,0.35633186437927256,0.36425498038687953,6.660035771777206e-05,0.00843250483227278,convex,-10.32019622318441,True
random_conditioned:24db10624cd06023,random_conditioned,R0_C2,float64,0.3418776416004423,0.3357902625553007,0.34507338354337636,-0.0010494263210770183,0.01871710795492136,convex,-22.999065047753376,True
random_conditioned:24db10624cd06023,random_conditioned,R1_C1,float32,0.21973812565447717,0.2165635017545397,0.22352588849060057,0.00023467661408063667,0.01576822064991033,convex,-27.536418508144436,True
random_conditioned:24db10624cd06023,random_conditioned,R1_C1,float64,0.20877378706264518,0.20402442324461992,0.21262038956352744,-0.0001035435187656808,0.018746261473352364,convex,-37.93063858795067,True
random_conditioned:24db10624cd06023,random_conditioned,R2_C2,float32,0.27817390013462984,0.27450941733460027,0.28316938084167625,0.0004628874221093149,0.01564726555247842,convex,-39.52165548618629,True
random_conditioned:24db10624cd06023,random_conditioned,R2_C2,float64,0.25416033165753266,0.2497391652734223,0.2585155444108713,-0.0002579803723415375,0.026742080670558954,convex,-32.047204530682706,True
random_conditioned:33289cf8a89ff087,random_conditioned,R0_C0,float32,1.3503762134423578,1.3141957710309506,1.4005835778090652,0.005098892988258497,-0.04794050554412516,concave,-4.042019390402189,True
random_conditioned:33289cf8a89ff087,random_conditioned,R0_C0,float64,1.4257670406896565,1.37420483396913,1.4632477133643933,-0.0054873067075094095,-0.03442225017146494,concave,-1.704405816417946,True
random_conditioned:33289cf8a89ff087,random_conditioned,R0_C1,float32,0.4274536130552273,0.4175868838928533,0.4345907132945991,-0.0012757399176636097,0.008805639462280773,convex,-2.857973124427872,True
random_conditioned:33289cf8a89ff087,random_conditioned,R0_C1,float64,0.4368554309182945,0.42799908421918026,0.4452991129391029,4.3432929419939814e-05,0.010714653646390479,convex,-10.9413299372343,True
random_conditioned:33289cf8a89ff087,random_conditioned,R0_C2,float32,0.47734634247251007,0.46834775956798147,0.4858679495452693,-5.904123307437503e-05,0.005480487419872582,convex,1.3111182710277234,False
random_conditioned:33289cf8a89ff087,random_conditioned,R0_C2,float64,0.4811126071798974,0.4709118313923526,0.49109129458593326,-4.01922027787327e-06,0.010624588136467687,convex,-2.7584959314658732,True
random_conditioned:33289cf8a89ff087,random_conditioned,R1_C1,float32,0.32475555873358275,0.31605713095504473,0.33162027833951774,-0.0007390932081649537,0.04022407115980646,convex,-27.152428098377143,True
random_conditioned:33289cf8a89ff087,random_conditioned,R1_C1,float64,0.3363735430479632,0.32791988566818586,0.34295967960683144,-0.0008032589152595082,0.03771849235357789,convex,-28.54870102761369,True
random_conditioned:33289cf8a89ff087,random_conditioned,R2_C2,float32,0.36053844099531,0.3532623043374658,0.36794619691475045,-8.761211014485237e-05,0.025590022752162607,convex,-16.809307143714832,True
random_conditioned:33289cf8a89ff087,random_conditioned,R2_C2,float64,0.3616856040130967,0.35401279723639106,0.36773293013097536,-0.0005491025628530655,0.03421468863333793,convex,-26.53566812904326,True
random_conditioned:36337c2841740aff,random_conditioned,R0_C0,float32,0.8107302072141115,0.7931438812283721,0.8281879860465359,9.791507173095848e-05,0.06161280242168306,convex,-24.193123323951717,True
random_conditioned:36337c2841740aff,random_conditioned,R0_C0,float64,1.5491773914273972,1.5105910732393477,1.5919461812928473,0.003024247643552469,-0.07368540917490665,concave,-10.166456034413969,True
random_conditioned:36337c2841740aff,random_conditioned,R0_C1,float32,0.11486393699650144,0.10886721636089643,0.12197163118038461,0.0003902084725025262,0.07238354882028102,convex,-36.33131616309495,True
random_conditioned:36337c2841740aff,random_conditioned,R0_C1,float64,0.30144221955845274,0.29381731319471,0.3091225331196578,-0.00013042331023582765,0.04171630369404792,convex,-26.1925068586542,True
random_conditioned:36337c2841740aff,random_conditioned,R0_C2,float32,0.14394411535482227,0.13555078581915272,0.1516089085928536,5.622217061568291e-05,0.08652775524550789,convex,-43.054969739424266,True
random_conditioned:36337c2841740aff,random_conditioned,R0_C2,float64,0.3532565977467966,0.34479302838269077,0.36141161727974525,3.509023798192734e-05,0.049682762449431206,convex,-21.88293612651401,True
random_conditioned:36337c2841740aff,random_conditioned,R1_C1,float32,0.08592552547007153,0.07735938450625998,0.0926292294586056,-0.0005419366117074831,0.05997341398578051,convex,-37.04777300193166,True
random_conditioned:36337c2841740aff,random_conditioned,R1_C1,float64,0.2443820337336963,0.23706907409539515,0.25188516957071166,0.00020308711761907183,0.02035893654424288,convex,-18.29008970365436,True
random_conditioned:36337c2841740aff,random_conditioned,R2_C2,float32,0.1344085437405982,0.12646759746207462,0.14104184941708323,-0.0005239296673322236,0.07417440806556613,convex,-40.55799343492913,True
random_conditioned:36337c2841740aff,random_conditioned,R2_C2,float64,0.30048676145190295,0.292609188520568,0.30603477757997744,-0.00067521547194066,0.06982922314190933,convex,-27.786113972157374,True
random_conditioned:37f6a61bc4687e9e,random_conditioned,R0_C0,float32,0.7568503985514728,0.7399431205991854,0.7786588525232746,0.0019323902942426363,0.06051025734001257,convex,-24.846801109502053,True
random_conditioned:37f6a61bc4687e9e,random_conditioned,R0_C0,float64,1.5927705487409032,1.5488402299485227,1.6270077462529686,-0.004194966377553344,-0.02650453003274288,concave,0.7891020673743085,False
random_conditioned:37f6a61bc4687e9e,random_conditioned,R0_C1,float32,0.1517778801263781,0.14390225916109,0.15929103699866962,-5.04820011395235e-05,0.05687888449516138,convex,-33.329472068642175,True
random_conditioned:37f6a61bc4687e9e,random_conditioned,R0_C1,float64,0.3067926635581654,0.30077901697928555,0.3141315048923272,0.0004179461477242796,0.046066919751349626,convex,-27.500665729553035,True
random_conditioned:37f6a61bc4687e9e,random_conditioned,R0_C2,float32,0.1873454514250176,0.17891059182239055,0.19445140621489457,-0.0005262720284546774,0.0680780307233873,convex,-35.34470535893417,True
random_conditioned:37f6a61bc4687e9e,random_conditioned,R0_C2,float64,0.3632392956067242,0.3542864272982465,0.37075795192555494,-0.00044706852432008226,0.04121757547555433,convex,-23.12213122349563,True
random_conditioned:37f6a61bc4687e9e,random_conditioned,R1_C1,float32,0.1043720383592606,0.09764337538130219,0.11280248541412956,0.0006224653155596782,0.051092757069789135,convex,-33.31658033771687,True
random_conditioned:37f6a61bc4687e9e,random_conditioned,R1_C1,float64,0.2443728360573116,0.2346066237250725,0.25011383417051924,-0.0015206922028258019,0.01835498329046543,convex,-16.637091601261574,True
random_conditioned:37f6a61bc4687e9e,random_conditioned,R2_C2,float32,0.16068033515021427,0.15488499795843083,0.16712604913204152,-1.4465163349269838e-05,0.06747086372386409,convex,-33.95632817487057,True
random_conditioned:37f6a61bc4687e9e,random_conditioned,R2_C2,float64,0.3031301394017526,0.2951630870008282,0.30911178218260543,-0.0007899944968400852,0.06804276714215651,convex,-24.969225107027633,True
random_conditioned:3868b8f4f35e5d1d,random_conditioned,R0_C0,float32,0.8115719396758522,0.7904134109195591,0.8257378995074282,-0.002574335867558508,-0.06660228780715545,concave,-3.94437503733387,True
random_conditioned:3868b8f4f35e5d1d,random_conditioned,R0_C0,float64,1.3641886075440526,1.3268392156101156,1.3943801917379453,-0.004009196042920049,-0.17616550311467813,concave,-29.31982093349869,True
random_conditioned:3868b8f4f35e5d1d,random_conditioned,R0_C1,float32,0.2532171155908,0.2474498592113129,0.26134885435852484,0.0007769901677835422,0.01463934476360208,convex,-19.633748419772033,True
random_conditioned:3868b8f4f35e5d1d,random_conditioned,R0_C1,float64,0.28600971966891253,0.2806759635071226,0.2910275063283125,-4.9477924455865185e-06,0.02351796624449254,convex,-32.25332287295751,True
random_conditioned:3868b8f4f35e5d1d,random_conditioned,R0_C2,float32,0.2832454401699982,0.27537324316965905,0.2891751489751652,-0.00032959626008094434,0.027911891974855267,convex,-37.195561320646306,True
random_conditioned:3868b8f4f35e5d1d,random_conditioned,R0_C2,float64,0.3444318570274413,0.3401516636818494,0.34880800929686695,-7.372042173120485e-05,0.0165284126728911,convex,-17.3715986029121,True
random_conditioned:3868b8f4f35e5d1d,random_conditioned,R1_C1,float32,0.20183811668937868,0.1945788743934714,0.2087931578073514,-0.00016725296220174157,0.005122176707372674,convex,0.480078533238526,False
random_conditioned:3868b8f4f35e5d1d,random_conditioned,R1_C1,float64,0.20822710069040537,0.20331278162355987,0.21129702829730898,-0.0008550402041881677,0.01833317195990988,convex,-24.3146454434724,True
random_conditioned:3868b8f4f35e5d1d,random_conditioned,R2_C2,float32,0.2505573096891875,0.24318848849966954,0.2573087220404862,-0.00014223273969771189,0.021279358319982095,convex,-31.66116390854971,True
random_conditioned:3868b8f4f35e5d1d,random_conditioned,R2_C2,float64,0.2577507482507327,0.2541776574673437,0.26196283415429206,6.434223105106218e-05,0.023203856760875483,convex,-43.1990908077903,True
random_conditioned:3d4ea8f7b0b7ac02,random_conditioned,R0_C0,float32,1.5854937776999178,1.5488056140162247,1.6231716257835966,0.0011553648066300326,-0.03131027839633949,concave,-1.2421090439542724,True
random_conditioned:3d4ea8f7b0b7ac02,random_conditioned,R0_C0,float64,1.5916630294367604,1.551992522908214,1.6235288039700337,-0.003770373804856675,-0.03288737632630838,concave,-0.8300829095132229,True
random_conditioned:3d4ea8f7b0b7ac02,random_conditioned,R0_C1,float32,0.32456970467093066,0.32012076290217534,0.32905819284097926,2.2675209411127106e-05,0.014921688352415549,convex,-16.41197834266559,True
random_conditioned:3d4ea8f7b0b7ac02,random_conditioned,R0_C1,float64,0.31197360564660975,0.306500276061444,0.31765027820801994,0.0001521252744539625,0.020979322487602266,convex,-19.3947185632272,True
random_conditioned:3d4ea8f7b0b7ac02,random_conditioned,R0_C2,float32,0.37843451305744524,0.3734524243492758,0.3841900811149792,0.0004295215227956839,0.01298244537410941,convex,-12.51579834439633,True
random_conditioned:3d4ea8f7b0b7ac02,random_conditioned,R0_C2,float64,0.36541761830645914,0.3590641441913376,0.3706275447112595,-0.00036979043430995784,0.01839936371749511,convex,-18.58267200197068,True
random_conditioned:3d4ea8f7b0b7ac02,random_conditioned,R1_C1,float32,0.22868828109926326,0.22341021045689455,0.2342462782375701,0.00011912651183579315,0.019336410631196246,convex,-32.54873473409634,True
random_conditioned:3d4ea8f7b0b7ac02,random_conditioned,R1_C1,float64,0.21507388696006846,0.2099164537565291,0.21987088622483036,1.276640295694298e-05,0.021868573200204175,convex,-43.24033161536299,True
random_conditioned:3d4ea8f7b0b7ac02,random_conditioned,R2_C2,float32,0.288341812791244,0.2837910643770592,0.29337327338086566,0.00010737603630128767,0.030655766551948096,convex,-26.787804529080987,True
random_conditioned:3d4ea8f7b0b7ac02,random_conditioned,R2_C2,float64,0.27311693781393975,0.26677471742332703,0.27844589237162304,-0.00033996252579032715,0.034923302472556816,convex,-30.433034008573472,True
random_conditioned:58959af1bd395489,random_conditioned,R0_C0,float32,1.4351049790523107,1.3822841334569118,1.4742617531532256,-0.005764488901150555,-0.08207412301762,concave,-11.122353990145747,True
random_conditioned:58959af1bd395489,random_conditioned,R0_C0,float64,1.3994885556469623,1.3607865630669838,1.4429484027102109,0.0018564937263298997,-0.06746258340072872,concave,-10.155299373494785,True
random_conditioned:58959af1bd395489,random_conditioned,R0_C1,float32,0.43669713890914663,0.42892199813187126,0.445101221079344,0.0004684507523715631,0.015425178596772924,convex,-8.229416016401856,True
random_conditioned:58959af1bd395489,random_conditioned,R0_C1,float64,0.4356087890663859,0.42846686397983685,0.44315901780199163,4.8501635471820403e-05,0.01902098058776966,convex,-7.698632698793574,True
random_conditioned:58959af1bd395489,random_conditioned,R0_C2,float32,0.47789959136938126,0.469233996285143,0.48643795458583433,9.27738348893703e-05,0.0046029561341058844,convex,1.5183749095356518,False
random_conditioned:58959af1bd395489,random_conditioned,R0_C2,float64,0.4790953177530236,0.4705942063961317,0.4881346758830872,8.161260926037306e-05,0.006428172110646842,convex,0.09968208975546133,False
random_conditioned:58959af1bd395489,random_conditioned,R1_C1,float32,0.3285263189371298,0.32191718766549937,0.3359580680772787,0.00017904808619789714,0.034788121141951164,convex,-21.277993750066273,True
random_conditioned:58959af1bd395489,random_conditioned,R1_C1,float64,0.33434188949408855,0.3271480201599672,0.34127444974234716,-0.00021396635034565126,0.041205330357799975,convex,-37.43331671611443,True
random_conditioned:58959af1bd395489,random_conditioned,R2_C2,float32,0.3591147049881215,0.35019883657805595,0.3651175792694184,-0.001110508673449695,0.02985629471003435,convex,-15.035960643634851,True
random_conditioned:58959af1bd395489,random_conditioned,R2_C2,float64,0.3594187619079261,0.3514605036709355,0.366527874936172,-0.00034489332052073385,0.033053499367035846,convex,-23.851063387489077,True
random_conditioned:59554964dd17fd28,random_conditioned,R0_C0,float32,1.4616163112536438,1.4226335758484654,1.4937707087284053,-0.002444861997581649,-0.10749135216370416,concave,-11.050999085136368,True
random_conditioned:59554964dd17fd28,random_conditioned,R0_C0,float64,1.5928471634623373,1.5469163853550643,1.6366035927749438,-0.0021753374573481032,-0.03896710691025235,concave,-5.022929910728045,True
random_conditioned:59554964dd17fd28,random_conditioned,R0_C1,float32,0.32966280718397784,0.3213792162317469,0.3361141266127892,-0.0008098186391896078,0.021795910238185202,convex,-22.01263859934828,True
random_conditioned:59554964dd17fd28,random_conditioned,R0_C1,float64,0.3224660770443646,0.31756795345653127,0.3273807490468986,-3.9325086510832996e-05,0.021524944375856832,convex,-32.75084409572794,True
random_conditioned:59554964dd17fd28,random_conditioned,R0_C2,float32,0.3856504209429183,0.37827315872178163,0.39134290513883074,-0.00034950253856497193,0.019867741879497875,convex,-15.692473730967208,True
random_conditioned:59554964dd17fd28,random_conditioned,R0_C2,float64,0.37429927390100687,0.36752324014707255,0.38020436707329097,-0.00032275140489729237,0.023013073084010623,convex,-28.302165856277313,True
random_conditioned:59554964dd17fd28,random_conditioned,R1_C1,float32,0.23437000551096554,0.22740723251012396,0.24027487671770367,-0.0005740106618112584,0.009728125581164645,convex,-11.082942542538504,True
random_conditioned:59554964dd17fd28,random_conditioned,R1_C1,float64,0.22337235914941558,0.21690564038172172,0.22941331500175108,-0.00021990450807835016,0.016503055855101794,convex,-21.007907660104422,True
random_conditioned:59554964dd17fd28,random_conditioned,R2_C2,float32,0.31197408943720173,0.30576044223947807,0.3187709664435693,0.00010742812415709402,0.031159830857847914,convex,-23.975019164199566,True
random_conditioned:59554964dd17fd28,random_conditioned,R2_C2,float64,0.29407571633412477,0.28856010557353123,0.30131175531747967,0.0006649817927127377,0.03541547140511341,convex,-18.80546488693207,True
random_conditioned:5b19efd6ef2b5c0b,random_conditioned,R0_C0,float32,1.3620770422841202,1.3201591510103456,1.4025319371871312,0.0006293052087211759,-0.007087941047128671,concave,1.8624545893272924,False
random_conditioned:5b19efd6ef2b5c0b,random_conditioned,R0_C0,float64,1.423796028952491,1.3754495047266502,1.4640622409278798,-0.0022965951065694323,-0.010558846266237114,concave,1.7562614340500815,False
random_conditioned:5b19efd6ef2b5c0b,random_conditioned,R0_C1,float32,0.4389184674720928,0.43026517846959866,0.4472156992468091,3.8863400700028805e-05,0.011251582095475545,convex,-2.8015415920908424,True
random_conditioned:5b19efd6ef2b5c0b,random_conditioned,R0_C1,float64,0.44912629709003415,0.4418986113765478,0.4577471236839128,0.00045710334144249964,0.009068540944266734,convex,-5.717156803470047,True
random_conditioned:5b19efd6ef2b5c0b,random_conditioned,R0_C2,float32,0.4778523541710342,0.46980688850495167,0.48609021807085445,0.00016146615553586097,-0.00033155415203656944,concave,1.9973339863027348,False
random_conditioned:5b19efd6ef2b5c0b,random_conditioned,R0_C2,float64,0.48434435286988126,0.4765739610637245,0.49363507606700274,0.0008117215937609723,0.007455456568697572,convex,-0.5419999793423074,True
random_conditioned:5b19efd6ef2b5c0b,random_conditioned,R1_C1,float32,0.3295015331046009,0.32219109656034217,0.3365596533452933,-0.0001929395300039327,0.03330033184950535,convex,-24.03462589693433,True
random_conditioned:5b19efd6ef2b5c0b,random_conditioned,R1_C1,float64,0.3250264927578862,0.31863228208266847,0.33261445865041234,0.00044138911149593785,0.03725657815367165,convex,-28.867942340907092,True
random_conditioned:5b19efd6ef2b5c0b,random_conditioned,R2_C2,float32,0.3550989860151804,0.3471754386003856,0.3635345406827056,0.0001965041784172672,0.03125727436118404,convex,-27.635632041925433,True
random_conditioned:5b19efd6ef2b5c0b,random_conditioned,R2_C2,float64,0.35445293251592597,0.34717097319248275,0.3621228481495284,0.00023683288197573482,0.034691402939966094,convex,-21.20670270935038,True
random_conditioned:5e2483f030292e83,random_conditioned,R0_C0,float32,1.4948083486044343,1.4564469340110249,1.5386971711754307,0.001176424746596627,-0.02252039903798452,concave,0.8664840460954935,False
random_conditioned:5e2483f030292e83,random_conditioned,R0_C0,float64,1.528395725673856,1.4886245636137845,1.563121375671638,-0.0008563520167652605,-0.02552853232133132,concave,0.8089605422918922,False
random_conditioned:5e2483f030292e83,random_conditioned,R0_C1,float32,0.29999033723108587,0.29526220432971984,0.30431237824783214,-0.00016277801561542793,0.01602273491094217,convex,-34.28755137358084,True
random_conditioned:5e2483f030292e83,random_conditioned,R0_C1,float64,0.287657984961213,0.28468095418338346,0.2931642270489711,0.0010484079475993613,0.01990587854583604,convex,-34.867776858541234,True
random_conditioned:5e2483f030292e83,random_conditioned,R0_C2,float32,0.3522098224786484,0.34796916303288344,0.3568710821890221,0.00026809238044922523,0.01141230058738314,convex,-11.798361083811898,True
random_conditioned:5e2483f030292e83,random_conditioned,R0_C2,float64,0.33393589878149055,0.3297504886945554,0.33781403961057926,-0.00010937089557239155,0.021265692084537165,convex,-22.34858494539047,True
random_conditioned:5e2483f030292e83,random_conditioned,R1_C1,float32,0.2144494343298117,0.20977877661908087,0.2175819630593241,-0.00042305440245340997,0.015220877358110441,convex,-18.275599010872256,True
random_conditioned:5e2483f030292e83,random_conditioned,R1_C1,float64,0.2002740649941906,0.19580191912317912,0.20350627980094754,-0.0005365349347892234,0.01738961866771185,convex,-16.690417701506462,True
random_conditioned:5e2483f030292e83,random_conditioned,R2_C2,float32,0.26881578824260677,0.2648225981079165,0.27359394635007656,0.000361710993178721,0.01640232908021692,convex,-28.502006568022026,True
random_conditioned:5e2483f030292e83,random_conditioned,R2_C2,float64,0.24839679946198057,0.24443268866948126,0.2527421197526286,0.00024047686796335732,0.02288485404404445,convex,-42.36992260278781,True
random_conditioned:60b649f84d12d8bd,random_conditioned,R0_C0,float32,0.6000605344236151,0.5805168898400457,0.6286543777304963,0.0038514234933454405,0.09837636261364355,convex,-6.505752749861884,True
random_conditioned:60b649f84d12d8bd,random_conditioned,R0_C0,float64,1.5447723594266403,1.5046405426708764,1.592251516130671,0.0028281651041579536,-0.051204903227976134,concave,-3.524205711566701,True
random_conditioned:60b649f84d12d8bd,random_conditioned,R0_C1,float32,0.30205091656702615,0.29653849685878536,0.30677321638533167,-0.0003049333076310945,0.013012232244114639,convex,-21.80344904442893,True
random_conditioned:60b649f84d12d8bd,random_conditioned,R0_C1,float64,0.2915706029050805,0.28682313698175005,0.2966967812565446,0.00027552635186922636,0.021143196437780634,convex,-37.60221592513085,True
random_conditioned:60b649f84d12d8bd,random_conditioned,R0_C2,float32,0.3557546316352683,0.3508014032459397,0.36014400140709274,-0.00027668386748996854,0.011312659077461389,convex,-20.786123776084324,True
random_conditioned:60b649f84d12d8bd,random_conditioned,R0_C2,float64,0.3457230798794433,0.3407731235723171,0.34903477455939746,-0.0005999342585254475,0.016544901202810287,convex,-27.12587425141018,True
random_conditioned:60b649f84d12d8bd,random_conditioned,R1_C1,float32,0.22271682568829157,0.21838689996579158,0.22668058184908121,-9.196608328518319e-05,0.014678227585894233,convex,-16.182268079847745,True
random_conditioned:60b649f84d12d8bd,random_conditioned,R1_C1,float64,0.2079708842089974,0.20470176557393588,0.21153267815733462,0.00024904882927104244,0.020043780381447992,convex,-42.02388129409101,True
random_conditioned:60b649f84d12d8bd,random_conditioned,R2_C2,float32,0.2814295818817376,0.27745482471556526,0.2859681302428611,0.00020226143317197964,0.014117626045331063,convex,-18.284569873144733,True
random_conditioned:60b649f84d12d8bd,random_conditioned,R2_C2,float64,0.2599860841913803,0.2563221247210251,0.264446700661386,0.00010838877782087808,0.021399304337781224,convex,-21.147228575975646,True
random_conditioned:6ed2736ecab0398d,random_conditioned,R0_C0,float32,1.4657167984674393,1.423233948503742,1.4982822484179679,-0.004001634204910065,-0.019620108139828365,concave,0.6987389410450362,False
random_conditioned:6ed2736ecab0398d,random_conditioned,R0_C0,float64,1.4766394411986004,1.4339331009165217,1.520693417789306,0.00044760934607057656,-0.002539363786091556,concave,1.9755488564397439,False
random_conditioned:6ed2736ecab0398d,random_conditioned,R0_C1,float32,0.4996588021980681,0.49268695595113754,0.5065159697760414,6.154533829860753e-05,0.01865788632968463,convex,-10.56631548430039,True
random_conditioned:6ed2736ecab0398d,random_conditioned,R0_C1,float64,0.49554371458141444,0.48863759746000457,0.5028238497787446,0.00016121479717268183,0.035007825305664805,convex,-16.526139897806885,True
random_conditioned:6ed2736ecab0398d,random_conditioned,R0_C2,float32,0.5815139658597138,0.5750764344210367,0.5897814427028315,0.0008052587691094182,-0.004701240149236633,concave,1.418443169781284,False
random_conditioned:6ed2736ecab0398d,random_conditioned,R0_C2,float64,0.5771590734068249,0.5687687344865422,0.583887282330919,-0.000884499213388068,0.007177025111039593,convex,-0.01681272917043941,True
random_conditioned:6ed2736ecab0398d,random_conditioned,R1_C1,float32,0.38817460030714723,0.3840627430520283,0.3934564785711159,0.0005869121428509483,0.04488423074776692,convex,-28.949822191163364,True
random_conditioned:6ed2736ecab0398d,random_conditioned,R1_C1,float64,0.378857562834963,0.37397517842049305,0.38355846013462236,-2.9213660254878704e-05,0.054791363126850956,convex,-33.07180715321016,True
random_conditioned:6ed2736ecab0398d,random_conditioned,R2_C2,float32,0.43790558756645914,0.43176464611578463,0.44447161012987807,3.06680070580323e-05,0.036567691910874126,convex,-16.289261914646914,True
random_conditioned:6ed2736ecab0398d,random_conditioned,R2_C2,float64,0.4311850829512471,0.4260458391637067,0.43721317041068597,0.0004886814608982548,0.041923066038509677,convex,-25.269883697401752,True
random_conditioned:9249e93b9b37b741,random_conditioned,R0_C0,float32,1.415355121899006,1.3633735092302788,1.4608482739936148,-0.003795139804841252,-0.045983707396350854,concave,-3.620408430525842,True
random_conditioned:9249e93b9b37b741,random_conditioned,R0_C0,float64,1.426310330656567,1.3846345662413422,1.4768386458709966,0.004234869201699132,-0.03302651399821081,concave,-2.503660916171519,True
random_conditioned:9249e93b9b37b741,random_conditioned,R0_C1,float32,0.42634086165639545,0.4176327847807781,0.4348123779205212,-8.143452828257569e-05,0.008120889760953189,convex,-0.49433958641171216,True
random_conditioned:9249e93b9b37b741,random_conditioned,R0_C1,float64,0.431808373507529,0.4238709394035295,0.4412370356014863,0.0006592764408702156,0.019288615524469383,convex,-6.200759082303605,True
random_conditioned:9249e93b9b37b741,random_conditioned,R0_C2,float32,0.48605517977945734,0.4773812684672753,0.4942933017236602,-0.0003023398466651117,0.001576140888675601,convex,1.8866585791892732,False
random_conditioned:9249e93b9b37b741,random_conditioned,R0_C2,float64,0.484593203175613,0.47554075052487643,0.49325484779717477,0.00020609629901008342,0.0030549985875463798,convex,1.3638786487299797,False
random_conditioned:9249e93b9b37b741,random_conditioned,R1_C1,float32,0.3260699668669771,0.31864839043753335,0.33347301108164046,0.00027832759613888314,0.030186107583475043,convex,-24.868229466149913,True
random_conditioned:9249e93b9b37b741,random_conditioned,R1_C1,float64,0.32876140317262553,0.32140407241037827,0.3357432074407009,2.1128552284699342e-05,0.038387916507978584,convex,-32.636621739058995,True
random_conditioned:9249e93b9b37b741,random_conditioned,R2_C2,float32,0.3506840912972764,0.34279924799364675,0.359586145650626,0.0003369623922964138,0.03376871298572609,convex,-27.12796779432351,True
random_conditioned:9249e93b9b37b741,random_conditioned,R2_C2,float64,0.350721141279741,0.34261439475126976,0.3578750504907546,-0.00020562495175491247,0.034854571203836865,convex,-27.136440476764562,True
random_conditioned:982d888343062026,random_conditioned,R0_C0,float32,1.453666777406152,1.4082653416003887,1.492714644563021,-0.0033343387617172926,-0.058913189701874584,concave,-10.63110879759607,True
random_conditioned:982d888343062026,random_conditioned,R0_C0,float64,1.446893906295912,1.410015131383275,1.4893642876902762,0.0022450316466888776,-0.047976651463866864,concave,-4.16467776647027,True
random_conditioned:982d888343062026,random_conditioned,R0_C1,float32,0.43258109938477807,0.42379394969712475,0.4415918087705762,-6.442737050593728e-05,0.012027009173938537,convex,-3.0890927609957686,True
random_conditioned:982d888343062026,random_conditioned,R0_C1,float64,0.4400004243203449,0.43183493801133915,0.4484661162467406,0.0001294405304463342,0.018223048150637636,convex,-9.53347454191342,True
random_conditioned:982d888343062026,random_conditioned,R0_C2,float32,0.47947673289866577,0.4714308528377176,0.4887394140846258,0.00041461330145364794,-1.6395327258431977e-05,concave,1.9999899954699032,False
random_conditioned:982d888343062026,random_conditioned,R0_C2,float64,0.4897947393439526,0.47996442898068703,0.49664919296787186,-0.001215045048089669,0.003869756096338095,convex,0.7022183342410244,False
random_conditioned:982d888343062026,random_conditioned,R1_C1,float32,0.3232345280481741,0.3166026144708133,0.33167287085076186,0.0006259024578894046,0.033369147848525016,convex,-30.133671393963667,True
random_conditioned:982d888343062026,random_conditioned,R1_C1,float64,0.3271772484269821,0.319378055125453,0.3340359179160606,-0.0003837816599444599,0.03682250966083381,convex,-28.85880868589946,True
random_conditioned:982d888343062026,random_conditioned,R2_C2,float32,0.34996552991449703,0.3421767430406197,0.35671470089444235,-0.0004806406709184641,0.036488073279566484,convex,-28.94459980910264,True
random_conditioned:982d888343062026,random_conditioned,R2_C2,float64,0.3600948106218418,0.3543750696042027,0.3670551367693994,0.0005646625345401279,0.033579342904523204,convex,-22.379886346227366,True
random_conditioned:be39cf2c9bb5dcd1,random_conditioned,R0_C0,float32,1.4048405797363814,1.3570954978685552,1.4493715766756554,0.00041598491865335596,-0.04030181353360208,concave,-2.025396742253463,True
random_conditioned:be39cf2c9bb5dcd1,random_conditioned,R0_C0,float64,1.3993531423891656,1.3526707472859596,1.4447381552365808,-9.825551098230356e-05,-0.047163338983495576,concave,-8.597293554952863,True
random_conditioned:be39cf2c9bb5dcd1,random_conditioned,R0_C1,float32,0.43288640310577486,0.42438154093315644,0.4400071091787942,-0.0008549926431171695,0.012825916707029449,convex,-2.027557639324172,True
random_conditioned:be39cf2c9bb5dcd1,random_conditioned,R0_C1,float64,0.43498473076162414,0.42664331250649146,0.444327534349769,0.000175677860702661,0.016443162940241344,convex,-8.648836979405658,True
random_conditioned:be39cf2c9bb5dcd1,random_conditioned,R0_C2,float32,0.48040798753100145,0.4701768944559268,0.4892434614201615,-0.00042908367262323166,0.005556064938865505,convex,0.5455540443383455,False
random_conditioned:be39cf2c9bb5dcd1,random_conditioned,R0_C2,float64,0.4816619851613617,0.4719230629602371,0.48915504302289914,-0.001005823894996205,0.010004156205530943,convex,-2.380764628042499,True
random_conditioned:be39cf2c9bb5dcd1,random_conditioned,R1_C1,float32,0.32341265630562693,0.3152266007371808,0.32998020105896647,-0.0008175656308593848,0.033888659797609674,convex,-25.238566377031773,True
random_conditioned:be39cf2c9bb5dcd1,random_conditioned,R1_C1,float64,0.32924714624203955,0.32263584153791436,0.3376919649926275,0.00069646118890615,0.0389463847349258,convex,-32.90919966173165,True
random_conditioned:be39cf2c9bb5dcd1,random_conditioned,R2_C2,float32,0.35425928957495145,0.34760157902856326,0.36179742881796717,0.00029431967860243935,0.02828089136624903,convex,-23.6661462296599,True
random_conditioned:be39cf2c9bb5dcd1,random_conditioned,R2_C2,float64,0.3523455468660677,0.3448769286069409,0.36189788681150975,0.001035535047219649,0.03498711020742554,convex,-28.89566033624736,True
random_conditioned:c09b81d86321af6f,random_conditioned,R0_C0,float32,1.1678286656871695,1.1499386209557456,1.1862336003540217,7.842401861224424e-05,-0.07947188405497857,concave,-22.33764811380631,True
random_conditioned:c09b81d86321af6f,random_conditioned,R0_C0,float64,1.5181912480953987,1.4661262290816035,1.5617931264559866,-0.0031148801538136706,-0.021287087113276915,concave,1.3718833617423911,False
random_conditioned:c09b81d86321af6f,random_conditioned,R0_C1,float32,0.23660953144456492,0.23052102129307492,0.2426601335711435,-8.657871649192517e-05,0.021996957087837724,convex,-24.500406142514123,True
random_conditioned:c09b81d86321af6f,random_conditioned,R0_C1,float64,0.2879352060592613,0.282821446868839,0.2921904818690601,-0.0003601954353601444,0.01924331138971042,convex,-30.885617314069194,True
random_conditioned:c09b81d86321af6f,random_conditioned,R0_C2,float32,0.2669964255792499,0.2605453394539999,0.2729672106727848,4.687803896691323e-05,0.0368439514201378,convex,-32.014856179662786,True
random_conditioned:c09b81d86321af6f,random_conditioned,R0_C2,float64,0.3437293850936958,0.33780635109759133,0.3479378238904985,-0.0006061425225693529,0.01575442545911768,convex,-34.344334289110236,True
random_conditioned:c09b81d86321af6f,random_conditioned,R1_C1,float32,0.17541504933677296,0.16880153223294134,0.1812109256147523,-0.00032418145309434654,0.018749563536510767,convex,-26.82006522615417,True
random_conditioned:c09b81d86321af6f,random_conditioned,R1_C1,float64,0.2074215490068699,0.2037626833481091,0.21171496487632036,4.660581778634376e-05,0.020470267864349957,convex,-33.472614669305145,True
random_conditioned:c09b81d86321af6f,random_conditioned,R2_C2,float32,0.22152516215276638,0.21495667775237073,0.22764966777703163,-0.00039189023799782174,0.03207861879584282,convex,-41.32422467693593,True
random_conditioned:c09b81d86321af6f,random_conditioned,R2_C2,float64,0.25702857071305324,0.25333384206990733,0.2606341009651002,-0.0001307593367242399,0.02300937104331322,convex,-33.829726018856846,True
random_conditioned:d512272586bc7c53,random_conditioned,R0_C0,float32,0.9768608099138938,0.957372598024504,0.9928392286869488,-0.001404181154832318,-0.18957289892578633,concave,-42.54411178618506,True
random_conditioned:d512272586bc7c53,random_conditioned,R0_C0,float64,1.520178413510649,1.467940606172378,1.5523631016743558,-0.0063543655732178905,-0.05744593899528923,concave,-2.5020304907480337,True
random_conditioned:d512272586bc7c53,random_conditioned,R0_C1,float32,0.2582831786880846,0.25215099911338934,0.2649027353920151,0.0002620348638274761,0.014674694947959012,convex,-8.773384381784581,True
random_conditioned:d512272586bc7c53,random_conditioned,R0_C1,float64,0.28929387748153307,0.28496744080921155,0.2932218979117736,0.00011113284564373549,0.021554062593294385,convex,-27.6800559669462,True
random_conditioned:d512272586bc7c53,random_conditioned,R0_C2,float32,0.2969642175760837,0.290821144177829,0.30457994400405525,0.000569293441547214,0.026563783433826548,convex,-24.093920105130948,True
random_conditioned:d512272586bc7c53,random_conditioned,R0_C2,float64,0.33873420539394317,0.3341674673868098,0.3436938601900692,0.00024167923442519612,0.019104676080555667,convex,-18.560936689948832,True
random_conditioned:d512272586bc7c53,random_conditioned,R1_C1,float32,0.20429094593931876,0.19880706218147948,0.2121667518718131,0.0008662850593539884,0.006798219603803245,convex,-3.162581753220948,True
random_conditioned:d512272586bc7c53,random_conditioned,R1_C1,float64,0.20731487507949595,0.20360394780100968,0.21096697926231575,1.4152769880482197e-05,0.01786089578008776,convex,-15.686308340604043,True
random_conditioned:d512272586bc7c53,random_conditioned,R2_C2,float32,0.2561599970281625,0.24915110096186077,0.26251350149382735,-0.0002073668468881018,0.015840319142540256,convex,-16.286284168359572,True
random_conditioned:d512272586bc7c53,random_conditioned,R2_C2,float64,0.2580638678823458,0.2532596861209215,0.26214903999826306,-0.0002694353383210779,0.025270322368506907,convex,-35.76003816046308,True
random_conditioned:d85a46ecb6e00d73,random_conditioned,R0_C0,float32,0.6661834200443809,0.6490266387547723,0.6866619260168872,0.0011911759063388816,0.013946923865723845,convex,-0.04254744116961717,True
random_conditioned:d85a46ecb6e00d73,random_conditioned,R0_C0,float64,1.6480883921549032,1.6080965892939383,1.6925241678408425,0.0033812096073178033,-0.02753162411759175,concave,-0.06855890420703048,True
random_conditioned:d85a46ecb6e00d73,random_conditioned,R0_C1,float32,0.24521055569613154,0.23782414522216969,0.2532911555143516,0.0005218933312812479,0.00303864391432834,convex,1.5183648464762598,False
random_conditioned:d85a46ecb6e00d73,random_conditioned,R0_C1,float64,0.3058339813554697,0.2987762143100678,0.3141042335229681,0.0003017149554432885,0.03706133993065577,convex,-24.837202742261596,True
random_conditioned:d85a46ecb6e00d73,random_conditioned,R0_C2,float32,0.2824444819403931,0.27297634104772006,0.28921814055258876,-0.0013179308901466458,0.007296263463530423,convex,1.0268429907884098,False
random_conditioned:d85a46ecb6e00d73,random_conditioned,R0_C2,float64,0.35981678595671523,0.3532491250348575,0.36701891830665717,0.0003848281079005811,0.04260862618806181,convex,-24.991674825634917,True
random_conditioned:d85a46ecb6e00d73,random_conditioned,R1_C1,float32,0.18006311750642742,0.172372307684758,0.18703975081775692,-0.0006572687909761898,-0.012085086682139558,concave,-7.205574737219337,True
random_conditioned:d85a46ecb6e00d73,random_conditioned,R1_C1,float64,0.23949196304466364,0.23332753810825363,0.24687636765346369,0.00022135305718995468,0.021490837710182578,convex,-22.229163780199357,True
random_conditioned:d85a46ecb6e00d73,random_conditioned,R2_C2,float32,0.24746997262083548,0.23950330641162604,0.25451774442763625,-0.00047384774802297636,0.025319472021534336,convex,-5.708564968646655,True
random_conditioned:d85a46ecb6e00d73,random_conditioned,R2_C2,float64,0.3039469970419922,0.2967675482815162,0.31018182157740276,-0.0006483937119870498,0.0610307985776676,convex,-21.89042035725187,True
random_conditioned:e026603158c7af35,random_conditioned,R0_C0,float32,0.8045817668105957,0.7922846904741241,0.8217374161847046,0.002402544434352727,0.07664846486326508,convex,-22.025966238960713,True
random_conditioned:e026603158c7af35,random_conditioned,R0_C0,float64,1.2672861341199149,1.2363385234138147,1.3029422751670248,0.00286721333495632,-0.1870635700900653,concave,-24.8590847588033,True
random_conditioned:e026603158c7af35,random_conditioned,R0_C1,float32,0.08763079007562184,0.07998584487365462,0.09466005401922466,-0.0003194087479487101,0.07624265494443656,convex,-33.76387415832757,True
random_conditioned:e026603158c7af35,random_conditioned,R0_C1,float64,0.30064778717426555,0.29392876670129614,0.3083026724321013,0.00017201307964070933,0.048125947648009725,convex,-21.20626996364922,True
random_conditioned:e026603158c7af35,random_conditioned,R0_C2,float32,0.1111324319528584,0.10351017387424094,0.11720637288092309,-0.0006346131510679143,0.09011626953205627,convex,-53.473805082238286,True
random_conditioned:e026603158c7af35,random_conditioned,R0_C2,float64,0.34880751462477533,0.34037081468754715,0.3566140699633994,-0.0001711540576161963,0.04987973268481298,convex,-24.230913103753764,True
random_conditioned:e026603158c7af35,random_conditioned,R1_C1,float32,0.05980890264153892,0.052788364661319614,0.06745324672816484,0.0003799803404987978,0.07023875243621161,convex,-38.47112671192344,True
random_conditioned:e026603158c7af35,random_conditioned,R1_C1,float64,0.2453382449992322,0.2367318718068134,0.2520719100589142,-0.0006567228935170366,0.024231196228994563,convex,-19.62731109192329,True
random_conditioned:e026603158c7af35,random_conditioned,R2_C2,float32,0.08690968439964217,0.07940366184026708,0.09426172536116269,8.780902339848573e-05,0.08716245755630904,convex,-57.75405879720095,True
random_conditioned:e026603158c7af35,random_conditioned,R2_C2,float64,0.2922328052828766,0.28568575808216207,0.2987575593654031,7.628264834574905e-05,0.0739507303862772,convex,-32.89541989706044,True
random_conditioned:ede4f08ad80ec7c0,random_conditioned,R0_C0,float32,0.7406364458747575,0.712465168273803,0.771921943396375,0.0015910942086474478,-0.24294207681955424,concave,-21.078319267249988,True
random_conditioned:ede4f08ad80ec7c0,random_conditioned,R0_C0,float64,1.6079480254626204,1.561402204985359,1.6533368324180489,0.0005557853495583576,-0.05300637143983016,concave,-4.773312158299703,True
random_conditioned:ede4f08ad80ec7c0,random_conditioned,R0_C1,float32,0.31656042505999493,0.30941946715435614,0.3256165281252374,0.0005938339200250997,0.03436050865568135,convex,-23.643578821067592,True
random_conditioned:ede4f08ad80ec7c0,random_conditioned,R0_C1,float64,0.3154677453604301,0.3085861421796058,0.32321808491462956,0.0002368476165334754,0.03153025189082596,convex,-28.96475995657069,True
random_conditioned:ede4f08ad80ec7c0,random_conditioned,R0_C2,float32,0.37934012744195406,0.373024820082448,0.3879734032771428,0.0011122961743847415,0.027755666818034458,convex,-20.86886405828072,True
random_conditioned:ede4f08ad80ec7c0,random_conditioned,R0_C2,float64,0.3781329648528984,0.37265168850822283,0.38493002413134386,0.0007037393848930984,0.03070141351829449,convex,-18.46731582262457,True
random_conditioned:ede4f08ad80ec7c0,random_conditioned,R1_C1,float32,0.23920610478375182,0.23083000873392667,0.24499183350259304,-0.0007555094336018919,0.013023607567797905,convex,-15.595249423195611,True
random_conditioned:ede4f08ad80ec7c0,random_conditioned,R1_C1,float64,0.22905032618232762,0.22160101482828462,0.2365023133048661,-0.0004228223557750377,0.015534269032368523,convex,-25.429850149170164,True
random_conditioned:ede4f08ad80ec7c0,random_conditioned,R2_C2,float32,0.3179141656377625,0.3103455881848875,0.3242333429885504,-0.00030866380112437586,0.04102429573417868,convex,-21.794863141575405,True
random_conditioned:ede4f08ad80ec7c0,random_conditioned,R2_C2,float64,0.30102484473124946,0.29493863440957735,0.307331028157891,0.0001337470619053871,0.0514275011909439,convex,-20.61572493786612,True
random_conditioned:f13d30e42b69e288,random_conditioned,R0_C0,float32,1.4397288806655466,1.3961566171299176,1.4861664741120066,0.0007947617380603678,-0.05924295190574727,concave,-5.654573115872786,True
random_conditioned:f13d30e42b69e288,random_conditioned,R0_C0,float64,1.466825906848757,1.4289278169701531,1.5121938922677296,0.003880791912820536,-0.05638320221717707,concave,-4.275772950492275,True
random_conditioned:f13d30e42b69e288,random_conditioned,R0_C1,float32,0.4414333010189884,0.4317315179483167,0.4483771500248396,-0.001068683655767455,0.008002444079107343,convex,-0.8802713369437214,True
random_conditioned:f13d30e42b69e288,random_conditioned,R0_C1,float64,0.44494384069369836,0.43816313218059716,0.4533714844715673,0.0006665835419700783,0.0126821859764346,convex,-8.144058725521901,True
random_conditioned:f13d30e42b69e288,random_conditioned,R0_C2,float32,0.476710961536562,0.4689287754030337,0.48473101638704225,4.170869840047775e-05,-0.004344926769598799,concave,1.3534484990313018,False
random_conditioned:f13d30e42b69e288,random_conditioned,R0_C2,float64,0.4759207240395186,0.4683537769567079,0.4858017502792598,0.001321735546529923,0.006621642145004627,convex,-0.7724203646785242,True
random_conditioned:f13d30e42b69e288,random_conditioned,R1_C1,float32,0.3352292200633336,0.32644195107279395,0.3416359363299523,-0.0009233617559133989,0.03328362226616148,convex,-23.294853174518295,True
random_conditioned:f13d30e42b69e288,random_conditioned,R1_C1,float64,0.3418824659051926,0.3341509708162252,0.34838144776361873,-0.0006351233792342703,0.03426397458768212,convex,-27.642881334586917,True
random_conditioned:f13d30e42b69e288,random_conditioned,R2_C2,float32,0.35782185817196355,0.34954955972153007,0.3653786343166243,-0.0005206518204229349,0.030410194258640763,convex,-22.024212916475392,True
random_conditioned:f13d30e42b69e288,random_conditioned,R2_C2,float64,0.3612477979318807,0.3539913852523266,0.3688624892167282,0.0003489386658912519,0.03100521265947418,convex,-28.30778423216877,True
row_diagonal_dominant_random:03e59f7215597618,row_diagonal_dominant_random,R0_C0,float32,0.5753766287609495,0.5718129395612725,0.5789698342493321,0.00012411138735990423,-0.0028190478307359157,concave,-2.5190111196438494,True
row_diagonal_dominant_random:03e59f7215597618,row_diagonal_dominant_random,R0_C0,float64,0.5782317114617344,0.575241431643714,0.5833496234298658,0.0009188654907423821,-0.013512161102633348,concave,-4.792771422078502,True
row_diagonal_dominant_random:03e59f7215597618,row_diagonal_dominant_random,R0_C1,float32,0.5753766287609495,0.5718129395612725,0.5789698342493321,0.00012411138735990423,-0.0028190478307359157,concave,-2.5190111196438494,True
row_diagonal_dominant_random:03e59f7215597618,row_diagonal_dominant_random,R0_C1,float64,0.5782317114617344,0.575241431643714,0.5833496234298658,0.0009188654907423821,-0.013512161102633348,concave,-4.792771422078502,True
row_diagonal_dominant_random:03e59f7215597618,row_diagonal_dominant_random,R0_C2,float32,0.5753766287609495,0.5718129395612725,0.5789698342493321,0.00012411138735990423,-0.0028190478307359157,concave,-2.5190111196438494,True
row_diagonal_dominant_random:03e59f7215597618,row_diagonal_dominant_random,R0_C2,float64,0.5782317114617344,0.575241431643714,0.5833496234298658,0.0009188654907423821,-0.013512161102633348,concave,-4.792771422078502,True
row_diagonal_dominant_random:03e59f7215597618,row_diagonal_dominant_random,R1_C1,float32,0.5970936882775117,0.5941802385220013,0.6020608286891437,0.0008525124584377597,-0.02165420431215717,concave,-13.07899569346776,True
row_diagonal_dominant_random:03e59f7215597618,row_diagonal_dominant_random,R1_C1,float64,0.5999626753526428,0.5964604635937634,0.6037593361359844,0.00016254492332101744,-0.013247578650751088,concave,-9.289411547887426,True
row_diagonal_dominant_random:03e59f7215597618,row_diagonal_dominant_random,R2_C2,float32,0.5928168998411125,0.5879680449813152,0.5961348533172945,-0.0007716667705065516,-0.01726111342495804,concave,-8.588077537399627,True
row_diagonal_dominant_random:03e59f7215597618,row_diagonal_dominant_random,R2_C2,float64,0.594833819085778,0.5905199162836685,0.599392201572213,0.0001744485448968991,-0.014650728523621648,concave,-9.328825596279998,True
row_diagonal_dominant_random:2976d44433ad1387,row_diagonal_dominant_random,R0_C0,float32,0.5269395217225946,0.5237631476733182,0.5310477303952311,0.00045746886975994716,0.019503569729488676,convex,-10.926332971511883,True
row_diagonal_dominant_random:2976d44433ad1387,row_diagonal_dominant_random,R0_C0,float64,0.5739464386968591,0.57017171562106,0.5780518419063131,-4.101355790953054e-05,-0.0015173183929814986,concave,1.9144766104430886,False
row_diagonal_dominant_random:2976d44433ad1387,row_diagonal_dominant_random,R0_C1,float32,0.5269395217225946,0.5237631476733182,0.5310477303952311,0.00045746886975994716,0.019503569729488676,convex,-10.926332971511883,True
row_diagonal_dominant_random:2976d44433ad1387,row_diagonal_dominant_random,R0_C1,float64,0.5739464386968591,0.57017171562106,0.5780518419063131,-4.101355790953054e-05,-0.0015173183929814986,concave,1.9144766104430886,False
row_diagonal_dominant_random:2976d44433ad1387,row_diagonal_dominant_random,R0_C2,float32,0.5269395217225946,0.5237631476733182,0.5310477303952311,0.00045746886975994716,0.019503569729488676,convex,-10.926332971511883,True
row_diagonal_dominant_random:2976d44433ad1387,row_diagonal_dominant_random,R0_C2,float64,0.5739464386968591,0.57017171562106,0.5780518419063131,-4.101355790953054e-05,-0.0015173183929814986,concave,1.9144766104430886,False
row_diagonal_dominant_random:2976d44433ad1387,row_diagonal_dominant_random,R1_C1,float32,0.6329346837849592,0.6259331699617172,0.6377838524777395,-0.0008532170497265179,-0.030583459229624663,concave,-18.634001974590944,True
row_diagonal_dominant_random:2976d44433ad1387,row_diagonal_dominant_random,R1_C1,float64,0.6317201972727097,0.6270428718363774,0.6367565373871207,0.00018384516915959104,-0.019982213795094315,concave,-23.735636844592918,True
row_diagonal_dominant_random:2976d44433ad1387,row_diagonal_dominant_random,R2_C2,float32,0.6217297754398963,0.6159087572841172,0.6270877712247958,-0.00018598253107371399,-0.027745327243922657,concave,-17.2210193451004,True
row_diagonal_dominant_random:2976d44433ad1387,row_diagonal_dominant_random,R2_C2,float64,0.6200273755773932,0.6145894049244368,0.6242029169606969,-0.0005634319974233692,-0.013805420557345507,concave,-14.113215784204286,True
row_diagonal_dominant_random:3cf57fa76b9a551c,row_diagonal_dominant_random,R0_C0,float32,0.47565063371415356,0.47195547660956017,0.4797511594512513,0.00013179355642856105,0.02728957655162544,convex,-9.10515539839163,True
row_diagonal_dominant_random:3cf57fa76b9a551c,row_diagonal_dominant_random,R0_C0,float64,0.5520828444313465,0.5476964340406493,0.5555743112774701,-0.0004540766624843151,0.0003032737768185802,convex,1.995723785471597,False
row_diagonal_dominant_random:3cf57fa76b9a551c,row_diagonal_dominant_random,R0_C1,float32,0.47565063371415356,0.47195547660956017,0.4797511594512513,0.00013179355642856105,0.02728957655162544,convex,-9.10515539839163,True
row_diagonal_dominant_random:3cf57fa76b9a551c,row_diagonal_dominant_random,R0_C1,float64,0.5520828444313465,0.5476964340406493,0.5555743112774701,-0.0004540766624843151,0.0003032737768185802,convex,1.995723785471597,False
row_diagonal_dominant_random:3cf57fa76b9a551c,row_diagonal_dominant_random,R0_C2,float32,0.47565063371415356,0.47195547660956017,0.4797511594512513,0.00013179355642856105,0.02728957655162544,convex,-9.10515539839163,True
row_diagonal_dominant_random:3cf57fa76b9a551c,row_diagonal_dominant_random,R0_C2,float64,0.5520828444313465,0.5476964340406493,0.5555743112774701,-0.0004540766624843151,0.0003032737768185802,convex,1.995723785471597,False
row_diagonal_dominant_random:3cf57fa76b9a551c,row_diagonal_dominant_random,R1_C1,float32,0.661361299207134,0.6566236634366382,0.6661713400909643,1.273152230718555e-05,-0.04465788827603873,concave,-24.63308264195952,True
row_diagonal_dominant_random:3cf57fa76b9a551c,row_diagonal_dominant_random,R1_C1,float64,0.6578829398168331,0.6543139062768929,0.6630040158169994,0.0005678259673430608,-0.026882200057206783,concave,-20.87977127798635,True
row_diagonal_dominant_random:3cf57fa76b9a551c,row_diagonal_dominant_random,R2_C2,float32,0.6483471624705195,0.6442264128424928,0.6541935787650452,0.0006150095032350089,-0.037922796729688936,concave,-21.43943099544927,True
row_diagonal_dominant_random:3cf57fa76b9a551c,row_diagonal_dominant_random,R2_C2,float64,0.6462066871714444,0.6415158022776383,0.651111719817919,0.000174827039440828,-0.022768196667013515,concave,-16.806089992991986,True
row_diagonal_dominant_random:4cbd4f5958f010f8,row_diagonal_dominant_random,R0_C0,float32,0.4620835918330584,0.458407426408766,0.46608931160968264,0.00011613860674947185,0.009371788504056547,convex,1.0939006158354232,False
row_diagonal_dominant_random:4cbd4f5958f010f8,row_diagonal_dominant_random,R0_C0,float64,0.5444843167049135,0.5407020036020517,0.5482376172224772,-0.0002474046265242835,-0.006587098273943553,concave,0.1877530772725322,False
row_diagonal_dominant_random:4cbd4f5958f010f8,row_diagonal_dominant_random,R0_C1,float32,0.4620835918330584,0.458407426408766,0.46608931160968264,0.00011613860674947185,0.009371788504056547,convex,1.0939006158354232,False
row_diagonal_dominant_random:4cbd4f5958f010f8,row_diagonal_dominant_random,R0_C1,float64,0.5444843167049135,0.5407020036020517,0.5482376172224772,-0.0002474046265242835,-0.006587098273943553,concave,0.1877530772725322,False
row_diagonal_dominant_random:4cbd4f5958f010f8,row_diagonal_dominant_random,R0_C2,float32,0.4620835918330584,0.458407426408766,0.46608931160968264,0.00011613860674947185,0.009371788504056547,convex,1.0939006158354232,False
row_diagonal_dominant_random:4cbd4f5958f010f8,row_diagonal_dominant_random,R0_C2,float64,0.5444843167049135,0.5407020036020517,0.5482376172224772,-0.0002474046265242835,-0.006587098273943553,concave,0.1877530772725322,False
row_diagonal_dominant_random:4cbd4f5958f010f8,row_diagonal_dominant_random,R1_C1,float32,0.6767924536997965,0.6726376055699965,0.6819507235185448,0.00035881142645155517,-0.04283114381546653,concave,-18.40971667518066,True
row_diagonal_dominant_random:4cbd4f5958f010f8,row_diagonal_dominant_random,R1_C1,float64,0.6680798666225893,0.6638637895763453,0.6726424483174316,0.00025210242180251363,-0.02638501618614494,concave,-11.927841386022024,True
row_diagonal_dominant_random:4cbd4f5958f010f8,row_diagonal_dominant_random,R2_C2,float32,0.6548406370816008,0.6494606813015522,0.6598694908095643,1.4417293424662248e-05,-0.0347222209778497,concave,-15.154813169039727,True
row_diagonal_dominant_random:4cbd4f5958f010f8,row_diagonal_dominant_random,R2_C2,float64,0.6576712546189651,0.6523185851402342,0.6616155976337567,-0.0006045498705218311,-0.023855267274995543,concave,-21.986921036218448,True
row_diagonal_dominant_random:85f3946f6e4679ec,row_diagonal_dominant_random,R0_C0,float32,0.550941716148392,0.5475566925413686,0.5542696835055005,7.204077113787122e-05,0.006049700603272475,convex,-4.1466968042421115,True
row_diagonal_dominant_random:85f3946f6e4679ec,row_diagonal_dominant_random,R0_C0,float64,0.5764056286071191,0.5721626073664106,0.580742084019821,0.00010784061708013493,-0.006358210981009547,concave,0.4423705482295901,False
row_diagonal_dominant_random:85f3946f6e4679ec,row_diagonal_dominant_random,R0_C1,float32,0.550941716148392,0.5475566925413686,0.5542696835055005,7.204077113787122e-05,0.006049700603272475,convex,-4.1466968042421115,True
row_diagonal_dominant_random:85f3946f6e4679ec,row_diagonal_dominant_random,R0_C1,float64,0.5764056286071191,0.5721626073664106,0.580742084019821,0.00010784061708013493,-0.006358210981009547,concave,0.4423705482295901,False
row_diagonal_dominant_random:85f3946f6e4679ec,row_diagonal_dominant_random,R0_C2,float32,0.550941716148392,0.5475566925413686,0.5542696835055005,7.204077113787122e-05,0.006049700603272475,convex,-4.1466968042421115,True
row_diagonal_dominant_random:85f3946f6e4679ec,row_diagonal_dominant_random,R0_C2,float64,0.5764056286071191,0.5721626073664106,0.580742084019821,0.00010784061708013493,-0.006358210981009547,concave,0.4423705482295901,False
row_diagonal_dominant_random:85f3946f6e4679ec,row_diagonal_dominant_random,R1_C1,float32,0.6170807881773821,0.6121348534893924,0.6225005737309338,0.00022594976762335683,-0.02321569441655308,concave,-14.874240252177742,True
row_diagonal_dominant_random:85f3946f6e4679ec,row_diagonal_dominant_random,R1_C1,float64,0.623794354822888,0.6194131592095273,0.6282406678391923,8.274174044409222e-05,-0.01792314454141862,concave,-22.11467941683179,True
row_diagonal_dominant_random:85f3946f6e4679ec,row_diagonal_dominant_random,R2_C2,float32,0.6068097548284522,0.6011505131870178,0.6124147167475216,1.0554489171310522e-05,-0.021196314802259145,concave,-11.856459418548468,True
row_diagonal_dominant_random:85f3946f6e4679ec,row_diagonal_dominant_random,R2_C2,float64,0.6144908868521705,0.6096629651263966,0.618587347242571,-0.00021905767625096662,-0.014293420296329205,concave,-13.54818504633144,True
row_diagonal_dominant_random:8a85d76f30eb75a6,row_diagonal_dominant_random,R0_C0,float32,0.4964425476706499,0.49325171021222913,0.500607090159452,0.0003887784050684018,0.03248561632177248,convex,-18.001707911460826,True
row_diagonal_dominant_random:8a85d76f30eb75a6,row_diagonal_dominant_random,R0_C0,float64,0.5610500159045771,0.5570375384265519,0.5653890948663841,6.27690988070917e-05,0.004555611571037848,convex,1.3681464581575113,False
row_diagonal_dominant_random:8a85d76f30eb75a6,row_diagonal_dominant_random,R0_C1,float32,0.4964425476706499,0.49325171021222913,0.500607090159452,0.0003887784050684018,0.03248561632177248,convex,-18.001707911460826,True
row_diagonal_dominant_random:8a85d76f30eb75a6,row_diagonal_dominant_random,R0_C1,float64,0.5610500159045771,0.5570375384265519,0.5653890948663841,6.27690988070917e-05,0.004555611571037848,convex,1.3681464581575113,False
row_diagonal_dominant_random:8a85d76f30eb75a6,row_diagonal_dominant_random,R0_C2,float32,0.4964425476706499,0.49325171021222913,0.500607090159452,0.0003887784050684018,0.03248561632177248,convex,-18.001707911460826,True
row_diagonal_dominant_random:8a85d76f30eb75a6,row_diagonal_dominant_random,R0_C2,float64,0.5610500159045771,0.5570375384265519,0.5653890948663841,6.27690988070917e-05,0.004555611571037848,convex,1.3681464581575113,False
row_diagonal_dominant_random:8a85d76f30eb75a6,row_diagonal_dominant_random,R1_C1,float32,0.6443786794082266,0.6401031415031686,0.6499307914461201,0.0006723149673832918,-0.03824428536599578,concave,-25.129275905327418,True
row_diagonal_dominant_random:8a85d76f30eb75a6,row_diagonal_dominant_random,R1_C1,float64,0.6484849736075247,0.6437050064252235,0.6532790597235147,2.7121462059631618e-05,-0.020936866703874568,concave,-18.21255062283423,True
row_diagonal_dominant_random:8a85d76f30eb75a6,row_diagonal_dominant_random,R2_C2,float32,0.6313236315717947,0.6267528860211985,0.6360847918229547,0.00012542174274654538,-0.03241007207070857,concave,-19.664586953371128,True
row_diagonal_dominant_random:8a85d76f30eb75a6,row_diagonal_dominant_random,R2_C2,float64,0.6340257705673271,0.6289040525085232,0.6377848875097651,-0.0003649582796512174,-0.023876723601656085,concave,-45.64933322658037,True
row_diagonal_dominant_random:93e6f52ebdb3ac55,row_diagonal_dominant_random,R0_C0,float32,0.5850471715091904,0.5800690291416258,0.5881023874440443,-0.0007817367554636689,-0.005699455606506274,concave,-5.19983742812245,True
row_diagonal_dominant_random:93e6f52ebdb3ac55,row_diagonal_dominant_random,R0_C0,float64,0.5898227038722395,0.5847234132436913,0.5922124027792665,-0.0008778797815086614,-0.010750637272990745,concave,-2.1918133494227305,True
row_diagonal_dominant_random:93e6f52ebdb3ac55,row_diagonal_dominant_random,R0_C1,float32,0.5850471715091904,0.5800690291416258,0.5881023874440443,-0.0007817367554636689,-0.005699455606506274,concave,-5.19983742812245,True
row_diagonal_dominant_random:93e6f52ebdb3ac55,row_diagonal_dominant_random,R0_C1,float64,0.5898227038722395,0.5847234132436913,0.5922124027792665,-0.0008778797815086614,-0.010750637272990745,concave,-2.1918133494227305,True
row_diagonal_dominant_random:93e6f52ebdb3ac55,row_diagonal_dominant_random,R0_C2,float32,0.5850471715091904,0.5800690291416258,0.5881023874440443,-0.0007817367554636689,-0.005699455606506274,concave,-5.19983742812245,True
row_diagonal_dominant_random:93e6f52ebdb3ac55,row_diagonal_dominant_random,R0_C2,float64,0.5898227038722395,0.5847234132436913,0.5922124027792665,-0.0008778797815086614,-0.010750637272990745,concave,-2.1918133494227305,True
row_diagonal_dominant_random:93e6f52ebdb3ac55,row_diagonal_dominant_random,R1_C1,float32,0.5819838287851531,0.5788865978535499,0.5857680182433697,0.00031706126508501686,-0.011719403633849162,concave,-26.172956253503727,True
row_diagonal_dominant_random:93e6f52ebdb3ac55,row_diagonal_dominant_random,R1_C1,float64,0.5908888699414048,0.5876249838455809,0.5941508739394441,0.00023498492835916096,-0.011166063136341218,concave,-6.982050971366334,True
row_diagonal_dominant_random:93e6f52ebdb3ac55,row_diagonal_dominant_random,R2_C2,float32,0.5813133823000348,0.5779642765168231,0.5854885196926783,0.00027761034947915153,-0.01003950250517118,concave,-16.849895607097437,True
row_diagonal_dominant_random:93e6f52ebdb3ac55,row_diagonal_dominant_random,R2_C2,float64,0.5836377412494629,0.5774393036457369,0.5887465453611466,-4.0712725083102974e-05,-0.010859859331098481,concave,-2.8682151976982624,True
row_diagonal_dominant_random:9493eb0855127051,row_diagonal_dominant_random,R0_C0,float32,0.4577269694722874,0.4541285713608502,0.461315762785585,-2.5892466122834357e-05,-0.025579979926394502,concave,-2.3621182851800455,True
row_diagonal_dominant_random:9493eb0855127051,row_diagonal_dominant_random,R0_C0,float64,0.545399336556818,0.5412777016543174,0.5494127965037425,4.6055010424761456e-05,-0.016415043147502587,concave,-8.26282163766669,True
row_diagonal_dominant_random:9493eb0855127051,row_diagonal_dominant_random,R0_C1,float32,0.4577269694722874,0.4541285713608502,0.461315762785585,-2.5892466122834357e-05,-0.025579979926394502,concave,-2.3621182851800455,True
row_diagonal_dominant_random:9493eb0855127051,row_diagonal_dominant_random,R0_C1,float64,0.545399336556818,0.5412777016543174,0.5494127965037425,4.6055010424761456e-05,-0.016415043147502587,concave,-8.26282163766669,True
row_diagonal_dominant_random:9493eb0855127051,row_diagonal_dominant_random,R0_C2,float32,0.4577269694722874,0.4541285713608502,0.461315762785585,-2.5892466122834357e-05,-0.025579979926394502,concave,-2.3621182851800455,True
row_diagonal_dominant_random:9493eb0855127051,row_diagonal_dominant_random,R0_C2,float64,0.545399336556818,0.5412777016543174,0.5494127965037425,4.6055010424761456e-05,-0.016415043147502587,concave,-8.26282163766669,True
row_diagonal_dominant_random:9493eb0855127051,row_diagonal_dominant_random,R1_C1,float32,0.6820946946353383,0.6770404141463721,0.6870737121279032,-2.6797112913645726e-05,-0.024544923142176614,concave,-5.582338862908728,True
row_diagonal_dominant_random:9493eb0855127051,row_diagonal_dominant_random,R1_C1,float64,0.6724244906387719,0.667184551423688,0.6764575570946829,-0.0005697168433292932,-0.01410363020117674,concave,-4.185926184024808,True
row_diagonal_dominant_random:9493eb0855127051,row_diagonal_dominant_random,R2_C2,float32,0.6688878442189583,0.6635125246569881,0.6738068837016544,-0.00014157851043716807,-0.021301181336539843,concave,-4.735261454378815,True
row_diagonal_dominant_random:9493eb0855127051,row_diagonal_dominant_random,R2_C2,float64,0.6594299457061591,0.6557795558295416,0.6637977105673141,0.00031684324614045245,-0.011541841900182967,concave,-6.076165476754511,True
row_diagonal_dominant_random:c6616c01f005a03d,row_diagonal_dominant_random,R0_C0,float32,0.5678013986001531,0.5634455551616075,0.5719286059296141,-0.0001092048614947938,0.0006908229671562441,convex,1.811538425182647,False
row_diagonal_dominant_random:c6616c01f005a03d,row_diagonal_dominant_random,R0_C0,float64,0.5829113217954065,0.5781542539410561,0.586938001928429,-0.00030999165560285924,-0.012438603232185144,concave,-4.138489745130272,True
row_diagonal_dominant_random:c6616c01f005a03d,row_diagonal_dominant_random,R0_C1,float32,0.5678013986001531,0.5634455551616075,0.5719286059296141,-0.0001092048614947938,0.0006908229671562441,convex,1.811538425182647,False
row_diagonal_dominant_random:c6616c01f005a03d,row_diagonal_dominant_random,R0_C1,float64,0.5829113217954065,0.5781542539410561,0.586938001928429,-0.00030999165560285924,-0.012438603232185144,concave,-4.138489745130272,True
row_diagonal_dominant_random:c6616c01f005a03d,row_diagonal_dominant_random,R0_C2,float32,0.5678013986001531,0.5634455551616075,0.5719286059296141,-0.0001092048614947938,0.0006908229671562441,convex,1.811538425182647,False
row_diagonal_dominant_random:c6616c01f005a03d,row_diagonal_dominant_random,R0_C2,float64,0.5829113217954065,0.5781542539410561,0.586938001928429,-0.00030999165560285924,-0.012438603232185144,concave,-4.138489745130272,True
row_diagonal_dominant_random:c6616c01f005a03d,row_diagonal_dominant_random,R1_C1,float32,0.6098375893537142,0.6046381111810415,0.6150270131642255,-1.1394712471357593e-06,-0.019705179290446115,concave,-11.021503468249705,True
row_diagonal_dominant_random:c6616c01f005a03d,row_diagonal_dominant_random,R1_C1,float64,0.6094644870525044,0.6049396729701677,0.6131135012791757,-0.00037142736246276176,-0.013993108453824942,concave,-6.873671879020691,True
row_diagonal_dominant_random:c6616c01f005a03d,row_diagonal_dominant_random,R2_C2,float32,0.598445166105316,0.5930762535273851,0.6027446220803934,-0.00039840912263666706,-0.01767627884793142,concave,-9.238211957881305,True
row_diagonal_dominant_random:c6616c01f005a03d,row_diagonal_dominant_random,R2_C2,float64,0.605068047705517,0.6004269059722359,0.6095937476305003,-7.471954048310359e-05,-0.011603024175839076,concave,-7.051304922839549,True
row_diagonal_dominant_random:c93186b88112adec,row_diagonal_dominant_random,R0_C0,float32,0.4705907253116011,0.46683195690682705,0.4739814645041307,-5.359760120449142e-06,-0.04921584617495768,concave,-14.65038278465201,True
row_diagonal_dominant_random:c93186b88112adec,row_diagonal_dominant_random,R0_C0,float64,0.5415636958939634,0.5374426713026348,0.5461213707603185,0.0001127636524318465,-0.023692706674184515,concave,-19.84262166032859,True
row_diagonal_dominant_random:c93186b88112adec,row_diagonal_dominant_random,R0_C1,float32,0.4705907253116011,0.46683195690682705,0.4739814645041307,-5.359760120449142e-06,-0.04921584617495768,concave,-14.65038278465201,True
row_diagonal_dominant_random:c93186b88112adec,row_diagonal_dominant_random,R0_C1,float64,0.5415636958939634,0.5374426713026348,0.5461213707603185,0.0001127636524318465,-0.023692706674184515,concave,-19.84262166032859,True
row_diagonal_dominant_random:c93186b88112adec,row_diagonal_dominant_random,R0_C2,float32,0.4705907253116011,0.46683195690682705,0.4739814645041307,-5.359760120449142e-06,-0.04921584617495768,concave,-14.65038278465201,True
row_diagonal_dominant_random:c93186b88112adec,row_diagonal_dominant_random,R0_C2,float64,0.5415636958939634,0.5374426713026348,0.5461213707603185,0.0001127636524318465,-0.023692706674184515,concave,-19.84262166032859,True
row_diagonal_dominant_random:c93186b88112adec,row_diagonal_dominant_random,R1_C1,float32,0.6873885002425395,0.6829099627947013,0.6919096131320176,0.0001823896053815277,-0.015243036591486426,concave,-1.3364093043168879,True
row_diagonal_dominant_random:c93186b88112adec,row_diagonal_dominant_random,R1_C1,float64,0.6671639858633645,0.6630575206973623,0.6713980996914757,7.354393473613108e-05,-0.0028531425301953003,concave,1.6452057288252036,False
row_diagonal_dominant_random:c93186b88112adec,row_diagonal_dominant_random,R2_C2,float32,0.6618294889765761,0.656478216649274,0.6665183717620168,-0.0002972178140697723,-0.019053659916982504,concave,-4.4103132698559335,True
row_diagonal_dominant_random:c93186b88112adec,row_diagonal_dominant_random,R2_C2,float64,0.6544214052848669,0.6497310304488391,0.6594287645214297,0.0002474739668604231,-0.0019149096995957648,concave,1.762746736616819,False
row_diagonal_dominant_stochastic:021519ee0a19df7c,row_diagonal_dominant_stochastic,R0_C0,float32,0.5728115844602129,0.5691156385115197,0.57726709311126,0.00034607395163821497,-0.0006812309165405994,concave,1.4495012472830524,False
row_diagonal_dominant_stochastic:021519ee0a19df7c,row_diagonal_dominant_stochastic,R0_C0,float64,0.570356816071565,0.564424668613212,0.5780844213322495,0.00043465429320721505,-0.0032762870083819836,concave,1.6341385840538294,False
row_diagonal_dominant_stochastic:021519ee0a19df7c,row_diagonal_dominant_stochastic,R0_C1,float32,0.5728115844602129,0.5691156385115197,0.57726709311126,0.00034607395163821497,-0.0006812309165405994,concave,1.4495012472830524,False
row_diagonal_dominant_stochastic:021519ee0a19df7c,row_diagonal_dominant_stochastic,R0_C1,float64,0.570356816071565,0.564424668613212,0.5780844213322495,0.00043465429320721505,-0.0032762870083819836,concave,1.6341385840538294,False
row_diagonal_dominant_stochastic:021519ee0a19df7c,row_diagonal_dominant_stochastic,R0_C2,float32,0.5728115844602129,0.5691156385115197,0.57726709311126,0.00034607395163821497,-0.0006812309165405994,concave,1.4495012472830524,False
row_diagonal_dominant_stochastic:021519ee0a19df7c,row_diagonal_dominant_stochastic,R0_C2,float64,0.570356816071565,0.564424668613212,0.5780844213322495,0.00043465429320721505,-0.0032762870083819836,concave,1.6341385840538294,False
row_diagonal_dominant_stochastic:021519ee0a19df7c,row_diagonal_dominant_stochastic,R1_C1,float32,0.5808596785023932,0.576465954893957,0.5849654357020322,-0.00016787577446286672,-0.004181349397882028,concave,-2.0573585272165644,True
row_diagonal_dominant_stochastic:021519ee0a19df7c,row_diagonal_dominant_stochastic,R1_C1,float64,0.5772751734326412,0.5720752799159019,0.5812902077428224,-0.0006575484867342718,-0.01375501808019758,concave,-6.2740437405316385,True
row_diagonal_dominant_stochastic:021519ee0a19df7c,row_diagonal_dominant_stochastic,R2_C2,float32,0.5769564213795791,0.5729396329476667,0.5805327110936302,-0.00032674870065174666,-0.006396158094528123,concave,-9.801098892422019,True
row_diagonal_dominant_stochastic:021519ee0a19df7c,row_diagonal_dominant_stochastic,R2_C2,float64,0.5770874040382995,0.5714115254355154,0.5804638328585934,-0.0006264781613221082,-0.014734984886580444,concave,-6.906580212686322,True
row_diagonal_dominant_stochastic:0530909e2322226a,row_diagonal_dominant_stochastic,R0_C0,float32,0.1963455151354747,0.19283730094128174,0.2004131793620102,0.00022496766153212722,0.026256446397396632,convex,-10.13009631504329,True
row_diagonal_dominant_stochastic:0530909e2322226a,row_diagonal_dominant_stochastic,R0_C0,float64,0.3525525674510153,0.3486343467911786,0.356818924610118,0.0001172842097125204,0.06301137254518807,convex,-33.25275843768797,True
row_diagonal_dominant_stochastic:0530909e2322226a,row_diagonal_dominant_stochastic,R0_C1,float32,0.1963455151354747,0.19283730094128174,0.2004131793620102,0.00022496766153212722,0.026256446397396632,convex,-10.13009631504329,True
row_diagonal_dominant_stochastic:0530909e2322226a,row_diagonal_dominant_stochastic,R0_C1,float64,0.3525525674510153,0.3486343467911786,0.356818924610118,0.0001172842097125204,0.06301137254518807,convex,-33.25275843768797,True
row_diagonal_dominant_stochastic:0530909e2322226a,row_diagonal_dominant_stochastic,R0_C2,float32,0.1963455151354747,0.19283730094128174,0.2004131793620102,0.00022496766153212722,0.026256446397396632,convex,-10.13009631504329,True
row_diagonal_dominant_stochastic:0530909e2322226a,row_diagonal_dominant_stochastic,R0_C2,float64,0.3525525674510153,0.3486343467911786,0.356818924610118,0.0001172842097125204,0.06301137254518807,convex,-33.25275843768797,True
row_diagonal_dominant_stochastic:0530909e2322226a,row_diagonal_dominant_stochastic,R1_C1,float32,0.6559901665973896,0.6508442222295348,0.6604091214123177,-0.0001654580982667353,-0.02177343591263402,concave,-3.5072421378580856,True
row_diagonal_dominant_stochastic:0530909e2322226a,row_diagonal_dominant_stochastic,R1_C1,float64,0.6600426091133534,0.6550176784655429,0.6640623273752533,-0.00034390379164050966,-0.00635178011687218,concave,0.36695291103697514,False
row_diagonal_dominant_stochastic:0530909e2322226a,row_diagonal_dominant_stochastic,R2_C2,float32,0.6478147171027864,0.6427010464791001,0.6515585997786382,-0.0006120902592086086,-0.022917702374406455,concave,-5.759041884447299,True
row_diagonal_dominant_stochastic:0530909e2322226a,row_diagonal_dominant_stochastic,R2_C2,float64,0.6568897981881052,0.6528030643531852,0.6622635785321714,0.0005634294940515261,-0.006750357526555551,concave,-0.4668399795120166,True
row_diagonal_dominant_stochastic:0d717c35c3b2f62d,row_diagonal_dominant_stochastic,R0_C0,float32,0.15908665394307359,0.15461322282094084,0.16317929885150087,-2.099414294506885e-05,0.0007884690610511761,convex,1.9755543149088481,False
row_diagonal_dominant_stochastic:0d717c35c3b2f62d,row_diagonal_dominant_stochastic,R0_C0,float64,0.22459778602761854,0.221929749906492,0.2282742978792194,0.00042657467532619675,0.046400956556157884,convex,-17.718946999327144,True
row_diagonal_dominant_stochastic:0d717c35c3b2f62d,row_diagonal_dominant_stochastic,R0_C1,float32,0.15908665394307359,0.15461322282094084,0.16317929885150087,-2.099414294506885e-05,0.0007884690610511761,convex,1.9755543149088481,False
row_diagonal_dominant_stochastic:0d717c35c3b2f62d,row_diagonal_dominant_stochastic,R0_C1,float64,0.22459778602761854,0.221929749906492,0.2282742978792194,0.00042657467532619675,0.046400956556157884,convex,-17.718946999327144,True
row_diagonal_dominant_stochastic:0d717c35c3b2f62d,row_diagonal_dominant_stochastic,R0_C2,float32,0.1536614246563637,0.1497485602922864,0.15818014625938356,0.000171665315109093,0.004826903071543671,convex,0.8835766672992946,False
row_diagonal_dominant_stochastic:0d717c35c3b2f62d,row_diagonal_dominant_stochastic,R0_C2,float64,0.22162873608699507,0.21813618745989677,0.22527583142126564,0.0002835557935979005,0.04849149417253267,convex,-19.505700216015754,True
row_diagonal_dominant_stochastic:0d717c35c3b2f62d,row_diagonal_dominant_stochastic,R1_C1,float32,0.6566899425090479,0.6523773232952159,0.6619750789664351,0.00037887014698334553,0.030726411326559955,convex,-5.440929276476723,True
row_diagonal_dominant_stochastic:0d717c35c3b2f62d,row_diagonal_dominant_stochastic,R1_C1,float64,0.6631279417320217,0.6582687544486895,0.6672504988167395,-0.0003144393823792946,0.044001793838590805,convex,-15.492195218919875,True
row_diagonal_dominant_stochastic:0d717c35c3b2f62d,row_diagonal_dominant_stochastic,R2_C2,float32,0.6496069134607029,0.6460472011334654,0.6541100503152597,0.0003899060926535469,0.024923849708778922,convex,-4.363844323950914,True
row_diagonal_dominant_stochastic:0d717c35c3b2f62d,row_diagonal_dominant_stochastic,R2_C2,float64,0.6593055992101822,0.6552390188933139,0.6645849115631508,0.00047532738153455156,0.04338506850299546,convex,-17.50322233838787,True
row_diagonal_dominant_stochastic:0f7feef7c7880b20,row_diagonal_dominant_stochastic,R0_C0,float32,0.3283839185956502,0.3247228964553739,0.3318646091192149,-0.00017035615434046747,0.0611577284011814,convex,-32.686025701063905,True
row_diagonal_dominant_stochastic:0f7feef7c7880b20,row_diagonal_dominant_stochastic,R0_C0,float64,0.45885389513435687,0.4549676152935812,0.461586365314239,-0.00037738267307019235,0.037214556757672206,convex,-14.137658396248995,True
row_diagonal_dominant_stochastic:0f7feef7c7880b20,row_diagonal_dominant_stochastic,R0_C1,float32,0.3283839185956502,0.3247228964553739,0.3318646091192149,-0.00017035615434046747,0.0611577284011814,convex,-32.686025701063905,True
row_diagonal_dominant_stochastic:0f7feef7c7880b20,row_diagonal_dominant_stochastic,R0_C1,float64,0.45885389513435687,0.4549676152935812,0.461586365314239,-0.00037738267307019235,0.037214556757672206,convex,-14.137658396248995,True
row_diagonal_dominant_stochastic:0f7feef7c7880b20,row_diagonal_dominant_stochastic,R0_C2,float32,0.3283839185956502,0.3247228964553739,0.3318646091192149,-0.00017035615434046747,0.0611577284011814,convex,-32.686025701063905,True
row_diagonal_dominant_stochastic:0f7feef7c7880b20,row_diagonal_dominant_stochastic,R0_C2,float64,0.45885389513435687,0.4549676152935812,0.461586365314239,-0.00037738267307019235,0.037214556757672206,convex,-14.137658396248995,True
row_diagonal_dominant_stochastic:0f7feef7c7880b20,row_diagonal_dominant_stochastic,R1_C1,float32,0.6205666284970759,0.6144451208553292,0.6253169106687662,-0.0006907147416386206,-0.03106025310748417,concave,-18.417963259733455,True
row_diagonal_dominant_stochastic:0f7feef7c7880b20,row_diagonal_dominant_stochastic,R1_C1,float64,0.6331214204476575,0.6278753243914197,0.6381931046021696,7.728632124082147e-05,-0.014898182901660144,concave,-14.701104556753222,True
row_diagonal_dominant_stochastic:0f7feef7c7880b20,row_diagonal_dominant_stochastic,R2_C2,float32,0.6177288499001633,0.6130052678398568,0.6232437891428446,0.0001064910100508909,-0.032172368604835744,concave,-18.41977756770369,True
row_diagonal_dominant_stochastic:0f7feef7c7880b20,row_diagonal_dominant_stochastic,R2_C2,float64,0.6213246069310386,0.616686148892432,0.6259827377691172,-0.0001073931707216147,-0.013510553422184006,concave,-17.725422828089165,True
row_diagonal_dominant_stochastic:103e29b8022442fa,row_diagonal_dominant_stochastic,R0_C0,float32,0.2120053138106422,0.20769602935161063,0.21786812856275403,0.0007718218896873297,-0.02048951954378793,concave,-11.928608480677923,True
row_diagonal_dominant_stochastic:103e29b8022442fa,row_diagonal_dominant_stochastic,R0_C0,float64,0.24479713885164603,0.24125150807134677,0.2490051647120336,0.00026985798684942,0.006937399137908709,convex,-0.7669482795784432,True
row_diagonal_dominant_stochastic:103e29b8022442fa,row_diagonal_dominant_stochastic,R0_C1,float32,0.2120053138106422,0.20769602935161063,0.21786812856275403,0.0007718218896873297,-0.02048951954378793,concave,-11.928608480677923,True
row_diagonal_dominant_stochastic:103e29b8022442fa,row_diagonal_dominant_stochastic,R0_C1,float64,0.24479713885164603,0.24125150807134677,0.2490051647120336,0.00026985798684942,0.006937399137908709,convex,-0.7669482795784432,True
row_diagonal_dominant_stochastic:103e29b8022442fa,row_diagonal_dominant_stochastic,R0_C2,float32,0.1948975507876677,0.19107668763721455,0.20027227720397442,0.0006237282839472447,-0.013261143881894024,concave,-5.214824923665347,True
row_diagonal_dominant_stochastic:103e29b8022442fa,row_diagonal_dominant_stochastic,R0_C2,float64,0.2321751058232702,0.2288879537616446,0.23760975833913536,0.0009097267783310659,0.012106080364877167,convex,-4.700477243835451,True
row_diagonal_dominant_stochastic:103e29b8022442fa,row_diagonal_dominant_stochastic,R1_C1,float32,0.5797150368504115,0.5755830299933434,0.5841838731479523,2.183888877049789e-05,0.053902587064604136,convex,-35.04415393210958,True
row_diagonal_dominant_stochastic:103e29b8022442fa,row_diagonal_dominant_stochastic,R1_C1,float64,0.5871333240326528,0.5832919158204601,0.5921962538217704,0.0004745905216400059,0.06350037369633774,convex,-65.787160085271,True
row_diagonal_dominant_stochastic:103e29b8022442fa,row_diagonal_dominant_stochastic,R2_C2,float32,0.5833367568785927,0.5783445057176128,0.5872409345311671,-0.0005070999906939821,0.05219457048586718,convex,-36.274417402494436,True
row_diagonal_dominant_stochastic:103e29b8022442fa,row_diagonal_dominant_stochastic,R2_C2,float64,0.5827069319253105,0.5780174564501435,0.5869543004603838,-0.00016532032764859927,0.06566834747069004,convex,-56.64572002531385,True
row_diagonal_dominant_stochastic:3f149f338e70104c,row_diagonal_dominant_stochastic,R0_C0,float32,0.26336429920557203,0.25748664866186394,0.2681323474571168,-0.0005105956964416292,-0.008712157364994177,concave,1.3152835973274506,False
row_diagonal_dominant_stochastic:3f149f338e70104c,row_diagonal_dominant_stochastic,R0_C0,float64,0.2850571677935954,0.28039197825941864,0.290009047833395,0.00022661718307409595,0.009065097845011699,convex,0.7332181288765725,False
row_diagonal_dominant_stochastic:3f149f338e70104c,row_diagonal_dominant_stochastic,R0_C1,float32,0.26336429920557203,0.25748664866186394,0.2681323474571168,-0.0005105956964416292,-0.008712157364994177,concave,1.3152835973274506,False
row_diagonal_dominant_stochastic:3f149f338e70104c,row_diagonal_dominant_stochastic,R0_C1,float64,0.2850571677935954,0.28039197825941864,0.290009047833395,0.00022661718307409595,0.009065097845011699,convex,0.7332181288765725,False
row_diagonal_dominant_stochastic:3f149f338e70104c,row_diagonal_dominant_stochastic,R0_C2,float32,0.2475978679244346,0.24203383290415803,0.2529391598097143,-0.00020791417087179243,-0.006116284748465627,concave,1.6160562922968609,False
row_diagonal_dominant_stochastic:3f149f338e70104c,row_diagonal_dominant_stochastic,R0_C2,float64,0.2709795958422321,0.26615577051618533,0.27586897392078247,6.028368532057238e-05,0.013372797360981927,convex,-0.5818534021402257,True
row_diagonal_dominant_stochastic:3f149f338e70104c,row_diagonal_dominant_stochastic,R1_C1,float32,0.544056214976206,0.5394888896013779,0.5486357095236143,1.3970958313236359e-05,0.03844539550254444,convex,-30.13801527268643,True
row_diagonal_dominant_stochastic:3f149f338e70104c,row_diagonal_dominant_stochastic,R1_C1,float64,0.5443508321738472,0.5396169043919871,0.5485652882924863,-0.0002680250522272276,0.05231543105151191,convex,-55.5829467318337,True
row_diagonal_dominant_stochastic:3f149f338e70104c,row_diagonal_dominant_stochastic,R2_C2,float32,0.5439351315787184,0.5389544797590261,0.5484978723960524,-0.00012090370804351824,0.040631110767839235,convex,-30.782499482666694,True
row_diagonal_dominant_stochastic:3f149f338e70104c,row_diagonal_dominant_stochastic,R2_C2,float64,0.5408694898805951,0.5379306456146971,0.5460981025225332,0.0009771489301992897,0.051884590088741016,convex,-49.443733361319715,True
row_diagonal_dominant_stochastic:6bb9c9b7e1526958,row_diagonal_dominant_stochastic,R0_C0,float32,0.16691332787747765,0.16269283098309542,0.17119255670555727,-9.203555244033379e-05,-0.014448958434546376,concave,-7.141870376412413,True
row_diagonal_dominant_stochastic:6bb9c9b7e1526958,row_diagonal_dominant_stochastic,R0_C0,float64,0.22592450564845193,0.2222915589010525,0.22988456175866528,0.00011047030589447782,0.025790711266845866,convex,-10.39963586302484,True
row_diagonal_dominant_stochastic:6bb9c9b7e1526958,row_diagonal_dominant_stochastic,R0_C1,float32,0.16691332787747765,0.16269283098309542,0.17119255670555727,-9.203555244033379e-05,-0.014448958434546376,concave,-7.141870376412413,True
row_diagonal_dominant_stochastic:6bb9c9b7e1526958,row_diagonal_dominant_stochastic,R0_C1,float64,0.22592450564845193,0.2222915589010525,0.22988456175866528,0.00011047030589447782,0.025790711266845866,convex,-10.39963586302484,True
row_diagonal_dominant_stochastic:6bb9c9b7e1526958,row_diagonal_dominant_stochastic,R0_C2,float32,0.15878926807837818,0.15424475180001362,0.16251055574192474,-0.00027999559709443456,-0.011268934971498416,concave,-4.1481605324638195,True
row_diagonal_dominant_stochastic:6bb9c9b7e1526958,row_diagonal_dominant_stochastic,R0_C2,float64,0.21839841109637467,0.21457410919052058,0.22154570267326562,-0.00018822965080383947,0.03057691722594648,convex,-14.33500828882778,True
row_diagonal_dominant_stochastic:6bb9c9b7e1526958,row_diagonal_dominant_stochastic,R1_C1,float32,0.6354693889177508,0.630411246078055,0.63948493782661,-0.00045905645204935563,0.04822426534773193,convex,-15.709207937850735,True
row_diagonal_dominant_stochastic:6bb9c9b7e1526958,row_diagonal_dominant_stochastic,R1_C1,float64,0.6422442491956748,0.6370087530665071,0.6468532169069623,-0.0002855779452528573,0.0626206880374332,convex,-28.379057456571957,True
row_diagonal_dominant_stochastic:6bb9c9b7e1526958,row_diagonal_dominant_stochastic,R2_C2,float32,0.6285418773362283,0.6240926142203908,0.6338256926053616,0.0002735752714887463,0.04611427984092009,convex,-16.472699063270497,True
row_diagonal_dominant_stochastic:6bb9c9b7e1526958,row_diagonal_dominant_stochastic,R2_C2,float64,0.6356792641726694,0.6311877706006994,0.6395654784621909,-0.0003668502115091732,0.05699868721906263,convex,-34.19469129860188,True
row_diagonal_dominant_stochastic:85d04ae4513fe85f,row_diagonal_dominant_stochastic,R0_C0,float32,0.49259456350617553,0.48910576215085905,0.4956754379135504,-0.00025619524025433105,0.03047727420177654,convex,-22.212572696254526,True
row_diagonal_dominant_stochastic:85d04ae4513fe85f,row_diagonal_dominant_stochastic,R0_C0,float64,0.539338790142051,0.53575759903087,0.5432837226949042,4.1403120483174405e-06,0.006485021508391598,convex,0.312590427925187,False
row_diagonal_dominant_stochastic:85d04ae4513fe85f,row_diagonal_dominant_stochastic,R0_C1,float32,0.49259456350617553,0.48910576215085905,0.4956754379135504,-0.00025619524025433105,0.03047727420177654,convex,-22.212572696254526,True
row_diagonal_dominant_stochastic:85d04ae4513fe85f,row_diagonal_dominant_stochastic,R0_C1,float64,0.539338790142051,0.53575759903087,0.5432837226949042,4.1403120483174405e-06,0.006485021508391598,convex,0.312590427925187,False
row_diagonal_dominant_stochastic:85d04ae4513fe85f,row_diagonal_dominant_stochastic,R0_C2,float32,0.49259456350617553,0.48910576215085905,0.4956754379135504,-0.00025619524025433105,0.03047727420177654,convex,-22.212572696254526,True
row_diagonal_dominant_stochastic:85d04ae4513fe85f,row_diagonal_dominant_stochastic,R0_C2,float64,0.539338790142051,0.53575759903087,0.5432837226949042,4.1403120483174405e-06,0.006485021508391598,convex,0.312590427925187,False
row_diagonal_dominant_stochastic:85d04ae4513fe85f,row_diagonal_dominant_stochastic,R1_C1,float32,0.5967319725626535,0.5924508346640662,0.6031671310343352,0.0007057872567201029,-0.01631325138778305,concave,-7.593601107609317,True
row_diagonal_dominant_stochastic:85d04ae4513fe85f,row_diagonal_dominant_stochastic,R1_C1,float64,0.6036718604507294,0.5983555654548728,0.6089585341122453,-0.00013639553991262598,-0.005324680023147434,concave,-1.0745968764732794,True
row_diagonal_dominant_stochastic:85d04ae4513fe85f,row_diagonal_dominant_stochastic,R2_C2,float32,0.5908212744003069,0.5855915538464013,0.5969094399785779,0.00020355886680900603,-0.016592882748785568,concave,-6.620220034730082,True
row_diagonal_dominant_stochastic:85d04ae4513fe85f,row_diagonal_dominant_stochastic,R2_C2,float64,0.595267041967831,0.5890740563936201,0.5999390829355221,-0.0006911717012493268,-0.006786397368607168,concave,-8.068269217359145,True
row_diagonal_dominant_stochastic:de30837b1853aaf8,row_diagonal_dominant_stochastic,R0_C0,float32,0.5450699311716345,0.5414278504533435,0.5486557288584684,-0.0001282502708096489,0.00789443496282814,convex,-14.069890899437397,True
row_diagonal_dominant_stochastic:de30837b1853aaf8,row_diagonal_dominant_stochastic,R0_C0,float64,0.5572476431654457,0.5540943812148778,0.5611686220497474,0.00030333749781707997,-0.0049396098651732405,concave,1.10028121310161,False
row_diagonal_dominant_stochastic:de30837b1853aaf8,row_diagonal_dominant_stochastic,R0_C1,float32,0.5450699311716345,0.5414278504533435,0.5486557288584684,-0.0001282502708096489,0.00789443496282814,convex,-14.069890899437397,True
row_diagonal_dominant_stochastic:de30837b1853aaf8,row_diagonal_dominant_stochastic,R0_C1,float64,0.5572476431654457,0.5540943812148778,0.5611686220497474,0.00030333749781707997,-0.0049396098651732405,concave,1.10028121310161,False
row_diagonal_dominant_stochastic:de30837b1853aaf8,row_diagonal_dominant_stochastic,R0_C2,float32,0.5450699311716345,0.5414278504533435,0.5486557288584684,-0.0001282502708096489,0.00789443496282814,convex,-14.069890899437397,True
row_diagonal_dominant_stochastic:de30837b1853aaf8,row_diagonal_dominant_stochastic,R0_C2,float64,0.5572476431654457,0.5540943812148778,0.5611686220497474,0.00030333749781707997,-0.0049396098651732405,concave,1.10028121310161,False
row_diagonal_dominant_stochastic:de30837b1853aaf8,row_diagonal_dominant_stochastic,R1_C1,float32,0.5961367186065119,0.5905736696841452,0.6013252518409767,-0.00011120711475898215,-0.015757867680881187,concave,-7.841259209246971,True
row_diagonal_dominant_stochastic:de30837b1853aaf8,row_diagonal_dominant_stochastic,R1_C1,float64,0.5912730250739088,0.5862882558971434,0.5963002107481243,0.0004070062456128509,-0.00854942798427535,concave,-2.9018781900387722,True
row_diagonal_dominant_stochastic:de30837b1853aaf8,row_diagonal_dominant_stochastic,R2_C2,float32,0.5870162376019893,0.5823084968321646,0.5917909072001935,0.00020770487147803163,-0.016322052029211852,concave,-9.991265330442346,True
row_diagonal_dominant_stochastic:de30837b1853aaf8,row_diagonal_dominant_stochastic,R2_C2,float64,0.5856887459849642,0.5814967334694264,0.5893669151752854,-0.00019395933074106697,-0.0065155443857192,concave,-1.4647899596190683,True
row_diagonal_dominant_stochastic:f5393029996d2c29,row_diagonal_dominant_stochastic,R0_C0,float32,0.16396211065369992,0.15874462519968227,0.16807091093638987,-0.00033799317213911717,0.005772811933543387,convex,1.1361287983371255,False
row_diagonal_dominant_stochastic:f5393029996d2c29,row_diagonal_dominant_stochastic,R0_C0,float64,0.2411034729876913,0.23818439482245057,0.24481895663275624,0.0003818393152434374,0.058649146250381125,convex,-35.989599650860306,True
row_diagonal_dominant_stochastic:f5393029996d2c29,row_diagonal_dominant_stochastic,R0_C1,float32,0.16396211065369992,0.15874462519968227,0.16807091093638987,-0.00033799317213911717,0.005772811933543387,convex,1.1361287983371255,False
row_diagonal_dominant_stochastic:f5393029996d2c29,row_diagonal_dominant_stochastic,R0_C1,float64,0.2411034729876913,0.23818439482245057,0.24481895663275624,0.0003818393152434374,0.058649146250381125,convex,-35.989599650860306,True
row_diagonal_dominant_stochastic:f5393029996d2c29,row_diagonal_dominant_stochastic,R0_C2,float32,0.1608066654796579,0.15659703381338702,0.16524457181018726,-1.1744558936765959e-05,0.00874786019155698,convex,-0.19326351873652925,True
row_diagonal_dominant_stochastic:f5393029996d2c29,row_diagonal_dominant_stochastic,R0_C2,float64,0.23888618897347239,0.2356615731965786,0.24255391467055543,0.00018819447257564792,0.060516289425457476,convex,-38.515391956432794,True
row_diagonal_dominant_stochastic:f5393029996d2c29,row_diagonal_dominant_stochastic,R1_C1,float32,0.6674518744308069,0.6623720357306249,0.672316447243633,-0.00015092876001432387,0.007827310103979777,convex,1.3051560533502453,False
row_diagonal_dominant_stochastic:f5393029996d2c29,row_diagonal_dominant_stochastic,R1_C1,float64,0.6772399002158442,0.6735097337434489,0.681775767596361,0.0004394441851405251,0.020125374758477012,convex,-5.157056205297366,True
row_diagonal_dominant_stochastic:f5393029996d2c29,row_diagonal_dominant_stochastic,R2_C2,float32,0.6638169157765816,0.6595629415718871,0.6689850331933199,0.00032288117195289345,0.0031503065292977145,convex,1.8753018322803285,False
row_diagonal_dominant_stochastic:f5393029996d2c29,row_diagonal_dominant_stochastic,R2_C2,float64,0.6654381241009433,0.6610688239226749,0.6705391543798376,0.00017868088946182414,0.022499522339918327,convex,-5.7296086561525215,True
scaled_adversarial:17741976c2dfbd54,scaled_adversarial,R0_C0,float32,-7.173594859221017,-7.316063436564023,-6.956148299368686,0.027956359867816083,1.472143195027607,convex,-37.25366836628179,True
scaled_adversarial:17741976c2dfbd54,scaled_adversarial,R0_C0,float64,-6.976406393235752,-7.203538643361356,-6.817726973697858,-0.021135696052989594,1.344476704071167,convex,-35.06641048295869,True
scaled_adversarial:17741976c2dfbd54,scaled_adversarial,R0_C1,float32,-6.388105620504988,-6.558427717527008,-6.18779151103725,0.01163659350090196,1.569622462117534,convex,-31.40809368564392,True
scaled_adversarial:17741976c2dfbd54,scaled_adversarial,R0_C1,float64,-6.119057538215227,-6.338549099127659,-5.8992332990529865,-0.0008051634685495301,1.368641544953267,convex,-27.646743225047494,True
scaled_adversarial:17741976c2dfbd54,scaled_adversarial,R0_C2,float32,-6.388105620504988,-6.558427717527008,-6.18779151103725,0.01163659350090196,1.569622462117534,convex,-31.40809368564392,True
scaled_adversarial:17741976c2dfbd54,scaled_adversarial,R0_C2,float64,-6.119057538215227,-6.338549099127659,-5.8992332990529865,-0.0008051634685495301,1.368641544953267,convex,-27.646743225047494,True
scaled_adversarial:17741976c2dfbd54,scaled_adversarial,R1_C1,float32,-7.717240112756665,-7.85251062629233,-7.562957170665052,0.008651986502275832,1.4700364099958054,convex,-43.97318445898985,True
scaled_adversarial:17741976c2dfbd54,scaled_adversarial,R1_C1,float64,-6.7801275513988735,-6.9784479904694106,-6.574708279733934,0.006485979527418806,1.2193442646063193,convex,-25.48601286364233,True
scaled_adversarial:17741976c2dfbd54,scaled_adversarial,R2_C2,float32,-6.300490266145603,-6.489792985410436,-6.1681641252637345,-0.017461829593407252,1.6710261811108267,convex,-40.68419061128519,True
scaled_adversarial:17741976c2dfbd54,scaled_adversarial,R2_C2,float64,-5.811582585960353,-5.991136169482554,-5.664949794648302,-0.01557768813861049,1.3092400398280664,convex,-37.48056152369339,True
scaled_adversarial:1c7b58eee2ed258c,scaled_adversarial,R0_C0,float32,-1.2102811157957851,-1.2554439697994824,-1.1735023560265596,-0.003954510816117862,0.24948889244281913,convex,-27.274167071139658,True
scaled_adversarial:1c7b58eee2ed258c,scaled_adversarial,R0_C0,float64,-1.4315375803831942,-1.4672238177492793,-1.3792780198929213,0.009221375408474008,0.339401933304149,convex,-37.47104974897546,True
scaled_adversarial:1c7b58eee2ed258c,scaled_adversarial,R0_C1,float32,-2.3724609750997705,-2.415386508206666,-2.3435830892313216,-0.003555484855588542,0.49094475557806316,convex,-47.41321698128022,True
scaled_adversarial:1c7b58eee2ed258c,scaled_adversarial,R0_C1,float64,-2.410246754418768,-2.4458827136230323,-2.3811269297784077,-0.0029238507951534487,0.4882359824988165,convex,-49.311521531813355,True
scaled_adversarial:1c7b58eee2ed258c,scaled_adversarial,R0_C2,float32,-2.3724609750997705,-2.415386508206666,-2.3435830892313216,-0.003555484855588542,0.49094475557806316,convex,-47.41321698128022,True
scaled_adversarial:1c7b58eee2ed258c,scaled_adversarial,R0_C2,float64,-2.410246754418768,-2.4458827136230323,-2.3811269297784077,-0.0029238507951534487,0.4882359824988165,convex,-49.311521531813355,True
scaled_adversarial:1c7b58eee2ed258c,scaled_adversarial,R1_C1,float32,-2.372462141225821,-2.4153863687412747,-2.3435462603159247,-0.0035468837088776795,0.49094489175414113,convex,-47.413558550466504,True
scaled_adversarial:1c7b58eee2ed258c,scaled_adversarial,R1_C1,float64,-2.4115808355223542,-2.445909982917195,-2.3777211996782497,0.0003805991099916639,0.49015642316315194,convex,-49.645830982660556,True
scaled_adversarial:1c7b58eee2ed258c,scaled_adversarial,R2_C2,float32,-2.372462141225821,-2.415386824620591,-2.3435462551360966,-0.0035461637083664677,0.49094489175414113,convex,-47.413558550466504,True
scaled_adversarial:1c7b58eee2ed258c,scaled_adversarial,R2_C2,float64,-2.4120038979562426,-2.446922084746985,-2.3809203954901377,-0.0010668240905822302,0.4868037952799049,convex,-50.496267727005296,True
scaled_adversarial:44cc26aec2af2f93,scaled_adversarial,R0_C0,float32,-7.2838603250794565,-7.552675392549855,-7.032243206606389,-0.00934182218145363,1.5695940412316363,convex,-42.204993911871185,True
scaled_adversarial:44cc26aec2af2f93,scaled_adversarial,R0_C0,float64,-8.558151159868894,-8.784613502380473,-8.293990897084864,0.015415083473113711,1.5072954032543218,convex,-47.2232975098284,True
scaled_adversarial:44cc26aec2af2f93,scaled_adversarial,R0_C1,float32,-4.470317513723272,-4.715116710026491,-4.250752464983545,-0.009025881236165212,1.0377880063225315,convex,-24.21116122964345,True
scaled_adversarial:44cc26aec2af2f93,scaled_adversarial,R0_C1,float64,-4.903318323976404,-5.1021498814287165,-4.698597720961713,0.002821246559308044,0.6669199903971311,convex,-17.363844325437707,True
scaled_adversarial:44cc26aec2af2f93,scaled_adversarial,R0_C2,float32,-4.470317513723272,-4.715116710026491,-4.250752464983545,-0.009025881236165212,1.0377880063225315,convex,-24.21116122964345,True
scaled_adversarial:44cc26aec2af2f93,scaled_adversarial,R0_C2,float64,-4.903318323976404,-5.1021498814287165,-4.698597720961713,0.002821246559308044,0.6669199903971311,convex,-17.363844325437707,True
scaled_adversarial:44cc26aec2af2f93,scaled_adversarial,R1_C1,float32,-9.387080515145476,-9.554269810732267,-9.206648051829044,0.0036256049872278595,1.625423288327049,convex,-46.90552422999077,True
scaled_adversarial:44cc26aec2af2f93,scaled_adversarial,R1_C1,float64,-8.217569898609275,-8.514212351995264,-8.01429727180112,-0.034248418094765753,1.2484597519604774,convex,-30.58931348652937,True
scaled_adversarial:44cc26aec2af2f93,scaled_adversarial,R2_C2,float32,-3.876647611845828,-4.105300023198081,-3.7025562802215366,-0.024169839318202158,1.8701807555979804,convex,-29.236953159187646,True
scaled_adversarial:44cc26aec2af2f93,scaled_adversarial,R2_C2,float64,-3.262438587106499,-3.4608651996671744,-3.048766703678966,0.009844439787431991,0.95718898194986,convex,-22.992472911208218,True
scaled_adversarial:47817f90b3ae7eb7,scaled_adversarial,R0_C0,float32,-1.677652910622224,-1.7292401922583804,-1.6404631601589292,-0.004399949737094566,0.07432681600051877,convex,-5.677528415677692,True
scaled_adversarial:47817f90b3ae7eb7,scaled_adversarial,R0_C0,float64,-1.2462050600976942,-1.2923505276971936,-1.1970168194357365,0.0030474774032609453,0.232976187252929,convex,-29.734931510490682,True
scaled_adversarial:47817f90b3ae7eb7,scaled_adversarial,R0_C1,float32,-2.3918987723635405,-2.439377727403393,-2.3556984102603318,-0.004586780893761411,0.4874603123800433,convex,-51.66194374884986,True
scaled_adversarial:47817f90b3ae7eb7,scaled_adversarial,R0_C1,float64,-2.385410436487453,-2.4235644636039844,-2.351056476641023,-0.0028998505576067757,0.45061500462382487,convex,-46.461038943434815,True
scaled_adversarial:47817f90b3ae7eb7,scaled_adversarial,R0_C2,float32,-2.3918987723635405,-2.439377727403393,-2.3556984102603318,-0.004586780893761411,0.4874603123800433,convex,-51.66194374884986,True
scaled_adversarial:47817f90b3ae7eb7,scaled_adversarial,R0_C2,float64,-2.385410436487453,-2.4235644636039844,-2.351056476641023,-0.0028998505576067757,0.45061500462382487,convex,-46.461038943434815,True
scaled_adversarial:47817f90b3ae7eb7,scaled_adversarial,R1_C1,float32,-2.391898749104753,-2.4393777266160814,-2.355698410389225,-0.004586802838896897,0.48746033729290406,convex,-51.66195145274433,True
scaled_adversarial:47817f90b3ae7eb7,scaled_adversarial,R1_C1,float64,-2.385410431918136,-2.4235644616941143,-2.3510564731652925,-0.002899852851593998,0.4506150069887261,convex,-46.46103964880806,True
scaled_adversarial:47817f90b3ae7eb7,scaled_adversarial,R2_C2,float32,-2.39189877936985,-2.439377727403393,-2.3556984102603318,-0.004586774162237628,0.4874603083306506,convex,-51.66194273080455,True
scaled_adversarial:47817f90b3ae7eb7,scaled_adversarial,R2_C2,float64,-2.3854104359814308,-2.423564463421879,-2.3510564760321873,-0.002899851967346212,0.4506150053378135,convex,-46.46103921230866,True
scaled_adversarial:4aad419250638d2a,scaled_adversarial,R0_C0,float32,-2.545294873826763,-2.6234715840334832,-2.457942079104783,0.005840890698590062,0.1157424742210516,convex,-9.588063768714633,True
scaled_adversarial:4aad419250638d2a,scaled_adversarial,R0_C0,float64,-2.470171032296198,-2.5459057191975547,-2.3695110709313725,0.009990813851719071,0.47484683764892466,convex,-35.16918834325789,True
scaled_adversarial:4aad419250638d2a,scaled_adversarial,R0_C1,float32,-4.751060154865251,-4.817736734748476,-4.6835338636348185,-0.0014516300206874888,0.9620616741955855,convex,-51.17374427559576,True
scaled_adversarial:4aad419250638d2a,scaled_adversarial,R0_C1,float64,-4.705046551771169,-4.768511659001537,-4.631213259928271,0.0026522063158536113,0.8901814514297839,convex,-61.063369080870736,True
scaled_adversarial:4aad419250638d2a,scaled_adversarial,R0_C2,float32,-4.751060154865251,-4.817736734748476,-4.6835338636348185,-0.0014516300206874888,0.9620616741955855,convex,-51.17374427559576,True
scaled_adversarial:4aad419250638d2a,scaled_adversarial,R0_C2,float64,-4.705046551771169,-4.768511659001537,-4.631213259928271,0.0026522063158536113,0.8901814514297839,convex,-61.063369080870736,True
scaled_adversarial:4aad419250638d2a,scaled_adversarial,R1_C1,float32,-4.751060878619567,-4.817736734756439,-4.683533863968586,-0.0014505310015175965,0.9620612566819345,convex,-51.17375095028744,True
scaled_adversarial:4aad419250638d2a,scaled_adversarial,R1_C1,float64,-4.705038467652859,-4.768474257862595,-4.631210347565041,0.002660403532114053,0.8901706137208895,convex,-61.05701659332626,True
scaled_adversarial:4aad419250638d2a,scaled_adversarial,R2_C2,float32,-4.751060154864828,-4.817736734756252,-4.683533863631061,-0.0014509101249577938,0.9620616741956414,convex,-51.17374427560015,True
scaled_adversarial:4aad419250638d2a,scaled_adversarial,R2_C2,float64,-4.70503775388896,-4.768511658985712,-4.631213218053731,0.002644868428415492,0.8901704667959821,convex,-61.05724031700542,True
scaled_adversarial:4fa46c9b0730babb,scaled_adversarial,R0_C0,float32,-2.343854740799972,-2.4273279248439876,-2.247146923314723,0.0038773138085503867,0.47552105920027204,convex,-33.77993348707799,True
scaled_adversarial:4fa46c9b0730babb,scaled_adversarial,R0_C0,float64,-3.0429397652509955,-3.1335594477412556,-2.9582416815144006,-0.002513575661327483,0.7026811866334896,convex,-45.22363306107761,True
scaled_adversarial:4fa46c9b0730babb,scaled_adversarial,R0_C1,float32,1.778301963839503,1.59302929972326,1.9236382920957809,-0.011482985853595418,-0.002654236188564275,concave,1.9990285977363378,False
scaled_adversarial:4fa46c9b0730babb,scaled_adversarial,R0_C1,float64,0.7218394936347899,0.5499633077689512,0.9016472064691922,0.0023372128110793478,-0.2415127868098786,concave,-2.360871826857842,True
scaled_adversarial:4fa46c9b0730babb,scaled_adversarial,R0_C2,float32,1.778301963839503,1.59302929972326,1.9236382920957809,-0.011482985853595418,-0.002654236188564275,concave,1.9990285977363378,False
scaled_adversarial:4fa46c9b0730babb,scaled_adversarial,R0_C2,float64,0.7218394936347899,0.5499633077689512,0.9016472064691922,0.0023372128110793478,-0.2415127868098786,concave,-2.360871826857842,True
scaled_adversarial:4fa46c9b0730babb,scaled_adversarial,R1_C1,float32,-4.0309773651513625,-4.0886337682093625,-3.9551653354054284,0.008830241526972316,1.0518986724724846,convex,-44.259414497019854,True
scaled_adversarial:4fa46c9b0730babb,scaled_adversarial,R1_C1,float64,-4.180127608436996,-4.237930482026115,-4.114015403539211,0.0012746016886380218,1.10047100611291,convex,-45.02820115240931,True
scaled_adversarial:4fa46c9b0730babb,scaled_adversarial,R2_C2,float32,-4.019248260550159,-4.0779426911126695,-3.945246007241944,0.00613545373390334,1.0479033282908115,convex,-46.006546591370544,True
scaled_adversarial:4fa46c9b0730babb,scaled_adversarial,R2_C2,float64,-4.137425315014752,-4.201840680919171,-4.058549533790822,0.005028616692488441,1.087453145874116,convex,-45.864831579984724,True
scaled_adversarial:5d1019a4ba6f1410,scaled_adversarial,R0_C0,float32,-4.467189721375139,-4.600979184132892,-4.27122171680789,0.02672354164329782,0.6547296482075932,convex,-32.58425966912264,True
scaled_adversarial:5d1019a4ba6f1410,scaled_adversarial,R0_C0,float64,-5.251090543756903,-5.4768871489657105,-5.063548714452195,-0.010889310870957125,1.163584933275972,convex,-39.88476632497482,True
scaled_adversarial:5d1019a4ba6f1410,scaled_adversarial,R0_C1,float32,1.015924382507516,0.7430975542833452,1.3871564433401304,0.04729425720606284,0.1072521150328522,convex,1.3067196184088061,False
scaled_adversarial:5d1019a4ba6f1410,scaled_adversarial,R0_C1,float64,0.03373291949950992,-0.17369945980679177,0.25673131728919446,0.006177142502298762,0.3558649144390585,convex,-7.527574755707203,True
scaled_adversarial:5d1019a4ba6f1410,scaled_adversarial,R0_C2,float32,1.015924382507516,0.7430975542833452,1.3871564433401304,0.04729425720606284,0.1072521150328522,convex,1.3067196184088061,False
scaled_adversarial:5d1019a4ba6f1410,scaled_adversarial,R0_C2,float64,0.03373291949950992,-0.17369945980679177,0.25673131728919446,0.006177142502298762,0.3558649144390585,convex,-7.527574755707203,True
scaled_adversarial:5d1019a4ba6f1410,scaled_adversarial,R1_C1,float32,-7.28370315898391,-7.422951749634052,-7.12925482373944,0.006573226823389788,1.7455323486763659,convex,-37.92789814848562,True
scaled_adversarial:5d1019a4ba6f1410,scaled_adversarial,R1_C1,float64,-6.853553201617382,-6.973267561057614,-6.725987029905888,0.004884698402546128,1.5949381412706947,convex,-33.36679951112203,True
scaled_adversarial:5d1019a4ba6f1410,scaled_adversarial,R2_C2,float32,-7.267105898612995,-7.421306451190895,-7.136298428665096,-0.010625926145015008,1.7284039931274322,convex,-38.26459961854641,True
scaled_adversarial:5d1019a4ba6f1410,scaled_adversarial,R2_C2,float64,-6.828725814065231,-6.959555763963142,-6.688886903737347,0.0005361428444636829,1.4359063823930627,convex,-32.51243827026512,True
scaled_adversarial:693a2410d358b3b1,scaled_adversarial,R0_C0,float32,-4.678821931192748,-4.853228366787557,-4.517708451973477,-0.011874767799625374,1.019249894988304,convex,-30.903829595159216,True
scaled_adversarial:693a2410d358b3b1,scaled_adversarial,R0_C0,float64,-5.980036653515477,-6.162430706915134,-5.847933428423053,-0.020037396315024658,1.1844871815677593,convex,-43.47499033548695,True
scaled_adversarial:693a2410d358b3b1,scaled_adversarial,R0_C1,float32,-1.7179701819583633,-1.850649847155461,-1.5637527370665898,0.006255906665437072,0.4891126348173068,convex,-9.851555555139917,True
scaled_adversarial:693a2410d358b3b1,scaled_adversarial,R0_C1,float64,-2.6207615237689943,-2.7569066730687397,-2.4829507372235864,0.00041329156336278317,0.3309984297150909,convex,-12.327253575912373,True
scaled_adversarial:693a2410d358b3b1,scaled_adversarial,R0_C2,float32,-1.7179701819583633,-1.850649847155461,-1.5637527370665898,0.006255906665437072,0.4891126348173068,convex,-9.851555555139917,True
scaled_adversarial:693a2410d358b3b1,scaled_adversarial,R0_C2,float64,-2.6207615237689943,-2.7569066730687397,-2.4829507372235864,0.00041329156336278317,0.3309984297150909,convex,-12.327253575912373,True
scaled_adversarial:693a2410d358b3b1,scaled_adversarial,R1_C1,float32,-6.516509727868236,-6.6678407313155565,-6.376275511053756,-0.005980026939901073,1.201714628560442,convex,-43.44109463266762,True
scaled_adversarial:693a2410d358b3b1,scaled_adversarial,R1_C1,float64,-5.899826802359607,-6.088029353419585,-5.766255798999034,-0.024175169623242176,0.9639942657728123,convex,-28.004951987467102,True
scaled_adversarial:693a2410d358b3b1,scaled_adversarial,R2_C2,float32,-3.067518055450656,-3.292091335213247,-2.7851418537925854,0.0338964110646538,2.471795432002773,convex,-45.640632515005606,True
scaled_adversarial:693a2410d358b3b1,scaled_adversarial,R2_C2,float64,-1.6878901775849469,-1.929652456683971,-1.5176496195833182,-0.029629321607241854,2.1084910449306626,convex,-32.80065691963059,True
scaled_adversarial:a1544dd12bfc380a,scaled_adversarial,R0_C0,float32,-1.4174036772684737,-1.4560681476568025,-1.3740130444395038,0.002982941541567641,0.29650773918212936,convex,-45.271478252713365,True
scaled_adversarial:a1544dd12bfc380a,scaled_adversarial,R0_C0,float64,-1.4047564948957205,-1.4356148382989529,-1.3635949296774643,0.0035954252430436817,0.29708889757726203,convex,-43.84580383578127,True
scaled_adversarial:a1544dd12bfc380a,scaled_adversarial,R0_C1,float32,-0.3465769658680311,-0.37987187242894116,-0.2998113141356816,0.005401074170186815,0.06250119704268399,convex,-5.659046710784764,True
scaled_adversarial:a1544dd12bfc380a,scaled_adversarial,R0_C1,float64,-0.3449036102156103,-0.3860078423421669,-0.30609172662766915,-0.00045954894348548825,0.06981612203363884,convex,-16.759381542577778,True
scaled_adversarial:a1544dd12bfc380a,scaled_adversarial,R0_C2,float32,-0.3465769658680311,-0.37987187242894116,-0.2998113141356816,0.005401074170186815,0.06250119704268399,convex,-5.659046710784764,True
scaled_adversarial:a1544dd12bfc380a,scaled_adversarial,R0_C2,float64,-0.3449036102156103,-0.3860078423421669,-0.30609172662766915,-0.00045954894348548825,0.06981612203363884,convex,-16.759381542577778,True
scaled_adversarial:a1544dd12bfc380a,scaled_adversarial,R1_C1,float32,-1.6510041046048354,-1.6780059878831266,-1.619627513238576,0.0027428575766756946,0.35883027956140917,convex,-46.69219462304292,True
scaled_adversarial:a1544dd12bfc380a,scaled_adversarial,R1_C1,float64,-1.6234201885089867,-1.6676475840400171,-1.5883067100123052,-0.004236471924799146,0.4009374154185975,convex,-40.83353278754087,True
scaled_adversarial:a1544dd12bfc380a,scaled_adversarial,R2_C2,float32,-1.6246971436828859,-1.6654004490492929,-1.5875290837452813,-0.0002835540623280508,0.36419709303026515,convex,-41.74389254820474,True
scaled_adversarial:a1544dd12bfc380a,scaled_adversarial,R2_C2,float64,-1.6539472741649075,-1.6868384440995265,-1.6046696345267932,0.0034905306525649937,0.3930657613430377,convex,-47.62052709204452,True
scaled_adversarial:a7078d089ccfa660,scaled_adversarial,R0_C0,float32,-6.591864238038239,-6.833740115059934,-6.349113881236531,0.005294777394926342,1.070529738228282,convex,-27.859588396241243,True
scaled_adversarial:a7078d089ccfa660,scaled_adversarial,R0_C0,float64,-7.930863711100422,-8.203961134549099,-7.684862751118517,-0.0034310583790961857,1.6393761552417576,convex,-47.937073385494855,True
scaled_adversarial:a7078d089ccfa660,scaled_adversarial,R0_C1,float32,-1.8117871550270876,-2.1449351874640508,-1.5454720235878956,-0.03056980128428255,0.32947972488801336,convex,-5.228163308761896,True
scaled_adversarial:a7078d089ccfa660,scaled_adversarial,R0_C1,float64,-2.640807435825911,-2.903501754573846,-2.4607335611343144,-0.03645315729528553,0.41054865210522307,convex,-8.95992028471785,True
scaled_adversarial:a7078d089ccfa660,scaled_adversarial,R0_C2,float32,-1.8117871550270876,-2.1449351874640508,-1.5454720235878956,-0.03056980128428255,0.32947972488801336,convex,-5.228163308761896,True
scaled_adversarial:a7078d089ccfa660,scaled_adversarial,R0_C2,float64,-2.640807435825911,-2.903501754573846,-2.4607335611343144,-0.03645315729528553,0.41054865210522307,convex,-8.95992028471785,True
scaled_adversarial:a7078d089ccfa660,scaled_adversarial,R1_C1,float32,-10.096271982705106,-10.279614548294804,-9.91826799842942,-0.00019393287158742112,1.9299329561093848,convex,-44.756335823779004,True
scaled_adversarial:a7078d089ccfa660,scaled_adversarial,R1_C1,float64,-9.099468195546542,-9.263386875575941,-8.845264564927586,0.03567726842545227,1.5984057449870233,convex,-45.89704630350538,True
scaled_adversarial:a7078d089ccfa660,scaled_adversarial,R2_C2,float32,-0.6921338000170386,-1.0258431602629445,-0.4126410119285957,-0.02234750379356476,2.902797113690871,convex,-25.26295847508755,True
scaled_adversarial:a7078d089ccfa660,scaled_adversarial,R2_C2,float64,-0.2960063280628476,-0.5709001345153332,-0.023473783273643082,-0.003746509128303488,0.9177083722048743,convex,-11.845801822452696,True
scaled_adversarial:bfa61de27cbbe219,scaled_adversarial,R0_C0,float32,-2.69465886751464,-2.761678849530184,-2.6345781947090456,-0.0012422939322802584,0.4950923181829061,convex,-42.043018904590234,True
scaled_adversarial:bfa61de27cbbe219,scaled_adversarial,R0_C0,float64,-2.704662257872695,-2.762102143238924,-2.6290420117218187,0.011085716652411648,0.4934243107180089,convex,-48.20508851654158,True
scaled_adversarial:bfa61de27cbbe219,scaled_adversarial,R0_C1,float32,-1.5338430144479263,-1.5945317319646846,-1.4638556234711044,0.005178067736238301,0.2956406531095045,convex,-26.563508884379637,True
scaled_adversarial:bfa61de27cbbe219,scaled_adversarial,R0_C1,float64,-1.5357592928952606,-1.6179093714645,-1.4769111620121225,-0.006707985655521442,0.25227252049768706,convex,-21.834102996162052,True
scaled_adversarial:bfa61de27cbbe219,scaled_adversarial,R0_C2,float32,-1.5338430144479263,-1.5945317319646846,-1.4638556234711044,0.005178067736238301,0.2956406531095045,convex,-26.563508884379637,True
scaled_adversarial:bfa61de27cbbe219,scaled_adversarial,R0_C2,float64,-1.5357592928952606,-1.6179093714645,-1.4769111620121225,-0.006707985655521442,0.25227252049768706,convex,-21.834102996162052,True
scaled_adversarial:bfa61de27cbbe219,scaled_adversarial,R1_C1,float32,-2.948142756232914,-3.0089751364985116,-2.8937580800871974,-0.0051723587923029335,0.5250003861700875,convex,-44.10719873679555,True
scaled_adversarial:bfa61de27cbbe219,scaled_adversarial,R1_C1,float64,-2.7129047352140394,-2.780160344949371,-2.6529177293614445,0.001903139407771537,0.4194593259971961,convex,-40.002678224956995,True
scaled_adversarial:bfa61de27cbbe219,scaled_adversarial,R2_C2,float32,-2.9742946399776886,-3.027556176649265,-2.9156867084906004,0.002550700210242507,0.5098117029603448,convex,-40.633563033187336,True
scaled_adversarial:bfa61de27cbbe219,scaled_adversarial,R2_C2,float64,-2.8501143580673536,-2.915133220210836,-2.7836206881260077,-0.00032165954601959257,0.4484901248543754,convex,-29.78806830581451,True
scaled_adversarial:e73afbc25af72981,scaled_adversarial,R0_C0,float32,-4.836814833938234,-4.966223016960385,-4.73307568318449,-0.006750723840115214,0.9117787287527453,convex,-32.17727190949286,True
scaled_adversarial:e73afbc25af72981,scaled_adversarial,R0_C0,float64,-4.78044459144602,-4.916936552705247,-4.669204424794436,-0.004289023308771789,0.8878706842099692,convex,-40.569935765919006,True
scaled_adversarial:e73afbc25af72981,scaled_adversarial,R0_C1,float32,-3.9504996483788912,-4.058821357958313,-3.8395764190372286,-0.0032997981952829214,0.9159451064752305,convex,-28.774281891603763,True
scaled_adversarial:e73afbc25af72981,scaled_adversarial,R0_C1,float64,-3.811256475806849,-3.9378754775850364,-3.6748835342521216,0.0027984216349516977,0.8090193929406013,convex,-34.02091622936728,True
scaled_adversarial:e73afbc25af72981,scaled_adversarial,R0_C2,float32,-3.9504996483788912,-4.058821357958313,-3.8395764190372286,-0.0032997981952829214,0.9159451064752305,convex,-28.774281891603763,True
scaled_adversarial:e73afbc25af72981,scaled_adversarial,R0_C2,float64,-3.811256475806849,-3.9378754775850364,-3.6748835342521216,0.0027984216349516977,0.8090193929406013,convex,-34.02091622936728,True
scaled_adversarial:e73afbc25af72981,scaled_adversarial,R1_C1,float32,-5.295376503664907,-5.410041940040891,-5.181158368476128,0.001439449776911239,0.9336239324689813,convex,-34.75801496691762,True
scaled_adversarial:e73afbc25af72981,scaled_adversarial,R1_C1,float64,-4.650995713083413,-4.801243539805722,-4.518937826467546,-0.0015974637356634958,0.6631831875204759,convex,-24.57176659610224,True
scaled_adversarial:e73afbc25af72981,scaled_adversarial,R2_C2,float32,-3.9769684014583917,-4.061654996158013,-3.8229120248572097,0.03358040680882235,1.2517918520331288,convex,-40.84908469804438,True
scaled_adversarial:e73afbc25af72981,scaled_adversarial,R2_C2,float64,-3.651641021711634,-3.7786562965266666,-3.540354626142772,-0.0076831062175566345,0.9659801544321385,convex,-40.61389842598995,True
spd_prescribed_spectrum:4953545b5c68c921,spd_prescribed_spectrum,R0_C0,float32,-0.00652236576209281,-0.019142038493734026,0.003023668715609146,-0.0008105674350983782,0.008997488250622,convex,-2.5901751239839683,True
spd_prescribed_spectrum:4953545b5c68c921,spd_prescribed_spectrum,R0_C0,float64,0.011425392976785883,0.00177212190857524,0.02207297148302115,0.0007049697690418247,0.002463443484796065,convex,1.526684820549434,False
spd_prescribed_spectrum:4953545b5c68c921,spd_prescribed_spectrum,R0_C1,float32,0.12425379658440919,0.11622139648527453,0.1306278498510993,-0.0006137299305432886,-0.09272184740293783,concave,-16.159080110497086,True
spd_prescribed_spectrum:4953545b5c68c921,spd_prescribed_spectrum,R0_C1,float64,0.12680666784311984,0.12033115491892149,0.13429492171344815,0.0006002147937406166,-0.0837211021580283,concave,-12.606294248009306,True
spd_prescribed_spectrum:4953545b5c68c921,spd_prescribed_spectrum,R0_C2,float32,0.15043010918851293,0.14415416894612115,0.15703631982120558,0.00023467632832313567,-0.11474928903945825,concave,-13.787479592005731,True
spd_prescribed_spectrum:4953545b5c68c921,spd_prescribed_spectrum,R0_C2,float64,0.145658282214876,0.14019152183571637,0.15284205920199256,0.0006110517470573062,-0.10788755377284266,concave,-12.676092582753107,True
spd_prescribed_spectrum:4953545b5c68c921,spd_prescribed_spectrum,R1_C1,float32,0.10816835756283534,0.10106982158628365,0.11393351064002784,-0.0005588882258140415,-0.004848039488771956,concave,0.07822714485651261,False
spd_prescribed_spectrum:4953545b5c68c921,spd_prescribed_spectrum,R1_C1,float64,0.10640379520236029,0.09910198064529721,0.11177803741116438,-0.0007096650558745948,-0.006707878717046547,concave,-0.9838928288373836,True
spd_prescribed_spectrum:4953545b5c68c921,spd_prescribed_spectrum,R2_C2,float32,0.10943178493384621,0.10340822000363396,0.11677727764542334,0.0006776219462930472,-0.02072858932430052,concave,-5.697368590926686,True
spd_prescribed_spectrum:4953545b5c68c921,spd_prescribed_spectrum,R2_C2,float64,0.10520279612681498,0.09629096784311737,0.1114304123413265,-0.0009350782151103659,-0.007430977474888848,concave,0.6210215063910454,False
spd_prescribed_spectrum:70d7805e407478aa,spd_prescribed_spectrum,R0_C0,float32,-0.024510690469509867,-0.03385827634644354,-0.011799276150277694,0.0010984032335836953,0.009106075638544424,convex,-3.235450494686262,True
spd_prescribed_spectrum:70d7805e407478aa,spd_prescribed_spectrum,R0_C0,float64,-0.013488232910564347,-0.022599046086746316,-0.003146272782306949,0.0005110761685173781,0.0055426986667473,convex,0.4851195034214726,False
spd_prescribed_spectrum:70d7805e407478aa,spd_prescribed_spectrum,R0_C1,float32,0.16681934802636142,0.1588003633701396,0.17498611521632956,-9.161426528475625e-05,-0.08159053529607337,concave,-9.4394537603891,True
spd_prescribed_spectrum:70d7805e407478aa,spd_prescribed_spectrum,R0_C1,float64,0.16443707850104053,0.15786407546891226,0.17014827326699922,-0.0005347559645311195,-0.08066465293835108,concave,-10.004430437756419,True
spd_prescribed_spectrum:70d7805e407478aa,spd_prescribed_spectrum,R0_C2,float32,0.19265708709853172,0.18426047746205765,0.20098535729985004,-1.391173001014101e-05,-0.09937217901402574,concave,-8.791733500311722,True
spd_prescribed_spectrum:70d7805e407478aa,spd_prescribed_spectrum,R0_C2,float64,0.19492356321526277,0.187612511176035,0.20261918448443283,0.0003058788361210152,-0.09644174501192822,concave,-8.177110473479075,True
spd_prescribed_spectrum:70d7805e407478aa,spd_prescribed_spectrum,R1_C1,float32,0.11762932667933106,0.11033632309751797,0.12314409609946213,-0.0009164365354628751,-0.008527492640306864,concave,-10.318886205113316,True
spd_prescribed_spectrum:70d7805e407478aa,spd_prescribed_spectrum,R1_C1,float64,0.11389396968314712,0.1074629437489704,0.11937759641908893,-6.284271020422227e-05,0.000179158395179211,convex,1.9943578536800288,False
spd_prescribed_spectrum:70d7805e407478aa,spd_prescribed_spectrum,R2_C2,float32,0.12089541963266875,0.11458606368921624,0.12944543292391342,0.0009257402383806845,-0.026375944307011234,concave,-5.033816869673686,True
spd_prescribed_spectrum:70d7805e407478aa,spd_prescribed_spectrum,R2_C2,float64,0.11077135689398801,0.10397085786153919,0.11755855256842408,-1.5108314580181137e-05,-0.0176402727038956,concave,-2.929706728983845,True
spd_prescribed_spectrum:79fe5321ebe142a9,spd_prescribed_spectrum,R0_C0,float32,0.014356470659201379,0.006100281830226431,0.020934208117663725,-0.0005727461421721515,0.003235758746984449,convex,0.5863525650800483,False
spd_prescribed_spectrum:79fe5321ebe142a9,spd_prescribed_spectrum,R0_C0,float64,0.022467851529209444,0.014489550330582844,0.030634771560618248,0.00039765688597351995,0.0027069352717595356,convex,-0.06697925493055834,True
spd_prescribed_spectrum:79fe5321ebe142a9,spd_prescribed_spectrum,R0_C1,float32,0.08307830094241146,0.07735217447600096,0.08868779286663839,-6.806561843694658e-05,-0.08727697535944276,concave,-16.460307846363264,True
spd_prescribed_spectrum:79fe5321ebe142a9,spd_prescribed_spectrum,R0_C1,float64,0.07985984184662054,0.07388741984623458,0.08688678449469717,0.0003136939341300826,-0.07788638893655933,concave,-15.068250101285223,True
spd_prescribed_spectrum:79fe5321ebe142a9,spd_prescribed_spectrum,R0_C2,float32,0.09655655317195666,0.09120002588466626,0.10307821061763968,0.000735838188513499,-0.10935287330380626,concave,-16.347890266966886,True
spd_prescribed_spectrum:79fe5321ebe142a9,spd_prescribed_spectrum,R0_C2,float64,0.09544837547868129,0.08873510109838087,0.1011909345375712,-0.00027601393748841185,-0.09774463060840409,concave,-15.244590213750392,True
spd_prescribed_spectrum:79fe5321ebe142a9,spd_prescribed_spectrum,R1_C1,float32,0.10200640654910918,0.095563568628857,0.10788597595516058,-0.00022535893724097422,-0.012526586296442708,concave,-6.880349467981787,True
spd_prescribed_spectrum:79fe5321ebe142a9,spd_prescribed_spectrum,R1_C1,float64,0.09638042666765265,0.08901302884593092,0.10172023012251002,-0.0006229697472666662,-0.006168341139625819,concave,-1.2458154729322075,True
spd_prescribed_spectrum:79fe5321ebe142a9,spd_prescribed_spectrum,R2_C2,float32,0.09089318817755512,0.08427984080080185,0.09631443319875896,-0.00047130099619210886,-0.005466194201031808,concave,0.92805067184716,False
spd_prescribed_spectrum:79fe5321ebe142a9,spd_prescribed_spectrum,R2_C2,float64,0.09123900293464549,0.08346368715594872,0.09669431089243466,-0.0009017615436218152,-0.0033075449128905053,concave,0.5217354174729394,False
spd_prescribed_spectrum:a954fd91076fe28c,spd_prescribed_spectrum,R0_C0,float32,0.0381720540565252,0.029252469290717422,0.04509132335563093,-0.0006018372322710228,-0.007086915240204904,concave,-8.632903349079825,True
spd_prescribed_spectrum:a954fd91076fe28c,spd_prescribed_spectrum,R0_C0,float64,0.044526834369742335,0.03688967253117376,0.050980946305517,-0.00036024462277344654,-0.006703228896472927,concave,-0.3612854720609704,True
spd_prescribed_spectrum:a954fd91076fe28c,spd_prescribed_spectrum,R0_C1,float32,0.038181440148357434,0.031293307281852034,0.04375332119468529,-0.0005626814326464696,-0.05565916007948916,concave,-9.00760322173113,True
spd_prescribed_spectrum:a954fd91076fe28c,spd_prescribed_spectrum,R0_C1,float64,0.042936151520874724,0.03780537266010077,0.049071138859525965,0.000609334398454911,-0.04711857521605594,concave,-7.162857268275296,True
spd_prescribed_spectrum:a954fd91076fe28c,spd_prescribed_spectrum,R0_C2,float32,0.04832337158089367,0.04242300977035032,0.05429790254881816,6.763847209406704e-07,-0.07343602520254527,concave,-10.435997537409236,True
spd_prescribed_spectrum:a954fd91076fe28c,spd_prescribed_spectrum,R0_C2,float64,0.04638744715789618,0.04149107446111404,0.05454542207776341,0.0012424866231215345,-0.06101900094546806,concave,-9.05881724591707,True
spd_prescribed_spectrum:a954fd91076fe28c,spd_prescribed_spectrum,R1_C1,float32,0.08840812877259105,0.08253220375530959,0.09420310523245586,3.785965067266972e-05,-0.01347924443115225,concave,-28.722940886787114,True
spd_prescribed_spectrum:a954fd91076fe28c,spd_prescribed_spectrum,R1_C1,float64,0.08805892348166082,0.08191487175890458,0.09297858515789832,-0.0004399103823701511,-0.006207888839704175,concave,-1.5717616140995005,True
spd_prescribed_spectrum:a954fd91076fe28c,spd_prescribed_spectrum,R2_C2,float32,0.08483068161072323,0.07820598759825621,0.09070132523048047,-8.992456124468085e-05,-0.002026890149150529,concave,1.141405924478775,False
spd_prescribed_spectrum:a954fd91076fe28c,spd_prescribed_spectrum,R2_C2,float64,0.08274539190213237,0.07565716611794931,0.08920951805361559,-8.868431811670519e-05,0.0006570559589209595,convex,1.796624421812524,False
spd_prescribed_spectrum:dc332cd1bfa688f6,spd_prescribed_spectrum,R0_C0,float32,0.0599552235595973,0.054749078924022185,0.06538604294570181,8.535930069449027e-06,-0.009235646748073378,concave,-15.417312811427536,True
spd_prescribed_spectrum:dc332cd1bfa688f6,spd_prescribed_spectrum,R0_C0,float64,0.05888329564854099,0.05291075474427358,0.06620363681891021,0.00031653396907098397,-0.0009647242987538167,concave,1.7967186554098902,False
spd_prescribed_spectrum:dc332cd1bfa688f6,spd_prescribed_spectrum,R0_C1,float32,0.010261359571488556,0.003921755235344827,0.017567314773640215,0.0003563525726979853,-0.011129929218077836,concave,0.8281098778166722,False
spd_prescribed_spectrum:dc332cd1bfa688f6,spd_prescribed_spectrum,R0_C1,float64,0.02117078752623637,0.015902301786852514,0.027591687839034304,0.00043910107538711746,-0.007567173844343443,concave,1.139390439869132,False
spd_prescribed_spectrum:dc332cd1bfa688f6,spd_prescribed_spectrum,R0_C2,float32,0.014840152889020209,0.008076117658649969,0.020084987405943066,-0.0007107084791707682,-0.015761610341474334,concave,0.03392775110688717,False
spd_prescribed_spectrum:dc332cd1bfa688f6,spd_prescribed_spectrum,R0_C2,float64,0.02867976379382516,0.022503464473528703,0.03415192750648807,-0.00030129800780733657,-0.018006770449731556,concave,-0.8762123874932257,True
spd_prescribed_spectrum:dc332cd1bfa688f6,spd_prescribed_spectrum,R1_C1,float32,0.0833475819725951,0.07791639367657084,0.08864185322345028,6.760813931133702e-05,-0.019313160109631425,concave,-18.828074834031426,True
spd_prescribed_spectrum:dc332cd1bfa688f6,spd_prescribed_spectrum,R1_C1,float64,0.08128066794373029,0.07571230894198076,0.08559292483361332,-0.0002816931655903049,-0.00897082381943135,concave,-10.165024548819233,True
spd_prescribed_spectrum:dc332cd1bfa688f6,spd_prescribed_spectrum,R2_C2,float32,0.07052767486612786,0.06382841246971219,0.07633642484045641,-0.00046012893493423135,0.003030586669621726,convex,0.9872039691161802,False
spd_prescribed_spectrum:dc332cd1bfa688f6,spd_prescribed_spectrum,R2_C2,float64,0.07048837364101923,0.0658118084705718,0.07677253759782106,0.0006139474565565184,0.0054369561258108216,convex,-4.328236266804822,True
spd_prescribed_spectrum:f3c8ebf0e249f88d,spd_prescribed_spectrum,R0_C0,float32,0.1248151283005887,0.12038883242140466,0.1287633040325591,-0.00016535279672885705,-0.015666374291697472,concave,-9.380498055643415,True
spd_prescribed_spectrum:f3c8ebf0e249f88d,spd_prescribed_spectrum,R0_C0,float64,0.11553268959984503,0.11226386574147282,0.11854198357046758,-0.00010104963672340206,-0.013637466856197069,concave,-12.279541592745332,True
spd_prescribed_spectrum:f3c8ebf0e249f88d,spd_prescribed_spectrum,R0_C1,float32,0.12452495605361058,0.11986131367645335,0.12846416090062499,-0.00022842403746888007,-0.015391404142673926,concave,-9.12578271246744,True
spd_prescribed_spectrum:f3c8ebf0e249f88d,spd_prescribed_spectrum,R0_C1,float64,0.1152885355394545,0.11219014275024251,0.11837158439425889,2.2922711335943147e-05,-0.013406104005099336,concave,-11.939131026907702,True
spd_prescribed_spectrum:f3c8ebf0e249f88d,spd_prescribed_spectrum,R0_C2,float32,0.12452495605361058,0.11986131367645335,0.1282916896805062,-0.0002790297440023737,-0.015391404142673926,concave,-9.12578271246744,True
spd_prescribed_spectrum:f3c8ebf0e249f88d,spd_prescribed_spectrum,R0_C2,float64,0.1152885355394545,0.11219014275024251,0.11837158439425889,2.2922711335943147e-05,-0.013406104005099336,concave,-11.939131026907702,True
spd_prescribed_spectrum:f3c8ebf0e249f88d,spd_prescribed_spectrum,R1_C1,float32,0.22699609070113835,0.2231963585583762,0.23283079307941126,0.0009884554847091331,-0.0022110219624687567,concave,1.9359385321374845,False
spd_prescribed_spectrum:f3c8ebf0e249f88d,spd_prescribed_spectrum,R1_C1,float64,0.20985137826958716,0.2056765990409722,0.21413222983771496,0.00023067822219569045,0.012591903292979408,convex,-1.005662908067535,True
spd_prescribed_spectrum:f3c8ebf0e249f88d,spd_prescribed_spectrum,R2_C2,float32,0.24151305801736528,0.23602588210149564,0.24610214913997225,-0.00035795280128178564,-0.01058432830195071,concave,0.7795195286940242,False
spd_prescribed_spectrum:f3c8ebf0e249f88d,spd_prescribed_spectrum,R2_C2,float64,0.22736546515690076,0.22344265732280605,0.23223427714101288,0.00040759599701881144,0.005893285243342847,convex,1.4077575074135211,False
spd_prescribed_spectrum:fc3ee47b52f52cc7,spd_prescribed_spectrum,R0_C0,float32,0.1369512966286833,0.12223503138157911,0.1505858451456517,-0.0007809770192113707,0.16853488515018877,convex,-15.845863754787956,True
spd_prescribed_spectrum:fc3ee47b52f52cc7,spd_prescribed_spectrum,R0_C0,float64,-0.04431542816010063,-0.05516180818545506,-0.033898101310914586,-0.00023354849971300023,0.021944159194093482,convex,-17.329952223648874,True
spd_prescribed_spectrum:fc3ee47b52f52cc7,spd_prescribed_spectrum,R0_C1,float32,0.1525028925383541,0.14421397329339647,0.16033147464942868,-0.00018744273766105324,-0.07689211792511359,concave,-10.633217329229893,True
spd_prescribed_spectrum:fc3ee47b52f52cc7,spd_prescribed_spectrum,R0_C1,float64,0.1995168167832966,0.19383304801836415,0.2076482154470583,0.0009931493662508895,-0.06794027922074408,concave,-5.765037425173553,True
spd_prescribed_spectrum:fc3ee47b52f52cc7,spd_prescribed_spectrum,R0_C2,float32,0.17151311990496382,0.16457704386661984,0.17915164614745793,0.00022963144892809706,-0.0878510457830464,concave,-10.550032248525426,True
spd_prescribed_spectrum:fc3ee47b52f52cc7,spd_prescribed_spectrum,R0_C2,float64,0.22676428281777206,0.21936179118484986,0.23405732775213178,-0.00012211023029590207,-0.08118458469216121,concave,-4.409849482894607,True
spd_prescribed_spectrum:fc3ee47b52f52cc7,spd_prescribed_spectrum,R1_C1,float32,0.09291309169716654,0.08617536172596177,0.10186014465147153,0.0011420736229369594,-0.015722085038714757,concave,-6.830305834934961,True
spd_prescribed_spectrum:fc3ee47b52f52cc7,spd_prescribed_spectrum,R1_C1,float64,0.12298703447256898,0.11714934920823077,0.12935619050878383,0.00039581198034693843,-0.0021549452547919685,concave,1.2606349096993341,False
spd_prescribed_spectrum:fc3ee47b52f52cc7,spd_prescribed_spectrum,R2_C2,float32,0.09554630791247215,0.08857745395665996,0.10222399800478285,-0.00020426244846917518,-0.03771663582468296,concave,-11.05938890452316,True
spd_prescribed_spectrum:fc3ee47b52f52cc7,spd_prescribed_spectrum,R2_C2,float64,0.1338395469771698,0.12630674840177278,0.13924716251028157,-0.0007035963650962873,-0.027120738815858077,concave,-4.095819887910736,True
spd_prescribed_spectrum:fd9c01d27036b31c,spd_prescribed_spectrum,R0_C0,float32,0.08604379701579086,0.08047743098108352,0.09056760018198316,-0.00037633877033189933,-0.01087932075308544,concave,-23.138710482726793,True
spd_prescribed_spectrum:fd9c01d27036b31c,spd_prescribed_spectrum,R0_C0,float64,0.082137412620347,0.07804746612062899,0.08719358240579651,0.00047716920816762154,-0.0013756901510961258,concave,1.35791019064429,False
spd_prescribed_spectrum:fd9c01d27036b31c,spd_prescribed_spectrum,R0_C1,float32,0.04410356893514386,0.03990279135756365,0.04939071240437272,0.0004648590848018719,0.014788212199893779,convex,-12.419472412770602,True
spd_prescribed_spectrum:fd9c01d27036b31c,spd_prescribed_spectrum,R0_C1,float64,0.051222707858134084,0.04632048874121342,0.056170467841284,0.00012479411216355374,0.0166512767272845,convex,-14.382488041430562,True
spd_prescribed_spectrum:fd9c01d27036b31c,spd_prescribed_spectrum,R0_C2,float32,0.04555822297749429,0.0395448035792995,0.05118975005006622,-0.00026001097829415204,0.014273031887678618,convex,-9.23855018377327,True
spd_prescribed_spectrum:fd9c01d27036b31c,spd_prescribed_spectrum,R0_C2,float64,0.05345281211962708,0.04860586012665861,0.05823671691874312,1.653479308152961e-05,0.014748417033301426,convex,-14.06977844087396,True
spd_prescribed_spectrum:fd9c01d27036b31c,spd_prescribed_spectrum,R1_C1,float32,0.08604830334162437,0.08003782273736919,0.09152740164560288,-0.000351681213518501,-0.015393291574877455,concave,-14.797985073366704,True
spd_prescribed_spectrum:fd9c01d27036b31c,spd_prescribed_spectrum,R1_C1,float64,0.08595400477888146,0.08234910494115281,0.09047302327670938,0.00026380134631735774,-0.007018621983386164,concave,-15.544934581050143,True
spd_prescribed_spectrum:fd9c01d27036b31c,spd_prescribed_spectrum,R2_C2,float32,0.08848188432852638,0.08306490356354289,0.09364122996295134,1.4634161046439553e-05,-0.005100469003437086,concave,-2.170094038687296,True
spd_prescribed_spectrum:fd9c01d27036b31c,spd_prescribed_spectrum,R2_C2,float64,0.0908655269330648,0.08632704342501374,0.09547846622098209,-8.130871419519126e-05,0.00526083363815975,convex,-3.7505851878314616,True
vandermonde:0040369e0b8a027c,vandermonde,R0_C0,float32,1.9482076400054842,1.9277854613118262,1.9700838716058733,0.0004652753779244012,-0.7325706904780305,concave,-20.770313734927143,True
vandermonde:0040369e0b8a027c,vandermonde,R0_C0,float64,4.763751179290314,4.731453927427537,4.795498321417571,-0.00042780037748357813,-1.6876543468542697,concave,-22.232230160528843,True
vandermonde:0040369e0b8a027c,vandermonde,R0_C1,float32,0.12209006021546849,0.10884888056985653,0.13320422986191768,-0.0009777749752255677,0.11306483173059197,convex,-26.65851036402212,True
vandermonde:0040369e0b8a027c,vandermonde,R0_C1,float64,0.09430021939293987,0.08348919808679116,0.10627728465621611,0.00022692253962794395,0.11537524514609518,convex,-38.804898803017416,True
vandermonde:0040369e0b8a027c,vandermonde,R0_C2,float32,-0.052480871682132994,-0.06282275721166548,-0.03817287827627042,0.0015850458638276416,0.020184742249208413,convex,-14.249611954690806,True
vandermonde:0040369e0b8a027c,vandermonde,R0_C2,float64,0.016726351490678634,0.005412436508683139,0.02631320578118085,-0.0007697427989704318,0.06557973565182403,convex,-34.23016096116535,True
vandermonde:0040369e0b8a027c,vandermonde,R1_C1,float32,0.049000163212679464,0.03533527112491178,0.0640141601349913,0.0007698685181189019,0.06328772711675269,convex,-20.05796482607159,True
vandermonde:0040369e0b8a027c,vandermonde,R1_C1,float64,0.03954641816791314,0.028000244218390247,0.04837750814605615,-0.0011147244254883226,0.0732926387420599,convex,-27.66701621545966,True
vandermonde:0040369e0b8a027c,vandermonde,R2_C2,float32,-0.02633554692507785,-0.04581387411695376,-0.014720986383576485,-0.002767353458636372,0.0042374962730840895,convex,1.6806173575526486,False
vandermonde:0040369e0b8a027c,vandermonde,R2_C2,float64,0.010104132062351483,0.001810261046081839,0.019608835265693764,0.0004608990931980854,0.039887995369309474,convex,-12.961217367663963,True
vandermonde:d4c1dcf1fe7912e5,vandermonde,R0_C0,float32,2.4819668745782626,2.45714328457287,2.5084337959907987,8.733559775819799e-05,-0.6567521498422564,concave,-19.347449531170398,True
vandermonde:d4c1dcf1fe7912e5,vandermonde,R0_C0,float64,5.207820248461494,5.1756627024038595,5.2401755389592655,0.0010166980891170851,-1.5491140508830257,concave,-19.50001117837271,True
vandermonde:d4c1dcf1fe7912e5,vandermonde,R0_C1,float32,0.21482615657367604,0.2032146527514194,0.2256668130088373,-0.0002757849019640879,0.1464741443374778,convex,-35.622310035008496,True
vandermonde:d4c1dcf1fe7912e5,vandermonde,R0_C1,float64,0.16203902111175655,0.1505099379858617,0.17260537799293377,-0.0007900919289201558,0.16092806531620804,convex,-44.00554110024692,True
vandermonde:d4c1dcf1fe7912e5,vandermonde,R0_C2,float32,0.002953007630395014,-0.011212065551868792,0.01282298674259441,-0.0019597451814575015,0.03744551616444535,convex,-23.274633750253344,True
vandermonde:d4c1dcf1fe7912e5,vandermonde,R0_C2,float64,0.044987417095021874,0.034167849587778035,0.05706564470910978,0.0007861974135175143,0.08592551433137591,convex,-28.196059970281723,True
vandermonde:d4c1dcf1fe7912e5,vandermonde,R1_C1,float32,0.08204545158614088,0.07079489123862298,0.09424628673720693,0.0009567795698422615,0.07662550021264028,convex,-30.297359439194693,True
vandermonde:d4c1dcf1fe7912e5,vandermonde,R1_C1,float64,0.05719385966175804,0.04714552302641549,0.06582643001590605,-0.0004978887813426522,0.08977519855649152,convex,-38.742727584590455,True
vandermonde:d4c1dcf1fe7912e5,vandermonde,R2_C2,float32,0.02965732237968678,0.01749504078705365,0.03986279754805341,-0.0004678570584572342,0.02625517415534886,convex,-5.9110359964797965,True
vandermonde:d4c1dcf1fe7912e5,vandermonde,R2_C2,float64,0.04101248849036302,0.028798707529370787,0.049497236680544496,-0.001637099523933934,0.06717358201147577,convex,-18.311337674405266,True
