block_index,campaign,n,family,cell_id,stochastic,replicas,case_start,case_stop,parameters_json,condition_number,profile,node_type,cluster_parameter,column_scaling,theta,epsilon,decay,scale_range,alpha,kappa
0,canonical,8,random_conditioned,random_conditioned:3d4ea8f7b0b7ac02,True,20000,0,20000,"{""condition_number"":100.0,""profile"":""geometric""}",100.0,geometric,,,,,,,,,
1,canonical,8,random_conditioned,random_conditioned:f13d30e42b69e288,True,20000,20000,40000,"{""condition_number"":100.0,""profile"":""one_small""}",100.0,one_small,,,,,,,,,
2,canonical,8,random_conditioned,random_conditioned:5e2483f030292e83,True,20000,40000,60000,"{""condition_number"":100.0,""profile"":""clustered""}",100.0,clustered,,,,,,,,,
3,canonical,8,random_conditioned,random_conditioned:59554964dd17fd28,True,20000,60000,80000,"{""condition_number"":10000.0,""profile"":""geometric""}",10000.0,geometric,,,,,,,,,
4,canonical,8,random_conditioned,random_conditioned:9249e93b9b37b741,True,20000,80000,100000,"{""condition_number"":10000.0,""profile"":""one_small""}",10000.0,one_small,,,,,,,,,
5,canonical,8,random_conditioned,random_conditioned:24db10624cd06023,True,20000,100000,120000,"{""condition_number"":10000.0,""profile"":""clustered""}",10000.0,clustered,,,,,,,,,
6,canonical,8,random_conditioned,random_conditioned:ede4f08ad80ec7c0,True,20000,120000,140000,"{""condition_number"":1000000.0,""profile"":""geometric""}",1000000.0,geometric,,,,,,,,,
7,canonical,8,random_conditioned,random_conditioned:58959af1bd395489,True,20000,140000,160000,"{""condition_number"":1000000.0,""profile"":""one_small""}",1000000.0,one_small,,,,,,,,,
8,canonical,8,random_conditioned,random_conditioned:60b649f84d12d8bd,True,20000,160000,180000,"{""condition_number"":1000000.0,""profile"":""clustered""}",1000000.0,clustered,,,,,,,,,
9,canonical,8,random_conditioned,random_conditioned:d85a46ecb6e00d73,True,20000,180000,200000,"{""condition_number"":100000000.0,""profile"":""geometric""}",100000000.0,geometric,,,,,,,,,
10,canonical,8,random_conditioned,random_conditioned:be39cf2c9bb5dcd1,True,20000,200000,220000,"{""condition_number"":100000000.0,""profile"":""one_small""}",100000000.0,one_small,,,,,,,,,
11,canonical,8,random_conditioned,random_conditioned:c09b81d86321af6f,True,20000,220000,240000,"{""condition_number"":100000000.0,""profile"":""clustered""}",100000000.0,clustered,,,,,,,,,
12,canonical,8,random_conditioned,random_conditioned:37f6a61bc4687e9e,True,20000,240000,260000,"{""condition_number"":10000000000.0,""profile"":""geometric""}",10000000000.0,geometric,,,,,,,,,
13,canonical,8,random_conditioned,random_conditioned:33289cf8a89ff087,True,20000,260000,280000,"{""condition_number"":10000000000.0,""profile"":""one_small""}",10000000000.0,one_small,,,,,,,,,
14,canonical,8,random_conditioned,random_conditioned:d512272586bc7c53,True,20000,280000,300000,"{""condition_number"":10000000000.0,""profile"":""clustered""}",10000000000.0,clustered,,,,,,,,,
15,canonical,8,random_conditioned,random_conditioned:36337c2841740aff,True,20000,300000,320000,"{""condition_number"":1000000000000.0,""profile"":""geometric""}",1000000000000.0,geometric,,,,,,,,,
16,canonical,8,random_conditioned,random_conditioned:982d888343062026,True,20000,320000,340000,"{""condition_number"":1000000000000.0,""profile"":""one_small""}",1000000000000.0,one_small,,,,,,,,,
17,canonical,8,random_conditioned,random_conditioned:3868b8f4f35e5d1d,True,20000,340000,360000,"{""condition_number"":1000000000000.0,""profile"":""clustered""}",1000000000000.0,clustered,,,,,,,,,
18,canonical,8,random_conditioned,random_conditioned:e026603158c7af35,True,20000,360000,380000,"{""condition_number"":100000000000000.0,""profile"":""geometric""}",100000000000000.0,geometric,,,,,,,,,
19,canonical,8,random_conditioned,random_conditioned:5b19efd6ef2b5c0b,True,20000,380000,400000,"{""condition_number"":100000000000000.0,""profile"":""one_small""}",100000000000000.0,one_small,,,,,,,,,
20,canonical,8,random_conditioned,random_conditioned:20591473a1bf5735,True,20000,400000,420000,"{""condition_number"":100000000000000.0,""profile"":""clustered""}",100000000000000.0,clustered,,,,,,,,,
21,canonical,8,random_conditioned,random_conditioned:6ed2736ecab0398d,True,20000,420000,440000,"{""condition_number"":1.0,""profile"":""orthogonal""}",1.0,orthogonal,,,,,,,,,
22,canonical,8,hilbert,hilbert:b9c548331ca110df,False,1,440000,440001,{},,,,,,,,,,,
23,canonical,8,vandermonde,vandermonde:c75e7bcca1c1877c,False,1,440001,440002,"{""cluster_parameter"":10.0,""column_scaling"":false,""node_type"":""equispaced""}",,,equispaced,10.0,False,,,,,,
24,canonical,8,vandermonde,vandermonde:ceedbcebccced4fc,False,1,440002,440003,"{""cluster_parameter"":10.0,""column_scaling"":true,""node_type"":""equispaced""}",,,equispaced,10.0,True,,,,,,
25,canonical,8,vandermonde,vandermonde:e7c5154704c3d4c9,False,1,440003,440004,"{""cluster_parameter"":10.0,""column_scaling"":false,""node_type"":""chebyshev""}",,,chebyshev,10.0,False,,,,,,
26,canonical,8,vandermonde,vandermonde:df362d800fc64531,False,1,440004,440005,"{""cluster_parameter"":10.0,""column_scaling"":true,""node_type"":""chebyshev""}",,,chebyshev,10.0,True,,,,,,
27,canonical,8,vandermonde,vandermonde:1a694a5cc930f5b5,False,1,440005,440006,"{""cluster_parameter"":10.0,""column_scaling"":false,""node_type"":""clustered_zero""}",,,clustered_zero,10.0,False,,,,,,
28,canonical,8,vandermonde,vandermonde:777568ed0dbc806c,False,1,440006,440007,"{""cluster_parameter"":10.0,""column_scaling"":true,""node_type"":""clustered_zero""}",,,clustered_zero,10.0,True,,,,,,
29,canonical,8,vandermonde,vandermonde:b85fbb786a5eb62d,False,1,440007,440008,"{""cluster_parameter"":10.0,""column_scaling"":false,""node_type"":""near_one""}",,,near_one,10.0,False,,,,,,
30,canonical,8,vandermonde,vandermonde:bc1c5a7c363c1cb2,False,1,440008,440009,"{""cluster_parameter"":10.0,""column_scaling"":true,""node_type"":""near_one""}",,,near_one,10.0,True,,,,,,
31,canonical,8,vandermonde,vandermonde:d4c1dcf1fe7912e5,True,20000,440009,460009,"{""cluster_parameter"":10.0,""column_scaling"":false,""node_type"":""random""}",,,random,10.0,False,,,,,,
32,canonical,8,vandermonde,vandermonde:0040369e0b8a027c,True,20000,460009,480009,"{""cluster_parameter"":10.0,""column_scaling"":true,""node_type"":""random""}",,,random,10.0,True,,,,,,
33,canonical,8,kahan_type,kahan_type:4290efc4c47e83af,False,1,480009,480010,"{""column_scaling"":false,""theta"":0.1}",,,,,False,0.1,,,,,
34,canonical,8,kahan_type,kahan_type:e71b6f9fd30d0d35,False,1,480010,480011,"{""column_scaling"":true,""theta"":0.1}",,,,,True,0.1,,,,,
35,canonical,8,kahan_type,kahan_type:55976e314ebada33,False,1,480011,480012,"{""column_scaling"":false,""theta"":0.01}",,,,,False,0.01,,,,,
36,canonical,8,kahan_type,kahan_type:3d5fca4b09918941,False,1,480012,480013,"{""column_scaling"":true,""theta"":0.01}",,,,,True,0.01,,,,,
37,canonical,8,kahan_type,kahan_type:ea9d2f45216bcaa7,False,1,480013,480014,"{""column_scaling"":false,""theta"":0.001}",,,,,False,0.001,,,,,
38,canonical,8,kahan_type,kahan_type:033d150a3a538c2e,False,1,480014,480015,"{""column_scaling"":true,""theta"":0.001}",,,,,True,0.001,,,,,
39,canonical,8,kahan_type,kahan_type:bf657253a4babc02,False,1,480015,480016,"{""column_scaling"":false,""theta"":0.0001}",,,,,False,0.0001,,,,,
40,canonical,8,kahan_type,kahan_type:7de370b15bdacd56,False,1,480016,480017,"{""column_scaling"":true,""theta"":0.0001}",,,,,True,0.0001,,,,,
41,canonical,8,kahan_type,kahan_type:7411493e1f8f3a01,False,1,480017,480018,"{""column_scaling"":false,""theta"":1e-06}",,,,,False,1e-06,,,,,
42,canonical,8,kahan_type,kahan_type:7f88c9d87a09d37c,False,1,480018,480019,"{""column_scaling"":true,""theta"":1e-06}",,,,,True,1e-06,,,,,
43,canonical,8,kahan_type,kahan_type:3fcb70bbfebc9826,False,1,480019,480020,"{""column_scaling"":false,""theta"":1e-08}",,,,,False,1e-08,,,,,
44,canonical,8,kahan_type,kahan_type:cb92209d4d47c312,False,1,480020,480021,"{""column_scaling"":true,""theta"":1e-08}",,,,,True,1e-08,,,,,
45,canonical,8,kahan_type,kahan_type:cad9cb441519fc5b,False,1,480021,480022,"{""column_scaling"":false,""theta"":1e-10}",,,,,False,1e-10,,,,,
46,canonical,8,kahan_type,kahan_type:ea85790adba5c3b2,False,1,480022,480023,"{""column_scaling"":true,""theta"":1e-10}",,,,,True,1e-10,,,,,
47,canonical,8,kahan_type,kahan_type:ecb64b54443ddd5c,False,1,480023,480024,"{""column_scaling"":false,""theta"":1e-12}",,,,,False,1e-12,,,,,
48,canonical,8,kahan_type,kahan_type:8457c94dc014b009,False,1,480024,480025,"{""column_scaling"":true,""theta"":1e-12}",,,,,True,1e-12,,,,,
49,canonical,8,adversarial_rotation,adversarial_rotation:b2c76300f74387b0,False,1,480025,480026,"{""epsilon"":0.1}",,,,,,,0.1,,,,
50,canonical,8,adversarial_rotation,adversarial_rotation:37c4e5a022b50612,False,1,480026,480027,"{""epsilon"":0.01}",,,,,,,0.01,,,,
51,canonical,8,adversarial_rotation,adversarial_rotation:fbc8efe02a7874dc,False,1,480027,480028,"{""epsilon"":0.0001}",,,,,,,0.0001,,,,
52,canonical,8,adversarial_rotation,adversarial_rotation:f7cff71dbc36bc98,False,1,480028,480029,"{""epsilon"":1e-06}",,,,,,,1e-06,,,,
53,canonical,8,adversarial_rotation,adversarial_rotation:ace807421641f23f,False,1,480029,480030,"{""epsilon"":1e-08}",,,,,,,1e-08,,,,
54,canonical,8,adversarial_rotation,adversarial_rotation:6f8f58222266e918,False,1,480030,480031,"{""epsilon"":1e-10}",,,,,,,1e-10,,,,
55,canonical,8,adversarial_rotation,adversarial_rotation:45392a8c926cd6a7,False,1,480031,480032,"{""epsilon"":1e-12}",,,,,,,1e-12,,,,
56,canonical,8,adversarial_rotation,adversarial_rotation:2cc9ff6f36ee55eb,False,1,480032,480033,"{""epsilon"":1e-14}",,,,,,,1e-14,,,,
57,canonical,8,repeated_bad_pivots,repeated_bad_pivots:ebddf4bf1bcd1f4b,False,1,480033,480034,"{""decay"":1.0,""epsilon"":0.01}",,,,,,,0.01,1.0,,,
58,canonical,8,repeated_bad_pivots,repeated_bad_pivots:22f815a7b3f93bb6,False,1,480034,480035,"{""decay"":0.3,""epsilon"":0.01}",,,,,,,0.01,0.3,,,
59,canonical,8,repeated_bad_pivots,repeated_bad_pivots:cf46139e6aa27490,False,1,480035,480036,"{""decay"":0.1,""epsilon"":0.01}",,,,,,,0.01,0.1,,,
60,canonical,8,repeated_bad_pivots,repeated_bad_pivots:221878ec2b94bb83,False,1,480036,480037,"{""decay"":1.0,""epsilon"":1e-06}",,,,,,,1e-06,1.0,,,
61,canonical,8,repeated_bad_pivots,repeated_bad_pivots:142920ff1c832f8b,False,1,480037,480038,"{""decay"":0.3,""epsilon"":1e-06}",,,,,,,1e-06,0.3,,,
62,canonical,8,repeated_bad_pivots,repeated_bad_pivots:1be3591d8f74c193,False,1,480038,480039,"{""decay"":0.1,""epsilon"":1e-06}",,,,,,,1e-06,0.1,,,
63,canonical,8,repeated_bad_pivots,repeated_bad_pivots:34246cb149b429c4,False,1,480039,480040,"{""decay"":1.0,""epsilon"":1e-10}",,,,,,,1e-10,1.0,,,
64,canonical,8,repeated_bad_pivots,repeated_bad_pivots:73c9e8040232fdc6,False,1,480040,480041,"{""decay"":0.3,""epsilon"":1e-10}",,,,,,,1e-10,0.3,,,
65,canonical,8,repeated_bad_pivots,repeated_bad_pivots:14488bcb7546a054,False,1,480041,480042,"{""decay"":0.1,""epsilon"":1e-10}",,,,,,,1e-10,0.1,,,
66,canonical,8,scaled_adversarial,scaled_adversarial:a1544dd12bfc380a,True,20000,480042,500042,"{""epsilon"":0.01,""scale_range"":2.0}",,,,,,,0.01,,2.0,,
67,canonical,8,scaled_adversarial,scaled_adversarial:bfa61de27cbbe219,True,20000,500042,520042,"{""epsilon"":0.01,""scale_range"":4.0}",,,,,,,0.01,,4.0,,
68,canonical,8,scaled_adversarial,scaled_adversarial:e73afbc25af72981,True,20000,520042,540042,"{""epsilon"":0.01,""scale_range"":8.0}",,,,,,,0.01,,8.0,,
69,canonical,8,scaled_adversarial,scaled_adversarial:17741976c2dfbd54,True,20000,540042,560042,"{""epsilon"":0.01,""scale_range"":12.0}",,,,,,,0.01,,12.0,,
70,canonical,8,scaled_adversarial,scaled_adversarial:1c7b58eee2ed258c,True,20000,560042,580042,"{""epsilon"":1e-06,""scale_range"":2.0}",,,,,,,1e-06,,2.0,,
71,canonical,8,scaled_adversarial,scaled_adversarial:4fa46c9b0730babb,True,20000,580042,600042,"{""epsilon"":1e-06,""scale_range"":4.0}",,,,,,,1e-06,,4.0,,
72,canonical,8,scaled_adversarial,scaled_adversarial:693a2410d358b3b1,True,20000,600042,620042,"{""epsilon"":1e-06,""scale_range"":8.0}",,,,,,,1e-06,,8.0,,
73,canonical,8,scaled_adversarial,scaled_adversarial:44cc26aec2af2f93,True,20000,620042,640042,"{""epsilon"":1e-06,""scale_range"":12.0}",,,,,,,1e-06,,12.0,,
74,canonical,8,scaled_adversarial,scaled_adversarial:47817f90b3ae7eb7,True,20000,640042,660042,"{""epsilon"":1e-10,""scale_range"":2.0}",,,,,,,1e-10,,2.0,,
75,canonical,8,scaled_adversarial,scaled_adversarial:4aad419250638d2a,True,20000,660042,680042,"{""epsilon"":1e-10,""scale_range"":4.0}",,,,,,,1e-10,,4.0,,
76,canonical,8,scaled_adversarial,scaled_adversarial:5d1019a4ba6f1410,True,20000,680042,700042,"{""epsilon"":1e-10,""scale_range"":8.0}",,,,,,,1e-10,,8.0,,
77,canonical,8,scaled_adversarial,scaled_adversarial:a7078d089ccfa660,True,20000,700042,720042,"{""epsilon"":1e-10,""scale_range"":12.0}",,,,,,,1e-10,,12.0,,
78,canonical,8,row_diagonal_dominant_random,row_diagonal_dominant_random:93e6f52ebdb3ac55,True,20000,720042,740042,"{""alpha"":0.5}",,,,,,,,,,0.5,
79,canonical,8,row_diagonal_dominant_random,row_diagonal_dominant_random:03e59f7215597618,True,20000,740042,760042,"{""alpha"":0.3}",,,,,,,,,,0.3,
80,canonical,8,row_diagonal_dominant_random,row_diagonal_dominant_random:c6616c01f005a03d,True,20000,760042,780042,"{""alpha"":0.2}",,,,,,,,,,0.2,
81,canonical,8,row_diagonal_dominant_random,row_diagonal_dominant_random:85f3946f6e4679ec,True,20000,780042,800042,"{""alpha"":0.1}",,,,,,,,,,0.1,
82,canonical,8,row_diagonal_dominant_random,row_diagonal_dominant_random:2976d44433ad1387,True,20000,800042,820042,"{""alpha"":0.05}",,,,,,,,,,0.05,
83,canonical,8,row_diagonal_dominant_random,row_diagonal_dominant_random:8a85d76f30eb75a6,True,20000,820042,840042,"{""alpha"":0.02}",,,,,,,,,,0.02,
84,canonical,8,row_diagonal_dominant_random,row_diagonal_dominant_random:3cf57fa76b9a551c,True,20000,840042,860042,"{""alpha"":0.01}",,,,,,,,,,0.01,
85,canonical,8,row_diagonal_dominant_random,row_diagonal_dominant_random:4cbd4f5958f010f8,True,20000,860042,880042,"{""alpha"":0.005}",,,,,,,,,,0.005,
86,canonical,8,row_diagonal_dominant_random,row_diagonal_dominant_random:9493eb0855127051,True,20000,880042,900042,"{""alpha"":0.002}",,,,,,,,,,0.002,
87,canonical,8,row_diagonal_dominant_random,row_diagonal_dominant_random:c93186b88112adec,True,20000,900042,920042,"{""alpha"":0.001}",,,,,,,,,,0.001,
88,canonical,8,row_diagonal_dominant_tridiagonal,row_diagonal_dominant_tridiagonal:982220238cdced02,False,1,920042,920043,"{""alpha"":0.5}",,,,,,,,,,0.5,
89,canonical,8,row_diagonal_dominant_tridiagonal,row_diagonal_dominant_tridiagonal:f7dbde840db0a0a1,False,1,920043,920044,"{""alpha"":0.3}",,,,,,,,,,0.3,
90,canonical,8,row_diagonal_dominant_tridiagonal,row_diagonal_dominant_tridiagonal:af932376a9e85180,False,1,920044,920045,"{""alpha"":0.2}",,,,,,,,,,0.2,
91,canonical,8,row_diagonal_dominant_tridiagonal,row_diagonal_dominant_tridiagonal:c27ad42e3f6fa594,False,1,920045,920046,"{""alpha"":0.1}",,,,,,,,,,0.1,
92,canonical,8,row_diagonal_dominant_tridiagonal,row_diagonal_dominant_tridiagonal:b140db102925b3ec,False,1,920046,920047,"{""alpha"":0.05}",,,,,,,,,,0.05,
93,canonical,8,row_diagonal_dominant_tridiagonal,row_diagonal_dominant_tridiagonal:9c6a6927336fc423,False,1,920047,920048,"{""alpha"":0.02}",,,,,,,,,,0.02,
94,canonical,8,row_diagonal_dominant_tridiagonal,row_diagonal_dominant_tridiagonal:a2ab9117ea3a1dfa,False,1,920048,920049,"{""alpha"":0.01}",,,,,,,,,,0.01,
95,canonical,8,row_diagonal_dominant_tridiagonal,row_diagonal_dominant_tridiagonal:80f1643c77f70cd6,False,1,920049,920050,"{""alpha"":0.005}",,,,,,,,,,0.005,
96,canonical,8,row_diagonal_dominant_tridiagonal,row_diagonal_dominant_tridiagonal:e81edd77eaa602f2,False,1,920050,920051,"{""alpha"":0.002}",,,,,,,,,,0.002,
97,canonical,8,row_diagonal_dominant_tridiagonal,row_diagonal_dominant_tridiagonal:3cc535104b50d6a1,False,1,920051,920052,"{""alpha"":0.001}",,,,,,,,,,0.001,
98,canonical,8,row_diagonal_dominant_rankone,row_diagonal_dominant_rankone:9b1d06cd48c40ab2,False,1,920052,920053,"{""alpha"":0.5}",,,,,,,,,,0.5,
99,canonical,8,row_diagonal_dominant_rankone,row_diagonal_dominant_rankone:b2135906babb091e,False,1,920053,920054,"{""alpha"":0.3}",,,,,,,,,,0.3,
100,canonical,8,row_diagonal_dominant_rankone,row_diagonal_dominant_rankone:4b19e252ebf4e64e,False,1,920054,920055,"{""alpha"":0.2}",,,,,,,,,,0.2,
101,canonical,8,row_diagonal_dominant_rankone,row_diagonal_dominant_rankone:f77fdfb3efff94e7,False,1,920055,920056,"{""alpha"":0.1}",,,,,,,,,,0.1,
102,canonical,8,row_diagonal_dominant_rankone,row_diagonal_dominant_rankone:e9f8a9d621908331,False,1,920056,920057,"{""alpha"":0.05}",,,,,,,,,,0.05,
103,canonical,8,row_diagonal_dominant_rankone,row_diagonal_dominant_rankone:f5d1060d84da4649,False,1,920057,920058,"{""alpha"":0.02}",,,,,,,,,,0.02,
104,canonical,8,row_diagonal_dominant_rankone,row_diagonal_dominant_rankone:bbdf2ff377511d2a,False,1,920058,920059,"{""alpha"":0.01}",,,,,,,,,,0.01,
105,canonical,8,row_diagonal_dominant_rankone,row_diagonal_dominant_rankone:b724756e042d2640,False,1,920059,920060,"{""alpha"":0.005}",,,,,,,,,,0.005,
106,canonical,8,row_diagonal_dominant_rankone,row_diagonal_dominant_rankone:9248beec0335477a,False,1,920060,920061,"{""alpha"":0.002}",,,,,,,,,,0.002,
107,canonical,8,row_diagonal_dominant_rankone,row_diagonal_dominant_rankone:6689e0c35681572e,False,1,920061,920062,"{""alpha"":0.001}",,,,,,,,,,0.001,
108,canonical,8,row_diagonal_dominant_stochastic,row_diagonal_dominant_stochastic:021519ee0a19df7c,True,20000,920062,940062,"{""alpha"":0.5}",,,,,,,,,,0.5,
109,canonical,8,row_diagonal_dominant_stochastic,row_diagonal_dominant_stochastic:de30837b1853aaf8,True,20000,940062,960062,"{""alpha"":0.3}",,,,,,,,,,0.3,
110,canonical,8,row_diagonal_dominant_stochastic,row_diagonal_dominant_stochastic:85d04ae4513fe85f,True,20000,960062,980062,"{""alpha"":0.2}",,,,,,,,,,0.2,
111,canonical,8,row_diagonal_dominant_stochastic,row_diagonal_dominant_stochastic:0f7feef7c7880b20,True,20000,980062,1000062,"{""alpha"":0.1}",,,,,,,,,,0.1,
112,canonical,8,row_diagonal_dominant_stochastic,row_diagonal_dominant_stochastic:0530909e2322226a,True,20000,1000062,1020062,"{""alpha"":0.05}",,,,,,,,,,0.05,
113,canonical,8,row_diagonal_dominant_stochastic,row_diagonal_dominant_stochastic:f5393029996d2c29,True,20000,1020062,1040062,"{""alpha"":0.02}",,,,,,,,,,0.02,
114,canonical,8,row_diagonal_dominant_stochastic,row_diagonal_dominant_stochastic:0d717c35c3b2f62d,True,20000,1040062,1060062,"{""alpha"":0.01}",,,,,,,,,,0.01,
115,canonical,8,row_diagonal_dominant_stochastic,row_diagonal_dominant_stochastic:6bb9c9b7e1526958,True,20000,1060062,1080062,"{""alpha"":0.005}",,,,,,,,,,0.005,
116,canonical,8,row_diagonal_dominant_stochastic,row_diagonal_dominant_stochastic:103e29b8022442fa,True,20000,1080062,1100062,"{""alpha"":0.002}",,,,,,,,,,0.002,
117,canonical,8,row_diagonal_dominant_stochastic,row_diagonal_dominant_stochastic:3f149f338e70104c,True,20000,1100062,1120062,"{""alpha"":0.001}",,,,,,,,,,0.001,
118,canonical,8,spd_prescribed_spectrum,spd_prescribed_spectrum:f3c8ebf0e249f88d,True,20000,1120062,1140062,"{""kappa"":10.0}",,,,,,,,,,,10.0
119,canonical,8,spd_prescribed_spectrum,spd_prescribed_spectrum:fd9c01d27036b31c,True,20000,1140062,1160062,"{""kappa"":100.0}",,,,,,,,,,,100.0
120,canonical,8,spd_prescribed_spectrum,spd_prescribed_spectrum:dc332cd1bfa688f6,True,20000,1160062,1180062,"{""kappa"":1000.0}",,,,,,,,,,,1000.0
121,canonical,8,spd_prescribed_spectrum,spd_prescribed_spectrum:a954fd91076fe28c,True,20000,1180062,1200062,"{""kappa"":10000.0}",,,,,,,,,,,10000.0
122,canonical,8,spd_prescribed_spectrum,spd_prescribed_spectrum:79fe5321ebe142a9,True,20000,1200062,1220062,"{""kappa"":100000.0}",,,,,,,,,,,100000.0
123,canonical,8,spd_prescribed_spectrum,spd_prescribed_spectrum:4953545b5c68c921,True,20000,1220062,1240062,"{""kappa"":1000000.0}",,,,,,,,,,,1000000.0
124,canonical,8,spd_prescribed_spectrum,spd_prescribed_spectrum:70d7805e407478aa,True,20000,1240062,1260062,"{""kappa"":10000000.0}",,,,,,,,,,,10000000.0
125,canonical,8,spd_prescribed_spectrum,spd_prescribed_spectrum:fc3ee47b52f52cc7,True,20000,1260062,1280062,"{""kappa"":100000000.0}",,,,,,,,,,,100000000.0
126,canonical,8,tnn_vandermonde_positive,tnn_vandermonde_positive:d0b487e6f0518b72,False,1,1280062,1280063,"{""cluster_parameter"":2.0,""node_type"":""equispaced_positive""}",,,equispaced_positive,2.0,,,,,,,
127,canonical,8,tnn_vandermonde_positive,tnn_vandermonde_positive:5aaa1a7a23ee6d83,False,1,1280063,1280064,"{""cluster_parameter"":2.0,""node_type"":""clustered_positive""}",,,clustered_positive,2.0,,,,,,,
128,canonical,8,pascal,pascal:7b24b4808f94bc0d,False,1,1280064,1280065,{},,,,,,,,,,,
129,canonical,11,random_conditioned,random_conditioned:3d4ea8f7b0b7ac02,True,20000,1280065,1300065,"{""condition_number"":100.0,""profile"":""geometric""}",100.0,geometric,,,,,,,,,
130,canonical,11,random_conditioned,random_conditioned:f13d30e42b69e288,True,20000,1300065,1320065,"{""condition_number"":100.0,""profile"":""one_small""}",100.0,one_small,,,,,,,,,
131,canonical,11,random_conditioned,random_conditioned:5e2483f030292e83,True,20000,1320065,1340065,"{""condition_number"":100.0,""profile"":""clustered""}",100.0,clustered,,,,,,,,,
132,canonical,11,random_conditioned,random_conditioned:59554964dd17fd28,True,20000,1340065,1360065,"{""condition_number"":10000.0,""profile"":""geometric""}",10000.0,geometric,,,,,,,,,
133,canonical,11,random_conditioned,random_conditioned:9249e93b9b37b741,True,20000,1360065,1380065,"{""condition_number"":10000.0,""profile"":""one_small""}",10000.0,one_small,,,,,,,,,
134,canonical,11,random_conditioned,random_conditioned:24db10624cd06023,True,20000,1380065,1400065,"{""condition_number"":10000.0,""profile"":""clustered""}",10000.0,clustered,,,,,,,,,
135,canonical,11,random_conditioned,random_conditioned:ede4f08ad80ec7c0,True,20000,1400065,1420065,"{""condition_number"":1000000.0,""profile"":""geometric""}",1000000.0,geometric,,,,,,,,,
136,canonical,11,random_conditioned,random_conditioned:58959af1bd395489,True,20000,1420065,1440065,"{""condition_number"":1000000.0,""profile"":""one_small""}",1000000.0,one_small,,,,,,,,,
137,canonical,11,random_conditioned,random_conditioned:60b649f84d12d8bd,True,20000,1440065,1460065,"{""condition_number"":1000000.0,""profile"":""clustered""}",1000000.0,clustered,,,,,,,,,
138,canonical,11,random_conditioned,random_conditioned:d85a46ecb6e00d73,True,20000,1460065,1480065,"{""condition_number"":100000000.0,""profile"":""geometric""}",100000000.0,geometric,,,,,,,,,
139,canonical,11,random_conditioned,random_conditioned:be39cf2c9bb5dcd1,True,20000,1480065,1500065,"{""condition_number"":100000000.0,""profile"":""one_small""}",100000000.0,one_small,,,,,,,,,
140,canonical,11,random_conditioned,random_conditioned:c09b81d86321af6f,True,20000,1500065,1520065,"{""condition_number"":100000000.0,""profile"":""clustered""}",100000000.0,clustered,,,,,,,,,
141,canonical,11,random_conditioned,random_conditioned:37f6a61bc4687e9e,True,20000,1520065,1540065,"{""condition_number"":10000000000.0,""profile"":""geometric""}",10000000000.0,geometric,,,,,,,,,
142,canonical,11,random_conditioned,random_conditioned:33289cf8a89ff087,True,20000,1540065,1560065,"{""condition_number"":10000000000.0,""profile"":""one_small""}",10000000000.0,one_small,,,,,,,,,
143,canonical,11,random_conditioned,random_conditioned:d512272586bc7c53,True,20000,1560065,1580065,"{""condition_number"":10000000000.0,""profile"":""clustered""}",10000000000.0,clustered,,,,,,,,,
144,canonical,11,random_conditioned,random_conditioned:36337c2841740aff,True,20000,1580065,1600065,"{""condition_number"":1000000000000.0,""profile"":""geometric""}",1000000000000.0,geometric,,,,,,,,,
145,canonical,11,random_conditioned,random_conditioned:982d888343062026,True,20000,1600065,1620065,"{""condition_number"":1000000000000.0,""profile"":""one_small""}",1000000000000.0,one_small,,,,,,,,,
146,canonical,11,random_conditioned,random_conditioned:3868b8f4f35e5d1d,True,20000,1620065,1640065,"{""condition_number"":1000000000000.0,""profile"":""clustered""}",1000000000000.0,clustered,,,,,,,,,
147,canonical,11,random_conditioned,random_conditioned:e026603158c7af35,True,20000,1640065,1660065,"{""condition_number"":100000000000000.0,""profile"":""geometric""}",100000000000000.0,geometric,,,,,,,,,
148,canonical,11,random_conditioned,random_conditioned:5b19efd6ef2b5c0b,True,20000,1660065,1680065,"{""condition_number"":100000000000000.0,""profile"":""one_small""}",100000000000000.0,one_small,,,,,,,,,
149,canonical,11,random_conditioned,random_conditioned:20591473a1bf5735,True,20000,1680065,1700065,"{""condition_number"":100000000000000.0,""profile"":""clustered""}",100000000000000.0,clustered,,,,,,,,,
150,canonical,11,random_conditioned,random_conditioned:6ed2736ecab0398d,True,20000,1700065,1720065,"{""condition_number"":1.0,""profile"":""orthogonal""}",1.0,orthogonal,,,,,,,,,
151,canonical,11,hilbert,hilbert:b9c548331ca110df,False,1,1720065,1720066,{},,,,,,,,,,,
152,canonical,11,vandermonde,vandermonde:c75e7bcca1c1877c,False,1,1720066,1720067,"{""cluster_parameter"":10.0,""column_scaling"":false,""node_type"":""equispaced""}",,,equispaced,10.0,False,,,,,,
153,canonical,11,vandermonde,vandermonde:ceedbcebccced4fc,False,1,1720067,1720068,"{""cluster_parameter"":10.0,""column_scaling"":true,""node_type"":""equispaced""}",,,equispaced,10.0,True,,,,,,
154,canonical,11,vandermonde,vandermonde:e7c5154704c3d4c9,False,1,1720068,1720069,"{""cluster_parameter"":10.0,""column_scaling"":false,""node_type"":""chebyshev""}",,,chebyshev,10.0,False,,,,,,
155,canonical,11,vandermonde,vandermonde:df362d800fc64531,False,1,1720069,1720070,"{""cluster_parameter"":10.0,""column_scaling"":true,""node_type"":""chebyshev""}",,,chebyshev,10.0,True,,,,,,
156,canonical,11,vandermonde,vandermonde:1a694a5cc930f5b5,False,1,1720070,1720071,"{""cluster_parameter"":10.0,""column_scaling"":false,""node_type"":""clustered_zero""}",,,clustered_zero,10.0,False,,,,,,
157,canonical,11,vandermonde,vandermonde:777568ed0dbc806c,False,1,1720071,1720072,"{""cluster_parameter"":10.0,""column_scaling"":true,""node_type"":""clustered_zero""}",,,clustered_zero,10.0,True,,,,,,
158,canonical,11,vandermonde,vandermonde:b85fbb786a5eb62d,False,1,1720072,1720073,"{""cluster_parameter"":10.0,""column_scaling"":false,""node_type"":""near_one""}",,,near_one,10.0,False,,,,,,
159,canonical,11,vandermonde,vandermonde:bc1c5a7c363c1cb2,False,1,1720073,1720074,"{""cluster_parameter"":10.0,""column_scaling"":true,""node_type"":""near_one""}",,,near_one,10.0,True,,,,,,
160,canonical,11,vandermonde,vandermonde:d4c1dcf1fe7912e5,True,20000,1720074,1740074,"{""cluster_parameter"":10.0,""column_scaling"":false,""node_type"":""random""}",,,random,10.0,False,,,,,,
161,canonical,11,vandermonde,vandermonde:0040369e0b8a027c,True,20000,1740074,1760074,"{""cluster_parameter"":10.0,""column_scaling"":true,""node_type"":""random""}",,,random,10.0,True,,,,,,
162,canonical,11,kahan_type,kahan_type:4290efc4c47e83af,False,1,1760074,1760075,"{""column_scaling"":false,""theta"":0.1}",,,,,False,0.1,,,,,
163,canonical,11,kahan_type,kahan_type:e71b6f9fd30d0d35,False,1,1760075,1760076,"{""column_scaling"":true,""theta"":0.1}",,,,,True,0.1,,,,,
164,canonical,11,kahan_type,kahan_type:55976e314ebada33,False,1,1760076,1760077,"{""column_scaling"":false,""theta"":0.01}",,,,,False,0.01,,,,,
165,canonical,11,kahan_type,kahan_type:3d5fca4b09918941,False,1,1760077,1760078,"{""column_scaling"":true,""theta"":0.01}",,,,,True,0.01,,,,,
166,canonical,11,kahan_type,kahan_type:ea9d2f45216bcaa7,False,1,1760078,1760079,"{""column_scaling"":false,""theta"":0.001}",,,,,False,0.001,,,,,
167,canonical,11,kahan_type,kahan_type:033d150a3a538c2e,False,1,1760079,1760080,"{""column_scaling"":true,""theta"":0.001}",,,,,True,0.001,,,,,
168,canonical,11,kahan_type,kahan_type:bf657253a4babc02,False,1,1760080,1760081,"{""column_scaling"":false,""theta"":0.0001}",,,,,False,0.0001,,,,,
169,canonical,11,kahan_type,kahan_type:7de370b15bdacd56,False,1,1760081,1760082,"{""column_scaling"":true,""theta"":0.0001}",,,,,True,0.0001,,,,,
170,canonical,11,kahan_type,kahan_type:7411493e1f8f3a01,False,1,1760082,1760083,"{""column_scaling"":false,""theta"":1e-06}",,,,,False,1e-06,,,,,
171,canonical,11,kahan_type,kahan_type:7f88c9d87a09d37c,False,1,1760083,1760084,"{""column_scaling"":true,""theta"":1e-06}",,,,,True,1e-06,,,,,
172,canonical,11,kahan_type,kahan_type:3fcb70bbfebc9826,False,1,1760084,1760085,"{""column_scaling"":false,""theta"":1e-08}",,,,,False,1e-08,,,,,
173,canonical,11,kahan_type,kahan_type:cb92209d4d47c312,False,1,1760085,1760086,"{""column_scaling"":true,""theta"":1e-08}",,,,,True,1e-08,,,,,
174,canonical,11,kahan_type,kahan_type:cad9cb441519fc5b,False,1,1760086,1760087,"{""column_scaling"":false,""theta"":1e-10}",,,,,False,1e-10,,,,,
175,canonical,11,kahan_type,kahan_type:ea85790adba5c3b2,False,1,1760087,1760088,"{""column_scaling"":true,""theta"":1e-10}",,,,,True,1e-10,,,,,
176,canonical,11,kahan_type,kahan_type:ecb64b54443ddd5c,False,1,1760088,1760089,"{""column_scaling"":false,""theta"":1e-12}",,,,,False,1e-12,,,,,
177,canonical,11,kahan_type,kahan_type:8457c94dc014b009,False,1,1760089,1760090,"{""column_scaling"":true,""theta"":1e-12}",,,,,True,1e-12,,,,,
178,canonical,11,adversarial_rotation,adversarial_rotation:b2c76300f74387b0,False,1,1760090,1760091,"{""epsilon"":0.1}",,,,,,,0.1,,,,
179,canonical,11,adversarial_rotation,adversarial_rotation:37c4e5a022b50612,False,1,1760091,1760092,"{""epsilon"":0.01}",,,,,,,0.01,,,,
180,canonical,11,adversarial_rotation,adversarial_rotation:fbc8efe02a7874dc,False,1,1760092,1760093,"{""epsilon"":0.0001}",,,,,,,0.0001,,,,
181,canonical,11,adversarial_rotation,adversarial_rotation:f7cff71dbc36bc98,False,1,1760093,1760094,"{""epsilon"":1e-06}",,,,,,,1e-06,,,,
182,canonical,11,adversarial_rotation,adversarial_rotation:ace807421641f23f,False,1,1760094,1760095,"{""epsilon"":1e-08}",,,,,,,1e-08,,,,
183,canonical,11,adversarial_rotation,adversarial_rotation:6f8f58222266e918,False,1,1760095,1760096,"{""epsilon"":1e-10}",,,,,,,1e-10,,,,
184,canonical,11,adversarial_rotation,adversarial_rotation:45392a8c926cd6a7,False,1,1760096,1760097,"{""epsilon"":1e-12}",,,,,,,1e-12,,,,
185,canonical,11,adversarial_rotation,adversarial_rotation:2cc9ff6f36ee55eb,False,1,1760097,1760098,"{""epsilon"":1e-14}",,,,,,,1e-14,,,,
186,canonical,11,repeated_bad_pivots,repeated_bad_pivots:ebddf4bf1bcd1f4b,False,1,1760098,1760099,"{""decay"":1.0,""epsilon"":0.01}",,,,,,,0.01,1.0,,,
187,canonical,11,repeated_bad_pivots,repeated_bad_pivots:22f815a7b3f93bb6,False,1,1760099,1760100,"{""decay"":0.3,""epsilon"":0.01}",,,,,,,0.01,0.3,,,
188,canonical,11,repeated_bad_pivots,repeated_bad_pivots:cf46139e6aa27490,False,1,1760100,1760101,"{""decay"":0.1,""epsilon"":0.01}",,,,,,,0.01,0.1,,,
189,canonical,11,repeated_bad_pivots,repeated_bad_pivots:221878ec2b94bb83,False,1,1760101,1760102,"{""decay"":1.0,""epsilon"":1e-06}",,,,,,,1e-06,1.0,,,
190,canonical,11,repeated_bad_pivots,repeated_bad_pivots:142920ff1c832f8b,False,1,1760102,1760103,"{""decay"":0.3,""epsilon"":1e-06}",,,,,,,1e-06,0.3,,,
191,canonical,11,repeated_bad_pivots,repeated_bad_pivots:1be3591d8f74c193,False,1,1760103,1760104,"{""decay"":0.1,""epsilon"":1e-06}",,,,,,,1e-06,0.1,,,
192,canonical,11,repeated_bad_pivots,repeated_bad_pivots:34246cb149b429c4,False,1,1760104,1760105,"{""decay"":1.0,""epsilon"":1e-10}",,,,,,,1e-10,1.0,,,
193,canonical,11,repeated_bad_pivots,repeated_bad_pivots:73c9e8040232fdc6,False,1,1760105,1760106,"{""decay"":0.3,""epsilon"":1e-10}",,,,,,,1e-10,0.3,,,
194,canonical,11,repeated_bad_pivots,repeated_bad_pivots:14488bcb7546a054,False,1,1760106,1760107,"{""decay"":0.1,""epsilon"":1e-10}",,,,,,,1e-10,0.1,,,
195,canonical,11,scaled_adversarial,scaled_adversarial:a1544dd12bfc380a,True,20000,1760107,1780107,"{""epsilon"":0.01,""scale_range"":2.0}",,,,,,,0.01,,2.0,,
196,canonical,11,scaled_adversarial,scaled_adversarial:bfa61de27cbbe219,True,20000,1780107,1800107,"{""epsilon"":0.01,""scale_range"":4.0}",,,,,,,0.01,,4.0,,
197,canonical,11,scaled_adversarial,scaled_adversarial:e73afbc25af72981,True,20000,1800107,1820107,"{""epsilon"":0.01,""scale_range"":8.0}",,,,,,,0.01,,8.0,,
198,canonical,11,scaled_adversarial,scaled_adversarial:17741976c2dfbd54,True,20000,1820107,1840107,"{""epsilon"":0.01,""scale_range"":12.0}",,,,,,,0.01,,12.0,,
199,canonical,11,scaled_adversarial,scaled_adversarial:1c7b58eee2ed258c,True,20000,1840107,1860107,"{""epsilon"":1e-06,""scale_range"":2.0}",,,,,,,1e-06,,2.0,,
200,canonical,11,scaled_adversarial,scaled_adversarial:4fa46c9b0730babb,True,20000,1860107,1880107,"{""epsilon"":1e-06,""scale_range"":4.0}",,,,,,,1e-06,,4.0,,
201,canonical,11,scaled_adversarial,scaled_adversarial:693a2410d358b3b1,True,20000,1880107,1900107,"{""epsilon"":1e-06,""scale_range"":8.0}",,,,,,,1e-06,,8.0,,
202,canonical,11,scaled_adversarial,scaled_adversarial:44cc26aec2af2f93,True,20000,1900107,1920107,"{""epsilon"":1e-06,""scale_range"":12.0}",,,,,,,1e-06,,12.0,,
203,canonical,11,scaled_adversarial,scaled_adversarial:47817f90b3ae7eb7,True,20000,1920107,1940107,"{""epsilon"":1e-10,""scale_range"":2.0}",,,,,,,1e-10,,2.0,,
204,canonical,11,scaled_adversarial,scaled_adversarial:4aad419250638d2a,True,20000,1940107,1960107,"{""epsilon"":1e-10,""scale_range"":4.0}",,,,,,,1e-10,,4.0,,
205,canonical,11,scaled_adversarial,scaled_adversarial:5d1019a4ba6f1410,True,20000,1960107,1980107,"{""epsilon"":1e-10,""scale_range"":8.0}",,,,,,,1e-10,,8.0,,
206,canonical,11,scaled_adversarial,scaled_adversarial:a7078d089ccfa660,True,20000,1980107,2000107,"{""epsilon"":1e-10,""scale_range"":12.0}",,,,,,,1e-10,,12.0,,
207,canonical,11,row_diagonal_dominant_random,row_diagonal_dominant_random:93e6f52ebdb3ac55,True,20000,2000107,2020107,"{""alpha"":0.5}",,,,,,,,,,0.5,
208,canonical,11,row_diagonal_dominant_random,row_diagonal_dominant_random:03e59f7215597618,True,20000,2020107,2040107,"{""alpha"":0.3}",,,,,,,,,,0.3,
209,canonical,11,row_diagonal_dominant_random,row_diagonal_dominant_random:c6616c01f005a03d,True,20000,2040107,2060107,"{""alpha"":0.2}",,,,,,,,,,0.2,
210,canonical,11,row_diagonal_dominant_random,row_diagonal_dominant_random:85f3946f6e4679ec,True,20000,2060107,2080107,"{""alpha"":0.1}",,,,,,,,,,0.1,
211,canonical,11,row_diagonal_dominant_random,row_diagonal_dominant_random:2976d44433ad1387,True,20000,2080107,2100107,"{""alpha"":0.05}",,,,,,,,,,0.05,
212,canonical,11,row_diagonal_dominant_random,row_diagonal_dominant_random:8a85d76f30eb75a6,True,20000,2100107,2120107,"{""alpha"":0.02}",,,,,,,,,,0.02,
213,canonical,11,row_diagonal_dominant_random,row_diagonal_dominant_random:3cf57fa76b9a551c,True,20000,2120107,2140107,"{""alpha"":0.01}",,,,,,,,,,0.01,
214,canonical,11,row_diagonal_dominant_random,row_diagonal_dominant_random:4cbd4f5958f010f8,True,20000,2140107,2160107,"{""alpha"":0.005}",,,,,,,,,,0.005,
215,canonical,11,row_diagonal_dominant_random,row_diagonal_dominant_random:9493eb0855127051,True,20000,2160107,2180107,"{""alpha"":0.002}",,,,,,,,,,0.002,
216,canonical,11,row_diagonal_dominant_random,row_diagonal_dominant_random:c93186b88112adec,True,20000,2180107,2200107,"{""alpha"":0.001}",,,,,,,,,,0.001,
217,canonical,11,row_diagonal_dominant_tridiagonal,row_diagonal_dominant_tridiagonal:982220238cdced02,False,1,2200107,2200108,"{""alpha"":0.5}",,,,,,,,,,0.5,
218,canonical,11,row_diagonal_dominant_tridiagonal,row_diagonal_dominant_tridiagonal:f7dbde840db0a0a1,False,1,2200108,2200109,"{""alpha"":0.3}",,,,,,,,,,0.3,
219,canonical,11,row_diagonal_dominant_tridiagonal,row_diagonal_dominant_tridiagonal:af932376a9e85180,False,1,2200109,2200110,"{""alpha"":0.2}",,,,,,,,,,0.2,
220,canonical,11,row_diagonal_dominant_tridiagonal,row_diagonal_dominant_tridiagonal:c27ad42e3f6fa594,False,1,2200110,2200111,"{""alpha"":0.1}",,,,,,,,,,0.1,
221,canonical,11,row_diagonal_dominant_tridiagonal,row_diagonal_dominant_tridiagonal:b140db102925b3ec,False,1,2200111,2200112,"{""alpha"":0.05}",,,,,,,,,,0.05,
222,canonical,11,row_diagonal_dominant_tridiagonal,row_diagonal_dominant_tridiagonal:9c6a6927336fc423,False,1,2200112,2200113,"{""alpha"":0.02}",,,,,,,,,,0.02,
223,canonical,11,row_diagonal_dominant_tridiagonal,row_diagonal_dominant_tridiagonal:a2ab9117ea3a1dfa,False,1,2200113,2200114,"{""alpha"":0.01}",,,,,,,,,,0.01,
224,canonical,11,row_diagonal_dominant_tridiagonal,row_diagonal_dominant_tridiagonal:80f1643c77f70cd6,False,1,2200114,2200115,"{""alpha"":0.005}",,,,,,,,,,0.005,
225,canonical,11,row_diagonal_dominant_tridiagonal,row_diagonal_dominant_tridiagonal:e81edd77eaa602f2,False,1,2200115,2200116,"{""alpha"":0.002}",,,,,,,,,,0.002,
226,canonical,11,row_diagonal_dominant_tridiagonal,row_diagonal_dominant_tridiagonal:3cc535104b50d6a1,False,1,2200116,2200117,"{""alpha"":0.001}",,,,,,,,,,0.001,
227,canonical,11,row_diagonal_dominant_rankone,row_diagonal_dominant_rankone:9b1d06cd48c40ab2,False,1,2200117,2200118,"{""alpha"":0.5}",,,,,,,,,,0.5,
228,canonical,11,row_diagonal_dominant_rankone,row_diagonal_dominant_rankone:b2135906babb091e,False,1,2200118,2200119,"{""alpha"":0.3}",,,,,,,,,,0.3,
229,canonical,11,row_diagonal_dominant_rankone,row_diagonal_dominant_rankone:4b19e252ebf4e64e,False,1,2200119,2200120,"{""alpha"":0.2}",,,,,,,,,,0.2,
230,canonical,11,row_diagonal_dominant_rankone,row_diagonal_dominant_rankone:f77fdfb3efff94e7,False,1,2200120,2200121,"{""alpha"":0.1}",,,,,,,,,,0.1,
231,canonical,11,row_diagonal_dominant_rankone,row_diagonal_dominant_rankone:e9f8a9d621908331,False,1,2200121,2200122,"{""alpha"":0.05}",,,,,,,,,,0.05,
232,canonical,11,row_diagonal_dominant_rankone,row_diagonal_dominant_rankone:f5d1060d84da4649,False,1,2200122,2200123,"{""alpha"":0.02}",,,,,,,,,,0.02,
233,canonical,11,row_diagonal_dominant_rankone,row_diagonal_dominant_rankone:bbdf2ff377511d2a,False,1,2200123,2200124,"{""alpha"":0.01}",,,,,,,,,,0.01,
234,canonical,11,row_diagonal_dominant_rankone,row_diagonal_dominant_rankone:b724756e042d2640,False,1,2200124,2200125,"{""alpha"":0.005}",,,,,,,,,,0.005,
235,canonical,11,row_diagonal_dominant_rankone,row_diagonal_dominant_rankone:9248beec0335477a,False,1,2200125,2200126,"{""alpha"":0.002}",,,,,,,,,,0.002,
236,canonical,11,row_diagonal_dominant_rankone,row_diagonal_dominant_rankone:6689e0c35681572e,False,1,2200126,2200127,"{""alpha"":0.001}",,,,,,,,,,0.001,
237,canonical,11,row_diagonal_dominant_stochastic,row_diagonal_dominant_stochastic:021519ee0a19df7c,True,20000,2200127,2220127,"{""alpha"":0.5}",,,,,,,,,,0.5,
238,canonical,11,row_diagonal_dominant_stochastic,row_diagonal_dominant_stochastic:de30837b1853aaf8,True,20000,2220127,2240127,"{""alpha"":0.3}",,,,,,,,,,0.3,
239,canonical,11,row_diagonal_dominant_stochastic,row_diagonal_dominant_stochastic:85d04ae4513fe85f,True,20000,2240127,2260127,"{""alpha"":0.2}",,,,,,,,,,0.2,
240,canonical,11,row_diagonal_dominant_stochastic,row_diagonal_dominant_stochastic:0f7feef7c7880b20,True,20000,2260127,2280127,"{""alpha"":0.1}",,,,,,,,,,0.1,
241,canonical,11,row_diagonal_dominant_stochastic,row_diagonal_dominant_stochastic:0530909e2322226a,True,20000,2280127,2300127,"{""alpha"":0.05}",,,,,,,,,,0.05,
242,canonical,11,row_diagonal_dominant_stochastic,row_diagonal_dominant_stochastic:f5393029996d2c29,True,20000,2300127,2320127,"{""alpha"":0.02}",,,,,,,,,,0.02,
243,canonical,11,row_diagonal_dominant_stochastic,row_diagonal_dominant_stochastic:0d717c35c3b2f62d,True,20000,2320127,2340127,"{""alpha"":0.01}",,,,,,,,,,0.01,
244,canonical,11,row_diagonal_dominant_stochastic,row_diagonal_dominant_stochastic:6bb9c9b7e1526958,True,20000,2340127,2360127,"{""alpha"":0.005}",,,,,,,,,,0.005,
245,canonical,11,row_diagonal_dominant_stochastic,row_diagonal_dominant_stochastic:103e29b8022442fa,True,20000,2360127,2380127,"{""alpha"":0.002}",,,,,,,,,,0.002,
246,canonical,11,row_diagonal_dominant_stochastic,row_diagonal_dominant_stochastic:3f149f338e70104c,True,20000,2380127,2400127,"{""alpha"":0.001}",,,,,,,,,,0.001,
247,canonical,11,spd_prescribed_spectrum,spd_prescribed_spectrum:f3c8ebf0e249f88d,True,20000,2400127,2420127,"{""kappa"":10.0}",,,,,,,,,,,10.0
248,canonical,11,spd_prescribed_spectrum,spd_prescribed_spectrum:fd9c01d27036b31c,True,20000,2420127,2440127,"{""kappa"":100.0}",,,,,,,,,,,100.0
249,canonical,11,spd_prescribed_spectrum,spd_prescribed_spectrum:dc332cd1bfa688f6,True,20000,2440127,2460127,"{""kappa"":1000.0}",,,,,,,,,,,1000.0
250,canonical,11,spd_prescribed_spectrum,spd_prescribed_spectrum:a954fd91076fe28c,True,20000,2460127,2480127,"{""kappa"":10000.0}",,,,,,,,,,,10000.0
251,canonical,11,spd_prescribed_spectrum,spd_prescribed_spectrum:79fe5321ebe142a9,True,20000,2480127,2500127,"{""kappa"":100000.0}",,,,,,,,,,,100000.0
252,canonical,11,spd_prescribed_spectrum,spd_prescribed_spectrum:4953545b5c68c921,True,20000,2500127,2520127,"{""kappa"":1000000.0}",,,,,,,,,,,1000000.0
253,canonical,11,spd_prescribed_spectrum,spd_prescribed_spectrum:70d7805e407478aa,True,20000,2520127,2540127,"{""kappa"":10000000.0}",,,,,,,,,,,10000000.0
254,canonical,11,spd_prescribed_spectrum,spd_prescribed_spectrum:fc3ee47b52f52cc7,True,20000,2540127,2560127,"{""kappa"":100000000.0}",,,,,,,,,,,100000000.0
255,canonical,11,tnn_vandermonde_positive,tnn_vandermonde_positive:d0b487e6f0518b72,False,1,2560127,2560128,"{""cluster_parameter"":2.0,""node_type"":""equispaced_positive""}",,,equispaced_positive,2.0,,,,,,,
256,canonical,11,tnn_vandermonde_positive,tnn_vandermonde_positive:5aaa1a7a23ee6d83,False,1,2560128,2560129,"{""cluster_parameter"":2.0,""node_type"":""clustered_positive""}",,,clustered_positive,2.0,,,,,,,
257,canonical,11,pascal,pascal:7b24b4808f94bc0d,False,1,2560129,2560130,{},,,,,,,,,,,
258,canonical,16,random_conditioned,random_conditioned:3d4ea8f7b0b7ac02,True,20000,2560130,2580130,"{""condition_number"":100.0,""profile"":""geometric""}",100.0,geometric,,,,,,,,,
259,canonical,16,random_conditioned,random_conditioned:f13d30e42b69e288,True,20000,2580130,2600130,"{""condition_number"":100.0,""profile"":""one_small""}",100.0,one_small,,,,,,,,,
260,canonical,16,random_conditioned,random_conditioned:5e2483f030292e83,True,20000,2600130,2620130,"{""condition_number"":100.0,""profile"":""clustered""}",100.0,clustered,,,,,,,,,
261,canonical,16,random_conditioned,random_conditioned:59554964dd17fd28,True,20000,2620130,2640130,"{""condition_number"":10000.0,""profile"":""geometric""}",10000.0,geometric,,,,,,,,,
262,canonical,16,random_conditioned,random_conditioned:9249e93b9b37b741,True,20000,2640130,2660130,"{""condition_number"":10000.0,""profile"":""one_small""}",10000.0,one_small,,,,,,,,,
263,canonical,16,random_conditioned,random_conditioned:24db10624cd06023,True,20000,2660130,2680130,"{""condition_number"":10000.0,""profile"":""clustered""}",10000.0,clustered,,,,,,,,,
264,canonical,16,random_conditioned,random_conditioned:ede4f08ad80ec7c0,True,20000,2680130,2700130,"{""condition_number"":1000000.0,""profile"":""geometric""}",1000000.0,geometric,,,,,,,,,
265,canonical,16,random_conditioned,random_conditioned:58959af1bd395489,True,20000,2700130,2720130,"{""condition_number"":1000000.0,""profile"":""one_small""}",1000000.0,one_small,,,,,,,,,
266,canonical,16,random_conditioned,random_conditioned:60b649f84d12d8bd,True,20000,2720130,2740130,"{""condition_number"":1000000.0,""profile"":""clustered""}",1000000.0,clustered,,,,,,,,,
267,canonical,16,random_conditioned,random_conditioned:d85a46ecb6e00d73,True,20000,2740130,2760130,"{""condition_number"":100000000.0,""profile"":""geometric""}",100000000.0,geometric,,,,,,,,,
268,canonical,16,random_conditioned,random_conditioned:be39cf2c9bb5dcd1,True,20000,2760130,2780130,"{""condition_number"":100000000.0,""profile"":""one_small""}",100000000.0,one_small,,,,,,,,,
269,canonical,16,random_conditioned,random_conditioned:c09b81d86321af6f,True,20000,2780130,2800130,"{""condition_number"":100000000.0,""profile"":""clustered""}",100000000.0,clustered,,,,,,,,,
270,canonical,16,random_conditioned,random_conditioned:37f6a61bc4687e9e,True,20000,2800130,2820130,"{""condition_number"":10000000000.0,""profile"":""geometric""}",10000000000.0,geometric,,,,,,,,,
271,canonical,16,random_conditioned,random_conditioned:33289cf8a89ff087,True,20000,2820130,2840130,"{""condition_number"":10000000000.0,""profile"":""one_small""}",10000000000.0,one_small,,,,,,,,,
272,canonical,16,random_conditioned,random_conditioned:d512272586bc7c53,True,20000,2840130,2860130,"{""condition_number"":10000000000.0,""profile"":""clustered""}",10000000000.0,clustered,,,,,,,,,
273,canonical,16,random_conditioned,random_conditioned:36337c2841740aff,True,20000,2860130,2880130,"{""condition_number"":1000000000000.0,""profile"":""geometric""}",1000000000000.0,geometric,,,,,,,,,
274,canonical,16,random_conditioned,random_conditioned:982d888343062026,True,20000,2880130,2900130,"{""condition_number"":1000000000000.0,""profile"":""one_small""}",1000000000000.0,one_small,,,,,,,,,
275,canonical,16,random_conditioned,random_conditioned:3868b8f4f35e5d1d,True,20000,2900130,2920130,"{""condition_number"":1000000000000.0,""profile"":""clustered""}",1000000000000.0,clustered,,,,,,,,,
276,canonical,16,random_conditioned,random_conditioned:e026603158c7af35,True,20000,2920130,2940130,"{""condition_number"":100000000000000.0,""profile"":""geometric""}",100000000000000.0,geometric,,,,,,,,,
277,canonical,16,random_conditioned,random_conditioned:5b19efd6ef2b5c0b,True,20000,2940130,2960130,"{""condition_number"":100000000000000.0,""profile"":""one_small""}",100000000000000.0,one_small,,,,,,,,,
278,canonical,16,random_conditioned,random_conditioned:20591473a1bf5735,True,20000,2960130,2980130,"{""condition_number"":100000000000000.0,""profile"":""clustered""}",100000000000000.0,clustered,,,,,,,,,
279,canonical,16,random_conditioned,random_conditioned:6ed2736ecab0398d,True,20000,2980130,3000130,"{""condition_number"":1.0,""profile"":""orthogonal""}",1.0,orthogonal,,,,,,,,,
280,canonical,16,hilbert,hilbert:b9c548331ca110df,False,1,3000130,3000131,{},,,,,,,,,,,
281,canonical,16,vandermonde,vandermonde:c75e7bcca1c1877c,False,1,3000131,3000132,"{""cluster_parameter"":10.0,""column_scaling"":false,""node_type"":""equispaced""}",,,equispaced,10.0,False,,,,,,
282,canonical,16,vandermonde,vandermonde:ceedbcebccced4fc,False,1,3000132,3000133,"{""cluster_parameter"":10.0,""column_scaling"":true,""node_type"":""equispaced""}",,,equispaced,10.0,True,,,,,,
283,canonical,16,vandermonde,vandermonde:e7c5154704c3d4c9,False,1,3000133,3000134,"{""cluster_parameter"":10.0,""column_scaling"":false,""node_type"":""chebyshev""}",,,chebyshev,10.0,False,,,,,,
284,canonical,16,vandermonde,vandermonde:df362d800fc64531,False,1,3000134,3000135,"{""cluster_parameter"":10.0,""column_scaling"":true,""node_type"":""chebyshev""}",,,chebyshev,10.0,True,,,,,,
285,canonical,16,vandermonde,vandermonde:1a694a5cc930f5b5,False,1,3000135,3000136,"{""cluster_parameter"":10.0,""column_scaling"":false,""node_type"":""clustered_zero""}",,,clustered_zero,10.0,False,,,,,,
286,canonical,16,vandermonde,vandermonde:777568ed0dbc806c,False,1,3000136,3000137,"{""cluster_parameter"":10.0,""column_scaling"":true,""node_type"":""clustered_zero""}",,,clustered_zero,10.0,True,,,,,,
287,canonical,16,vandermonde,vandermonde:b85fbb786a5eb62d,False,1,3000137,3000138,"{""cluster_parameter"":10.0,""column_scaling"":false,""node_type"":""near_one""}",,,near_one,10.0,False,,,,,,
288,canonical,16,vandermonde,vandermonde:bc1c5a7c363c1cb2,False,1,3000138,3000139,"{""cluster_parameter"":10.0,""column_scaling"":true,""node_type"":""near_one""}",,,near_one,10.0,True,,,,,,
289,canonical,16,vandermonde,vandermonde:d4c1dcf1fe7912e5,True,20000,3000139,3020139,"{""cluster_parameter"":10.0,""column_scaling"":false,""node_type"":""random""}",,,random,10.0,False,,,,,,
290,canonical,16,vandermonde,vandermonde:0040369e0b8a027c,True,20000,3020139,3040139,"{""cluster_parameter"":10.0,""column_scaling"":true,""node_type"":""random""}",,,random,10.0,True,,,,,,
291,canonical,16,kahan_type,kahan_type:4290efc4c47e83af,False,1,3040139,3040140,"{""column_scaling"":false,""theta"":0.1}",,,,,False,0.1,,,,,
292,canonical,16,kahan_type,kahan_type:e71b6f9fd30d0d35,False,1,3040140,3040141,"{""column_scaling"":true,""theta"":0.1}",,,,,True,0.1,,,,,
293,canonical,16,kahan_type,kahan_type:55976e314ebada33,False,1,3040141,3040142,"{""column_scaling"":false,""theta"":0.01}",,,,,False,0.01,,,,,
294,canonical,16,kahan_type,kahan_type:3d5fca4b09918941,False,1,3040142,3040143,"{""column_scaling"":true,""theta"":0.01}",,,,,True,0.01,,,,,
295,canonical,16,kahan_type,kahan_type:ea9d2f45216bcaa7,False,1,3040143,3040144,"{""column_scaling"":false,""theta"":0.001}",,,,,False,0.001,,,,,
296,canonical,16,kahan_type,kahan_type:033d150a3a538c2e,False,1,3040144,3040145,"{""column_scaling"":true,""theta"":0.001}",,,,,True,0.001,,,,,
297,canonical,16,kahan_type,kahan_type:bf657253a4babc02,False,1,3040145,3040146,"{""column_scaling"":false,""theta"":0.0001}",,,,,False,0.0001,,,,,
298,canonical,16,kahan_type,kahan_type:7de370b15bdacd56,False,1,3040146,3040147,"{""column_scaling"":true,""theta"":0.0001}",,,,,True,0.0001,,,,,
299,canonical,16,kahan_type,kahan_type:7411493e1f8f3a01,False,1,3040147,3040148,"{""column_scaling"":false,""theta"":1e-06}",,,,,False,1e-06,,,,,
300,canonical,16,kahan_type,kahan_type:7f88c9d87a09d37c,False,1,3040148,3040149,"{""column_scaling"":true,""theta"":1e-06}",,,,,True,1e-06,,,,,
301,canonical,16,kahan_type,kahan_type:3fcb70bbfebc9826,False,1,3040149,3040150,"{""column_scaling"":false,""theta"":1e-08}",,,,,False,1e-08,,,,,
302,canonical,16,kahan_type,kahan_type:cb92209d4d47c312,False,1,3040150,3040151,"{""column_scaling"":true,""theta"":1e-08}",,,,,True,1e-08,,,,,
303,canonical,16,kahan_type,kahan_type:cad9cb441519fc5b,False,1,3040151,3040152,"{""column_scaling"":false,""theta"":1e-10}",,,,,False,1e-10,,,,,
304,canonical,16,kahan_type,kahan_type:ea85790adba5c3b2,False,1,3040152,3040153,"{""column_scaling"":true,""theta"":1e-10}",,,,,True,1e-10,,,,,
305,canonical,16,kahan_type,kahan_type:ecb64b54443ddd5c,False,1,3040153,3040154,"{""column_scaling"":false,""theta"":1e-12}",,,,,False,1e-12,,,,,
306,canonical,16,kahan_type,kahan_type:8457c94dc014b009,False,1,3040154,3040155,"{""column_scaling"":true,""theta"":1e-12}",,,,,True,1e-12,,,,,
307,canonical,16,adversarial_rotation,adversarial_rotation:b2c76300f74387b0,False,1,3040155,3040156,"{""epsilon"":0.1}",,,,,,,0.1,,,,
308,canonical,16,adversarial_rotation,adversarial_rotation:37c4e5a022b50612,False,1,3040156,3040157,"{""epsilon"":0.01}",,,,,,,0.01,,,,
309,canonical,16,adversarial_rotation,adversarial_rotation:fbc8efe02a7874dc,False,1,3040157,3040158,"{""epsilon"":0.0001}",,,,,,,0.0001,,,,
310,canonical,16,adversarial_rotation,adversarial_rotation:f7cff71dbc36bc98,False,1,3040158,3040159,"{""epsilon"":1e-06}",,,,,,,1e-06,,,,
311,canonical,16,adversarial_rotation,adversarial_rotation:ace807421641f23f,False,1,3040159,3040160,"{""epsilon"":1e-08}",,,,,,,1e-08,,,,
312,canonical,16,adversarial_rotation,adversarial_rotation:6f8f58222266e918,False,1,3040160,3040161,"{""epsilon"":1e-10}",,,,,,,1e-10,,,,
313,canonical,16,adversarial_rotation,adversarial_rotation:45392a8c926cd6a7,False,1,3040161,3040162,"{""epsilon"":1e-12}",,,,,,,1e-12,,,,
314,canonical,16,adversarial_rotation,adversarial_rotation:2cc9ff6f36ee55eb,False,1,3040162,3040163,"{""epsilon"":1e-14}",,,,,,,1e-14,,,,
315,canonical,16,repeated_bad_pivots,repeated_bad_pivots:ebddf4bf1bcd1f4b,False,1,3040163,3040164,"{""decay"":1.0,""epsilon"":0.01}",,,,,,,0.01,1.0,,,
316,canonical,16,repeated_bad_pivots,repeated_bad_pivots:22f815a7b3f93bb6,False,1,3040164,3040165,"{""decay"":0.3,""epsilon"":0.01}",,,,,,,0.01,0.3,,,
317,canonical,16,repeated_bad_pivots,repeated_bad_pivots:cf46139e6aa27490,False,1,3040165,3040166,"{""decay"":0.1,""epsilon"":0.01}",,,,,,,0.01,0.1,,,
318,canonical,16,repeated_bad_pivots,repeated_bad_pivots:221878ec2b94bb83,False,1,3040166,3040167,"{""decay"":1.0,""epsilon"":1e-06}",,,,,,,1e-06,1.0,,,
319,canonical,16,repeated_bad_pivots,repeated_bad_pivots:142920ff1c832f8b,False,1,3040167,3040168,"{""decay"":0.3,""epsilon"":1e-06}",,,,,,,1e-06,0.3,,,
320,canonical,16,repeated_bad_pivots,repeated_bad_pivots:1be3591d8f74c193,False,1,3040168,3040169,"{""decay"":0.1,""epsilon"":1e-06}",,,,,,,1e-06,0.1,,,
321,canonical,16,repeated_bad_pivots,repeated_bad_pivots:34246cb149b429c4,False,1,3040169,3040170,"{""decay"":1.0,""epsilon"":1e-10}",,,,,,,1e-10,1.0,,,
322,canonical,16,repeated_bad_pivots,repeated_bad_pivots:73c9e8040232fdc6,False,1,3040170,3040171,"{""decay"":0.3,""epsilon"":1e-10}",,,,,,,1e-10,0.3,,,
323,canonical,16,repeated_bad_pivots,repeated_bad_pivots:14488bcb7546a054,False,1,3040171,3040172,"{""decay"":0.1,""epsilon"":1e-10}",,,,,,,1e-10,0.1,,,
324,canonical,16,scaled_adversarial,scaled_adversarial:a1544dd12bfc380a,True,20000,3040172,3060172,"{""epsilon"":0.01,""scale_range"":2.0}",,,,,,,0.01,,2.0,,
325,canonical,16,scaled_adversarial,scaled_adversarial:bfa61de27cbbe219,True,20000,3060172,3080172,"{""epsilon"":0.01,""scale_range"":4.0}",,,,,,,0.01,,4.0,,
326,canonical,16,scaled_adversarial,scaled_adversarial:e73afbc25af72981,True,20000,3080172,3100172,"{""epsilon"":0.01,""scale_range"":8.0}",,,,,,,0.01,,8.0,,
327,canonical,16,scaled_adversarial,scaled_adversarial:17741976c2dfbd54,True,20000,3100172,3120172,"{""epsilon"":0.01,""scale_range"":12.0}",,,,,,,0.01,,12.0,,
328,canonical,16,scaled_adversarial,scaled_adversarial:1c7b58eee2ed258c,True,20000,3120172,3140172,"{""epsilon"":1e-06,""scale_range"":2.0}",,,,,,,1e-06,,2.0,,
329,canonical,16,scaled_adversarial,scaled_adversarial:4fa46c9b0730babb,True,20000,3140172,3160172,"{""epsilon"":1e-06,""scale_range"":4.0}",,,,,,,1e-06,,4.0,,
330,canonical,16,scaled_adversarial,scaled_adversarial:693a2410d358b3b1,True,20000,3160172,3180172,"{""epsilon"":1e-06,""scale_range"":8.0}",,,,,,,1e-06,,8.0,,
331,canonical,16,scaled_adversarial,scaled_adversarial:44cc26aec2af2f93,True,20000,3180172,3200172,"{""epsilon"":1e-06,""scale_range"":12.0}",,,,,,,1e-06,,12.0,,
332,canonical,16,scaled_adversarial,scaled_adversarial:47817f90b3ae7eb7,True,20000,3200172,3220172,"{""epsilon"":1e-10,""scale_range"":2.0}",,,,,,,1e-10,,2.0,,
333,canonical,16,scaled_adversarial,scaled_adversarial:4aad419250638d2a,True,20000,3220172,3240172,"{""epsilon"":1e-10,""scale_range"":4.0}",,,,,,,1e-10,,4.0,,
334,canonical,16,scaled_adversarial,scaled_adversarial:5d1019a4ba6f1410,True,20000,3240172,3260172,"{""epsilon"":1e-10,""scale_range"":8.0}",,,,,,,1e-10,,8.0,,
335,canonical,16,scaled_adversarial,scaled_adversarial:a7078d089ccfa660,True,20000,3260172,3280172,"{""epsilon"":1e-10,""scale_range"":12.0}",,,,,,,1e-10,,12.0,,
336,canonical,16,row_diagonal_dominant_random,row_diagonal_dominant_random:93e6f52ebdb3ac55,True,20000,3280172,3300172,"{""alpha"":0.5}",,,,,,,,,,0.5,
337,canonical,16,row_diagonal_dominant_random,row_diagonal_dominant_random:03e59f7215597618,True,20000,3300172,3320172,"{""alpha"":0.3}",,,,,,,,,,0.3,
338,canonical,16,row_diagonal_dominant_random,row_diagonal_dominant_random:c6616c01f005a03d,True,20000,3320172,3340172,"{""alpha"":0.2}",,,,,,,,,,0.2,
339,canonical,16,row_diagonal_dominant_random,row_diagonal_dominant_random:85f3946f6e4679ec,True,20000,3340172,3360172,"{""alpha"":0.1}",,,,,,,,,,0.1,
340,canonical,16,row_diagonal_dominant_random,row_diagonal_dominant_random:2976d44433ad1387,True,20000,3360172,3380172,"{""alpha"":0.05}",,,,,,,,,,0.05,
341,canonical,16,row_diagonal_dominant_random,row_diagonal_dominant_random:8a85d76f30eb75a6,True,20000,3380172,3400172,"{""alpha"":0.02}",,,,,,,,,,0.02,
342,canonical,16,row_diagonal_dominant_random,row_diagonal_dominant_random:3cf57fa76b9a551c,True,20000,3400172,3420172,"{""alpha"":0.01}",,,,,,,,,,0.01,
343,canonical,16,row_diagonal_dominant_random,row_diagonal_dominant_random:4cbd4f5958f010f8,True,20000,3420172,3440172,"{""alpha"":0.005}",,,,,,,,,,0.005,
344,canonical,16,row_diagonal_dominant_random,row_diagonal_dominant_random:9493eb0855127051,True,20000,3440172,3460172,"{""alpha"":0.002}",,,,,,,,,,0.002,
345,canonical,16,row_diagonal_dominant_random,row_diagonal_dominant_random:c93186b88112adec,True,20000,3460172,3480172,"{""alpha"":0.001}",,,,,,,,,,0.001,
346,canonical,16,row_diagonal_dominant_tridiagonal,row_diagonal_dominant_tridiagonal:982220238cdced02,False,1,3480172,3480173,"{""alpha"":0.5}",,,,,,,,,,0.5,
347,canonical,16,row_diagonal_dominant_tridiagonal,row_diagonal_dominant_tridiagonal:f7dbde840db0a0a1,False,1,3480173,3480174,"{""alpha"":0.3}",,,,,,,,,,0.3,
348,canonical,16,row_diagonal_dominant_tridiagonal,row_diagonal_dominant_tridiagonal:af932376a9e85180,False,1,3480174,3480175,"{""alpha"":0.2}",,,,,,,,,,0.2,
349,canonical,16,row_diagonal_dominant_tridiagonal,row_diagonal_dominant_tridiagonal:c27ad42e3f6fa594,False,1,3480175,3480176,"{""alpha"":0.1}",,,,,,,,,,0.1,
350,canonical,16,row_diagonal_dominant_tridiagonal,row_diagonal_dominant_tridiagonal:b140db102925b3ec,False,1,3480176,3480177,"{""alpha"":0.05}",,,,,,,,,,0.05,
351,canonical,16,row_diagonal_dominant_tridiagonal,row_diagonal_dominant_tridiagonal:9c6a6927336fc423,False,1,3480177,3480178,"{""alpha"":0.02}",,,,,,,,,,0.02,
352,canonical,16,row_diagonal_dominant_tridiagonal,row_diagonal_dominant_tridiagonal:a2ab9117ea3a1dfa,False,1,3480178,3480179,"{""alpha"":0.01}",,,,,,,,,,0.01,
353,canonical,16,row_diagonal_dominant_tridiagonal,row_diagonal_dominant_tridiagonal:80f1643c77f70cd6,False,1,3480179,3480180,"{""alpha"":0.005}",,,,,,,,,,0.005,
354,canonical,16,row_diagonal_dominant_tridiagonal,row_diagonal_dominant_tridiagonal:e81edd77eaa602f2,False,1,3480180,3480181,"{""alpha"":0.002}",,,,,,,,,,0.002,
355,canonical,16,row_diagonal_dominant_tridiagonal,row_diagonal_dominant_tridiagonal:3cc535104b50d6a1,False,1,3480181,3480182,"{""alpha"":0.001}",,,,,,,,,,0.001,
356,canonical,16,row_diagonal_dominant_rankone,row_diagonal_dominant_rankone:9b1d06cd48c40ab2,False,1,3480182,3480183,"{""alpha"":0.5}",,,,,,,,,,0.5,
357,canonical,16,row_diagonal_dominant_rankone,row_diagonal_dominant_rankone:b2135906babb091e,False,1,3480183,3480184,"{""alpha"":0.3}",,,,,,,,,,0.3,
358,canonical,16,row_diagonal_dominant_rankone,row_diagonal_dominant_rankone:4b19e252ebf4e64e,False,1,3480184,3480185,"{""alpha"":0.2}",,,,,,,,,,0.2,
359,canonical,16,row_diagonal_dominant_rankone,row_diagonal_dominant_rankone:f77fdfb3efff94e7,False,1,3480185,3480186,"{""alpha"":0.1}",,,,,,,,,,0.1,
360,canonical,16,row_diagonal_dominant_rankone,row_diagonal_dominant_rankone:e9f8a9d621908331,False,1,3480186,3480187,"{""alpha"":0.05}",,,,,,,,,,0.05,
361,canonical,16,row_diagonal_dominant_rankone,row_diagonal_dominant_rankone:f5d1060d84da4649,False,1,3480187,3480188,"{""alpha"":0.02}",,,,,,,,,,0.02,
362,canonical,16,row_diagonal_dominant_rankone,row_diagonal_dominant_rankone:bbdf2ff377511d2a,False,1,3480188,3480189,"{""alpha"":0.01}",,,,,,,,,,0.01,
363,canonical,16,row_diagonal_dominant_rankone,row_diagonal_dominant_rankone:b724756e042d2640,False,1,3480189,3480190,"{""alpha"":0.005}",,,,,,,,,,0.005,
364,canonical,16,row_diagonal_dominant_rankone,row_diagonal_dominant_rankone:9248beec0335477a,False,1,3480190,3480191,"{""alpha"":0.002}",,,,,,,,,,0.002,
365,canonical,16,row_diagonal_dominant_rankone,row_diagonal_dominant_rankone:6689e0c35681572e,False,1,3480191,3480192,"{""alpha"":0.001}",,,,,,,,,,0.001,
366,canonical,16,row_diagonal_dominant_stochastic,row_diagonal_dominant_stochastic:021519ee0a19df7c,True,20000,3480192,3500192,"{""alpha"":0.5}",,,,,,,,,,0.5,
367,canonical,16,row_diagonal_dominant_stochastic,row_diagonal_dominant_stochastic:de30837b1853aaf8,True,20000,3500192,3520192,"{""alpha"":0.3}",,,,,,,,,,0.3,
368,canonical,16,row_diagonal_dominant_stochastic,row_diagonal_dominant_stochastic:85d04ae4513fe85f,True,20000,3520192,3540192,"{""alpha"":0.2}",,,,,,,,,,0.2,
369,canonical,16,row_diagonal_dominant_stochastic,row_diagonal_dominant_stochastic:0f7feef7c7880b20,True,20000,3540192,3560192,"{""alpha"":0.1}",,,,,,,,,,0.1,
370,canonical,16,row_diagonal_dominant_stochastic,row_diagonal_dominant_stochastic:0530909e2322226a,True,20000,3560192,3580192,"{""alpha"":0.05}",,,,,,,,,,0.05,
371,canonical,16,row_diagonal_dominant_stochastic,row_diagonal_dominant_stochastic:f5393029996d2c29,True,20000,3580192,3600192,"{""alpha"":0.02}",,,,,,,,,,0.02,
372,canonical,16,row_diagonal_dominant_stochastic,row_diagonal_dominant_stochastic:0d717c35c3b2f62d,True,20000,3600192,3620192,"{""alpha"":0.01}",,,,,,,,,,0.01,
373,canonical,16,row_diagonal_dominant_stochastic,row_diagonal_dominant_stochastic:6bb9c9b7e1526958,True,20000,3620192,3640192,"{""alpha"":0.005}",,,,,,,,,,0.005,
374,canonical,16,row_diagonal_dominant_stochastic,row_diagonal_dominant_stochastic:103e29b8022442fa,True,20000,3640192,3660192,"{""alpha"":0.002}",,,,,,,,,,0.002,
375,canonical,16,row_diagonal_dominant_stochastic,row_diagonal_dominant_stochastic:3f149f338e70104c,True,20000,3660192,3680192,"{""alpha"":0.001}",,,,,,,,,,0.001,
376,canonical,16,spd_prescribed_spectrum,spd_prescribed_spectrum:f3c8ebf0e249f88d,True,20000,3680192,3700192,"{""kappa"":10.0}",,,,,,,,,,,10.0
377,canonical,16,spd_prescribed_spectrum,spd_prescribed_spectrum:fd9c01d27036b31c,True,20000,3700192,3720192,"{""kappa"":100.0}",,,,,,,,,,,100.0
378,canonical,16,spd_prescribed_spectrum,spd_prescribed_spectrum:dc332cd1bfa688f6,True,20000,3720192,3740192,"{""kappa"":1000.0}",,,,,,,,,,,1000.0
379,canonical,16,spd_prescribed_spectrum,spd_prescribed_spectrum:a954fd91076fe28c,True,20000,3740192,3760192,"{""kappa"":10000.0}",,,,,,,,,,,10000.0
380,canonical,16,spd_prescribed_spectrum,spd_prescribed_spectrum:79fe5321ebe142a9,True,20000,3760192,3780192,"{""kappa"":100000.0}",,,,,,,,,,,100000.0
381,canonical,16,spd_prescribed_spectrum,spd_prescribed_spectrum:4953545b5c68c921,True,20000,3780192,3800192,"{""kappa"":1000000.0}",,,,,,,,,,,1000000.0
382,canonical,16,spd_prescribed_spectrum,spd_prescribed_spectrum:70d7805e407478aa,True,20000,3800192,3820192,"{""kappa"":10000000.0}",,,,,,,,,,,10000000.0
383,canonical,16,spd_prescribed_spectrum,spd_prescribed_spectrum:fc3ee47b52f52cc7,True,20000,3820192,3840192,"{""kappa"":100000000.0}",,,,,,,,,,,100000000.0
384,canonical,16,tnn_vandermonde_positive,tnn_vandermonde_positive:d0b487e6f0518b72,False,1,3840192,3840193,"{""cluster_parameter"":2.0,""node_type"":""equispaced_positive""}",,,equispaced_positive,2.0,,,,,,,
385,canonical,16,tnn_vandermonde_positive,tnn_vandermonde_positive:5aaa1a7a23ee6d83,False,1,3840193,3840194,"{""cluster_parameter"":2.0,""node_type"":""clustered_positive""}",,,clustered_positive,2.0,,,,,,,
386,canonical,16,pascal,pascal:7b24b4808f94bc0d,False,1,3840194,3840195,{},,,,,,,,,,,
387,canonical,23,random_conditioned,random_conditioned:3d4ea8f7b0b7ac02,True,20000,3840195,3860195,"{""condition_number"":100.0,""profile"":""geometric""}",100.0,geometric,,,,,,,,,
388,canonical,23,random_conditioned,random_conditioned:f13d30e42b69e288,True,20000,3860195,3880195,"{""condition_number"":100.0,""profile"":""one_small""}",100.0,one_small,,,,,,,,,
389,canonical,23,random_conditioned,random_conditioned:5e2483f030292e83,True,20000,3880195,3900195,"{""condition_number"":100.0,""profile"":""clustered""}",100.0,clustered,,,,,,,,,
390,canonical,23,random_conditioned,random_conditioned:59554964dd17fd28,True,20000,3900195,3920195,"{""condition_number"":10000.0,""profile"":""geometric""}",10000.0,geometric,,,,,,,,,
391,canonical,23,random_conditioned,random_conditioned:9249e93b9b37b741,True,20000,3920195,3940195,"{""condition_number"":10000.0,""profile"":""one_small""}",10000.0,one_small,,,,,,,,,
392,canonical,23,random_conditioned,random_conditioned:24db10624cd06023,True,20000,3940195,3960195,"{""condition_number"":10000.0,""profile"":""clustered""}",10000.0,clustered,,,,,,,,,
393,canonical,23,random_conditioned,random_conditioned:ede4f08ad80ec7c0,True,20000,3960195,3980195,"{""condition_number"":1000000.0,""profile"":""geometric""}",1000000.0,geometric,,,,,,,,,
394,canonical,23,random_conditioned,random_conditioned:58959af1bd395489,True,20000,3980195,4000195,"{""condition_number"":1000000.0,""profile"":""one_small""}",1000000.0,one_small,,,,,,,,,
395,canonical,23,random_conditioned,random_conditioned:60b649f84d12d8bd,True,20000,4000195,4020195,"{""condition_number"":1000000.0,""profile"":""clustered""}",1000000.0,clustered,,,,,,,,,
396,canonical,23,random_conditioned,random_conditioned:d85a46ecb6e00d73,True,20000,4020195,4040195,"{""condition_number"":100000000.0,""profile"":""geometric""}",100000000.0,geometric,,,,,,,,,
397,canonical,23,random_conditioned,random_conditioned:be39cf2c9bb5dcd1,True,20000,4040195,4060195,"{""condition_number"":100000000.0,""profile"":""one_small""}",100000000.0,one_small,,,,,,,,,
398,canonical,23,random_conditioned,random_conditioned:c09b81d86321af6f,True,20000,4060195,4080195,"{""condition_number"":100000000.0,""profile"":""clustered""}",100000000.0,clustered,,,,,,,,,
399,canonical,23,random_conditioned,random_conditioned:37f6a61bc4687e9e,True,20000,4080195,4100195,"{""condition_number"":10000000000.0,""profile"":""geometric""}",10000000000.0,geometric,,,,,,,,,
400,canonical,23,random_conditioned,random_conditioned:33289cf8a89ff087,True,20000,4100195,4120195,"{""condition_number"":10000000000.0,""profile"":""one_small""}",10000000000.0,one_small,,,,,,,,,
401,canonical,23,random_conditioned,random_conditioned:d512272586bc7c53,True,20000,4120195,4140195,"{""condition_number"":10000000000.0,""profile"":""clustered""}",10000000000.0,clustered,,,,,,,,,
402,canonical,23,random_conditioned,random_conditioned:36337c2841740aff,True,20000,4140195,4160195,"{""condition_number"":1000000000000.0,""profile"":""geometric""}",1000000000000.0,geometric,,,,,,,,,
403,canonical,23,random_conditioned,random_conditioned:982d888343062026,True,20000,4160195,4180195,"{""condition_number"":1000000000000.0,""profile"":""one_small""}",1000000000000.0,one_small,,,,,,,,,
404,canonical,23,random_conditioned,random_conditioned:3868b8f4f35e5d1d,True,20000,4180195,4200195,"{""condition_number"":1000000000000.0,""profile"":""clustered""}",1000000000000.0,clustered,,,,,,,,,
405,canonical,23,random_conditioned,random_conditioned:e026603158c7af35,True,20000,4200195,4220195,"{""condition_number"":100000000000000.0,""profile"":""geometric""}",100000000000000.0,geometric,,,,,,,,,
406,canonical,23,random_conditioned,random_conditioned:5b19efd6ef2b5c0b,True,20000,4220195,4240195,"{""condition_number"":100000000000000.0,""profile"":""one_small""}",100000000000000.0,one_small,,,,,,,,,
407,canonical,23,random_conditioned,random_conditioned:20591473a1bf5735,True,20000,4240195,4260195,"{""condition_number"":100000000000000.0,""profile"":""clustered""}",100000000000000.0,clustered,,,,,,,,,
408,canonical,23,random_conditioned,random_conditioned:6ed2736ecab0398d,True,20000,4260195,4280195,"{""condition_number"":1.0,""profile"":""orthogonal""}",1.0,orthogonal,,,,,,,,,
409,canonical,23,hilbert,hilbert:b9c548331ca110df,False,1,4280195,4280196,{},,,,,,,,,,,
410,canonical,23,vandermonde,vandermonde:c75e7bcca1c1877c,False,1,4280196,4280197,"{""cluster_parameter"":10.0,""column_scaling"":false,""node_type"":""equispaced""}",,,equispaced,10.0,False,,,,,,
411,canonical,23,vandermonde,vandermonde:ceedbcebccced4fc,False,1,4280197,4280198,"{""cluster_parameter"":10.0,""column_scaling"":true,""node_type"":""equispaced""}",,,equispaced,10.0,True,,,,,,
412,canonical,23,vandermonde,vandermonde:e7c5154704c3d4c9,False,1,4280198,4280199,"{""cluster_parameter"":10.0,""column_scaling"":false,""node_type"":""chebyshev""}",,,chebyshev,10.0,False,,,,,,
413,canonical,23,vandermonde,vandermonde:df362d800fc64531,False,1,4280199,4280200,"{""cluster_parameter"":10.0,""column_scaling"":true,""node_type"":""chebyshev""}",,,chebyshev,10.0,True,,,,,,
414,canonical,23,vandermonde,vandermonde:1a694a5cc930f5b5,False,1,4280200,4280201,"{""cluster_parameter"":10.0,""column_scaling"":false,""node_type"":""clustered_zero""}",,,clustered_zero,10.0,False,,,,,,
415,canonical,23,vandermonde,vandermonde:777568ed0dbc806c,False,1,4280201,4280202,"{""cluster_parameter"":10.0,""column_scaling"":true,""node_type"":""clustered_zero""}",,,clustered_zero,10.0,True,,,,,,
416,canonical,23,vandermonde,vandermonde:b85fbb786a5eb62d,False,1,4280202,4280203,"{""cluster_parameter"":10.0,""column_scaling"":false,""node_type"":""near_one""}",,,near_one,10.0,False,,,,,,
417,canonical,23,vandermonde,vandermonde:bc1c5a7c363c1cb2,False,1,4280203,4280204,"{""cluster_parameter"":10.0,""column_scaling"":true,""node_type"":""near_one""}",,,near_one,10.0,True,,,,,,
418,canonical,23,vandermonde,vandermonde:d4c1dcf1fe7912e5,True,20000,4280204,4300204,"{""cluster_parameter"":10.0,""column_scaling"":false,""node_type"":""random""}",,,random,10.0,False,,,,,,
419,canonical,23,vandermonde,vandermonde:0040369e0b8a027c,True,20000,4300204,4320204,"{""cluster_parameter"":10.0,""column_scaling"":true,""node_type"":""random""}",,,random,10.0,True,,,,,,
420,canonical,23,kahan_type,kahan_type:4290efc4c47e83af,False,1,4320204,4320205,"{""column_scaling"":false,""theta"":0.1}",,,,,False,0.1,,,,,
421,canonical,23,kahan_type,kahan_type:e71b6f9fd30d0d35,False,1,4320205,4320206,"{""column_scaling"":true,""theta"":0.1}",,,,,True,0.1,,,,,
422,canonical,23,kahan_type,kahan_type:55976e314ebada33,False,1,4320206,4320207,"{""column_scaling"":false,""theta"":0.01}",,,,,False,0.01,,,,,
423,canonical,23,kahan_type,kahan_type:3d5fca4b09918941,False,1,4320207,4320208,"{""column_scaling"":true,""theta"":0.01}",,,,,True,0.01,,,,,
424,canonical,23,kahan_type,kahan_type:ea9d2f45216bcaa7,False,1,4320208,4320209,"{""column_scaling"":false,""theta"":0.001}",,,,,False,0.001,,,,,
425,canonical,23,kahan_type,kahan_type:033d150a3a538c2e,False,1,4320209,4320210,"{""column_scaling"":true,""theta"":0.001}",,,,,True,0.001,,,,,
426,canonical,23,kahan_type,kahan_type:bf657253a4babc02,False,1,4320210,4320211,"{""column_scaling"":false,""theta"":0.0001}",,,,,False,0.0001,,,,,
427,canonical,23,kahan_type,kahan_type:7de370b15bdacd56,False,1,4320211,4320212,"{""column_scaling"":true,""theta"":0.0001}",,,,,True,0.0001,,,,,
428,canonical,23,kahan_type,kahan_type:7411493e1f8f3a01,False,1,4320212,4320213,"{""column_scaling"":false,""theta"":1e-06}",,,,,False,1e-06,,,,,
429,canonical,23,kahan_type,kahan_type:7f88c9d87a09d37c,False,1,4320213,4320214,"{""column_scaling"":true,""theta"":1e-06}",,,,,True,1e-06,,,,,
430,canonical,23,kahan_type,kahan_type:3fcb70bbfebc9826,False,1,4320214,4320215,"{""column_scaling"":false,""theta"":1e-08}",,,,,False,1e-08,,,,,
431,canonical,23,kahan_type,kahan_type:cb92209d4d47c312,False,1,4320215,4320216,"{""column_scaling"":true,""theta"":1e-08}",,,,,True,1e-08,,,,,
432,canonical,23,kahan_type,kahan_type:cad9cb441519fc5b,False,1,4320216,4320217,"{""column_scaling"":false,""theta"":1e-10}",,,,,False,1e-10,,,,,
433,canonical,23,kahan_type,kahan_type:ea85790adba5c3b2,False,1,4320217,4320218,"{""column_scaling"":true,""theta"":1e-10}",,,,,True,1e-10,,,,,
434,canonical,23,kahan_type,kahan_type:ecb64b54443ddd5c,False,1,4320218,4320219,"{""column_scaling"":false,""theta"":1e-12}",,,,,False,1e-12,,,,,
435,canonical,23,kahan_type,kahan_type:8457c94dc014b009,False,1,4320219,4320220,"{""column_scaling"":true,""theta"":1e-12}",,,,,True,1e-12,,,,,
436,canonical,23,adversarial_rotation,adversarial_rotation:b2c76300f74387b0,False,1,4320220,4320221,"{""epsilon"":0.1}",,,,,,,0.1,,,,
437,canonical,23,adversarial_rotation,adversarial_rotation:37c4e5a022b50612,False,1,4320221,4320222,"{""epsilon"":0.01}",,,,,,,0.01,,,,
438,canonical,23,adversarial_rotation,adversarial_rotation:fbc8efe02a7874dc,False,1,4320222,4320223,"{""epsilon"":0.0001}",,,,,,,0.0001,,,,
439,canonical,23,adversarial_rotation,adversarial_rotation:f7cff71dbc36bc98,False,1,4320223,4320224,"{""epsilon"":1e-06}",,,,,,,1e-06,,,,
440,canonical,23,adversarial_rotation,adversarial_rotation:ace807421641f23f,False,1,4320224,4320225,"{""epsilon"":1e-08}",,,,,,,1e-08,,,,
441,canonical,23,adversarial_rotation,adversarial_rotation:6f8f58222266e918,False,1,4320225,4320226,"{""epsilon"":1e-10}",,,,,,,1e-10,,,,
442,canonical,23,adversarial_rotation,adversarial_rotation:45392a8c926cd6a7,False,1,4320226,4320227,"{""epsilon"":1e-12}",,,,,,,1e-12,,,,
443,canonical,23,adversarial_rotation,adversarial_rotation:2cc9ff6f36ee55eb,False,1,4320227,4320228,"{""epsilon"":1e-14}",,,,,,,1e-14,,,,
444,canonical,23,repeated_bad_pivots,repeated_bad_pivots:ebddf4bf1bcd1f4b,False,1,4320228,4320229,"{""decay"":1.0,""epsilon"":0.01}",,,,,,,0.01,1.0,,,
445,canonical,23,repeated_bad_pivots,repeated_bad_pivots:22f815a7b3f93bb6,False,1,4320229,4320230,"{""decay"":0.3,""epsilon"":0.01}",,,,,,,0.01,0.3,,,
446,canonical,23,repeated_bad_pivots,repeated_bad_pivots:cf46139e6aa27490,False,1,4320230,4320231,"{""decay"":0.1,""epsilon"":0.01}",,,,,,,0.01,0.1,,,
447,canonical,23,repeated_bad_pivots,repeated_bad_pivots:221878ec2b94bb83,False,1,4320231,4320232,"{""decay"":1.0,""epsilon"":1e-06}",,,,,,,1e-06,1.0,,,
448,canonical,23,repeated_bad_pivots,repeated_bad_pivots:142920ff1c832f8b,False,1,4320232,4320233,"{""decay"":0.3,""epsilon"":1e-06}",,,,,,,1e-06,0.3,,,
449,canonical,23,repeated_bad_pivots,repeated_bad_pivots:1be3591d8f74c193,False,1,4320233,4320234,"{""decay"":0.1,""epsilon"":1e-06}",,,,,,,1e-06,0.1,,,
450,canonical,23,repeated_bad_pivots,repeated_bad_pivots:34246cb149b429c4,False,1,4320234,4320235,"{""decay"":1.0,""epsilon"":1e-10}",,,,,,,1e-10,1.0,,,
451,canonical,23,repeated_bad_pivots,repeated_bad_pivots:73c9e8040232fdc6,False,1,4320235,4320236,"{""decay"":0.3,""epsilon"":1e-10}",,,,,,,1e-10,0.3,,,
452,canonical,23,repeated_bad_pivots,repeated_bad_pivots:14488bcb7546a054,False,1,4320236,4320237,"{""decay"":0.1,""epsilon"":1e-10}",,,,,,,1e-10,0.1,,,
453,canonical,23,scaled_adversarial,scaled_adversarial:a1544dd12bfc380a,True,20000,4320237,4340237,"{""epsilon"":0.01,""scale_range"":2.0}",,,,,,,0.01,,2.0,,
454,canonical,23,scaled_adversarial,scaled_adversarial:bfa61de27cbbe219,True,20000,4340237,4360237,"{""epsilon"":0.01,""scale_range"":4.0}",,,,,,,0.01,,4.0,,
455,canonical,23,scaled_adversarial,scaled_adversarial:e73afbc25af72981,True,20000,4360237,4380237,"{""epsilon"":0.01,""scale_range"":8.0}",,,,,,,0.01,,8.0,,
456,canonical,23,scaled_adversarial,scaled_adversarial:17741976c2dfbd54,True,20000,4380237,4400237,"{""epsilon"":0.01,""scale_range"":12.0}",,,,,,,0.01,,12.0,,
457,canonical,23,scaled_adversarial,scaled_adversarial:1c7b58eee2ed258c,True,20000,4400237,4420237,"{""epsilon"":1e-06,""scale_range"":2.0}",,,,,,,1e-06,,2.0,,
458,canonical,23,scaled_adversarial,scaled_adversarial:4fa46c9b0730babb,True,20000,4420237,4440237,"{""epsilon"":1e-06,""scale_range"":4.0}",,,,,,,1e-06,,4.0,,
459,canonical,23,scaled_adversarial,scaled_adversarial:693a2410d358b3b1,True,20000,4440237,4460237,"{""epsilon"":1e-06,""scale_range"":8.0}",,,,,,,1e-06,,8.0,,
460,canonical,23,scaled_adversarial,scaled_adversarial:44cc26aec2af2f93,True,20000,4460237,4480237,"{""epsilon"":1e-06,""scale_range"":12.0}",,,,,,,1e-06,,12.0,,
461,canonical,23,scaled_adversarial,scaled_adversarial:47817f90b3ae7eb7,True,20000,4480237,4500237,"{""epsilon"":1e-10,""scale_range"":2.0}",,,,,,,1e-10,,2.0,,
462,canonical,23,scaled_adversarial,scaled_adversarial:4aad419250638d2a,True,20000,4500237,4520237,"{""epsilon"":1e-10,""scale_range"":4.0}",,,,,,,1e-10,,4.0,,
463,canonical,23,scaled_adversarial,scaled_adversarial:5d1019a4ba6f1410,True,20000,4520237,4540237,"{""epsilon"":1e-10,""scale_range"":8.0}",,,,,,,1e-10,,8.0,,
464,canonical,23,scaled_adversarial,scaled_adversarial:a7078d089ccfa660,True,20000,4540237,4560237,"{""epsilon"":1e-10,""scale_range"":12.0}",,,,,,,1e-10,,12.0,,
465,canonical,23,row_diagonal_dominant_random,row_diagonal_dominant_random:93e6f52ebdb3ac55,True,20000,4560237,4580237,"{""alpha"":0.5}",,,,,,,,,,0.5,
466,canonical,23,row_diagonal_dominant_random,row_diagonal_dominant_random:03e59f7215597618,True,20000,4580237,4600237,"{""alpha"":0.3}",,,,,,,,,,0.3,
467,canonical,23,row_diagonal_dominant_random,row_diagonal_dominant_random:c6616c01f005a03d,True,20000,4600237,4620237,"{""alpha"":0.2}",,,,,,,,,,0.2,
468,canonical,23,row_diagonal_dominant_random,row_diagonal_dominant_random:85f3946f6e4679ec,True,20000,4620237,4640237,"{""alpha"":0.1}",,,,,,,,,,0.1,
469,canonical,23,row_diagonal_dominant_random,row_diagonal_dominant_random:2976d44433ad1387,True,20000,4640237,4660237,"{""alpha"":0.05}",,,,,,,,,,0.05,
470,canonical,23,row_diagonal_dominant_random,row_diagonal_dominant_random:8a85d76f30eb75a6,True,20000,4660237,4680237,"{""alpha"":0.02}",,,,,,,,,,0.02,
471,canonical,23,row_diagonal_dominant_random,row_diagonal_dominant_random:3cf57fa76b9a551c,True,20000,4680237,4700237,"{""alpha"":0.01}",,,,,,,,,,0.01,
472,canonical,23,row_diagonal_dominant_random,row_diagonal_dominant_random:4cbd4f5958f010f8,True,20000,4700237,4720237,"{""alpha"":0.005}",,,,,,,,,,0.005,
473,canonical,23,row_diagonal_dominant_random,row_diagonal_dominant_random:9493eb0855127051,True,20000,4720237,4740237,"{""alpha"":0.002}",,,,,,,,,,0.002,
474,canonical,23,row_diagonal_dominant_random,row_diagonal_dominant_random:c93186b88112adec,True,20000,4740237,4760237,"{""alpha"":0.001}",,,,,,,,,,0.001,
475,canonical,23,row_diagonal_dominant_tridiagonal,row_diagonal_dominant_tridiagonal:982220238cdced02,False,1,4760237,4760238,"{""alpha"":0.5}",,,,,,,,,,0.5,
476,canonical,23,row_diagonal_dominant_tridiagonal,row_diagonal_dominant_tridiagonal:f7dbde840db0a0a1,False,1,4760238,4760239,"{""alpha"":0.3}",,,,,,,,,,0.3,
477,canonical,23,row_diagonal_dominant_tridiagonal,row_diagonal_dominant_tridiagonal:af932376a9e85180,False,1,4760239,4760240,"{""alpha"":0.2}",,,,,,,,,,0.2,
478,canonical,23,row_diagonal_dominant_tridiagonal,row_diagonal_dominant_tridiagonal:c27ad42e3f6fa594,False,1,4760240,4760241,"{""alpha"":0.1}",,,,,,,,,,0.1,
479,canonical,23,row_diagonal_dominant_tridiagonal,row_diagonal_dominant_tridiagonal:b140db102925b3ec,False,1,4760241,4760242,"{""alpha"":0.05}",,,,,,,,,,0.05,
480,canonical,23,row_diagonal_dominant_tridiagonal,row_diagonal_dominant_tridiagonal:9c6a6927336fc423,False,1,4760242,4760243,"{""alpha"":0.02}",,,,,,,,,,0.02,
481,canonical,23,row_diagonal_dominant_tridiagonal,row_diagonal_dominant_tridiagonal:a2ab9117ea3a1dfa,False,1,4760243,4760244,"{""alpha"":0.01}",,,,,,,,,,0.01,
482,canonical,23,row_diagonal_dominant_tridiagonal,row_diagonal_dominant_tridiagonal:80f1643c77f70cd6,False,1,4760244,4760245,"{""alpha"":0.005}",,,,,,,,,,0.005,
483,canonical,23,row_diagonal_dominant_tridiagonal,row_diagonal_dominant_tridiagonal:e81edd77eaa602f2,False,1,4760245,4760246,"{""alpha"":0.002}",,,,,,,,,,0.002,
484,canonical,23,row_diagonal_dominant_tridiagonal,row_diagonal_dominant_tridiagonal:3cc535104b50d6a1,False,1,4760246,4760247,"{""alpha"":0.001}",,,,,,,,,,0.001,
485,canonical,23,row_diagonal_dominant_rankone,row_diagonal_dominant_rankone:9b1d06cd48c40ab2,False,1,4760247,4760248,"{""alpha"":0.5}",,,,,,,,,,0.5,
486,canonical,23,row_diagonal_dominant_rankone,row_diagonal_dominant_rankone:b2135906babb091e,False,1,4760248,4760249,"{""alpha"":0.3}",,,,,,,,,,0.3,
487,canonical,23,row_diagonal_dominant_rankone,row_diagonal_dominant_rankone:4b19e252ebf4e64e,False,1,4760249,4760250,"{""alpha"":0.2}",,,,,,,,,,0.2,
488,canonical,23,row_diagonal_dominant_rankone,row_diagonal_dominant_rankone:f77fdfb3efff94e7,False,1,4760250,4760251,"{""alpha"":0.1}",,,,,,,,,,0.1,
489,canonical,23,row_diagonal_dominant_rankone,row_diagonal_dominant_rankone:e9f8a9d621908331,False,1,4760251,4760252,"{""alpha"":0.05}",,,,,,,,,,0.05,
490,canonical,23,row_diagonal_dominant_rankone,row_diagonal_dominant_rankone:f5d1060d84da4649,False,1,4760252,4760253,"{""alpha"":0.02}",,,,,,,,,,0.02,
491,canonical,23,row_diagonal_dominant_rankone,row_diagonal_dominant_rankone:bbdf2ff377511d2a,False,1,4760253,4760254,"{""alpha"":0.01}",,,,,,,,,,0.01,
492,canonical,23,row_diagonal_dominant_rankone,row_diagonal_dominant_rankone:b724756e042d2640,False,1,4760254,4760255,"{""alpha"":0.005}",,,,,,,,,,0.005,
493,canonical,23,row_diagonal_dominant_rankone,row_diagonal_dominant_rankone:9248beec0335477a,False,1,4760255,4760256,"{""alpha"":0.002}",,,,,,,,,,0.002,
494,canonical,23,row_diagonal_dominant_rankone,row_diagonal_dominant_rankone:6689e0c35681572e,False,1,4760256,4760257,"{""alpha"":0.001}",,,,,,,,,,0.001,
495,canonical,23,row_diagonal_dominant_stochastic,row_diagonal_dominant_stochastic:021519ee0a19df7c,True,20000,4760257,4780257,"{""alpha"":0.5}",,,,,,,,,,0.5,
496,canonical,23,row_diagonal_dominant_stochastic,row_diagonal_dominant_stochastic:de30837b1853aaf8,True,20000,4780257,4800257,"{""alpha"":0.3}",,,,,,,,,,0.3,
497,canonical,23,row_diagonal_dominant_stochastic,row_diagonal_dominant_stochastic:85d04ae4513fe85f,True,20000,4800257,4820257,"{""alpha"":0.2}",,,,,,,,,,0.2,
498,canonical,23,row_diagonal_dominant_stochastic,row_diagonal_dominant_stochastic:0f7feef7c7880b20,True,20000,4820257,4840257,"{""alpha"":0.1}",,,,,,,,,,0.1,
499,canonical,23,row_diagonal_dominant_stochastic,row_diagonal_dominant_stochastic:0530909e2322226a,True,20000,4840257,4860257,"{""alpha"":0.05}",,,,,,,,,,0.05,
500,canonical,23,row_diagonal_dominant_stochastic,row_diagonal_dominant_stochastic:f5393029996d2c29,True,20000,4860257,4880257,"{""alpha"":0.02}",,,,,,,,,,0.02,
501,canonical,23,row_diagonal_dominant_stochastic,row_diagonal_dominant_stochastic:0d717c35c3b2f62d,True,20000,4880257,4900257,"{""alpha"":0.01}",,,,,,,,,,0.01,
502,canonical,23,row_diagonal_dominant_stochastic,row_diagonal_dominant_stochastic:6bb9c9b7e1526958,True,20000,4900257,4920257,"{""alpha"":0.005}",,,,,,,,,,0.005,
503,canonical,23,row_diagonal_dominant_stochastic,row_diagonal_dominant_stochastic:103e29b8022442fa,True,20000,4920257,4940257,"{""alpha"":0.002}",,,,,,,,,,0.002,
504,canonical,23,row_diagonal_dominant_stochastic,row_diagonal_dominant_stochastic:3f149f338e70104c,True,20000,4940257,4960257,"{""alpha"":0.001}",,,,,,,,,,0.001,
505,canonical,23,spd_prescribed_spectrum,spd_prescribed_spectrum:f3c8ebf0e249f88d,True,20000,4960257,4980257,"{""kappa"":10.0}",,,,,,,,,,,10.0
506,canonical,23,spd_prescribed_spectrum,spd_prescribed_spectrum:fd9c01d27036b31c,True,20000,4980257,5000257,"{""kappa"":100.0}",,,,,,,,,,,100.0
507,canonical,23,spd_prescribed_spectrum,spd_prescribed_spectrum:dc332cd1bfa688f6,True,20000,5000257,5020257,"{""kappa"":1000.0}",,,,,,,,,,,1000.0
508,canonical,23,spd_prescribed_spectrum,spd_prescribed_spectrum:a954fd91076fe28c,True,20000,5020257,5040257,"{""kappa"":10000.0}",,,,,,,,,,,10000.0
509,canonical,23,spd_prescribed_spectrum,spd_prescribed_spectrum:79fe5321ebe142a9,True,20000,5040257,5060257,"{""kappa"":100000.0}",,,,,,,,,,,100000.0
510,canonical,23,spd_prescribed_spectrum,spd_prescribed_spectrum:4953545b5c68c921,True,20000,5060257,5080257,"{""kappa"":1000000.0}",,,,,,,,,,,1000000.0
511,canonical,23,spd_prescribed_spectrum,spd_prescribed_spectrum:70d7805e407478aa,True,20000,5080257,5100257,"{""kappa"":10000000.0}",,,,,,,,,,,10000000.0
512,canonical,23,spd_prescribed_spectrum,spd_prescribed_spectrum:fc3ee47b52f52cc7,True,20000,5100257,5120257,"{""kappa"":100000000.0}",,,,,,,,,,,100000000.0
513,canonical,23,tnn_vandermonde_positive,tnn_vandermonde_positive:d0b487e6f0518b72,False,1,5120257,5120258,"{""cluster_parameter"":2.0,""node_type"":""equispaced_positive""}",,,equispaced_positive,2.0,,,,,,,
514,canonical,23,tnn_vandermonde_positive,tnn_vandermonde_positive:5aaa1a7a23ee6d83,False,1,5120258,5120259,"{""cluster_parameter"":2.0,""node_type"":""clustered_positive""}",,,clustered_positive,2.0,,,,,,,
515,canonical,23,pascal,pascal:7b24b4808f94bc0d,False,1,5120259,5120260,{},,,,,,,,,,,
516,canonical,32,random_conditioned,random_conditioned:3d4ea8f7b0b7ac02,True,20000,5120260,5140260,"{""condition_number"":100.0,""profile"":""geometric""}",100.0,geometric,,,,,,,,,
517,canonical,32,random_conditioned,random_conditioned:f13d30e42b69e288,True,20000,5140260,5160260,"{""condition_number"":100.0,""profile"":""one_small""}",100.0,one_small,,,,,,,,,
518,canonical,32,random_conditioned,random_conditioned:5e2483f030292e83,True,20000,5160260,5180260,"{""condition_number"":100.0,""profile"":""clustered""}",100.0,clustered,,,,,,,,,
519,canonical,32,random_conditioned,random_conditioned:59554964dd17fd28,True,20000,5180260,5200260,"{""condition_number"":10000.0,""profile"":""geometric""}",10000.0,geometric,,,,,,,,,
520,canonical,32,random_conditioned,random_conditioned:9249e93b9b37b741,True,20000,5200260,5220260,"{""condition_number"":10000.0,""profile"":""one_small""}",10000.0,one_small,,,,,,,,,
521,canonical,32,random_conditioned,random_conditioned:24db10624cd06023,True,20000,5220260,5240260,"{""condition_number"":10000.0,""profile"":""clustered""}",10000.0,clustered,,,,,,,,,
522,canonical,32,random_conditioned,random_conditioned:ede4f08ad80ec7c0,True,20000,5240260,5260260,"{""condition_number"":1000000.0,""profile"":""geometric""}",1000000.0,geometric,,,,,,,,,
523,canonical,32,random_conditioned,random_conditioned:58959af1bd395489,True,20000,5260260,5280260,"{""condition_number"":1000000.0,""profile"":""one_small""}",1000000.0,one_small,,,,,,,,,
524,canonical,32,random_conditioned,random_conditioned:60b649f84d12d8bd,True,20000,5280260,5300260,"{""condition_number"":1000000.0,""profile"":""clustered""}",1000000.0,clustered,,,,,,,,,
525,canonical,32,random_conditioned,random_conditioned:d85a46ecb6e00d73,True,20000,5300260,5320260,"{""condition_number"":100000000.0,""profile"":""geometric""}",100000000.0,geometric,,,,,,,,,
526,canonical,32,random_conditioned,random_conditioned:be39cf2c9bb5dcd1,True,20000,5320260,5340260,"{""condition_number"":100000000.0,""profile"":""one_small""}",100000000.0,one_small,,,,,,,,,
527,canonical,32,random_conditioned,random_conditioned:c09b81d86321af6f,True,20000,5340260,5360260,"{""condition_number"":100000000.0,""profile"":""clustered""}",100000000.0,clustered,,,,,,,,,
528,canonical,32,random_conditioned,random_conditioned:37f6a61bc4687e9e,True,20000,5360260,5380260,"{""condition_number"":10000000000.0,""profile"":""geometric""}",10000000000.0,geometric,,,,,,,,,
529,canonical,32,random_conditioned,random_conditioned:33289cf8a89ff087,True,20000,5380260,5400260,"{""condition_number"":10000000000.0,""profile"":""one_small""}",10000000000.0,one_small,,,,,,,,,
530,canonical,32,random_conditioned,random_conditioned:d512272586bc7c53,True,20000,5400260,5420260,"{""condition_number"":10000000000.0,""profile"":""clustered""}",10000000000.0,clustered,,,,,,,,,
531,canonical,32,random_conditioned,random_conditioned:36337c2841740aff,True,20000,5420260,5440260,"{""condition_number"":1000000000000.0,""profile"":""geometric""}",1000000000000.0,geometric,,,,,,,,,
532,canonical,32,random_conditioned,random_conditioned:982d888343062026,True,20000,5440260,5460260,"{""condition_number"":1000000000000.0,""profile"":""one_small""}",1000000000000.0,one_small,,,,,,,,,
533,canonical,32,random_conditioned,random_conditioned:3868b8f4f35e5d1d,True,20000,5460260,5480260,"{""condition_number"":1000000000000.0,""profile"":""clustered""}",1000000000000.0,clustered,,,,,,,,,
534,canonical,32,random_conditioned,random_conditioned:e026603158c7af35,True,20000,5480260,5500260,"{""condition_number"":100000000000000.0,""profile"":""geometric""}",100000000000000.0,geometric,,,,,,,,,
535,canonical,32,random_conditioned,random_conditioned:5b19efd6ef2b5c0b,True,20000,5500260,5520260,"{""condition_number"":100000000000000.0,""profile"":""one_small""}",100000000000000.0,one_small,,,,,,,,,
536,canonical,32,random_conditioned,random_conditioned:20591473a1bf5735,True,20000,5520260,5540260,"{""condition_number"":100000000000000.0,""profile"":""clustered""}",100000000000000.0,clustered,,,,,,,,,
537,canonical,32,random_conditioned,random_conditioned:6ed2736ecab0398d,True,20000,5540260,5560260,"{""condition_number"":1.0,""profile"":""orthogonal""}",1.0,orthogonal,,,,,,,,,
538,canonical,32,hilbert,hilbert:b9c548331ca110df,False,1,5560260,5560261,{},,,,,,,,,,,
539,canonical,32,vandermonde,vandermonde:c75e7bcca1c1877c,False,1,5560261,5560262,"{""cluster_parameter"":10.0,""column_scaling"":false,""node_type"":""equispaced""}",,,equispaced,10.0,False,,,,,,
540,canonical,32,vandermonde,vandermonde:ceedbcebccced4fc,False,1,5560262,5560263,"{""cluster_parameter"":10.0,""column_scaling"":true,""node_type"":""equispaced""}",,,equispaced,10.0,True,,,,,,
541,canonical,32,vandermonde,vandermonde:e7c5154704c3d4c9,False,1,5560263,5560264,"{""cluster_parameter"":10.0,""column_scaling"":false,""node_type"":""chebyshev""}",,,chebyshev,10.0,False,,,,,,
542,canonical,32,vandermonde,vandermonde:df362d800fc64531,False,1,5560264,5560265,"{""cluster_parameter"":10.0,""column_scaling"":true,""node_type"":""chebyshev""}",,,chebyshev,10.0,True,,,,,,
543,canonical,32,vandermonde,vandermonde:1a694a5cc930f5b5,False,1,5560265,5560266,"{""cluster_parameter"":10.0,""column_scaling"":false,""node_type"":""clustered_zero""}",,,clustered_zero,10.0,False,,,,,,
544,canonical,32,vandermonde,vandermonde:777568ed0dbc806c,False,1,5560266,5560267,"{""cluster_parameter"":10.0,""column_scaling"":true,""node_type"":""clustered_zero""}",,,clustered_zero,10.0,True,,,,,,
545,canonical,32,vandermonde,vandermonde:b85fbb786a5eb62d,False,1,5560267,5560268,"{""cluster_parameter"":10.0,""column_scaling"":false,""node_type"":""near_one""}",,,near_one,10.0,False,,,,,,
546,canonical,32,vandermonde,vandermonde:bc1c5a7c363c1cb2,False,1,5560268,5560269,"{""cluster_parameter"":10.0,""column_scaling"":true,""node_type"":""near_one""}",,,near_one,10.0,True,,,,,,
547,canonical,32,vandermonde,vandermonde:d4c1dcf1fe7912e5,True,20000,5560269,5580269,"{""cluster_parameter"":10.0,""column_scaling"":false,""node_type"":""random""}",,,random,10.0,False,,,,,,
548,canonical,32,vandermonde,vandermonde:0040369e0b8a027c,True,20000,5580269,5600269,"{""cluster_parameter"":10.0,""column_scaling"":true,""node_type"":""random""}",,,random,10.0,True,,,,,,
549,canonical,32,kahan_type,kahan_type:4290efc4c47e83af,False,1,5600269,5600270,"{""column_scaling"":false,""theta"":0.1}",,,,,False,0.1,,,,,
550,canonical,32,kahan_type,kahan_type:e71b6f9fd30d0d35,False,1,5600270,5600271,"{""column_scaling"":true,""theta"":0.1}",,,,,True,0.1,,,,,
551,canonical,32,kahan_type,kahan_type:55976e314ebada33,False,1,5600271,5600272,"{""column_scaling"":false,""theta"":0.01}",,,,,False,0.01,,,,,
552,canonical,32,kahan_type,kahan_type:3d5fca4b09918941,False,1,5600272,5600273,"{""column_scaling"":true,""theta"":0.01}",,,,,True,0.01,,,,,
553,canonical,32,kahan_type,kahan_type:ea9d2f45216bcaa7,False,1,5600273,5600274,"{""column_scaling"":false,""theta"":0.001}",,,,,False,0.001,,,,,
554,canonical,32,kahan_type,kahan_type:033d150a3a538c2e,False,1,5600274,5600275,"{""column_scaling"":true,""theta"":0.001}",,,,,True,0.001,,,,,
555,canonical,32,kahan_type,kahan_type:bf657253a4babc02,False,1,5600275,5600276,"{""column_scaling"":false,""theta"":0.0001}",,,,,False,0.0001,,,,,
556,canonical,32,kahan_type,kahan_type:7de370b15bdacd56,False,1,5600276,5600277,"{""column_scaling"":true,""theta"":0.0001}",,,,,True,0.0001,,,,,
557,canonical,32,kahan_type,kahan_type:7411493e1f8f3a01,False,1,5600277,5600278,"{""column_scaling"":false,""theta"":1e-06}",,,,,False,1e-06,,,,,
558,canonical,32,kahan_type,kahan_type:7f88c9d87a09d37c,False,1,5600278,5600279,"{""column_scaling"":true,""theta"":1e-06}",,,,,True,1e-06,,,,,
559,canonical,32,kahan_type,kahan_type:3fcb70bbfebc9826,False,1,5600279,5600280,"{""column_scaling"":false,""theta"":1e-08}",,,,,False,1e-08,,,,,
560,canonical,32,kahan_type,kahan_type:cb92209d4d47c312,False,1,5600280,5600281,"{""column_scaling"":true,""theta"":1e-08}",,,,,True,1e-08,,,,,
561,canonical,32,kahan_type,kahan_type:cad9cb441519fc5b,False,1,5600281,5600282,"{""column_scaling"":false,""theta"":1e-10}",,,,,False,1e-10,,,,,
562,canonical,32,kahan_type,kahan_type:ea85790adba5c3b2,False,1,5600282,5600283,"{""column_scaling"":true,""theta"":1e-10}",,,,,True,1e-10,,,,,
563,canonical,32,kahan_type,kahan_type:ecb64b54443ddd5c,False,1,5600283,5600284,"{""column_scaling"":false,""theta"":1e-12}",,,,,False,1e-12,,,,,
564,canonical,32,kahan_type,kahan_type:8457c94dc014b009,False,1,5600284,5600285,"{""column_scaling"":true,""theta"":1e-12}",,,,,True,1e-12,,,,,
565,canonical,32,adversarial_rotation,adversarial_rotation:b2c76300f74387b0,False,1,5600285,5600286,"{""epsilon"":0.1}",,,,,,,0.1,,,,
566,canonical,32,adversarial_rotation,adversarial_rotation:37c4e5a022b50612,False,1,5600286,5600287,"{""epsilon"":0.01}",,,,,,,0.01,,,,
567,canonical,32,adversarial_rotation,adversarial_rotation:fbc8efe02a7874dc,False,1,5600287,5600288,"{""epsilon"":0.0001}",,,,,,,0.0001,,,,
568,canonical,32,adversarial_rotation,adversarial_rotation:f7cff71dbc36bc98,False,1,5600288,5600289,"{""epsilon"":1e-06}",,,,,,,1e-06,,,,
569,canonical,32,adversarial_rotation,adversarial_rotation:ace807421641f23f,False,1,5600289,5600290,"{""epsilon"":1e-08}",,,,,,,1e-08,,,,
570,canonical,32,adversarial_rotation,adversarial_rotation:6f8f58222266e918,False,1,5600290,5600291,"{""epsilon"":1e-10}",,,,,,,1e-10,,,,
571,canonical,32,adversarial_rotation,adversarial_rotation:45392a8c926cd6a7,False,1,5600291,5600292,"{""epsilon"":1e-12}",,,,,,,1e-12,,,,
572,canonical,32,adversarial_rotation,adversarial_rotation:2cc9ff6f36ee55eb,False,1,5600292,5600293,"{""epsilon"":1e-14}",,,,,,,1e-14,,,,
573,canonical,32,repeated_bad_pivots,repeated_bad_pivots:ebddf4bf1bcd1f4b,False,1,5600293,5600294,"{""decay"":1.0,""epsilon"":0.01}",,,,,,,0.01,1.0,,,
574,canonical,32,repeated_bad_pivots,repeated_bad_pivots:22f815a7b3f93bb6,False,1,5600294,5600295,"{""decay"":0.3,""epsilon"":0.01}",,,,,,,0.01,0.3,,,
575,canonical,32,repeated_bad_pivots,repeated_bad_pivots:cf46139e6aa27490,False,1,5600295,5600296,"{""decay"":0.1,""epsilon"":0.01}",,,,,,,0.01,0.1,,,
576,canonical,32,repeated_bad_pivots,repeated_bad_pivots:221878ec2b94bb83,False,1,5600296,5600297,"{""decay"":1.0,""epsilon"":1e-06}",,,,,,,1e-06,1.0,,,
577,canonical,32,repeated_bad_pivots,repeated_bad_pivots:142920ff1c832f8b,False,1,5600297,5600298,"{""decay"":0.3,""epsilon"":1e-06}",,,,,,,1e-06,0.3,,,
578,canonical,32,repeated_bad_pivots,repeated_bad_pivots:1be3591d8f74c193,False,1,5600298,5600299,"{""decay"":0.1,""epsilon"":1e-06}",,,,,,,1e-06,0.1,,,
579,canonical,32,repeated_bad_pivots,repeated_bad_pivots:34246cb149b429c4,False,1,5600299,5600300,"{""decay"":1.0,""epsilon"":1e-10}",,,,,,,1e-10,1.0,,,
580,canonical,32,repeated_bad_pivots,repeated_bad_pivots:73c9e8040232fdc6,False,1,5600300,5600301,"{""decay"":0.3,""epsilon"":1e-10}",,,,,,,1e-10,0.3,,,
581,canonical,32,repeated_bad_pivots,repeated_bad_pivots:14488bcb7546a054,False,1,5600301,5600302,"{""decay"":0.1,""epsilon"":1e-10}",,,,,,,1e-10,0.1,,,
582,canonical,32,scaled_adversarial,scaled_adversarial:a1544dd12bfc380a,True,20000,5600302,5620302,"{""epsilon"":0.01,""scale_range"":2.0}",,,,,,,0.01,,2.0,,
583,canonical,32,scaled_adversarial,scaled_adversarial:bfa61de27cbbe219,True,20000,5620302,5640302,"{""epsilon"":0.01,""scale_range"":4.0}",,,,,,,0.01,,4.0,,
584,canonical,32,scaled_adversarial,scaled_adversarial:e73afbc25af72981,True,20000,5640302,5660302,"{""epsilon"":0.01,""scale_range"":8.0}",,,,,,,0.01,,8.0,,
585,canonical,32,scaled_adversarial,scaled_adversarial:17741976c2dfbd54,True,20000,5660302,5680302,"{""epsilon"":0.01,""scale_range"":12.0}",,,,,,,0.01,,12.0,,
586,canonical,32,scaled_adversarial,scaled_adversarial:1c7b58eee2ed258c,True,20000,5680302,5700302,"{""epsilon"":1e-06,""scale_range"":2.0}",,,,,,,1e-06,,2.0,,
587,canonical,32,scaled_adversarial,scaled_adversarial:4fa46c9b0730babb,True,20000,5700302,5720302,"{""epsilon"":1e-06,""scale_range"":4.0}",,,,,,,1e-06,,4.0,,
588,canonical,32,scaled_adversarial,scaled_adversarial:693a2410d358b3b1,True,20000,5720302,5740302,"{""epsilon"":1e-06,""scale_range"":8.0}",,,,,,,1e-06,,8.0,,
589,canonical,32,scaled_adversarial,scaled_adversarial:44cc26aec2af2f93,True,20000,5740302,5760302,"{""epsilon"":1e-06,""scale_range"":12.0}",,,,,,,1e-06,,12.0,,
590,canonical,32,scaled_adversarial,scaled_adversarial:47817f90b3ae7eb7,True,20000,5760302,5780302,"{""epsilon"":1e-10,""scale_range"":2.0}",,,,,,,1e-10,,2.0,,
591,canonical,32,scaled_adversarial,scaled_adversarial:4aad419250638d2a,True,20000,5780302,5800302,"{""epsilon"":1e-10,""scale_range"":4.0}",,,,,,,1e-10,,4.0,,
592,canonical,32,scaled_adversarial,scaled_adversarial:5d1019a4ba6f1410,True,20000,5800302,5820302,"{""epsilon"":1e-10,""scale_range"":8.0}",,,,,,,1e-10,,8.0,,
593,canonical,32,scaled_adversarial,scaled_adversarial:a7078d089ccfa660,True,20000,5820302,5840302,"{""epsilon"":1e-10,""scale_range"":12.0}",,,,,,,1e-10,,12.0,,
594,canonical,32,row_diagonal_dominant_random,row_diagonal_dominant_random:93e6f52ebdb3ac55,True,20000,5840302,5860302,"{""alpha"":0.5}",,,,,,,,,,0.5,
595,canonical,32,row_diagonal_dominant_random,row_diagonal_dominant_random:03e59f7215597618,True,20000,5860302,5880302,"{""alpha"":0.3}",,,,,,,,,,0.3,
596,canonical,32,row_diagonal_dominant_random,row_diagonal_dominant_random:c6616c01f005a03d,True,20000,5880302,5900302,"{""alpha"":0.2}",,,,,,,,,,0.2,
597,canonical,32,row_diagonal_dominant_random,row_diagonal_dominant_random:85f3946f6e4679ec,True,20000,5900302,5920302,"{""alpha"":0.1}",,,,,,,,,,0.1,
598,canonical,32,row_diagonal_dominant_random,row_diagonal_dominant_random:2976d44433ad1387,True,20000,5920302,5940302,"{""alpha"":0.05}",,,,,,,,,,0.05,
599,canonical,32,row_diagonal_dominant_random,row_diagonal_dominant_random:8a85d76f30eb75a6,True,20000,5940302,5960302,"{""alpha"":0.02}",,,,,,,,,,0.02,
600,canonical,32,row_diagonal_dominant_random,row_diagonal_dominant_random:3cf57fa76b9a551c,True,20000,5960302,5980302,"{""alpha"":0.01}",,,,,,,,,,0.01,
601,canonical,32,row_diagonal_dominant_random,row_diagonal_dominant_random:4cbd4f5958f010f8,True,20000,5980302,6000302,"{""alpha"":0.005}",,,,,,,,,,0.005,
602,canonical,32,row_diagonal_dominant_random,row_diagonal_dominant_random:9493eb0855127051,True,20000,6000302,6020302,"{""alpha"":0.002}",,,,,,,,,,0.002,
603,canonical,32,row_diagonal_dominant_random,row_diagonal_dominant_random:c93186b88112adec,True,20000,6020302,6040302,"{""alpha"":0.001}",,,,,,,,,,0.001,
604,canonical,32,row_diagonal_dominant_tridiagonal,row_diagonal_dominant_tridiagonal:982220238cdced02,False,1,6040302,6040303,"{""alpha"":0.5}",,,,,,,,,,0.5,
605,canonical,32,row_diagonal_dominant_tridiagonal,row_diagonal_dominant_tridiagonal:f7dbde840db0a0a1,False,1,6040303,6040304,"{""alpha"":0.3}",,,,,,,,,,0.3,
606,canonical,32,row_diagonal_dominant_tridiagonal,row_diagonal_dominant_tridiagonal:af932376a9e85180,False,1,6040304,6040305,"{""alpha"":0.2}",,,,,,,,,,0.2,
607,canonical,32,row_diagonal_dominant_tridiagonal,row_diagonal_dominant_tridiagonal:c27ad42e3f6fa594,False,1,6040305,6040306,"{""alpha"":0.1}",,,,,,,,,,0.1,
608,canonical,32,row_diagonal_dominant_tridiagonal,row_diagonal_dominant_tridiagonal:b140db102925b3ec,False,1,6040306,6040307,"{""alpha"":0.05}",,,,,,,,,,0.05,
609,canonical,32,row_diagonal_dominant_tridiagonal,row_diagonal_dominant_tridiagonal:9c6a6927336fc423,False,1,6040307,6040308,"{""alpha"":0.02}",,,,,,,,,,0.02,
610,canonical,32,row_diagonal_dominant_tridiagonal,row_diagonal_dominant_tridiagonal:a2ab9117ea3a1dfa,False,1,6040308,6040309,"{""alpha"":0.01}",,,,,,,,,,0.01,
611,canonical,32,row_diagonal_dominant_tridiagonal,row_diagonal_dominant_tridiagonal:80f1643c77f70cd6,False,1,6040309,6040310,"{""alpha"":0.005}",,,,,,,,,,0.005,
612,canonical,32,row_diagonal_dominant_tridiagonal,row_diagonal_dominant_tridiagonal:e81edd77eaa602f2,False,1,6040310,6040311,"{""alpha"":0.002}",,,,,,,,,,0.002,
613,canonical,32,row_diagonal_dominant_tridiagonal,row_diagonal_dominant_tridiagonal:3cc535104b50d6a1,False,1,6040311,6040312,"{""alpha"":0.001}",,,,,,,,,,0.001,
614,canonical,32,row_diagonal_dominant_rankone,row_diagonal_dominant_rankone:9b1d06cd48c40ab2,False,1,6040312,6040313,"{""alpha"":0.5}",,,,,,,,,,0.5,
615,canonical,32,row_diagonal_dominant_rankone,row_diagonal_dominant_rankone:b2135906babb091e,False,1,6040313,6040314,"{""alpha"":0.3}",,,,,,,,,,0.3,
616,canonical,32,row_diagonal_dominant_rankone,row_diagonal_dominant_rankone:4b19e252ebf4e64e,False,1,6040314,6040315,"{""alpha"":0.2}",,,,,,,,,,0.2,
617,canonical,32,row_diagonal_dominant_rankone,row_diagonal_dominant_rankone:f77fdfb3efff94e7,False,1,6040315,6040316,"{""alpha"":0.1}",,,,,,,,,,0.1,
618,canonical,32,row_diagonal_dominant_rankone,row_diagonal_dominant_rankone:e9f8a9d621908331,False,1,6040316,6040317,"{""alpha"":0.05}",,,,,,,,,,0.05,
619,canonical,32,row_diagonal_dominant_rankone,row_diagonal_dominant_rankone:f5d1060d84da4649,False,1,6040317,6040318,"{""alpha"":0.02}",,,,,,,,,,0.02,
620,canonical,32,row_diagonal_dominant_rankone,row_diagonal_dominant_rankone:bbdf2ff377511d2a,False,1,6040318,6040319,"{""alpha"":0.01}",,,,,,,,,,0.01,
621,canonical,32,row_diagonal_dominant_rankone,row_diagonal_dominant_rankone:b724756e042d2640,False,1,6040319,6040320,"{""alpha"":0.005}",,,,,,,,,,0.005,
622,canonical,32,row_diagonal_dominant_rankone,row_diagonal_dominant_rankone:9248beec0335477a,False,1,6040320,6040321,"{""alpha"":0.002}",,,,,,,,,,0.002,
623,canonical,32,row_diagonal_dominant_rankone,row_diagonal_dominant_rankone:6689e0c35681572e,False,1,6040321,6040322,"{""alpha"":0.001}",,,,,,,,,,0.001,
624,canonical,32,row_diagonal_dominant_stochastic,row_diagonal_dominant_stochastic:021519ee0a19df7c,True,20000,6040322,6060322,"{""alpha"":0.5}",,,,,,,,,,0.5,
625,canonical,32,row_diagonal_dominant_stochastic,row_diagonal_dominant_stochastic:de30837b1853aaf8,True,20000,6060322,6080322,"{""alpha"":0.3}",,,,,,,,,,0.3,
626,canonical,32,row_diagonal_dominant_stochastic,row_diagonal_dominant_stochastic:85d04ae4513fe85f,True,20000,6080322,6100322,"{""alpha"":0.2}",,,,,,,,,,0.2,
627,canonical,32,row_diagonal_dominant_stochastic,row_diagonal_dominant_stochastic:0f7feef7c7880b20,True,20000,6100322,6120322,"{""alpha"":0.1}",,,,,,,,,,0.1,
628,canonical,32,row_diagonal_dominant_stochastic,row_diagonal_dominant_stochastic:0530909e2322226a,True,20000,6120322,6140322,"{""alpha"":0.05}",,,,,,,,,,0.05,
629,canonical,32,row_diagonal_dominant_stochastic,row_diagonal_dominant_stochastic:f5393029996d2c29,True,20000,6140322,6160322,"{""alpha"":0.02}",,,,,,,,,,0.02,
630,canonical,32,row_diagonal_dominant_stochastic,row_diagonal_dominant_stochastic:0d717c35c3b2f62d,True,20000,6160322,6180322,"{""alpha"":0.01}",,,,,,,,,,0.01,
631,canonical,32,row_diagonal_dominant_stochastic,row_diagonal_dominant_stochastic:6bb9c9b7e1526958,True,20000,6180322,6200322,"{""alpha"":0.005}",,,,,,,,,,0.005,
632,canonical,32,row_diagonal_dominant_stochastic,row_diagonal_dominant_stochastic:103e29b8022442fa,True,20000,6200322,6220322,"{""alpha"":0.002}",,,,,,,,,,0.002,
633,canonical,32,row_diagonal_dominant_stochastic,row_diagonal_dominant_stochastic:3f149f338e70104c,True,20000,6220322,6240322,"{""alpha"":0.001}",,,,,,,,,,0.001,
634,canonical,32,spd_prescribed_spectrum,spd_prescribed_spectrum:f3c8ebf0e249f88d,True,20000,6240322,6260322,"{""kappa"":10.0}",,,,,,,,,,,10.0
635,canonical,32,spd_prescribed_spectrum,spd_prescribed_spectrum:fd9c01d27036b31c,True,20000,6260322,6280322,"{""kappa"":100.0}",,,,,,,,,,,100.0
636,canonical,32,spd_prescribed_spectrum,spd_prescribed_spectrum:dc332cd1bfa688f6,True,20000,6280322,6300322,"{""kappa"":1000.0}",,,,,,,,,,,1000.0
637,canonical,32,spd_prescribed_spectrum,spd_prescribed_spectrum:a954fd91076fe28c,True,20000,6300322,6320322,"{""kappa"":10000.0}",,,,,,,,,,,10000.0
638,canonical,32,spd_prescribed_spectrum,spd_prescribed_spectrum:79fe5321ebe142a9,True,20000,6320322,6340322,"{""kappa"":100000.0}",,,,,,,,,,,100000.0
639,canonical,32,spd_prescribed_spectrum,spd_prescribed_spectrum:4953545b5c68c921,True,20000,6340322,6360322,"{""kappa"":1000000.0}",,,,,,,,,,,1000000.0
640,canonical,32,spd_prescribed_spectrum,spd_prescribed_spectrum:70d7805e407478aa,True,20000,6360322,6380322,"{""kappa"":10000000.0}",,,,,,,,,,,10000000.0
641,canonical,32,spd_prescribed_spectrum,spd_prescribed_spectrum:fc3ee47b52f52cc7,True,20000,6380322,6400322,"{""kappa"":100000000.0}",,,,,,,,,,,100000000.0
642,canonical,32,tnn_vandermonde_positive,tnn_vandermonde_positive:d0b487e6f0518b72,False,1,6400322,6400323,"{""cluster_parameter"":2.0,""node_type"":""equispaced_positive""}",,,equispaced_positive,2.0,,,,,,,
643,canonical,32,tnn_vandermonde_positive,tnn_vandermonde_positive:5aaa1a7a23ee6d83,False,1,6400323,6400324,"{""cluster_parameter"":2.0,""node_type"":""clustered_positive""}",,,clustered_positive,2.0,,,,,,,
644,canonical,32,pascal,pascal:7b24b4808f94bc0d,False,1,6400324,6400325,{},,,,,,,,,,,
645,canonical,45,random_conditioned,random_conditioned:3d4ea8f7b0b7ac02,True,20000,6400325,6420325,"{""condition_number"":100.0,""profile"":""geometric""}",100.0,geometric,,,,,,,,,
646,canonical,45,random_conditioned,random_conditioned:f13d30e42b69e288,True,20000,6420325,6440325,"{""condition_number"":100.0,""profile"":""one_small""}",100.0,one_small,,,,,,,,,
647,canonical,45,random_conditioned,random_conditioned:5e2483f030292e83,True,20000,6440325,6460325,"{""condition_number"":100.0,""profile"":""clustered""}",100.0,clustered,,,,,,,,,
648,canonical,45,random_conditioned,random_conditioned:59554964dd17fd28,True,20000,6460325,6480325,"{""condition_number"":10000.0,""profile"":""geometric""}",10000.0,geometric,,,,,,,,,
649,canonical,45,random_conditioned,random_conditioned:9249e93b9b37b741,True,20000,6480325,6500325,"{""condition_number"":10000.0,""profile"":""one_small""}",10000.0,one_small,,,,,,,,,
650,canonical,45,random_conditioned,random_conditioned:24db10624cd06023,True,20000,6500325,6520325,"{""condition_number"":10000.0,""profile"":""clustered""}",10000.0,clustered,,,,,,,,,
651,canonical,45,random_conditioned,random_conditioned:ede4f08ad80ec7c0,True,20000,6520325,6540325,"{""condition_number"":1000000.0,""profile"":""geometric""}",1000000.0,geometric,,,,,,,,,
652,canonical,45,random_conditioned,random_conditioned:58959af1bd395489,True,20000,6540325,6560325,"{""condition_number"":1000000.0,""profile"":""one_small""}",1000000.0,one_small,,,,,,,,,
653,canonical,45,random_conditioned,random_conditioned:60b649f84d12d8bd,True,20000,6560325,6580325,"{""condition_number"":1000000.0,""profile"":""clustered""}",1000000.0,clustered,,,,,,,,,
654,canonical,45,random_conditioned,random_conditioned:d85a46ecb6e00d73,True,20000,6580325,6600325,"{""condition_number"":100000000.0,""profile"":""geometric""}",100000000.0,geometric,,,,,,,,,
655,canonical,45,random_conditioned,random_conditioned:be39cf2c9bb5dcd1,True,20000,6600325,6620325,"{""condition_number"":100000000.0,""profile"":""one_small""}",100000000.0,one_small,,,,,,,,,
656,canonical,45,random_conditioned,random_conditioned:c09b81d86321af6f,True,20000,6620325,6640325,"{""condition_number"":100000000.0,""profile"":""clustered""}",100000000.0,clustered,,,,,,,,,
657,canonical,45,random_conditioned,random_conditioned:37f6a61bc4687e9e,True,20000,6640325,6660325,"{""condition_number"":10000000000.0,""profile"":""geometric""}",10000000000.0,geometric,,,,,,,,,
658,canonical,45,random_conditioned,random_conditioned:33289cf8a89ff087,True,20000,6660325,6680325,"{""condition_number"":10000000000.0,""profile"":""one_small""}",10000000000.0,one_small,,,,,,,,,
659,canonical,45,random_conditioned,random_conditioned:d512272586bc7c53,True,20000,6680325,6700325,"{""condition_number"":10000000000.0,""profile"":""clustered""}",10000000000.0,clustered,,,,,,,,,
660,canonical,45,random_conditioned,random_conditioned:36337c2841740aff,True,20000,6700325,6720325,"{""condition_number"":1000000000000.0,""profile"":""geometric""}",1000000000000.0,geometric,,,,,,,,,
661,canonical,45,random_conditioned,random_conditioned:982d888343062026,True,20000,6720325,6740325,"{""condition_number"":1000000000000.0,""profile"":""one_small""}",1000000000000.0,one_small,,,,,,,,,
662,canonical,45,random_conditioned,random_conditioned:3868b8f4f35e5d1d,True,20000,6740325,6760325,"{""condition_number"":1000000000000.0,""profile"":""clustered""}",1000000000000.0,clustered,,,,,,,,,
663,canonical,45,random_conditioned,random_conditioned:e026603158c7af35,True,20000,6760325,6780325,"{""condition_number"":100000000000000.0,""profile"":""geometric""}",100000000000000.0,geometric,,,,,,,,,
664,canonical,45,random_conditioned,random_conditioned:5b19efd6ef2b5c0b,True,20000,6780325,6800325,"{""condition_number"":100000000000000.0,""profile"":""one_small""}",100000000000000.0,one_small,,,,,,,,,
665,canonical,45,random_conditioned,random_conditioned:20591473a1bf5735,True,20000,6800325,6820325,"{""condition_number"":100000000000000.0,""profile"":""clustered""}",100000000000000.0,clustered,,,,,,,,,
666,canonical,45,random_conditioned,random_conditioned:6ed2736ecab0398d,True,20000,6820325,6840325,"{""condition_number"":1.0,""profile"":""orthogonal""}",1.0,orthogonal,,,,,,,,,
667,canonical,45,hilbert,hilbert:b9c548331ca110df,False,1,6840325,6840326,{},,,,,,,,,,,
668,canonical,45,vandermonde,vandermonde:c75e7bcca1c1877c,False,1,6840326,6840327,"{""cluster_parameter"":10.0,""column_scaling"":false,""node_type"":""equispaced""}",,,equispaced,10.0,False,,,,,,
669,canonical,45,vandermonde,vandermonde:ceedbcebccced4fc,False,1,6840327,6840328,"{""cluster_parameter"":10.0,""column_scaling"":true,""node_type"":""equispaced""}",,,equispaced,10.0,True,,,,,,
670,canonical,45,vandermonde,vandermonde:e7c5154704c3d4c9,False,1,6840328,6840329,"{""cluster_parameter"":10.0,""column_scaling"":false,""node_type"":""chebyshev""}",,,chebyshev,10.0,False,,,,,,
671,canonical,45,vandermonde,vandermonde:df362d800fc64531,False,1,6840329,6840330,"{""cluster_parameter"":10.0,""column_scaling"":true,""node_type"":""chebyshev""}",,,chebyshev,10.0,True,,,,,,
672,canonical,45,vandermonde,vandermonde:1a694a5cc930f5b5,False,1,6840330,6840331,"{""cluster_parameter"":10.0,""column_scaling"":false,""node_type"":""clustered_zero""}",,,clustered_zero,10.0,False,,,,,,
673,canonical,45,vandermonde,vandermonde:777568ed0dbc806c,False,1,6840331,6840332,"{""cluster_parameter"":10.0,""column_scaling"":true,""node_type"":""clustered_zero""}",,,clustered_zero,10.0,True,,,,,,
674,canonical,45,vandermonde,vandermonde:b85fbb786a5eb62d,False,1,6840332,6840333,"{""cluster_parameter"":10.0,""column_scaling"":false,""node_type"":""near_one""}",,,near_one,10.0,False,,,,,,
675,canonical,45,vandermonde,vandermonde:bc1c5a7c363c1cb2,False,1,6840333,6840334,"{""cluster_parameter"":10.0,""column_scaling"":true,""node_type"":""near_one""}",,,near_one,10.0,True,,,,,,
676,canonical,45,vandermonde,vandermonde:d4c1dcf1fe7912e5,True,20000,6840334,6860334,"{""cluster_parameter"":10.0,""column_scaling"":false,""node_type"":""random""}",,,random,10.0,False,,,,,,
677,canonical,45,vandermonde,vandermonde:0040369e0b8a027c,True,20000,6860334,6880334,"{""cluster_parameter"":10.0,""column_scaling"":true,""node_type"":""random""}",,,random,10.0,True,,,,,,
678,canonical,45,kahan_type,kahan_type:4290efc4c47e83af,False,1,6880334,6880335,"{""column_scaling"":false,""theta"":0.1}",,,,,False,0.1,,,,,
679,canonical,45,kahan_type,kahan_type:e71b6f9fd30d0d35,False,1,6880335,6880336,"{""column_scaling"":true,""theta"":0.1}",,,,,True,0.1,,,,,
680,canonical,45,kahan_type,kahan_type:55976e314ebada33,False,1,6880336,6880337,"{""column_scaling"":false,""theta"":0.01}",,,,,False,0.01,,,,,
681,canonical,45,kahan_type,kahan_type:3d5fca4b09918941,False,1,6880337,6880338,"{""column_scaling"":true,""theta"":0.01}",,,,,True,0.01,,,,,
682,canonical,45,kahan_type,kahan_type:ea9d2f45216bcaa7,False,1,6880338,6880339,"{""column_scaling"":false,""theta"":0.001}",,,,,False,0.001,,,,,
683,canonical,45,kahan_type,kahan_type:033d150a3a538c2e,False,1,6880339,6880340,"{""column_scaling"":true,""theta"":0.001}",,,,,True,0.001,,,,,
684,canonical,45,kahan_type,kahan_type:bf657253a4babc02,False,1,6880340,6880341,"{""column_scaling"":false,""theta"":0.0001}",,,,,False,0.0001,,,,,
685,canonical,45,kahan_type,kahan_type:7de370b15bdacd56,False,1,6880341,6880342,"{""column_scaling"":true,""theta"":0.0001}",,,,,True,0.0001,,,,,
686,canonical,45,kahan_type,kahan_type:7411493e1f8f3a01,False,1,6880342,6880343,"{""column_scaling"":false,""theta"":1e-06}",,,,,False,1e-06,,,,,
687,canonical,45,kahan_type,kahan_type:7f88c9d87a09d37c,False,1,6880343,6880344,"{""column_scaling"":true,""theta"":1e-06}",,,,,True,1e-06,,,,,
688,canonical,45,kahan_type,kahan_type:3fcb70bbfebc9826,False,1,6880344,6880345,"{""column_scaling"":false,""theta"":1e-08}",,,,,False,1e-08,,,,,
689,canonical,45,kahan_type,kahan_type:cb92209d4d47c312,False,1,6880345,6880346,"{""column_scaling"":true,""theta"":1e-08}",,,,,True,1e-08,,,,,
690,canonical,45,kahan_type,kahan_type:cad9cb441519fc5b,False,1,6880346,6880347,"{""column_scaling"":false,""theta"":1e-10}",,,,,False,1e-10,,,,,
691,canonical,45,kahan_type,kahan_type:ea85790adba5c3b2,False,1,6880347,6880348,"{""column_scaling"":true,""theta"":1e-10}",,,,,True,1e-10,,,,,
692,canonical,45,kahan_type,kahan_type:ecb64b54443ddd5c,False,1,6880348,6880349,"{""column_scaling"":false,""theta"":1e-12}",,,,,False,1e-12,,,,,
693,canonical,45,kahan_type,kahan_type:8457c94dc014b009,False,1,6880349,6880350,"{""column_scaling"":true,""theta"":1e-12}",,,,,True,1e-12,,,,,
694,canonical,45,adversarial_rotation,adversarial_rotation:b2c76300f74387b0,False,1,6880350,6880351,"{""epsilon"":0.1}",,,,,,,0.1,,,,
695,canonical,45,adversarial_rotation,adversarial_rotation:37c4e5a022b50612,False,1,6880351,6880352,"{""epsilon"":0.01}",,,,,,,0.01,,,,
696,canonical,45,adversarial_rotation,adversarial_rotation:fbc8efe02a7874dc,False,1,6880352,6880353,"{""epsilon"":0.0001}",,,,,,,0.0001,,,,
697,canonical,45,adversarial_rotation,adversarial_rotation:f7cff71dbc36bc98,False,1,6880353,6880354,"{""epsilon"":1e-06}",,,,,,,1e-06,,,,
698,canonical,45,adversarial_rotation,adversarial_rotation:ace807421641f23f,False,1,6880354,6880355,"{""epsilon"":1e-08}",,,,,,,1e-08,,,,
699,canonical,45,adversarial_rotation,adversarial_rotation:6f8f58222266e918,False,1,6880355,6880356,"{""epsilon"":1e-10}",,,,,,,1e-10,,,,
700,canonical,45,adversarial_rotation,adversarial_rotation:45392a8c926cd6a7,False,1,6880356,6880357,"{""epsilon"":1e-12}",,,,,,,1e-12,,,,
701,canonical,45,adversarial_rotation,adversarial_rotation:2cc9ff6f36ee55eb,False,1,6880357,6880358,"{""epsilon"":1e-14}",,,,,,,1e-14,,,,
702,canonical,45,repeated_bad_pivots,repeated_bad_pivots:ebddf4bf1bcd1f4b,False,1,6880358,6880359,"{""decay"":1.0,""epsilon"":0.01}",,,,,,,0.01,1.0,,,
703,canonical,45,repeated_bad_pivots,repeated_bad_pivots:22f815a7b3f93bb6,False,1,6880359,6880360,"{""decay"":0.3,""epsilon"":0.01}",,,,,,,0.01,0.3,,,
704,canonical,45,repeated_bad_pivots,repeated_bad_pivots:cf46139e6aa27490,False,1,6880360,6880361,"{""decay"":0.1,""epsilon"":0.01}",,,,,,,0.01,0.1,,,
705,canonical,45,repeated_bad_pivots,repeated_bad_pivots:221878ec2b94bb83,False,1,6880361,6880362,"{""decay"":1.0,""epsilon"":1e-06}",,,,,,,1e-06,1.0,,,
706,canonical,45,repeated_bad_pivots,repeated_bad_pivots:142920ff1c832f8b,False,1,6880362,6880363,"{""decay"":0.3,""epsilon"":1e-06}",,,,,,,1e-06,0.3,,,
707,canonical,45,repeated_bad_pivots,repeated_bad_pivots:1be3591d8f74c193,False,1,6880363,6880364,"{""decay"":0.1,""epsilon"":1e-06}",,,,,,,1e-06,0.1,,,
708,canonical,45,repeated_bad_pivots,repeated_bad_pivots:34246cb149b429c4,False,1,6880364,6880365,"{""decay"":1.0,""epsilon"":1e-10}",,,,,,,1e-10,1.0,,,
709,canonical,45,repeated_bad_pivots,repeated_bad_pivots:73c9e8040232fdc6,False,1,6880365,6880366,"{""decay"":0.3,""epsilon"":1e-10}",,,,,,,1e-10,0.3,,,
710,canonical,45,repeated_bad_pivots,repeated_bad_pivots:14488bcb7546a054,False,1,6880366,6880367,"{""decay"":0.1,""epsilon"":1e-10}",,,,,,,1e-10,0.1,,,
711,canonical,45,scaled_adversarial,scaled_adversarial:a1544dd12bfc380a,True,20000,6880367,6900367,"{""epsilon"":0.01,""scale_range"":2.0}",,,,,,,0.01,,2.0,,
712,canonical,45,scaled_adversarial,scaled_adversarial:bfa61de27cbbe219,True,20000,6900367,6920367,"{""epsilon"":0.01,""scale_range"":4.0}",,,,,,,0.01,,4.0,,
713,canonical,45,scaled_adversarial,scaled_adversarial:e73afbc25af72981,True,20000,6920367,6940367,"{""epsilon"":0.01,""scale_range"":8.0}",,,,,,,0.01,,8.0,,
714,canonical,45,scaled_adversarial,scaled_adversarial:17741976c2dfbd54,True,20000,6940367,6960367,"{""epsilon"":0.01,""scale_range"":12.0}",,,,,,,0.01,,12.0,,
715,canonical,45,scaled_adversarial,scaled_adversarial:1c7b58eee2ed258c,True,20000,6960367,6980367,"{""epsilon"":1e-06,""scale_range"":2.0}",,,,,,,1e-06,,2.0,,
716,canonical,45,scaled_adversarial,scaled_adversarial:4fa46c9b0730babb,True,20000,6980367,7000367,"{""epsilon"":1e-06,""scale_range"":4.0}",,,,,,,1e-06,,4.0,,
717,canonical,45,scaled_adversarial,scaled_adversarial:693a2410d358b3b1,True,20000,7000367,7020367,"{""epsilon"":1e-06,""scale_range"":8.0}",,,,,,,1e-06,,8.0,,
718,canonical,45,scaled_adversarial,scaled_adversarial:44cc26aec2af2f93,True,20000,7020367,7040367,"{""epsilon"":1e-06,""scale_range"":12.0}",,,,,,,1e-06,,12.0,,
719,canonical,45,scaled_adversarial,scaled_adversarial:47817f90b3ae7eb7,True,20000,7040367,7060367,"{""epsilon"":1e-10,""scale_range"":2.0}",,,,,,,1e-10,,2.0,,
720,canonical,45,scaled_adversarial,scaled_adversarial:4aad419250638d2a,True,20000,7060367,7080367,"{""epsilon"":1e-10,""scale_range"":4.0}",,,,,,,1e-10,,4.0,,
721,canonical,45,scaled_adversarial,scaled_adversarial:5d1019a4ba6f1410,True,20000,7080367,7100367,"{""epsilon"":1e-10,""scale_range"":8.0}",,,,,,,1e-10,,8.0,,
722,canonical,45,scaled_adversarial,scaled_adversarial:a7078d089ccfa660,True,20000,7100367,7120367,"{""epsilon"":1e-10,""scale_range"":12.0}",,,,,,,1e-10,,12.0,,
723,canonical,45,row_diagonal_dominant_random,row_diagonal_dominant_random:93e6f52ebdb3ac55,True,20000,7120367,7140367,"{""alpha"":0.5}",,,,,,,,,,0.5,
724,canonical,45,row_diagonal_dominant_random,row_diagonal_dominant_random:03e59f7215597618,True,20000,7140367,7160367,"{""alpha"":0.3}",,,,,,,,,,0.3,
725,canonical,45,row_diagonal_dominant_random,row_diagonal_dominant_random:c6616c01f005a03d,True,20000,7160367,7180367,"{""alpha"":0.2}",,,,,,,,,,0.2,
726,canonical,45,row_diagonal_dominant_random,row_diagonal_dominant_random:85f3946f6e4679ec,True,20000,7180367,7200367,"{""alpha"":0.1}",,,,,,,,,,0.1,
727,canonical,45,row_diagonal_dominant_random,row_diagonal_dominant_random:2976d44433ad1387,True,20000,7200367,7220367,"{""alpha"":0.05}",,,,,,,,,,0.05,
728,canonical,45,row_diagonal_dominant_random,row_diagonal_dominant_random:8a85d76f30eb75a6,True,20000,7220367,7240367,"{""alpha"":0.02}",,,,,,,,,,0.02,
729,canonical,45,row_diagonal_dominant_random,row_diagonal_dominant_random:3cf57fa76b9a551c,True,20000,7240367,7260367,"{""alpha"":0.01}",,,,,,,,,,0.01,
730,canonical,45,row_diagonal_dominant_random,row_diagonal_dominant_random:4cbd4f5958f010f8,True,20000,7260367,7280367,"{""alpha"":0.005}",,,,,,,,,,0.005,
731,canonical,45,row_diagonal_dominant_random,row_diagonal_dominant_random:9493eb0855127051,True,20000,7280367,7300367,"{""alpha"":0.002}",,,,,,,,,,0.002,
732,canonical,45,row_diagonal_dominant_random,row_diagonal_dominant_random:c93186b88112adec,True,20000,7300367,7320367,"{""alpha"":0.001}",,,,,,,,,,0.001,
733,canonical,45,row_diagonal_dominant_tridiagonal,row_diagonal_dominant_tridiagonal:982220238cdced02,False,1,7320367,7320368,"{""alpha"":0.5}",,,,,,,,,,0.5,
734,canonical,45,row_diagonal_dominant_tridiagonal,row_diagonal_dominant_tridiagonal:f7dbde840db0a0a1,False,1,7320368,7320369,"{""alpha"":0.3}",,,,,,,,,,0.3,
735,canonical,45,row_diagonal_dominant_tridiagonal,row_diagonal_dominant_tridiagonal:af932376a9e85180,False,1,7320369,7320370,"{""alpha"":0.2}",,,,,,,,,,0.2,
736,canonical,45,row_diagonal_dominant_tridiagonal,row_diagonal_dominant_tridiagonal:c27ad42e3f6fa594,False,1,7320370,7320371,"{""alpha"":0.1}",,,,,,,,,,0.1,
737,canonical,45,row_diagonal_dominant_tridiagonal,row_diagonal_dominant_tridiagonal:b140db102925b3ec,False,1,7320371,7320372,"{""alpha"":0.05}",,,,,,,,,,0.05,
738,canonical,45,row_diagonal_dominant_tridiagonal,row_diagonal_dominant_tridiagonal:9c6a6927336fc423,False,1,7320372,7320373,"{""alpha"":0.02}",,,,,,,,,,0.02,
739,canonical,45,row_diagonal_dominant_tridiagonal,row_diagonal_dominant_tridiagonal:a2ab9117ea3a1dfa,False,1,7320373,7320374,"{""alpha"":0.01}",,,,,,,,,,0.01,
740,canonical,45,row_diagonal_dominant_tridiagonal,row_diagonal_dominant_tridiagonal:80f1643c77f70cd6,False,1,7320374,7320375,"{""alpha"":0.005}",,,,,,,,,,0.005,
741,canonical,45,row_diagonal_dominant_tridiagonal,row_diagonal_dominant_tridiagonal:e81edd77eaa602f2,False,1,7320375,7320376,"{""alpha"":0.002}",,,,,,,,,,0.002,
742,canonical,45,row_diagonal_dominant_tridiagonal,row_diagonal_dominant_tridiagonal:3cc535104b50d6a1,False,1,7320376,7320377,"{""alpha"":0.001}",,,,,,,,,,0.001,
743,canonical,45,row_diagonal_dominant_rankone,row_diagonal_dominant_rankone:9b1d06cd48c40ab2,False,1,7320377,7320378,"{""alpha"":0.5}",,,,,,,,,,0.5,
744,canonical,45,row_diagonal_dominant_rankone,row_diagonal_dominant_rankone:b2135906babb091e,False,1,7320378,7320379,"{""alpha"":0.3}",,,,,,,,,,0.3,
745,canonical,45,row_diagonal_dominant_rankone,row_diagonal_dominant_rankone:4b19e252ebf4e64e,False,1,7320379,7320380,"{""alpha"":0.2}",,,,,,,,,,0.2,
746,canonical,45,row_diagonal_dominant_rankone,row_diagonal_dominant_rankone:f77fdfb3efff94e7,False,1,7320380,7320381,"{""alpha"":0.1}",,,,,,,,,,0.1,
747,canonical,45,row_diagonal_dominant_rankone,row_diagonal_dominant_rankone:e9f8a9d621908331,False,1,7320381,7320382,"{""alpha"":0.05}",,,,,,,,,,0.05,
748,canonical,45,row_diagonal_dominant_rankone,row_diagonal_dominant_rankone:f5d1060d84da4649,False,1,7320382,7320383,"{""alpha"":0.02}",,,,,,,,,,0.02,
749,canonical,45,row_diagonal_dominant_rankone,row_diagonal_dominant_rankone:bbdf2ff377511d2a,False,1,7320383,7320384,"{""alpha"":0.01}",,,,,,,,,,0.01,
750,canonical,45,row_diagonal_dominant_rankone,row_diagonal_dominant_rankone:b724756e042d2640,False,1,7320384,7320385,"{""alpha"":0.005}",,,,,,,,,,0.005,
751,canonical,45,row_diagonal_dominant_rankone,row_diagonal_dominant_rankone:9248beec0335477a,False,1,7320385,7320386,"{""alpha"":0.002}",,,,,,,,,,0.002,
752,canonical,45,row_diagonal_dominant_rankone,row_diagonal_dominant_rankone:6689e0c35681572e,False,1,7320386,7320387,"{""alpha"":0.001}",,,,,,,,,,0.001,
753,canonical,45,row_diagonal_dominant_stochastic,row_diagonal_dominant_stochastic:021519ee0a19df7c,True,20000,7320387,7340387,"{""alpha"":0.5}",,,,,,,,,,0.5,
754,canonical,45,row_diagonal_dominant_stochastic,row_diagonal_dominant_stochastic:de30837b1853aaf8,True,20000,7340387,7360387,"{""alpha"":0.3}",,,,,,,,,,0.3,
755,canonical,45,row_diagonal_dominant_stochastic,row_diagonal_dominant_stochastic:85d04ae4513fe85f,True,20000,7360387,7380387,"{""alpha"":0.2}",,,,,,,,,,0.2,
756,canonical,45,row_diagonal_dominant_stochastic,row_diagonal_dominant_stochastic:0f7feef7c7880b20,True,20000,7380387,7400387,"{""alpha"":0.1}",,,,,,,,,,0.1,
757,canonical,45,row_diagonal_dominant_stochastic,row_diagonal_dominant_stochastic:0530909e2322226a,True,20000,7400387,7420387,"{""alpha"":0.05}",,,,,,,,,,0.05,
758,canonical,45,row_diagonal_dominant_stochastic,row_diagonal_dominant_stochastic:f5393029996d2c29,True,20000,7420387,7440387,"{""alpha"":0.02}",,,,,,,,,,0.02,
759,canonical,45,row_diagonal_dominant_stochastic,row_diagonal_dominant_stochastic:0d717c35c3b2f62d,True,20000,7440387,7460387,"{""alpha"":0.01}",,,,,,,,,,0.01,
760,canonical,45,row_diagonal_dominant_stochastic,row_diagonal_dominant_stochastic:6bb9c9b7e1526958,True,20000,7460387,7480387,"{""alpha"":0.005}",,,,,,,,,,0.005,
761,canonical,45,row_diagonal_dominant_stochastic,row_diagonal_dominant_stochastic:103e29b8022442fa,True,20000,7480387,7500387,"{""alpha"":0.002}",,,,,,,,,,0.002,
762,canonical,45,row_diagonal_dominant_stochastic,row_diagonal_dominant_stochastic:3f149f338e70104c,True,20000,7500387,7520387,"{""alpha"":0.001}",,,,,,,,,,0.001,
763,canonical,45,spd_prescribed_spectrum,spd_prescribed_spectrum:f3c8ebf0e249f88d,True,20000,7520387,7540387,"{""kappa"":10.0}",,,,,,,,,,,10.0
764,canonical,45,spd_prescribed_spectrum,spd_prescribed_spectrum:fd9c01d27036b31c,True,20000,7540387,7560387,"{""kappa"":100.0}",,,,,,,,,,,100.0
765,canonical,45,spd_prescribed_spectrum,spd_prescribed_spectrum:dc332cd1bfa688f6,True,20000,7560387,7580387,"{""kappa"":1000.0}",,,,,,,,,,,1000.0
766,canonical,45,spd_prescribed_spectrum,spd_prescribed_spectrum:a954fd91076fe28c,True,20000,7580387,7600387,"{""kappa"":10000.0}",,,,,,,,,,,10000.0
767,canonical,45,spd_prescribed_spectrum,spd_prescribed_spectrum:79fe5321ebe142a9,True,20000,7600387,7620387,"{""kappa"":100000.0}",,,,,,,,,,,100000.0
768,canonical,45,spd_prescribed_spectrum,spd_prescribed_spectrum:4953545b5c68c921,True,20000,7620387,7640387,"{""kappa"":1000000.0}",,,,,,,,,,,1000000.0
769,canonical,45,spd_prescribed_spectrum,spd_prescribed_spectrum:70d7805e407478aa,True,20000,7640387,7660387,"{""kappa"":10000000.0}",,,,,,,,,,,10000000.0
770,canonical,45,spd_prescribed_spectrum,spd_prescribed_spectrum:fc3ee47b52f52cc7,True,20000,7660387,7680387,"{""kappa"":100000000.0}",,,,,,,,,,,100000000.0
771,canonical,45,tnn_vandermonde_positive,tnn_vandermonde_positive:d0b487e6f0518b72,False,1,7680387,7680388,"{""cluster_parameter"":2.0,""node_type"":""equispaced_positive""}",,,equispaced_positive,2.0,,,,,,,
772,canonical,45,tnn_vandermonde_positive,tnn_vandermonde_positive:5aaa1a7a23ee6d83,False,1,7680388,7680389,"{""cluster_parameter"":2.0,""node_type"":""clustered_positive""}",,,clustered_positive,2.0,,,,,,,
773,canonical,45,pascal,pascal:7b24b4808f94bc0d,False,1,7680389,7680390,{},,,,,,,,,,,
774,canonical,64,random_conditioned,random_conditioned:3d4ea8f7b0b7ac02,True,20000,7680390,7700390,"{""condition_number"":100.0,""profile"":""geometric""}",100.0,geometric,,,,,,,,,
775,canonical,64,random_conditioned,random_conditioned:f13d30e42b69e288,True,20000,7700390,7720390,"{""condition_number"":100.0,""profile"":""one_small""}",100.0,one_small,,,,,,,,,
776,canonical,64,random_conditioned,random_conditioned:5e2483f030292e83,True,20000,7720390,7740390,"{""condition_number"":100.0,""profile"":""clustered""}",100.0,clustered,,,,,,,,,
777,canonical,64,random_conditioned,random_conditioned:59554964dd17fd28,True,20000,7740390,7760390,"{""condition_number"":10000.0,""profile"":""geometric""}",10000.0,geometric,,,,,,,,,
778,canonical,64,random_conditioned,random_conditioned:9249e93b9b37b741,True,20000,7760390,7780390,"{""condition_number"":10000.0,""profile"":""one_small""}",10000.0,one_small,,,,,,,,,
779,canonical,64,random_conditioned,random_conditioned:24db10624cd06023,True,20000,7780390,7800390,"{""condition_number"":10000.0,""profile"":""clustered""}",10000.0,clustered,,,,,,,,,
780,canonical,64,random_conditioned,random_conditioned:ede4f08ad80ec7c0,True,20000,7800390,7820390,"{""condition_number"":1000000.0,""profile"":""geometric""}",1000000.0,geometric,,,,,,,,,
781,canonical,64,random_conditioned,random_conditioned:58959af1bd395489,True,20000,7820390,7840390,"{""condition_number"":1000000.0,""profile"":""one_small""}",1000000.0,one_small,,,,,,,,,
782,canonical,64,random_conditioned,random_conditioned:60b649f84d12d8bd,True,20000,7840390,7860390,"{""condition_number"":1000000.0,""profile"":""clustered""}",1000000.0,clustered,,,,,,,,,
783,canonical,64,random_conditioned,random_conditioned:d85a46ecb6e00d73,True,20000,7860390,7880390,"{""condition_number"":100000000.0,""profile"":""geometric""}",100000000.0,geometric,,,,,,,,,
784,canonical,64,random_conditioned,random_conditioned:be39cf2c9bb5dcd1,True,20000,7880390,7900390,"{""condition_number"":100000000.0,""profile"":""one_small""}",100000000.0,one_small,,,,,,,,,
785,canonical,64,random_conditioned,random_conditioned:c09b81d86321af6f,True,20000,7900390,7920390,"{""condition_number"":100000000.0,""profile"":""clustered""}",100000000.0,clustered,,,,,,,,,
786,canonical,64,random_conditioned,random_conditioned:37f6a61bc4687e9e,True,20000,7920390,7940390,"{""condition_number"":10000000000.0,""profile"":""geometric""}",10000000000.0,geometric,,,,,,,,,
787,canonical,64,random_conditioned,random_conditioned:33289cf8a89ff087,True,20000,7940390,7960390,"{""condition_number"":10000000000.0,""profile"":""one_small""}",10000000000.0,one_small,,,,,,,,,
788,canonical,64,random_conditioned,random_conditioned:d512272586bc7c53,True,20000,7960390,7980390,"{""condition_number"":10000000000.0,""profile"":""clustered""}",10000000000.0,clustered,,,,,,,,,
789,canonical,64,random_conditioned,random_conditioned:36337c2841740aff,True,20000,7980390,8000390,"{""condition_number"":1000000000000.0,""profile"":""geometric""}",1000000000000.0,geometric,,,,,,,,,
790,canonical,64,random_conditioned,random_conditioned:982d888343062026,True,20000,8000390,8020390,"{""condition_number"":1000000000000.0,""profile"":""one_small""}",1000000000000.0,one_small,,,,,,,,,
791,canonical,64,random_conditioned,random_conditioned:3868b8f4f35e5d1d,True,20000,8020390,8040390,"{""condition_number"":1000000000000.0,""profile"":""clustered""}",1000000000000.0,clustered,,,,,,,,,
792,canonical,64,random_conditioned,random_conditioned:e026603158c7af35,True,20000,8040390,8060390,"{""condition_number"":100000000000000.0,""profile"":""geometric""}",100000000000000.0,geometric,,,,,,,,,
793,canonical,64,random_conditioned,random_conditioned:5b19efd6ef2b5c0b,True,20000,8060390,8080390,"{""condition_number"":100000000000000.0,""profile"":""one_small""}",100000000000000.0,one_small,,,,,,,,,
794,canonical,64,random_conditioned,random_conditioned:20591473a1bf5735,True,20000,8080390,8100390,"{""condition_number"":100000000000000.0,""profile"":""clustered""}",100000000000000.0,clustered,,,,,,,,,
795,canonical,64,random_conditioned,random_conditioned:6ed2736ecab0398d,True,20000,8100390,8120390,"{""condition_number"":1.0,""profile"":""orthogonal""}",1.0,orthogonal,,,,,,,,,
796,canonical,64,hilbert,hilbert:b9c548331ca110df,False,1,8120390,8120391,{},,,,,,,,,,,
797,canonical,64,vandermonde,vandermonde:c75e7bcca1c1877c,False,1,8120391,8120392,"{""cluster_parameter"":10.0,""column_scaling"":false,""node_type"":""equispaced""}",,,equispaced,10.0,False,,,,,,
798,canonical,64,vandermonde,vandermonde:ceedbcebccced4fc,False,1,8120392,8120393,"{""cluster_parameter"":10.0,""column_scaling"":true,""node_type"":""equispaced""}",,,equispaced,10.0,True,,,,,,
799,canonical,64,vandermonde,vandermonde:e7c5154704c3d4c9,False,1,8120393,8120394,"{""cluster_parameter"":10.0,""column_scaling"":false,""node_type"":""chebyshev""}",,,chebyshev,10.0,False,,,,,,
800,canonical,64,vandermonde,vandermonde:df362d800fc64531,False,1,8120394,8120395,"{""cluster_parameter"":10.0,""column_scaling"":true,""node_type"":""chebyshev""}",,,chebyshev,10.0,True,,,,,,
801,canonical,64,vandermonde,vandermonde:1a694a5cc930f5b5,False,1,8120395,8120396,"{""cluster_parameter"":10.0,""column_scaling"":false,""node_type"":""clustered_zero""}",,,clustered_zero,10.0,False,,,,,,
802,canonical,64,vandermonde,vandermonde:777568ed0dbc806c,False,1,8120396,8120397,"{""cluster_parameter"":10.0,""column_scaling"":true,""node_type"":""clustered_zero""}",,,clustered_zero,10.0,True,,,,,,
803,canonical,64,vandermonde,vandermonde:b85fbb786a5eb62d,False,1,8120397,8120398,"{""cluster_parameter"":10.0,""column_scaling"":false,""node_type"":""near_one""}",,,near_one,10.0,False,,,,,,
804,canonical,64,vandermonde,vandermonde:bc1c5a7c363c1cb2,False,1,8120398,8120399,"{""cluster_parameter"":10.0,""column_scaling"":true,""node_type"":""near_one""}",,,near_one,10.0,True,,,,,,
805,canonical,64,vandermonde,vandermonde:d4c1dcf1fe7912e5,True,20000,8120399,8140399,"{""cluster_parameter"":10.0,""column_scaling"":false,""node_type"":""random""}",,,random,10.0,False,,,,,,
806,canonical,64,vandermonde,vandermonde:0040369e0b8a027c,True,20000,8140399,8160399,"{""cluster_parameter"":10.0,""column_scaling"":true,""node_type"":""random""}",,,random,10.0,True,,,,,,
807,canonical,64,kahan_type,kahan_type:4290efc4c47e83af,False,1,8160399,8160400,"{""column_scaling"":false,""theta"":0.1}",,,,,False,0.1,,,,,
808,canonical,64,kahan_type,kahan_type:e71b6f9fd30d0d35,False,1,8160400,8160401,"{""column_scaling"":true,""theta"":0.1}",,,,,True,0.1,,,,,
809,canonical,64,kahan_type,kahan_type:55976e314ebada33,False,1,8160401,8160402,"{""column_scaling"":false,""theta"":0.01}",,,,,False,0.01,,,,,
810,canonical,64,kahan_type,kahan_type:3d5fca4b09918941,False,1,8160402,8160403,"{""column_scaling"":true,""theta"":0.01}",,,,,True,0.01,,,,,
811,canonical,64,kahan_type,kahan_type:ea9d2f45216bcaa7,False,1,8160403,8160404,"{""column_scaling"":false,""theta"":0.001}",,,,,False,0.001,,,,,
812,canonical,64,kahan_type,kahan_type:033d150a3a538c2e,False,1,8160404,8160405,"{""column_scaling"":true,""theta"":0.001}",,,,,True,0.001,,,,,
813,canonical,64,kahan_type,kahan_type:bf657253a4babc02,False,1,8160405,8160406,"{""column_scaling"":false,""theta"":0.0001}",,,,,False,0.0001,,,,,
814,canonical,64,kahan_type,kahan_type:7de370b15bdacd56,False,1,8160406,8160407,"{""column_scaling"":true,""theta"":0.0001}",,,,,True,0.0001,,,,,
815,canonical,64,kahan_type,kahan_type:7411493e1f8f3a01,False,1,8160407,8160408,"{""column_scaling"":false,""theta"":1e-06}",,,,,False,1e-06,,,,,
816,canonical,64,kahan_type,kahan_type:7f88c9d87a09d37c,False,1,8160408,8160409,"{""column_scaling"":true,""theta"":1e-06}",,,,,True,1e-06,,,,,
817,canonical,64,kahan_type,kahan_type:3fcb70bbfebc9826,False,1,8160409,8160410,"{""column_scaling"":false,""theta"":1e-08}",,,,,False,1e-08,,,,,
818,canonical,64,kahan_type,kahan_type:cb92209d4d47c312,False,1,8160410,8160411,"{""column_scaling"":true,""theta"":1e-08}",,,,,True,1e-08,,,,,
819,canonical,64,kahan_type,kahan_type:cad9cb441519fc5b,False,1,8160411,8160412,"{""column_scaling"":false,""theta"":1e-10}",,,,,False,1e-10,,,,,
820,canonical,64,kahan_type,kahan_type:ea85790adba5c3b2,False,1,8160412,8160413,"{""column_scaling"":true,""theta"":1e-10}",,,,,True,1e-10,,,,,
821,canonical,64,kahan_type,kahan_type:ecb64b54443ddd5c,False,1,8160413,8160414,"{""column_scaling"":false,""theta"":1e-12}",,,,,False,1e-12,,,,,
822,canonical,64,kahan_type,kahan_type:8457c94dc014b009,False,1,8160414,8160415,"{""column_scaling"":true,""theta"":1e-12}",,,,,True,1e-12,,,,,
823,canonical,64,adversarial_rotation,adversarial_rotation:b2c76300f74387b0,False,1,8160415,8160416,"{""epsilon"":0.1}",,,,,,,0.1,,,,
824,canonical,64,adversarial_rotation,adversarial_rotation:37c4e5a022b50612,False,1,8160416,8160417,"{""epsilon"":0.01}",,,,,,,0.01,,,,
825,canonical,64,adversarial_rotation,adversarial_rotation:fbc8efe02a7874dc,False,1,8160417,8160418,"{""epsilon"":0.0001}",,,,,,,0.0001,,,,
826,canonical,64,adversarial_rotation,adversarial_rotation:f7cff71dbc36bc98,False,1,8160418,8160419,"{""epsilon"":1e-06}",,,,,,,1e-06,,,,
827,canonical,64,adversarial_rotation,adversarial_rotation:ace807421641f23f,False,1,8160419,8160420,"{""epsilon"":1e-08}",,,,,,,1e-08,,,,
828,canonical,64,adversarial_rotation,adversarial_rotation:6f8f58222266e918,False,1,8160420,8160421,"{""epsilon"":1e-10}",,,,,,,1e-10,,,,
829,canonical,64,adversarial_rotation,adversarial_rotation:45392a8c926cd6a7,False,1,8160421,8160422,"{""epsilon"":1e-12}",,,,,,,1e-12,,,,
830,canonical,64,adversarial_rotation,adversarial_rotation:2cc9ff6f36ee55eb,False,1,8160422,8160423,"{""epsilon"":1e-14}",,,,,,,1e-14,,,,
831,canonical,64,repeated_bad_pivots,repeated_bad_pivots:ebddf4bf1bcd1f4b,False,1,8160423,8160424,"{""decay"":1.0,""epsilon"":0.01}",,,,,,,0.01,1.0,,,
832,canonical,64,repeated_bad_pivots,repeated_bad_pivots:22f815a7b3f93bb6,False,1,8160424,8160425,"{""decay"":0.3,""epsilon"":0.01}",,,,,,,0.01,0.3,,,
833,canonical,64,repeated_bad_pivots,repeated_bad_pivots:cf46139e6aa27490,False,1,8160425,8160426,"{""decay"":0.1,""epsilon"":0.01}",,,,,,,0.01,0.1,,,
834,canonical,64,repeated_bad_pivots,repeated_bad_pivots:221878ec2b94bb83,False,1,8160426,8160427,"{""decay"":1.0,""epsilon"":1e-06}",,,,,,,1e-06,1.0,,,
835,canonical,64,repeated_bad_pivots,repeated_bad_pivots:142920ff1c832f8b,False,1,8160427,8160428,"{""decay"":0.3,""epsilon"":1e-06}",,,,,,,1e-06,0.3,,,
836,canonical,64,repeated_bad_pivots,repeated_bad_pivots:1be3591d8f74c193,False,1,8160428,8160429,"{""decay"":0.1,""epsilon"":1e-06}",,,,,,,1e-06,0.1,,,
837,canonical,64,repeated_bad_pivots,repeated_bad_pivots:34246cb149b429c4,False,1,8160429,8160430,"{""decay"":1.0,""epsilon"":1e-10}",,,,,,,1e-10,1.0,,,
838,canonical,64,repeated_bad_pivots,repeated_bad_pivots:73c9e8040232fdc6,False,1,8160430,8160431,"{""decay"":0.3,""epsilon"":1e-10}",,,,,,,1e-10,0.3,,,
839,canonical,64,repeated_bad_pivots,repeated_bad_pivots:14488bcb7546a054,False,1,8160431,8160432,"{""decay"":0.1,""epsilon"":1e-10}",,,,,,,1e-10,0.1,,,
840,canonical,64,scaled_adversarial,scaled_adversarial:a1544dd12bfc380a,True,20000,8160432,8180432,"{""epsilon"":0.01,""scale_range"":2.0}",,,,,,,0.01,,2.0,,
841,canonical,64,scaled_adversarial,scaled_adversarial:bfa61de27cbbe219,True,20000,8180432,8200432,"{""epsilon"":0.01,""scale_range"":4.0}",,,,,,,0.01,,4.0,,
842,canonical,64,scaled_adversarial,scaled_adversarial:e73afbc25af72981,True,20000,8200432,8220432,"{""epsilon"":0.01,""scale_range"":8.0}",,,,,,,0.01,,8.0,,
843,canonical,64,scaled_adversarial,scaled_adversarial:17741976c2dfbd54,True,20000,8220432,8240432,"{""epsilon"":0.01,""scale_range"":12.0}",,,,,,,0.01,,12.0,,
844,canonical,64,scaled_adversarial,scaled_adversarial:1c7b58eee2ed258c,True,20000,8240432,8260432,"{""epsilon"":1e-06,""scale_range"":2.0}",,,,,,,1e-06,,2.0,,
845,canonical,64,scaled_adversarial,scaled_adversarial:4fa46c9b0730babb,True,20000,8260432,8280432,"{""epsilon"":1e-06,""scale_range"":4.0}",,,,,,,1e-06,,4.0,,
846,canonical,64,scaled_adversarial,scaled_adversarial:693a2410d358b3b1,True,20000,8280432,8300432,"{""epsilon"":1e-06,""scale_range"":8.0}",,,,,,,1e-06,,8.0,,
847,canonical,64,scaled_adversarial,scaled_adversarial:44cc26aec2af2f93,True,20000,8300432,8320432,"{""epsilon"":1e-06,""scale_range"":12.0}",,,,,,,1e-06,,12.0,,
848,canonical,64,scaled_adversarial,scaled_adversarial:47817f90b3ae7eb7,True,20000,8320432,8340432,"{""epsilon"":1e-10,""scale_range"":2.0}",,,,,,,1e-10,,2.0,,
849,canonical,64,scaled_adversarial,scaled_adversarial:4aad419250638d2a,True,20000,8340432,8360432,"{""epsilon"":1e-10,""scale_range"":4.0}",,,,,,,1e-10,,4.0,,
850,canonical,64,scaled_adversarial,scaled_adversarial:5d1019a4ba6f1410,True,20000,8360432,8380432,"{""epsilon"":1e-10,""scale_range"":8.0}",,,,,,,1e-10,,8.0,,
851,canonical,64,scaled_adversarial,scaled_adversarial:a7078d089ccfa660,True,20000,8380432,8400432,"{""epsilon"":1e-10,""scale_range"":12.0}",,,,,,,1e-10,,12.0,,
852,canonical,64,row_diagonal_dominant_random,row_diagonal_dominant_random:93e6f52ebdb3ac55,True,20000,8400432,8420432,"{""alpha"":0.5}",,,,,,,,,,0.5,
853,canonical,64,row_diagonal_dominant_random,row_diagonal_dominant_random:03e59f7215597618,True,20000,8420432,8440432,"{""alpha"":0.3}",,,,,,,,,,0.3,
854,canonical,64,row_diagonal_dominant_random,row_diagonal_dominant_random:c6616c01f005a03d,True,20000,8440432,8460432,"{""alpha"":0.2}",,,,,,,,,,0.2,
855,canonical,64,row_diagonal_dominant_random,row_diagonal_dominant_random:85f3946f6e4679ec,True,20000,8460432,8480432,"{""alpha"":0.1}",,,,,,,,,,0.1,
856,canonical,64,row_diagonal_dominant_random,row_diagonal_dominant_random:2976d44433ad1387,True,20000,8480432,8500432,"{""alpha"":0.05}",,,,,,,,,,0.05,
857,canonical,64,row_diagonal_dominant_random,row_diagonal_dominant_random:8a85d76f30eb75a6,True,20000,8500432,8520432,"{""alpha"":0.02}",,,,,,,,,,0.02,
858,canonical,64,row_diagonal_dominant_random,row_diagonal_dominant_random:3cf57fa76b9a551c,True,20000,8520432,8540432,"{""alpha"":0.01}",,,,,,,,,,0.01,
859,canonical,64,row_diagonal_dominant_random,row_diagonal_dominant_random:4cbd4f5958f010f8,True,20000,8540432,8560432,"{""alpha"":0.005}",,,,,,,,,,0.005,
860,canonical,64,row_diagonal_dominant_random,row_diagonal_dominant_random:9493eb0855127051,True,20000,8560432,8580432,"{""alpha"":0.002}",,,,,,,,,,0.002,
861,canonical,64,row_diagonal_dominant_random,row_diagonal_dominant_random:c93186b88112adec,True,20000,8580432,8600432,"{""alpha"":0.001}",,,,,,,,,,0.001,
862,canonical,64,row_diagonal_dominant_tridiagonal,row_diagonal_dominant_tridiagonal:982220238cdced02,False,1,8600432,8600433,"{""alpha"":0.5}",,,,,,,,,,0.5,
863,canonical,64,row_diagonal_dominant_tridiagonal,row_diagonal_dominant_tridiagonal:f7dbde840db0a0a1,False,1,8600433,8600434,"{""alpha"":0.3}",,,,,,,,,,0.3,
864,canonical,64,row_diagonal_dominant_tridiagonal,row_diagonal_dominant_tridiagonal:af932376a9e85180,False,1,8600434,8600435,"{""alpha"":0.2}",,,,,,,,,,0.2,
865,canonical,64,row_diagonal_dominant_tridiagonal,row_diagonal_dominant_tridiagonal:c27ad42e3f6fa594,False,1,8600435,8600436,"{""alpha"":0.1}",,,,,,,,,,0.1,
866,canonical,64,row_diagonal_dominant_tridiagonal,row_diagonal_dominant_tridiagonal:b140db102925b3ec,False,1,8600436,8600437,"{""alpha"":0.05}",,,,,,,,,,0.05,
867,canonical,64,row_diagonal_dominant_tridiagonal,row_diagonal_dominant_tridiagonal:9c6a6927336fc423,False,1,8600437,8600438,"{""alpha"":0.02}",,,,,,,,,,0.02,
868,canonical,64,row_diagonal_dominant_tridiagonal,row_diagonal_dominant_tridiagonal:a2ab9117ea3a1dfa,False,1,8600438,8600439,"{""alpha"":0.01}",,,,,,,,,,0.01,
869,canonical,64,row_diagonal_dominant_tridiagonal,row_diagonal_dominant_tridiagonal:80f1643c77f70cd6,False,1,8600439,8600440,"{""alpha"":0.005}",,,,,,,,,,0.005,
870,canonical,64,row_diagonal_dominant_tridiagonal,row_diagonal_dominant_tridiagonal:e81edd77eaa602f2,False,1,8600440,8600441,"{""alpha"":0.002}",,,,,,,,,,0.002,
871,canonical,64,row_diagonal_dominant_tridiagonal,row_diagonal_dominant_tridiagonal:3cc535104b50d6a1,False,1,8600441,8600442,"{""alpha"":0.001}",,,,,,,,,,0.001,
872,canonical,64,row_diagonal_dominant_rankone,row_diagonal_dominant_rankone:9b1d06cd48c40ab2,False,1,8600442,8600443,"{""alpha"":0.5}",,,,,,,,,,0.5,
873,canonical,64,row_diagonal_dominant_rankone,row_diagonal_dominant_rankone:b2135906babb091e,False,1,8600443,8600444,"{""alpha"":0.3}",,,,,,,,,,0.3,
874,canonical,64,row_diagonal_dominant_rankone,row_diagonal_dominant_rankone:4b19e252ebf4e64e,False,1,8600444,8600445,"{""alpha"":0.2}",,,,,,,,,,0.2,
875,canonical,64,row_diagonal_dominant_rankone,row_diagonal_dominant_rankone:f77fdfb3efff94e7,False,1,8600445,8600446,"{""alpha"":0.1}",,,,,,,,,,0.1,
876,canonical,64,row_diagonal_dominant_rankone,row_diagonal_dominant_rankone:e9f8a9d621908331,False,1,8600446,8600447,"{""alpha"":0.05}",,,,,,,,,,0.05,
877,canonical,64,row_diagonal_dominant_rankone,row_diagonal_dominant_rankone:f5d1060d84da4649,False,1,8600447,8600448,"{""alpha"":0.02}",,,,,,,,,,0.02,
878,canonical,64,row_diagonal_dominant_rankone,row_diagonal_dominant_rankone:bbdf2ff377511d2a,False,1,8600448,8600449,"{""alpha"":0.01}",,,,,,,,,,0.01,
879,canonical,64,row_diagonal_dominant_rankone,row_diagonal_dominant_rankone:b724756e042d2640,False,1,8600449,8600450,"{""alpha"":0.005}",,,,,,,,,,0.005,
880,canonical,64,row_diagonal_dominant_rankone,row_diagonal_dominant_rankone:9248beec0335477a,False,1,8600450,8600451,"{""alpha"":0.002}",,,,,,,,,,0.002,
881,canonical,64,row_diagonal_dominant_rankone,row_diagonal_dominant_rankone:6689e0c35681572e,False,1,8600451,8600452,"{""alpha"":0.001}",,,,,,,,,,0.001,
882,canonical,64,row_diagonal_dominant_stochastic,row_diagonal_dominant_stochastic:021519ee0a19df7c,True,20000,8600452,8620452,"{""alpha"":0.5}",,,,,,,,,,0.5,
883,canonical,64,row_diagonal_dominant_stochastic,row_diagonal_dominant_stochastic:de30837b1853aaf8,True,20000,8620452,8640452,"{""alpha"":0.3}",,,,,,,,,,0.3,
884,canonical,64,row_diagonal_dominant_stochastic,row_diagonal_dominant_stochastic:85d04ae4513fe85f,True,20000,8640452,8660452,"{""alpha"":0.2}",,,,,,,,,,0.2,
885,canonical,64,row_diagonal_dominant_stochastic,row_diagonal_dominant_stochastic:0f7feef7c7880b20,True,20000,8660452,8680452,"{""alpha"":0.1}",,,,,,,,,,0.1,
886,canonical,64,row_diagonal_dominant_stochastic,row_diagonal_dominant_stochastic:0530909e2322226a,True,20000,8680452,8700452,"{""alpha"":0.05}",,,,,,,,,,0.05,
887,canonical,64,row_diagonal_dominant_stochastic,row_diagonal_dominant_stochastic:f5393029996d2c29,True,20000,8700452,8720452,"{""alpha"":0.02}",,,,,,,,,,0.02,
888,canonical,64,row_diagonal_dominant_stochastic,row_diagonal_dominant_stochastic:0d717c35c3b2f62d,True,20000,8720452,8740452,"{""alpha"":0.01}",,,,,,,,,,0.01,
889,canonical,64,row_diagonal_dominant_stochastic,row_diagonal_dominant_stochastic:6bb9c9b7e1526958,True,20000,8740452,8760452,"{""alpha"":0.005}",,,,,,,,,,0.005,
890,canonical,64,row_diagonal_dominant_stochastic,row_diagonal_dominant_stochastic:103e29b8022442fa,True,20000,8760452,8780452,"{""alpha"":0.002}",,,,,,,,,,0.002,
891,canonical,64,row_diagonal_dominant_stochastic,row_diagonal_dominant_stochastic:3f149f338e70104c,True,20000,8780452,8800452,"{""alpha"":0.001}",,,,,,,,,,0.001,
892,canonical,64,spd_prescribed_spectrum,spd_prescribed_spectrum:f3c8ebf0e249f88d,True,20000,8800452,8820452,"{""kappa"":10.0}",,,,,,,,,,,10.0
893,canonical,64,spd_prescribed_spectrum,spd_prescribed_spectrum:fd9c01d27036b31c,True,20000,8820452,8840452,"{""kappa"":100.0}",,,,,,,,,,,100.0
894,canonical,64,spd_prescribed_spectrum,spd_prescribed_spectrum:dc332cd1bfa688f6,True,20000,8840452,8860452,"{""kappa"":1000.0}",,,,,,,,,,,1000.0
895,canonical,64,spd_prescribed_spectrum,spd_prescribed_spectrum:a954fd91076fe28c,True,20000,8860452,8880452,"{""kappa"":10000.0}",,,,,,,,,,,10000.0
896,canonical,64,spd_prescribed_spectrum,spd_prescribed_spectrum:79fe5321ebe142a9,True,20000,8880452,8900452,"{""kappa"":100000.0}",,,,,,,,,,,100000.0
897,canonical,64,spd_prescribed_spectrum,spd_prescribed_spectrum:4953545b5c68c921,True,20000,8900452,8920452,"{""kappa"":1000000.0}",,,,,,,,,,,1000000.0
898,canonical,64,spd_prescribed_spectrum,spd_prescribed_spectrum:70d7805e407478aa,True,20000,8920452,8940452,"{""kappa"":10000000.0}",,,,,,,,,,,10000000.0
899,canonical,64,spd_prescribed_spectrum,spd_prescribed_spectrum:fc3ee47b52f52cc7,True,20000,8940452,8960452,"{""kappa"":100000000.0}",,,,,,,,,,,100000000.0
900,canonical,64,tnn_vandermonde_positive,tnn_vandermonde_positive:d0b487e6f0518b72,False,1,8960452,8960453,"{""cluster_parameter"":2.0,""node_type"":""equispaced_positive""}",,,equispaced_positive,2.0,,,,,,,
901,canonical,64,tnn_vandermonde_positive,tnn_vandermonde_positive:5aaa1a7a23ee6d83,False,1,8960453,8960454,"{""cluster_parameter"":2.0,""node_type"":""clustered_positive""}",,,clustered_positive,2.0,,,,,,,
902,canonical,64,pascal,pascal:7b24b4808f94bc0d,False,1,8960454,8960455,{},,,,,,,,,,,
903,canonical,91,random_conditioned,random_conditioned:3d4ea8f7b0b7ac02,True,20000,8960455,8980455,"{""condition_number"":100.0,""profile"":""geometric""}",100.0,geometric,,,,,,,,,
904,canonical,91,random_conditioned,random_conditioned:f13d30e42b69e288,True,20000,8980455,9000455,"{""condition_number"":100.0,""profile"":""one_small""}",100.0,one_small,,,,,,,,,
905,canonical,91,random_conditioned,random_conditioned:5e2483f030292e83,True,20000,9000455,9020455,"{""condition_number"":100.0,""profile"":""clustered""}",100.0,clustered,,,,,,,,,
906,canonical,91,random_conditioned,random_conditioned:59554964dd17fd28,True,20000,9020455,9040455,"{""condition_number"":10000.0,""profile"":""geometric""}",10000.0,geometric,,,,,,,,,
907,canonical,91,random_conditioned,random_conditioned:9249e93b9b37b741,True,20000,9040455,9060455,"{""condition_number"":10000.0,""profile"":""one_small""}",10000.0,one_small,,,,,,,,,
908,canonical,91,random_conditioned,random_conditioned:24db10624cd06023,True,20000,9060455,9080455,"{""condition_number"":10000.0,""profile"":""clustered""}",10000.0,clustered,,,,,,,,,
909,canonical,91,random_conditioned,random_conditioned:ede4f08ad80ec7c0,True,20000,9080455,9100455,"{""condition_number"":1000000.0,""profile"":""geometric""}",1000000.0,geometric,,,,,,,,,
910,canonical,91,random_conditioned,random_conditioned:58959af1bd395489,True,20000,9100455,9120455,"{""condition_number"":1000000.0,""profile"":""one_small""}",1000000.0,one_small,,,,,,,,,
911,canonical,91,random_conditioned,random_conditioned:60b649f84d12d8bd,True,20000,9120455,9140455,"{""condition_number"":1000000.0,""profile"":""clustered""}",1000000.0,clustered,,,,,,,,,
912,canonical,91,random_conditioned,random_conditioned:d85a46ecb6e00d73,True,20000,9140455,9160455,"{""condition_number"":100000000.0,""profile"":""geometric""}",100000000.0,geometric,,,,,,,,,
913,canonical,91,random_conditioned,random_conditioned:be39cf2c9bb5dcd1,True,20000,9160455,9180455,"{""condition_number"":100000000.0,""profile"":""one_small""}",100000000.0,one_small,,,,,,,,,
914,canonical,91,random_conditioned,random_conditioned:c09b81d86321af6f,True,20000,9180455,9200455,"{""condition_number"":100000000.0,""profile"":""clustered""}",100000000.0,clustered,,,,,,,,,
915,canonical,91,random_conditioned,random_conditioned:37f6a61bc4687e9e,True,20000,9200455,9220455,"{""condition_number"":10000000000.0,""profile"":""geometric""}",10000000000.0,geometric,,,,,,,,,
916,canonical,91,random_conditioned,random_conditioned:33289cf8a89ff087,True,20000,9220455,9240455,"{""condition_number"":10000000000.0,""profile"":""one_small""}",10000000000.0,one_small,,,,,,,,,
917,canonical,91,random_conditioned,random_conditioned:d512272586bc7c53,True,20000,9240455,9260455,"{""condition_number"":10000000000.0,""profile"":""clustered""}",10000000000.0,clustered,,,,,,,,,
918,canonical,91,random_conditioned,random_conditioned:36337c2841740aff,True,20000,9260455,9280455,"{""condition_number"":1000000000000.0,""profile"":""geometric""}",1000000000000.0,geometric,,,,,,,,,
919,canonical,91,random_conditioned,random_conditioned:982d888343062026,True,20000,9280455,9300455,"{""condition_number"":1000000000000.0,""profile"":""one_small""}",1000000000000.0,one_small,,,,,,,,,
920,canonical,91,random_conditioned,random_conditioned:3868b8f4f35e5d1d,True,20000,9300455,9320455,"{""condition_number"":1000000000000.0,""profile"":""clustered""}",1000000000000.0,clustered,,,,,,,,,
921,canonical,91,random_conditioned,random_conditioned:e026603158c7af35,True,20000,9320455,9340455,"{""condition_number"":100000000000000.0,""profile"":""geometric""}",100000000000000.0,geometric,,,,,,,,,
922,canonical,91,random_conditioned,random_conditioned:5b19efd6ef2b5c0b,True,20000,9340455,9360455,"{""condition_number"":100000000000000.0,""profile"":""one_small""}",100000000000000.0,one_small,,,,,,,,,
923,canonical,91,random_conditioned,random_conditioned:20591473a1bf5735,True,20000,9360455,9380455,"{""condition_number"":100000000000000.0,""profile"":""clustered""}",100000000000000.0,clustered,,,,,,,,,
924,canonical,91,random_conditioned,random_conditioned:6ed2736ecab0398d,True,20000,9380455,9400455,"{""condition_number"":1.0,""profile"":""orthogonal""}",1.0,orthogonal,,,,,,,,,
925,canonical,91,hilbert,hilbert:b9c548331ca110df,False,1,9400455,9400456,{},,,,,,,,,,,
926,canonical,91,vandermonde,vandermonde:c75e7bcca1c1877c,False,1,9400456,9400457,"{""cluster_parameter"":10.0,""column_scaling"":false,""node_type"":""equispaced""}",,,equispaced,10.0,False,,,,,,
927,canonical,91,vandermonde,vandermonde:ceedbcebccced4fc,False,1,9400457,9400458,"{""cluster_parameter"":10.0,""column_scaling"":true,""node_type"":""equispaced""}",,,equispaced,10.0,True,,,,,,
928,canonical,91,vandermonde,vandermonde:e7c5154704c3d4c9,False,1,9400458,9400459,"{""cluster_parameter"":10.0,""column_scaling"":false,""node_type"":""chebyshev""}",,,chebyshev,10.0,False,,,,,,
929,canonical,91,vandermonde,vandermonde:df362d800fc64531,False,1,9400459,9400460,"{""cluster_parameter"":10.0,""column_scaling"":true,""node_type"":""chebyshev""}",,,chebyshev,10.0,True,,,,,,
930,canonical,91,vandermonde,vandermonde:1a694a5cc930f5b5,False,1,9400460,9400461,"{""cluster_parameter"":10.0,""column_scaling"":false,""node_type"":""clustered_zero""}",,,clustered_zero,10.0,False,,,,,,
931,canonical,91,vandermonde,vandermonde:777568ed0dbc806c,False,1,9400461,9400462,"{""cluster_parameter"":10.0,""column_scaling"":true,""node_type"":""clustered_zero""}",,,clustered_zero,10.0,True,,,,,,
932,canonical,91,vandermonde,vandermonde:b85fbb786a5eb62d,False,1,9400462,9400463,"{""cluster_parameter"":10.0,""column_scaling"":false,""node_type"":""near_one""}",,,near_one,10.0,False,,,,,,
933,canonical,91,vandermonde,vandermonde:bc1c5a7c363c1cb2,False,1,9400463,9400464,"{""cluster_parameter"":10.0,""column_scaling"":true,""node_type"":""near_one""}",,,near_one,10.0,True,,,,,,
934,canonical,91,vandermonde,vandermonde:d4c1dcf1fe7912e5,True,20000,9400464,9420464,"{""cluster_parameter"":10.0,""column_scaling"":false,""node_type"":""random""}",,,random,10.0,False,,,,,,
935,canonical,91,vandermonde,vandermonde:0040369e0b8a027c,True,20000,9420464,9440464,"{""cluster_parameter"":10.0,""column_scaling"":true,""node_type"":""random""}",,,random,10.0,True,,,,,,
936,canonical,91,kahan_type,kahan_type:4290efc4c47e83af,False,1,9440464,9440465,"{""column_scaling"":false,""theta"":0.1}",,,,,False,0.1,,,,,
937,canonical,91,kahan_type,kahan_type:e71b6f9fd30d0d35,False,1,9440465,9440466,"{""column_scaling"":true,""theta"":0.1}",,,,,True,0.1,,,,,
938,canonical,91,kahan_type,kahan_type:55976e314ebada33,False,1,9440466,9440467,"{""column_scaling"":false,""theta"":0.01}",,,,,False,0.01,,,,,
939,canonical,91,kahan_type,kahan_type:3d5fca4b09918941,False,1,9440467,9440468,"{""column_scaling"":true,""theta"":0.01}",,,,,True,0.01,,,,,
940,canonical,91,kahan_type,kahan_type:ea9d2f45216bcaa7,False,1,9440468,9440469,"{""column_scaling"":false,""theta"":0.001}",,,,,False,0.001,,,,,
941,canonical,91,kahan_type,kahan_type:033d150a3a538c2e,False,1,9440469,9440470,"{""column_scaling"":true,""theta"":0.001}",,,,,True,0.001,,,,,
942,canonical,91,kahan_type,kahan_type:bf657253a4babc02,False,1,9440470,9440471,"{""column_scaling"":false,""theta"":0.0001}",,,,,False,0.0001,,,,,
943,canonical,91,kahan_type,kahan_type:7de370b15bdacd56,False,1,9440471,9440472,"{""column_scaling"":true,""theta"":0.0001}",,,,,True,0.0001,,,,,
944,canonical,91,kahan_type,kahan_type:7411493e1f8f3a01,False,1,9440472,9440473,"{""column_scaling"":false,""theta"":1e-06}",,,,,False,1e-06,,,,,
945,canonical,91,kahan_type,kahan_type:7f88c9d87a09d37c,False,1,9440473,9440474,"{""column_scaling"":true,""theta"":1e-06}",,,,,True,1e-06,,,,,
946,canonical,91,kahan_type,kahan_type:3fcb70bbfebc9826,False,1,9440474,9440475,"{""column_scaling"":false,""theta"":1e-08}",,,,,False,1e-08,,,,,
947,canonical,91,kahan_type,kahan_type:cb92209d4d47c312,False,1,9440475,9440476,"{""column_scaling"":true,""theta"":1e-08}",,,,,True,1e-08,,,,,
948,canonical,91,kahan_type,kahan_type:cad9cb441519fc5b,False,1,9440476,9440477,"{""column_scaling"":false,""theta"":1e-10}",,,,,False,1e-10,,,,,
949,canonical,91,kahan_type,kahan_type:ea85790adba5c3b2,False,1,9440477,9440478,"{""column_scaling"":true,""theta"":1e-10}",,,,,True,1e-10,,,,,
950,canonical,91,kahan_type,kahan_type:ecb64b54443ddd5c,False,1,9440478,9440479,"{""column_scaling"":false,""theta"":1e-12}",,,,,False,1e-12,,,,,
951,canonical,91,kahan_type,kahan_type:8457c94dc014b009,False,1,9440479,9440480,"{""column_scaling"":true,""theta"":1e-12}",,,,,True,1e-12,,,,,
952,canonical,91,adversarial_rotation,adversarial_rotation:b2c76300f74387b0,False,1,9440480,9440481,"{""epsilon"":0.1}",,,,,,,0.1,,,,
953,canonical,91,adversarial_rotation,adversarial_rotation:37c4e5a022b50612,False,1,9440481,9440482,"{""epsilon"":0.01}",,,,,,,0.01,,,,
954,canonical,91,adversarial_rotation,adversarial_rotation:fbc8efe02a7874dc,False,1,9440482,9440483,"{""epsilon"":0.0001}",,,,,,,0.0001,,,,
955,canonical,91,adversarial_rotation,adversarial_rotation:f7cff71dbc36bc98,False,1,9440483,9440484,"{""epsilon"":1e-06}",,,,,,,1e-06,,,,
956,canonical,91,adversarial_rotation,adversarial_rotation:ace807421641f23f,False,1,9440484,9440485,"{""epsilon"":1e-08}",,,,,,,1e-08,,,,
957,canonical,91,adversarial_rotation,adversarial_rotation:6f8f58222266e918,False,1,9440485,9440486,"{""epsilon"":1e-10}",,,,,,,1e-10,,,,
958,canonical,91,adversarial_rotation,adversarial_rotation:45392a8c926cd6a7,False,1,9440486,9440487,"{""epsilon"":1e-12}",,,,,,,1e-12,,,,
959,canonical,91,adversarial_rotation,adversarial_rotation:2cc9ff6f36ee55eb,False,1,9440487,9440488,"{""epsilon"":1e-14}",,,,,,,1e-14,,,,
960,canonical,91,repeated_bad_pivots,repeated_bad_pivots:ebddf4bf1bcd1f4b,False,1,9440488,9440489,"{""decay"":1.0,""epsilon"":0.01}",,,,,,,0.01,1.0,,,
961,canonical,91,repeated_bad_pivots,repeated_bad_pivots:22f815a7b3f93bb6,False,1,9440489,9440490,"{""decay"":0.3,""epsilon"":0.01}",,,,,,,0.01,0.3,,,
962,canonical,91,repeated_bad_pivots,repeated_bad_pivots:cf46139e6aa27490,False,1,9440490,9440491,"{""decay"":0.1,""epsilon"":0.01}",,,,,,,0.01,0.1,,,
963,canonical,91,repeated_bad_pivots,repeated_bad_pivots:221878ec2b94bb83,False,1,9440491,9440492,"{""decay"":1.0,""epsilon"":1e-06}",,,,,,,1e-06,1.0,,,
964,canonical,91,repeated_bad_pivots,repeated_bad_pivots:142920ff1c832f8b,False,1,9440492,9440493,"{""decay"":0.3,""epsilon"":1e-06}",,,,,,,1e-06,0.3,,,
965,canonical,91,repeated_bad_pivots,repeated_bad_pivots:1be3591d8f74c193,False,1,9440493,9440494,"{""decay"":0.1,""epsilon"":1e-06}",,,,,,,1e-06,0.1,,,
966,canonical,91,repeated_bad_pivots,repeated_bad_pivots:34246cb149b429c4,False,1,9440494,9440495,"{""decay"":1.0,""epsilon"":1e-10}",,,,,,,1e-10,1.0,,,
967,canonical,91,repeated_bad_pivots,repeated_bad_pivots:73c9e8040232fdc6,False,1,9440495,9440496,"{""decay"":0.3,""epsilon"":1e-10}",,,,,,,1e-10,0.3,,,
968,canonical,91,repeated_bad_pivots,repeated_bad_pivots:14488bcb7546a054,False,1,9440496,9440497,"{""decay"":0.1,""epsilon"":1e-10}",,,,,,,1e-10,0.1,,,
969,canonical,91,scaled_adversarial,scaled_adversarial:a1544dd12bfc380a,True,20000,9440497,9460497,"{""epsilon"":0.01,""scale_range"":2.0}",,,,,,,0.01,,2.0,,
970,canonical,91,scaled_adversarial,scaled_adversarial:bfa61de27cbbe219,True,20000,9460497,9480497,"{""epsilon"":0.01,""scale_range"":4.0}",,,,,,,0.01,,4.0,,
971,canonical,91,scaled_adversarial,scaled_adversarial:e73afbc25af72981,True,20000,9480497,9500497,"{""epsilon"":0.01,""scale_range"":8.0}",,,,,,,0.01,,8.0,,
972,canonical,91,scaled_adversarial,scaled_adversarial:17741976c2dfbd54,True,20000,9500497,9520497,"{""epsilon"":0.01,""scale_range"":12.0}",,,,,,,0.01,,12.0,,
973,canonical,91,scaled_adversarial,scaled_adversarial:1c7b58eee2ed258c,True,20000,9520497,9540497,"{""epsilon"":1e-06,""scale_range"":2.0}",,,,,,,1e-06,,2.0,,
974,canonical,91,scaled_adversarial,scaled_adversarial:4fa46c9b0730babb,True,20000,9540497,9560497,"{""epsilon"":1e-06,""scale_range"":4.0}",,,,,,,1e-06,,4.0,,
975,canonical,91,scaled_adversarial,scaled_adversarial:693a2410d358b3b1,True,20000,9560497,9580497,"{""epsilon"":1e-06,""scale_range"":8.0}",,,,,,,1e-06,,8.0,,
976,canonical,91,scaled_adversarial,scaled_adversarial:44cc26aec2af2f93,True,20000,9580497,9600497,"{""epsilon"":1e-06,""scale_range"":12.0}",,,,,,,1e-06,,12.0,,
977,canonical,91,scaled_adversarial,scaled_adversarial:47817f90b3ae7eb7,True,20000,9600497,9620497,"{""epsilon"":1e-10,""scale_range"":2.0}",,,,,,,1e-10,,2.0,,
978,canonical,91,scaled_adversarial,scaled_adversarial:4aad419250638d2a,True,20000,9620497,9640497,"{""epsilon"":1e-10,""scale_range"":4.0}",,,,,,,1e-10,,4.0,,
979,canonical,91,scaled_adversarial,scaled_adversarial:5d1019a4ba6f1410,True,20000,9640497,9660497,"{""epsilon"":1e-10,""scale_range"":8.0}",,,,,,,1e-10,,8.0,,
980,canonical,91,scaled_adversarial,scaled_adversarial:a7078d089ccfa660,True,20000,9660497,9680497,"{""epsilon"":1e-10,""scale_range"":12.0}",,,,,,,1e-10,,12.0,,
981,canonical,91,row_diagonal_dominant_random,row_diagonal_dominant_random:93e6f52ebdb3ac55,True,20000,9680497,9700497,"{""alpha"":0.5}",,,,,,,,,,0.5,
982,canonical,91,row_diagonal_dominant_random,row_diagonal_dominant_random:03e59f7215597618,True,20000,9700497,9720497,"{""alpha"":0.3}",,,,,,,,,,0.3,
983,canonical,91,row_diagonal_dominant_random,row_diagonal_dominant_random:c6616c01f005a03d,True,20000,9720497,9740497,"{""alpha"":0.2}",,,,,,,,,,0.2,
984,canonical,91,row_diagonal_dominant_random,row_diagonal_dominant_random:85f3946f6e4679ec,True,20000,9740497,9760497,"{""alpha"":0.1}",,,,,,,,,,0.1,
985,canonical,91,row_diagonal_dominant_random,row_diagonal_dominant_random:2976d44433ad1387,True,20000,9760497,9780497,"{""alpha"":0.05}",,,,,,,,,,0.05,
986,canonical,91,row_diagonal_dominant_random,row_diagonal_dominant_random:8a85d76f30eb75a6,True,20000,9780497,9800497,"{""alpha"":0.02}",,,,,,,,,,0.02,
987,canonical,91,row_diagonal_dominant_random,row_diagonal_dominant_random:3cf57fa76b9a551c,True,20000,9800497,9820497,"{""alpha"":0.01}",,,,,,,,,,0.01,
988,canonical,91,row_diagonal_dominant_random,row_diagonal_dominant_random:4cbd4f5958f010f8,True,20000,9820497,9840497,"{""alpha"":0.005}",,,,,,,,,,0.005,
989,canonical,91,row_diagonal_dominant_random,row_diagonal_dominant_random:9493eb0855127051,True,20000,9840497,9860497,"{""alpha"":0.002}",,,,,,,,,,0.002,
990,canonical,91,row_diagonal_dominant_random,row_diagonal_dominant_random:c93186b88112adec,True,20000,9860497,9880497,"{""alpha"":0.001}",,,,,,,,,,0.001,
991,canonical,91,row_diagonal_dominant_tridiagonal,row_diagonal_dominant_tridiagonal:982220238cdced02,False,1,9880497,9880498,"{""alpha"":0.5}",,,,,,,,,,0.5,
992,canonical,91,row_diagonal_dominant_tridiagonal,row_diagonal_dominant_tridiagonal:f7dbde840db0a0a1,False,1,9880498,9880499,"{""alpha"":0.3}",,,,,,,,,,0.3,
993,canonical,91,row_diagonal_dominant_tridiagonal,row_diagonal_dominant_tridiagonal:af932376a9e85180,False,1,9880499,9880500,"{""alpha"":0.2}",,,,,,,,,,0.2,
994,canonical,91,row_diagonal_dominant_tridiagonal,row_diagonal_dominant_tridiagonal:c27ad42e3f6fa594,False,1,9880500,9880501,"{""alpha"":0.1}",,,,,,,,,,0.1,
995,canonical,91,row_diagonal_dominant_tridiagonal,row_diagonal_dominant_tridiagonal:b140db102925b3ec,False,1,9880501,9880502,"{""alpha"":0.05}",,,,,,,,,,0.05,
996,canonical,91,row_diagonal_dominant_tridiagonal,row_diagonal_dominant_tridiagonal:9c6a6927336fc423,False,1,9880502,9880503,"{""alpha"":0.02}",,,,,,,,,,0.02,
997,canonical,91,row_diagonal_dominant_tridiagonal,row_diagonal_dominant_tridiagonal:a2ab9117ea3a1dfa,False,1,9880503,9880504,"{""alpha"":0.01}",,,,,,,,,,0.01,
998,canonical,91,row_diagonal_dominant_tridiagonal,row_diagonal_dominant_tridiagonal:80f1643c77f70cd6,False,1,9880504,9880505,"{""alpha"":0.005}",,,,,,,,,,0.005,
999,canonical,91,row_diagonal_dominant_tridiagonal,row_diagonal_dominant_tridiagonal:e81edd77eaa602f2,False,1,9880505,9880506,"{""alpha"":0.002}",,,,,,,,,,0.002,
1000,canonical,91,row_diagonal_dominant_tridiagonal,row_diagonal_dominant_tridiagonal:3cc535104b50d6a1,False,1,9880506,9880507,"{""alpha"":0.001}",,,,,,,,,,0.001,
1001,canonical,91,row_diagonal_dominant_rankone,row_diagonal_dominant_rankone:9b1d06cd48c40ab2,False,1,9880507,9880508,"{""alpha"":0.5}",,,,,,,,,,0.5,
1002,canonical,91,row_diagonal_dominant_rankone,row_diagonal_dominant_rankone:b2135906babb091e,False,1,9880508,9880509,"{""alpha"":0.3}",,,,,,,,,,0.3,
1003,canonical,91,row_diagonal_dominant_rankone,row_diagonal_dominant_rankone:4b19e252ebf4e64e,False,1,9880509,9880510,"{""alpha"":0.2}",,,,,,,,,,0.2,
1004,canonical,91,row_diagonal_dominant_rankone,row_diagonal_dominant_rankone:f77fdfb3efff94e7,False,1,9880510,9880511,"{""alpha"":0.1}",,,,,,,,,,0.1,
1005,canonical,91,row_diagonal_dominant_rankone,row_diagonal_dominant_rankone:e9f8a9d621908331,False,1,9880511,9880512,"{""alpha"":0.05}",,,,,,,,,,0.05,
1006,canonical,91,row_diagonal_dominant_rankone,row_diagonal_dominant_rankone:f5d1060d84da4649,False,1,9880512,9880513,"{""alpha"":0.02}",,,,,,,,,,0.02,
1007,canonical,91,row_diagonal_dominant_rankone,row_diagonal_dominant_rankone:bbdf2ff377511d2a,False,1,9880513,9880514,"{""alpha"":0.01}",,,,,,,,,,0.01,
1008,canonical,91,row_diagonal_dominant_rankone,row_diagonal_dominant_rankone:b724756e042d2640,False,1,9880514,9880515,"{""alpha"":0.005}",,,,,,,,,,0.005,
1009,canonical,91,row_diagonal_dominant_rankone,row_diagonal_dominant_rankone:9248beec0335477a,False,1,9880515,9880516,"{""alpha"":0.002}",,,,,,,,,,0.002,
1010,canonical,91,row_diagonal_dominant_rankone,row_diagonal_dominant_rankone:6689e0c35681572e,False,1,9880516,9880517,"{""alpha"":0.001}",,,,,,,,,,0.001,
1011,canonical,91,row_diagonal_dominant_stochastic,row_diagonal_dominant_stochastic:021519ee0a19df7c,True,20000,9880517,9900517,"{""alpha"":0.5}",,,,,,,,,,0.5,
1012,canonical,91,row_diagonal_dominant_stochastic,row_diagonal_dominant_stochastic:de30837b1853aaf8,True,20000,9900517,9920517,"{""alpha"":0.3}",,,,,,,,,,0.3,
1013,canonical,91,row_diagonal_dominant_stochastic,row_diagonal_dominant_stochastic:85d04ae4513fe85f,True,20000,9920517,9940517,"{""alpha"":0.2}",,,,,,,,,,0.2,
1014,canonical,91,row_diagonal_dominant_stochastic,row_diagonal_dominant_stochastic:0f7feef7c7880b20,True,20000,9940517,9960517,"{""alpha"":0.1}",,,,,,,,,,0.1,
1015,canonical,91,row_diagonal_dominant_stochastic,row_diagonal_dominant_stochastic:0530909e2322226a,True,20000,9960517,9980517,"{""alpha"":0.05}",,,,,,,,,,0.05,
1016,canonical,91,row_diagonal_dominant_stochastic,row_diagonal_dominant_stochastic:f5393029996d2c29,True,20000,9980517,10000517,"{""alpha"":0.02}",,,,,,,,,,0.02,
1017,canonical,91,row_diagonal_dominant_stochastic,row_diagonal_dominant_stochastic:0d717c35c3b2f62d,True,20000,10000517,10020517,"{""alpha"":0.01}",,,,,,,,,,0.01,
1018,canonical,91,row_diagonal_dominant_stochastic,row_diagonal_dominant_stochastic:6bb9c9b7e1526958,True,20000,10020517,10040517,"{""alpha"":0.005}",,,,,,,,,,0.005,
1019,canonical,91,row_diagonal_dominant_stochastic,row_diagonal_dominant_stochastic:103e29b8022442fa,True,20000,10040517,10060517,"{""alpha"":0.002}",,,,,,,,,,0.002,
1020,canonical,91,row_diagonal_dominant_stochastic,row_diagonal_dominant_stochastic:3f149f338e70104c,True,20000,10060517,10080517,"{""alpha"":0.001}",,,,,,,,,,0.001,
1021,canonical,91,spd_prescribed_spectrum,spd_prescribed_spectrum:f3c8ebf0e249f88d,True,20000,10080517,10100517,"{""kappa"":10.0}",,,,,,,,,,,10.0
1022,canonical,91,spd_prescribed_spectrum,spd_prescribed_spectrum:fd9c01d27036b31c,True,20000,10100517,10120517,"{""kappa"":100.0}",,,,,,,,,,,100.0
1023,canonical,91,spd_prescribed_spectrum,spd_prescribed_spectrum:dc332cd1bfa688f6,True,20000,10120517,10140517,"{""kappa"":1000.0}",,,,,,,,,,,1000.0
1024,canonical,91,spd_prescribed_spectrum,spd_prescribed_spectrum:a954fd91076fe28c,True,20000,10140517,10160517,"{""kappa"":10000.0}",,,,,,,,,,,10000.0
1025,canonical,91,spd_prescribed_spectrum,spd_prescribed_spectrum:79fe5321ebe142a9,True,20000,10160517,10180517,"{""kappa"":100000.0}",,,,,,,,,,,100000.0
1026,canonical,91,spd_prescribed_spectrum,spd_prescribed_spectrum:4953545b5c68c921,True,20000,10180517,10200517,"{""kappa"":1000000.0}",,,,,,,,,,,1000000.0
1027,canonical,91,spd_prescribed_spectrum,spd_prescribed_spectrum:70d7805e407478aa,True,20000,10200517,10220517,"{""kappa"":10000000.0}",,,,,,,,,,,10000000.0
1028,canonical,91,spd_prescribed_spectrum,spd_prescribed_spectrum:fc3ee47b52f52cc7,True,20000,10220517,10240517,"{""kappa"":100000000.0}",,,,,,,,,,,100000000.0
1029,canonical,91,tnn_vandermonde_positive,tnn_vandermonde_positive:d0b487e6f0518b72,False,1,10240517,10240518,"{""cluster_parameter"":2.0,""node_type"":""equispaced_positive""}",,,equispaced_positive,2.0,,,,,,,
1030,canonical,91,tnn_vandermonde_positive,tnn_vandermonde_positive:5aaa1a7a23ee6d83,False,1,10240518,10240519,"{""cluster_parameter"":2.0,""node_type"":""clustered_positive""}",,,clustered_positive,2.0,,,,,,,
1031,canonical,91,pascal,pascal:7b24b4808f94bc0d,False,1,10240519,10240520,{},,,,,,,,,,,
1032,canonical,128,random_conditioned,random_conditioned:3d4ea8f7b0b7ac02,True,20000,10240520,10260520,"{""condition_number"":100.0,""profile"":""geometric""}",100.0,geometric,,,,,,,,,
1033,canonical,128,random_conditioned,random_conditioned:f13d30e42b69e288,True,20000,10260520,10280520,"{""condition_number"":100.0,""profile"":""one_small""}",100.0,one_small,,,,,,,,,
1034,canonical,128,random_conditioned,random_conditioned:5e2483f030292e83,True,20000,10280520,10300520,"{""condition_number"":100.0,""profile"":""clustered""}",100.0,clustered,,,,,,,,,
1035,canonical,128,random_conditioned,random_conditioned:59554964dd17fd28,True,20000,10300520,10320520,"{""condition_number"":10000.0,""profile"":""geometric""}",10000.0,geometric,,,,,,,,,
1036,canonical,128,random_conditioned,random_conditioned:9249e93b9b37b741,True,20000,10320520,10340520,"{""condition_number"":10000.0,""profile"":""one_small""}",10000.0,one_small,,,,,,,,,
1037,canonical,128,random_conditioned,random_conditioned:24db10624cd06023,True,20000,10340520,10360520,"{""condition_number"":10000.0,""profile"":""clustered""}",10000.0,clustered,,,,,,,,,
1038,canonical,128,random_conditioned,random_conditioned:ede4f08ad80ec7c0,True,20000,10360520,10380520,"{""condition_number"":1000000.0,""profile"":""geometric""}",1000000.0,geometric,,,,,,,,,
1039,canonical,128,random_conditioned,random_conditioned:58959af1bd395489,True,20000,10380520,10400520,"{""condition_number"":1000000.0,""profile"":""one_small""}",1000000.0,one_small,,,,,,,,,
1040,canonical,128,random_conditioned,random_conditioned:60b649f84d12d8bd,True,20000,10400520,10420520,"{""condition_number"":1000000.0,""profile"":""clustered""}",1000000.0,clustered,,,,,,,,,
1041,canonical,128,random_conditioned,random_conditioned:d85a46ecb6e00d73,True,20000,10420520,10440520,"{""condition_number"":100000000.0,""profile"":""geometric""}",100000000.0,geometric,,,,,,,,,
1042,canonical,128,random_conditioned,random_conditioned:be39cf2c9bb5dcd1,True,20000,10440520,10460520,"{""condition_number"":100000000.0,""profile"":""one_small""}",100000000.0,one_small,,,,,,,,,
1043,canonical,128,random_conditioned,random_conditioned:c09b81d86321af6f,True,20000,10460520,10480520,"{""condition_number"":100000000.0,""profile"":""clustered""}",100000000.0,clustered,,,,,,,,,
1044,canonical,128,random_conditioned,random_conditioned:37f6a61bc4687e9e,True,20000,10480520,10500520,"{""condition_number"":10000000000.0,""profile"":""geometric""}",10000000000.0,geometric,,,,,,,,,
1045,canonical,128,random_conditioned,random_conditioned:33289cf8a89ff087,True,20000,10500520,10520520,"{""condition_number"":10000000000.0,""profile"":""one_small""}",10000000000.0,one_small,,,,,,,,,
1046,canonical,128,random_conditioned,random_conditioned:d512272586bc7c53,True,20000,10520520,10540520,"{""condition_number"":10000000000.0,""profile"":""clustered""}",10000000000.0,clustered,,,,,,,,,
1047,canonical,128,random_conditioned,random_conditioned:36337c2841740aff,True,20000,10540520,10560520,"{""condition_number"":1000000000000.0,""profile"":""geometric""}",1000000000000.0,geometric,,,,,,,,,
1048,canonical,128,random_conditioned,random_conditioned:982d888343062026,True,20000,10560520,10580520,"{""condition_number"":1000000000000.0,""profile"":""one_small""}",1000000000000.0,one_small,,,,,,,,,
1049,canonical,128,random_conditioned,random_conditioned:3868b8f4f35e5d1d,True,20000,10580520,10600520,"{""condition_number"":1000000000000.0,""profile"":""clustered""}",1000000000000.0,clustered,,,,,,,,,
1050,canonical,128,random_conditioned,random_conditioned:e026603158c7af35,True,20000,10600520,10620520,"{""condition_number"":100000000000000.0,""profile"":""geometric""}",100000000000000.0,geometric,,,,,,,,,
1051,canonical,128,random_conditioned,random_conditioned:5b19efd6ef2b5c0b,True,20000,10620520,10640520,"{""condition_number"":100000000000000.0,""profile"":""one_small""}",100000000000000.0,one_small,,,,,,,,,
1052,canonical,128,random_conditioned,random_conditioned:20591473a1bf5735,True,20000,10640520,10660520,"{""condition_number"":100000000000000.0,""profile"":""clustered""}",100000000000000.0,clustered,,,,,,,,,
1053,canonical,128,random_conditioned,random_conditioned:6ed2736ecab0398d,True,20000,10660520,10680520,"{""condition_number"":1.0,""profile"":""orthogonal""}",1.0,orthogonal,,,,,,,,,
1054,canonical,128,hilbert,hilbert:b9c548331ca110df,False,1,10680520,10680521,{},,,,,,,,,,,
1055,canonical,128,vandermonde,vandermonde:c75e7bcca1c1877c,False,1,10680521,10680522,"{""cluster_parameter"":10.0,""column_scaling"":false,""node_type"":""equispaced""}",,,equispaced,10.0,False,,,,,,
1056,canonical,128,vandermonde,vandermonde:ceedbcebccced4fc,False,1,10680522,10680523,"{""cluster_parameter"":10.0,""column_scaling"":true,""node_type"":""equispaced""}",,,equispaced,10.0,True,,,,,,
1057,canonical,128,vandermonde,vandermonde:e7c5154704c3d4c9,False,1,10680523,10680524,"{""cluster_parameter"":10.0,""column_scaling"":false,""node_type"":""chebyshev""}",,,chebyshev,10.0,False,,,,,,
1058,canonical,128,vandermonde,vandermonde:df362d800fc64531,False,1,10680524,10680525,"{""cluster_parameter"":10.0,""column_scaling"":true,""node_type"":""chebyshev""}",,,chebyshev,10.0,True,,,,,,
1059,canonical,128,vandermonde,vandermonde:1a694a5cc930f5b5,False,1,10680525,10680526,"{""cluster_parameter"":10.0,""column_scaling"":false,""node_type"":""clustered_zero""}",,,clustered_zero,10.0,False,,,,,,
1060,canonical,128,vandermonde,vandermonde:777568ed0dbc806c,False,1,10680526,10680527,"{""cluster_parameter"":10.0,""column_scaling"":true,""node_type"":""clustered_zero""}",,,clustered_zero,10.0,True,,,,,,
1061,canonical,128,vandermonde,vandermonde:b85fbb786a5eb62d,False,1,10680527,10680528,"{""cluster_parameter"":10.0,""column_scaling"":false,""node_type"":""near_one""}",,,near_one,10.0,False,,,,,,
1062,canonical,128,vandermonde,vandermonde:bc1c5a7c363c1cb2,False,1,10680528,10680529,"{""cluster_parameter"":10.0,""column_scaling"":true,""node_type"":""near_one""}",,,near_one,10.0,True,,,,,,
1063,canonical,128,vandermonde,vandermonde:d4c1dcf1fe7912e5,True,20000,10680529,10700529,"{""cluster_parameter"":10.0,""column_scaling"":false,""node_type"":""random""}",,,random,10.0,False,,,,,,
1064,canonical,128,vandermonde,vandermonde:0040369e0b8a027c,True,20000,10700529,10720529,"{""cluster_parameter"":10.0,""column_scaling"":true,""node_type"":""random""}",,,random,10.0,True,,,,,,
1065,canonical,128,kahan_type,kahan_type:4290efc4c47e83af,False,1,10720529,10720530,"{""column_scaling"":false,""theta"":0.1}",,,,,False,0.1,,,,,
1066,canonical,128,kahan_type,kahan_type:e71b6f9fd30d0d35,False,1,10720530,10720531,"{""column_scaling"":true,""theta"":0.1}",,,,,True,0.1,,,,,
1067,canonical,128,kahan_type,kahan_type:55976e314ebada33,False,1,10720531,10720532,"{""column_scaling"":false,""theta"":0.01}",,,,,False,0.01,,,,,
1068,canonical,128,kahan_type,kahan_type:3d5fca4b09918941,False,1,10720532,10720533,"{""column_scaling"":true,""theta"":0.01}",,,,,True,0.01,,,,,
1069,canonical,128,kahan_type,kahan_type:ea9d2f45216bcaa7,False,1,10720533,10720534,"{""column_scaling"":false,""theta"":0.001}",,,,,False,0.001,,,,,
1070,canonical,128,kahan_type,kahan_type:033d150a3a538c2e,False,1,10720534,10720535,"{""column_scaling"":true,""theta"":0.001}",,,,,True,0.001,,,,,
1071,canonical,128,kahan_type,kahan_type:bf657253a4babc02,False,1,10720535,10720536,"{""column_scaling"":false,""theta"":0.0001}",,,,,False,0.0001,,,,,
1072,canonical,128,kahan_type,kahan_type:7de370b15bdacd56,False,1,10720536,10720537,"{""column_scaling"":true,""theta"":0.0001}",,,,,True,0.0001,,,,,
1073,canonical,128,kahan_type,kahan_type:7411493e1f8f3a01,False,1,10720537,10720538,"{""column_scaling"":false,""theta"":1e-06}",,,,,False,1e-06,,,,,
1074,canonical,128,kahan_type,kahan_type:7f88c9d87a09d37c,False,1,10720538,10720539,"{""column_scaling"":true,""theta"":1e-06}",,,,,True,1e-06,,,,,
1075,canonical,128,kahan_type,kahan_type:3fcb70bbfebc9826,False,1,10720539,10720540,"{""column_scaling"":false,""theta"":1e-08}",,,,,False,1e-08,,,,,
1076,canonical,128,kahan_type,kahan_type:cb92209d4d47c312,False,1,10720540,10720541,"{""column_scaling"":true,""theta"":1e-08}",,,,,True,1e-08,,,,,
1077,canonical,128,kahan_type,kahan_type:cad9cb441519fc5b,False,1,10720541,10720542,"{""column_scaling"":false,""theta"":1e-10}",,,,,False,1e-10,,,,,
1078,canonical,128,kahan_type,kahan_type:ea85790adba5c3b2,False,1,10720542,10720543,"{""column_scaling"":true,""theta"":1e-10}",,,,,True,1e-10,,,,,
1079,canonical,128,kahan_type,kahan_type:ecb64b54443ddd5c,False,1,10720543,10720544,"{""column_scaling"":false,""theta"":1e-12}",,,,,False,1e-12,,,,,
1080,canonical,128,kahan_type,kahan_type:8457c94dc014b009,False,1,10720544,10720545,"{""column_scaling"":true,""theta"":1e-12}",,,,,True,1e-12,,,,,
1081,canonical,128,adversarial_rotation,adversarial_rotation:b2c76300f74387b0,False,1,10720545,10720546,"{""epsilon"":0.1}",,,,,,,0.1,,,,
1082,canonical,128,adversarial_rotation,adversarial_rotation:37c4e5a022b50612,False,1,10720546,10720547,"{""epsilon"":0.01}",,,,,,,0.01,,,,
1083,canonical,128,adversarial_rotation,adversarial_rotation:fbc8efe02a7874dc,False,1,10720547,10720548,"{""epsilon"":0.0001}",,,,,,,0.0001,,,,
1084,canonical,128,adversarial_rotation,adversarial_rotation:f7cff71dbc36bc98,False,1,10720548,10720549,"{""epsilon"":1e-06}",,,,,,,1e-06,,,,
1085,canonical,128,adversarial_rotation,adversarial_rotation:ace807421641f23f,False,1,10720549,10720550,"{""epsilon"":1e-08}",,,,,,,1e-08,,,,
1086,canonical,128,adversarial_rotation,adversarial_rotation:6f8f58222266e918,False,1,10720550,10720551,"{""epsilon"":1e-10}",,,,,,,1e-10,,,,
1087,canonical,128,adversarial_rotation,adversarial_rotation:45392a8c926cd6a7,False,1,10720551,10720552,"{""epsilon"":1e-12}",,,,,,,1e-12,,,,
1088,canonical,128,adversarial_rotation,adversarial_rotation:2cc9ff6f36ee55eb,False,1,10720552,10720553,"{""epsilon"":1e-14}",,,,,,,1e-14,,,,
1089,canonical,128,repeated_bad_pivots,repeated_bad_pivots:ebddf4bf1bcd1f4b,False,1,10720553,10720554,"{""decay"":1.0,""epsilon"":0.01}",,,,,,,0.01,1.0,,,
1090,canonical,128,repeated_bad_pivots,repeated_bad_pivots:22f815a7b3f93bb6,False,1,10720554,10720555,"{""decay"":0.3,""epsilon"":0.01}",,,,,,,0.01,0.3,,,
1091,canonical,128,repeated_bad_pivots,repeated_bad_pivots:cf46139e6aa27490,False,1,10720555,10720556,"{""decay"":0.1,""epsilon"":0.01}",,,,,,,0.01,0.1,,,
1092,canonical,128,repeated_bad_pivots,repeated_bad_pivots:221878ec2b94bb83,False,1,10720556,10720557,"{""decay"":1.0,""epsilon"":1e-06}",,,,,,,1e-06,1.0,,,
1093,canonical,128,repeated_bad_pivots,repeated_bad_pivots:142920ff1c832f8b,False,1,10720557,10720558,"{""decay"":0.3,""epsilon"":1e-06}",,,,,,,1e-06,0.3,,,
1094,canonical,128,repeated_bad_pivots,repeated_bad_pivots:1be3591d8f74c193,False,1,10720558,10720559,"{""decay"":0.1,""epsilon"":1e-06}",,,,,,,1e-06,0.1,,,
1095,canonical,128,repeated_bad_pivots,repeated_bad_pivots:34246cb149b429c4,False,1,10720559,10720560,"{""decay"":1.0,""epsilon"":1e-10}",,,,,,,1e-10,1.0,,,
1096,canonical,128,repeated_bad_pivots,repeated_bad_pivots:73c9e8040232fdc6,False,1,10720560,10720561,"{""decay"":0.3,""epsilon"":1e-10}",,,,,,,1e-10,0.3,,,
1097,canonical,128,repeated_bad_pivots,repeated_bad_pivots:14488bcb7546a054,False,1,10720561,10720562,"{""decay"":0.1,""epsilon"":1e-10}",,,,,,,1e-10,0.1,,,
1098,canonical,128,scaled_adversarial,scaled_adversarial:a1544dd12bfc380a,True,20000,10720562,10740562,"{""epsilon"":0.01,""scale_range"":2.0}",,,,,,,0.01,,2.0,,
1099,canonical,128,scaled_adversarial,scaled_adversarial:bfa61de27cbbe219,True,20000,10740562,10760562,"{""epsilon"":0.01,""scale_range"":4.0}",,,,,,,0.01,,4.0,,
1100,canonical,128,scaled_adversarial,scaled_adversarial:e73afbc25af72981,True,20000,10760562,10780562,"{""epsilon"":0.01,""scale_range"":8.0}",,,,,,,0.01,,8.0,,
1101,canonical,128,scaled_adversarial,scaled_adversarial:17741976c2dfbd54,True,20000,10780562,10800562,"{""epsilon"":0.01,""scale_range"":12.0}",,,,,,,0.01,,12.0,,
1102,canonical,128,scaled_adversarial,scaled_adversarial:1c7b58eee2ed258c,True,20000,10800562,10820562,"{""epsilon"":1e-06,""scale_range"":2.0}",,,,,,,1e-06,,2.0,,
1103,canonical,128,scaled_adversarial,scaled_adversarial:4fa46c9b0730babb,True,20000,10820562,10840562,"{""epsilon"":1e-06,""scale_range"":4.0}",,,,,,,1e-06,,4.0,,
1104,canonical,128,scaled_adversarial,scaled_adversarial:693a2410d358b3b1,True,20000,10840562,10860562,"{""epsilon"":1e-06,""scale_range"":8.0}",,,,,,,1e-06,,8.0,,
1105,canonical,128,scaled_adversarial,scaled_adversarial:44cc26aec2af2f93,True,20000,10860562,10880562,"{""epsilon"":1e-06,""scale_range"":12.0}",,,,,,,1e-06,,12.0,,
1106,canonical,128,scaled_adversarial,scaled_adversarial:47817f90b3ae7eb7,True,20000,10880562,10900562,"{""epsilon"":1e-10,""scale_range"":2.0}",,,,,,,1e-10,,2.0,,
1107,canonical,128,scaled_adversarial,scaled_adversarial:4aad419250638d2a,True,20000,10900562,10920562,"{""epsilon"":1e-10,""scale_range"":4.0}",,,,,,,1e-10,,4.0,,
1108,canonical,128,scaled_adversarial,scaled_adversarial:5d1019a4ba6f1410,True,20000,10920562,10940562,"{""epsilon"":1e-10,""scale_range"":8.0}",,,,,,,1e-10,,8.0,,
1109,canonical,128,scaled_adversarial,scaled_adversarial:a7078d089ccfa660,True,20000,10940562,10960562,"{""epsilon"":1e-10,""scale_range"":12.0}",,,,,,,1e-10,,12.0,,
1110,canonical,128,row_diagonal_dominant_random,row_diagonal_dominant_random:93e6f52ebdb3ac55,True,20000,10960562,10980562,"{""alpha"":0.5}",,,,,,,,,,0.5,
1111,canonical,128,row_diagonal_dominant_random,row_diagonal_dominant_random:03e59f7215597618,True,20000,10980562,11000562,"{""alpha"":0.3}",,,,,,,,,,0.3,
1112,canonical,128,row_diagonal_dominant_random,row_diagonal_dominant_random:c6616c01f005a03d,True,20000,11000562,11020562,"{""alpha"":0.2}",,,,,,,,,,0.2,
1113,canonical,128,row_diagonal_dominant_random,row_diagonal_dominant_random:85f3946f6e4679ec,True,20000,11020562,11040562,"{""alpha"":0.1}",,,,,,,,,,0.1,
1114,canonical,128,row_diagonal_dominant_random,row_diagonal_dominant_random:2976d44433ad1387,True,20000,11040562,11060562,"{""alpha"":0.05}",,,,,,,,,,0.05,
1115,canonical,128,row_diagonal_dominant_random,row_diagonal_dominant_random:8a85d76f30eb75a6,True,20000,11060562,11080562,"{""alpha"":0.02}",,,,,,,,,,0.02,
1116,canonical,128,row_diagonal_dominant_random,row_diagonal_dominant_random:3cf57fa76b9a551c,True,20000,11080562,11100562,"{""alpha"":0.01}",,,,,,,,,,0.01,
1117,canonical,128,row_diagonal_dominant_random,row_diagonal_dominant_random:4cbd4f5958f010f8,True,20000,11100562,11120562,"{""alpha"":0.005}",,,,,,,,,,0.005,
1118,canonical,128,row_diagonal_dominant_random,row_diagonal_dominant_random:9493eb0855127051,True,20000,11120562,11140562,"{""alpha"":0.002}",,,,,,,,,,0.002,
1119,canonical,128,row_diagonal_dominant_random,row_diagonal_dominant_random:c93186b88112adec,True,20000,11140562,11160562,"{""alpha"":0.001}",,,,,,,,,,0.001,
1120,canonical,128,row_diagonal_dominant_tridiagonal,row_diagonal_dominant_tridiagonal:982220238cdced02,False,1,11160562,11160563,"{""alpha"":0.5}",,,,,,,,,,0.5,
1121,canonical,128,row_diagonal_dominant_tridiagonal,row_diagonal_dominant_tridiagonal:f7dbde840db0a0a1,False,1,11160563,11160564,"{""alpha"":0.3}",,,,,,,,,,0.3,
1122,canonical,128,row_diagonal_dominant_tridiagonal,row_diagonal_dominant_tridiagonal:af932376a9e85180,False,1,11160564,11160565,"{""alpha"":0.2}",,,,,,,,,,0.2,
1123,canonical,128,row_diagonal_dominant_tridiagonal,row_diagonal_dominant_tridiagonal:c27ad42e3f6fa594,False,1,11160565,11160566,"{""alpha"":0.1}",,,,,,,,,,0.1,
1124,canonical,128,row_diagonal_dominant_tridiagonal,row_diagonal_dominant_tridiagonal:b140db102925b3ec,False,1,11160566,11160567,"{""alpha"":0.05}",,,,,,,,,,0.05,
1125,canonical,128,row_diagonal_dominant_tridiagonal,row_diagonal_dominant_tridiagonal:9c6a6927336fc423,False,1,11160567,11160568,"{""alpha"":0.02}",,,,,,,,,,0.02,
1126,canonical,128,row_diagonal_dominant_tridiagonal,row_diagonal_dominant_tridiagonal:a2ab9117ea3a1dfa,False,1,11160568,11160569,"{""alpha"":0.01}",,,,,,,,,,0.01,
1127,canonical,128,row_diagonal_dominant_tridiagonal,row_diagonal_dominant_tridiagonal:80f1643c77f70cd6,False,1,11160569,11160570,"{""alpha"":0.005}",,,,,,,,,,0.005,
1128,canonical,128,row_diagonal_dominant_tridiagonal,row_diagonal_dominant_tridiagonal:e81edd77eaa602f2,False,1,11160570,11160571,"{""alpha"":0.002}",,,,,,,,,,0.002,
1129,canonical,128,row_diagonal_dominant_tridiagonal,row_diagonal_dominant_tridiagonal:3cc535104b50d6a1,False,1,11160571,11160572,"{""alpha"":0.001}",,,,,,,,,,0.001,
1130,canonical,128,row_diagonal_dominant_rankone,row_diagonal_dominant_rankone:9b1d06cd48c40ab2,False,1,11160572,11160573,"{""alpha"":0.5}",,,,,,,,,,0.5,
1131,canonical,128,row_diagonal_dominant_rankone,row_diagonal_dominant_rankone:b2135906babb091e,False,1,11160573,11160574,"{""alpha"":0.3}",,,,,,,,,,0.3,
1132,canonical,128,row_diagonal_dominant_rankone,row_diagonal_dominant_rankone:4b19e252ebf4e64e,False,1,11160574,11160575,"{""alpha"":0.2}",,,,,,,,,,0.2,
1133,canonical,128,row_diagonal_dominant_rankone,row_diagonal_dominant_rankone:f77fdfb3efff94e7,False,1,11160575,11160576,"{""alpha"":0.1}",,,,,,,,,,0.1,
1134,canonical,128,row_diagonal_dominant_rankone,row_diagonal_dominant_rankone:e9f8a9d621908331,False,1,11160576,11160577,"{""alpha"":0.05}",,,,,,,,,,0.05,
1135,canonical,128,row_diagonal_dominant_rankone,row_diagonal_dominant_rankone:f5d1060d84da4649,False,1,11160577,11160578,"{""alpha"":0.02}",,,,,,,,,,0.02,
1136,canonical,128,row_diagonal_dominant_rankone,row_diagonal_dominant_rankone:bbdf2ff377511d2a,False,1,11160578,11160579,"{""alpha"":0.01}",,,,,,,,,,0.01,
1137,canonical,128,row_diagonal_dominant_rankone,row_diagonal_dominant_rankone:b724756e042d2640,False,1,11160579,11160580,"{""alpha"":0.005}",,,,,,,,,,0.005,
1138,canonical,128,row_diagonal_dominant_rankone,row_diagonal_dominant_rankone:9248beec0335477a,False,1,11160580,11160581,"{""alpha"":0.002}",,,,,,,,,,0.002,
1139,canonical,128,row_diagonal_dominant_rankone,row_diagonal_dominant_rankone:6689e0c35681572e,False,1,11160581,11160582,"{""alpha"":0.001}",,,,,,,,,,0.001,
1140,canonical,128,row_diagonal_dominant_stochastic,row_diagonal_dominant_stochastic:021519ee0a19df7c,True,20000,11160582,11180582,"{""alpha"":0.5}",,,,,,,,,,0.5,
1141,canonical,128,row_diagonal_dominant_stochastic,row_diagonal_dominant_stochastic:de30837b1853aaf8,True,20000,11180582,11200582,"{""alpha"":0.3}",,,,,,,,,,0.3,
1142,canonical,128,row_diagonal_dominant_stochastic,row_diagonal_dominant_stochastic:85d04ae4513fe85f,True,20000,11200582,11220582,"{""alpha"":0.2}",,,,,,,,,,0.2,
1143,canonical,128,row_diagonal_dominant_stochastic,row_diagonal_dominant_stochastic:0f7feef7c7880b20,True,20000,11220582,11240582,"{""alpha"":0.1}",,,,,,,,,,0.1,
1144,canonical,128,row_diagonal_dominant_stochastic,row_diagonal_dominant_stochastic:0530909e2322226a,True,20000,11240582,11260582,"{""alpha"":0.05}",,,,,,,,,,0.05,
1145,canonical,128,row_diagonal_dominant_stochastic,row_diagonal_dominant_stochastic:f5393029996d2c29,True,20000,11260582,11280582,"{""alpha"":0.02}",,,,,,,,,,0.02,
1146,canonical,128,row_diagonal_dominant_stochastic,row_diagonal_dominant_stochastic:0d717c35c3b2f62d,True,20000,11280582,11300582,"{""alpha"":0.01}",,,,,,,,,,0.01,
1147,canonical,128,row_diagonal_dominant_stochastic,row_diagonal_dominant_stochastic:6bb9c9b7e1526958,True,20000,11300582,11320582,"{""alpha"":0.005}",,,,,,,,,,0.005,
1148,canonical,128,row_diagonal_dominant_stochastic,row_diagonal_dominant_stochastic:103e29b8022442fa,True,20000,11320582,11340582,"{""alpha"":0.002}",,,,,,,,,,0.002,
1149,canonical,128,row_diagonal_dominant_stochastic,row_diagonal_dominant_stochastic:3f149f338e70104c,True,20000,11340582,11360582,"{""alpha"":0.001}",,,,,,,,,,0.001,
1150,canonical,128,spd_prescribed_spectrum,spd_prescribed_spectrum:f3c8ebf0e249f88d,True,20000,11360582,11380582,"{""kappa"":10.0}",,,,,,,,,,,10.0
1151,canonical,128,spd_prescribed_spectrum,spd_prescribed_spectrum:fd9c01d27036b31c,True,20000,11380582,11400582,"{""kappa"":100.0}",,,,,,,,,,,100.0
1152,canonical,128,spd_prescribed_spectrum,spd_prescribed_spectrum:dc332cd1bfa688f6,True,20000,11400582,11420582,"{""kappa"":1000.0}",,,,,,,,,,,1000.0
1153,canonical,128,spd_prescribed_spectrum,spd_prescribed_spectrum:a954fd91076fe28c,True,20000,11420582,11440582,"{""kappa"":10000.0}",,,,,,,,,,,10000.0
1154,canonical,128,spd_prescribed_spectrum,spd_prescribed_spectrum:79fe5321ebe142a9,True,20000,11440582,11460582,"{""kappa"":100000.0}",,,,,,,,,,,100000.0
1155,canonical,128,spd_prescribed_spectrum,spd_prescribed_spectrum:4953545b5c68c921,True,20000,11460582,11480582,"{""kappa"":1000000.0}",,,,,,,,,,,1000000.0
1156,canonical,128,spd_prescribed_spectrum,spd_prescribed_spectrum:70d7805e407478aa,True,20000,11480582,11500582,"{""kappa"":10000000.0}",,,,,,,,,,,10000000.0
1157,canonical,128,spd_prescribed_spectrum,spd_prescribed_spectrum:fc3ee47b52f52cc7,True,20000,11500582,11520582,"{""kappa"":100000000.0}",,,,,,,,,,,100000000.0
1158,canonical,128,tnn_vandermonde_positive,tnn_vandermonde_positive:d0b487e6f0518b72,False,1,11520582,11520583,"{""cluster_parameter"":2.0,""node_type"":""equispaced_positive""}",,,equispaced_positive,2.0,,,,,,,
1159,canonical,128,tnn_vandermonde_positive,tnn_vandermonde_positive:5aaa1a7a23ee6d83,False,1,11520583,11520584,"{""cluster_parameter"":2.0,""node_type"":""clustered_positive""}",,,clustered_positive,2.0,,,,,,,
1160,canonical,128,pascal,pascal:7b24b4808f94bc0d,False,1,11520584,11520585,{},,,,,,,,,,,
1161,canonical,181,random_conditioned,random_conditioned:3d4ea8f7b0b7ac02,True,20000,11520585,11540585,"{""condition_number"":100.0,""profile"":""geometric""}",100.0,geometric,,,,,,,,,
1162,canonical,181,random_conditioned,random_conditioned:f13d30e42b69e288,True,20000,11540585,11560585,"{""condition_number"":100.0,""profile"":""one_small""}",100.0,one_small,,,,,,,,,
1163,canonical,181,random_conditioned,random_conditioned:5e2483f030292e83,True,20000,11560585,11580585,"{""condition_number"":100.0,""profile"":""clustered""}",100.0,clustered,,,,,,,,,
1164,canonical,181,random_conditioned,random_conditioned:59554964dd17fd28,True,20000,11580585,11600585,"{""condition_number"":10000.0,""profile"":""geometric""}",10000.0,geometric,,,,,,,,,
1165,canonical,181,random_conditioned,random_conditioned:9249e93b9b37b741,True,20000,11600585,11620585,"{""condition_number"":10000.0,""profile"":""one_small""}",10000.0,one_small,,,,,,,,,
1166,canonical,181,random_conditioned,random_conditioned:24db10624cd06023,True,20000,11620585,11640585,"{""condition_number"":10000.0,""profile"":""clustered""}",10000.0,clustered,,,,,,,,,
1167,canonical,181,random_conditioned,random_conditioned:ede4f08ad80ec7c0,True,20000,11640585,11660585,"{""condition_number"":1000000.0,""profile"":""geometric""}",1000000.0,geometric,,,,,,,,,
1168,canonical,181,random_conditioned,random_conditioned:58959af1bd395489,True,20000,11660585,11680585,"{""condition_number"":1000000.0,""profile"":""one_small""}",1000000.0,one_small,,,,,,,,,
1169,canonical,181,random_conditioned,random_conditioned:60b649f84d12d8bd,True,20000,11680585,11700585,"{""condition_number"":1000000.0,""profile"":""clustered""}",1000000.0,clustered,,,,,,,,,
1170,canonical,181,random_conditioned,random_conditioned:d85a46ecb6e00d73,True,20000,11700585,11720585,"{""condition_number"":100000000.0,""profile"":""geometric""}",100000000.0,geometric,,,,,,,,,
1171,canonical,181,random_conditioned,random_conditioned:be39cf2c9bb5dcd1,True,20000,11720585,11740585,"{""condition_number"":100000000.0,""profile"":""one_small""}",100000000.0,one_small,,,,,,,,,
1172,canonical,181,random_conditioned,random_conditioned:c09b81d86321af6f,True,20000,11740585,11760585,"{""condition_number"":100000000.0,""profile"":""clustered""}",100000000.0,clustered,,,,,,,,,
1173,canonical,181,random_conditioned,random_conditioned:37f6a61bc4687e9e,True,20000,11760585,11780585,"{""condition_number"":10000000000.0,""profile"":""geometric""}",10000000000.0,geometric,,,,,,,,,
1174,canonical,181,random_conditioned,random_conditioned:33289cf8a89ff087,True,20000,11780585,11800585,"{""condition_number"":10000000000.0,""profile"":""one_small""}",10000000000.0,one_small,,,,,,,,,
1175,canonical,181,random_conditioned,random_conditioned:d512272586bc7c53,True,20000,11800585,11820585,"{""condition_number"":10000000000.0,""profile"":""clustered""}",10000000000.0,clustered,,,,,,,,,
1176,canonical,181,random_conditioned,random_conditioned:36337c2841740aff,True,20000,11820585,11840585,"{""condition_number"":1000000000000.0,""profile"":""geometric""}",1000000000000.0,geometric,,,,,,,,,
1177,canonical,181,random_conditioned,random_conditioned:982d888343062026,True,20000,11840585,11860585,"{""condition_number"":1000000000000.0,""profile"":""one_small""}",1000000000000.0,one_small,,,,,,,,,
1178,canonical,181,random_conditioned,random_conditioned:3868b8f4f35e5d1d,True,20000,11860585,11880585,"{""condition_number"":1000000000000.0,""profile"":""clustered""}",1000000000000.0,clustered,,,,,,,,,
1179,canonical,181,random_conditioned,random_conditioned:e026603158c7af35,True,20000,11880585,11900585,"{""condition_number"":100000000000000.0,""profile"":""geometric""}",100000000000000.0,geometric,,,,,,,,,
1180,canonical,181,random_conditioned,random_conditioned:5b19efd6ef2b5c0b,True,20000,11900585,11920585,"{""condition_number"":100000000000000.0,""profile"":""one_small""}",100000000000000.0,one_small,,,,,,,,,
1181,canonical,181,random_conditioned,random_conditioned:20591473a1bf5735,True,20000,11920585,11940585,"{""condition_number"":100000000000000.0,""profile"":""clustered""}",100000000000000.0,clustered,,,,,,,,,
1182,canonical,181,random_conditioned,random_conditioned:6ed2736ecab0398d,True,20000,11940585,11960585,"{""condition_number"":1.0,""profile"":""orthogonal""}",1.0,orthogonal,,,,,,,,,
1183,canonical,181,hilbert,hilbert:b9c548331ca110df,False,1,11960585,11960586,{},,,,,,,,,,,
1184,canonical,181,vandermonde,vandermonde:c75e7bcca1c1877c,False,1,11960586,11960587,"{""cluster_parameter"":10.0,""column_scaling"":false,""node_type"":""equispaced""}",,,equispaced,10.0,False,,,,,,
1185,canonical,181,vandermonde,vandermonde:ceedbcebccced4fc,False,1,11960587,11960588,"{""cluster_parameter"":10.0,""column_scaling"":true,""node_type"":""equispaced""}",,,equispaced,10.0,True,,,,,,
1186,canonical,181,vandermonde,vandermonde:e7c5154704c3d4c9,False,1,11960588,11960589,"{""cluster_parameter"":10.0,""column_scaling"":false,""node_type"":""chebyshev""}",,,chebyshev,10.0,False,,,,,,
1187,canonical,181,vandermonde,vandermonde:df362d800fc64531,False,1,11960589,11960590,"{""cluster_parameter"":10.0,""column_scaling"":true,""node_type"":""chebyshev""}",,,chebyshev,10.0,True,,,,,,
1188,canonical,181,vandermonde,vandermonde:1a694a5cc930f5b5,False,1,11960590,11960591,"{""cluster_parameter"":10.0,""column_scaling"":false,""node_type"":""clustered_zero""}",,,clustered_zero,10.0,False,,,,,,
1189,canonical,181,vandermonde,vandermonde:777568ed0dbc806c,False,1,11960591,11960592,"{""cluster_parameter"":10.0,""column_scaling"":true,""node_type"":""clustered_zero""}",,,clustered_zero,10.0,True,,,,,,
1190,canonical,181,vandermonde,vandermonde:b85fbb786a5eb62d,False,1,11960592,11960593,"{""cluster_parameter"":10.0,""column_scaling"":false,""node_type"":""near_one""}",,,near_one,10.0,False,,,,,,
1191,canonical,181,vandermonde,vandermonde:bc1c5a7c363c1cb2,False,1,11960593,11960594,"{""cluster_parameter"":10.0,""column_scaling"":true,""node_type"":""near_one""}",,,near_one,10.0,True,,,,,,
1192,canonical,181,vandermonde,vandermonde:d4c1dcf1fe7912e5,True,20000,11960594,11980594,"{""cluster_parameter"":10.0,""column_scaling"":false,""node_type"":""random""}",,,random,10.0,False,,,,,,
1193,canonical,181,vandermonde,vandermonde:0040369e0b8a027c,True,20000,11980594,12000594,"{""cluster_parameter"":10.0,""column_scaling"":true,""node_type"":""random""}",,,random,10.0,True,,,,,,
1194,canonical,181,kahan_type,kahan_type:4290efc4c47e83af,False,1,12000594,12000595,"{""column_scaling"":false,""theta"":0.1}",,,,,False,0.1,,,,,
1195,canonical,181,kahan_type,kahan_type:e71b6f9fd30d0d35,False,1,12000595,12000596,"{""column_scaling"":true,""theta"":0.1}",,,,,True,0.1,,,,,
1196,canonical,181,kahan_type,kahan_type:55976e314ebada33,False,1,12000596,12000597,"{""column_scaling"":false,""theta"":0.01}",,,,,False,0.01,,,,,
1197,canonical,181,kahan_type,kahan_type:3d5fca4b09918941,False,1,12000597,12000598,"{""column_scaling"":true,""theta"":0.01}",,,,,True,0.01,,,,,
1198,canonical,181,kahan_type,kahan_type:ea9d2f45216bcaa7,False,1,12000598,12000599,"{""column_scaling"":false,""theta"":0.001}",,,,,False,0.001,,,,,
1199,canonical,181,kahan_type,kahan_type:033d150a3a538c2e,False,1,12000599,12000600,"{""column_scaling"":true,""theta"":0.001}",,,,,True,0.001,,,,,
1200,canonical,181,kahan_type,kahan_type:bf657253a4babc02,False,1,12000600,12000601,"{""column_scaling"":false,""theta"":0.0001}",,,,,False,0.0001,,,,,
1201,canonical,181,kahan_type,kahan_type:7de370b15bdacd56,False,1,12000601,12000602,"{""column_scaling"":true,""theta"":0.0001}",,,,,True,0.0001,,,,,
1202,canonical,181,kahan_type,kahan_type:7411493e1f8f3a01,False,1,12000602,12000603,"{""column_scaling"":false,""theta"":1e-06}",,,,,False,1e-06,,,,,
1203,canonical,181,kahan_type,kahan_type:7f88c9d87a09d37c,False,1,12000603,12000604,"{""column_scaling"":true,""theta"":1e-06}",,,,,True,1e-06,,,,,
1204,canonical,181,kahan_type,kahan_type:3fcb70bbfebc9826,False,1,12000604,12000605,"{""column_scaling"":false,""theta"":1e-08}",,,,,False,1e-08,,,,,
1205,canonical,181,kahan_type,kahan_type:cb92209d4d47c312,False,1,12000605,12000606,"{""column_scaling"":true,""theta"":1e-08}",,,,,True,1e-08,,,,,
1206,canonical,181,kahan_type,kahan_type:cad9cb441519fc5b,False,1,12000606,12000607,"{""column_scaling"":false,""theta"":1e-10}",,,,,False,1e-10,,,,,
1207,canonical,181,kahan_type,kahan_type:ea85790adba5c3b2,False,1,12000607,12000608,"{""column_scaling"":true,""theta"":1e-10}",,,,,True,1e-10,,,,,
1208,canonical,181,kahan_type,kahan_type:ecb64b54443ddd5c,False,1,12000608,12000609,"{""column_scaling"":false,""theta"":1e-12}",,,,,False,1e-12,,,,,
1209,canonical,181,kahan_type,kahan_type:8457c94dc014b009,False,1,12000609,12000610,"{""column_scaling"":true,""theta"":1e-12}",,,,,True,1e-12,,,,,
1210,canonical,181,adversarial_rotation,adversarial_rotation:b2c76300f74387b0,False,1,12000610,12000611,"{""epsilon"":0.1}",,,,,,,0.1,,,,
1211,canonical,181,adversarial_rotation,adversarial_rotation:37c4e5a022b50612,False,1,12000611,12000612,"{""epsilon"":0.01}",,,,,,,0.01,,,,
1212,canonical,181,adversarial_rotation,adversarial_rotation:fbc8efe02a7874dc,False,1,12000612,12000613,"{""epsilon"":0.0001}",,,,,,,0.0001,,,,
1213,canonical,181,adversarial_rotation,adversarial_rotation:f7cff71dbc36bc98,False,1,12000613,12000614,"{""epsilon"":1e-06}",,,,,,,1e-06,,,,
1214,canonical,181,adversarial_rotation,adversarial_rotation:ace807421641f23f,False,1,12000614,12000615,"{""epsilon"":1e-08}",,,,,,,1e-08,,,,
1215,canonical,181,adversarial_rotation,adversarial_rotation:6f8f58222266e918,False,1,12000615,12000616,"{""epsilon"":1e-10}",,,,,,,1e-10,,,,
1216,canonical,181,adversarial_rotation,adversarial_rotation:45392a8c926cd6a7,False,1,12000616,12000617,"{""epsilon"":1e-12}",,,,,,,1e-12,,,,
1217,canonical,181,adversarial_rotation,adversarial_rotation:2cc9ff6f36ee55eb,False,1,12000617,12000618,"{""epsilon"":1e-14}",,,,,,,1e-14,,,,
1218,canonical,181,repeated_bad_pivots,repeated_bad_pivots:ebddf4bf1bcd1f4b,False,1,12000618,12000619,"{""decay"":1.0,""epsilon"":0.01}",,,,,,,0.01,1.0,,,
1219,canonical,181,repeated_bad_pivots,repeated_bad_pivots:22f815a7b3f93bb6,False,1,12000619,12000620,"{""decay"":0.3,""epsilon"":0.01}",,,,,,,0.01,0.3,,,
1220,canonical,181,repeated_bad_pivots,repeated_bad_pivots:cf46139e6aa27490,False,1,12000620,12000621,"{""decay"":0.1,""epsilon"":0.01}",,,,,,,0.01,0.1,,,
1221,canonical,181,repeated_bad_pivots,repeated_bad_pivots:221878ec2b94bb83,False,1,12000621,12000622,"{""decay"":1.0,""epsilon"":1e-06}",,,,,,,1e-06,1.0,,,
1222,canonical,181,repeated_bad_pivots,repeated_bad_pivots:142920ff1c832f8b,False,1,12000622,12000623,"{""decay"":0.3,""epsilon"":1e-06}",,,,,,,1e-06,0.3,,,
1223,canonical,181,repeated_bad_pivots,repeated_bad_pivots:1be3591d8f74c193,False,1,12000623,12000624,"{""decay"":0.1,""epsilon"":1e-06}",,,,,,,1e-06,0.1,,,
1224,canonical,181,repeated_bad_pivots,repeated_bad_pivots:34246cb149b429c4,False,1,12000624,12000625,"{""decay"":1.0,""epsilon"":1e-10}",,,,,,,1e-10,1.0,,,
1225,canonical,181,repeated_bad_pivots,repeated_bad_pivots:73c9e8040232fdc6,False,1,12000625,12000626,"{""decay"":0.3,""epsilon"":1e-10}",,,,,,,1e-10,0.3,,,
1226,canonical,181,repeated_bad_pivots,repeated_bad_pivots:14488bcb7546a054,False,1,12000626,12000627,"{""decay"":0.1,""epsilon"":1e-10}",,,,,,,1e-10,0.1,,,
1227,canonical,181,scaled_adversarial,scaled_adversarial:a1544dd12bfc380a,True,20000,12000627,12020627,"{""epsilon"":0.01,""scale_range"":2.0}",,,,,,,0.01,,2.0,,
1228,canonical,181,scaled_adversarial,scaled_adversarial:bfa61de27cbbe219,True,20000,12020627,12040627,"{""epsilon"":0.01,""scale_range"":4.0}",,,,,,,0.01,,4.0,,
1229,canonical,181,scaled_adversarial,scaled_adversarial:e73afbc25af72981,True,20000,12040627,12060627,"{""epsilon"":0.01,""scale_range"":8.0}",,,,,,,0.01,,8.0,,
1230,canonical,181,scaled_adversarial,scaled_adversarial:17741976c2dfbd54,True,20000,12060627,12080627,"{""epsilon"":0.01,""scale_range"":12.0}",,,,,,,0.01,,12.0,,
1231,canonical,181,scaled_adversarial,scaled_adversarial:1c7b58eee2ed258c,True,20000,12080627,12100627,"{""epsilon"":1e-06,""scale_range"":2.0}",,,,,,,1e-06,,2.0,,
1232,canonical,181,scaled_adversarial,scaled_adversarial:4fa46c9b0730babb,True,20000,12100627,12120627,"{""epsilon"":1e-06,""scale_range"":4.0}",,,,,,,1e-06,,4.0,,
1233,canonical,181,scaled_adversarial,scaled_adversarial:693a2410d358b3b1,True,20000,12120627,12140627,"{""epsilon"":1e-06,""scale_range"":8.0}",,,,,,,1e-06,,8.0,,
1234,canonical,181,scaled_adversarial,scaled_adversarial:44cc26aec2af2f93,True,20000,12140627,12160627,"{""epsilon"":1e-06,""scale_range"":12.0}",,,,,,,1e-06,,12.0,,
1235,canonical,181,scaled_adversarial,scaled_adversarial:47817f90b3ae7eb7,True,20000,12160627,12180627,"{""epsilon"":1e-10,""scale_range"":2.0}",,,,,,,1e-10,,2.0,,
1236,canonical,181,scaled_adversarial,scaled_adversarial:4aad419250638d2a,True,20000,12180627,12200627,"{""epsilon"":1e-10,""scale_range"":4.0}",,,,,,,1e-10,,4.0,,
1237,canonical,181,scaled_adversarial,scaled_adversarial:5d1019a4ba6f1410,True,20000,12200627,12220627,"{""epsilon"":1e-10,""scale_range"":8.0}",,,,,,,1e-10,,8.0,,
1238,canonical,181,scaled_adversarial,scaled_adversarial:a7078d089ccfa660,True,20000,12220627,12240627,"{""epsilon"":1e-10,""scale_range"":12.0}",,,,,,,1e-10,,12.0,,
1239,canonical,181,row_diagonal_dominant_random,row_diagonal_dominant_random:93e6f52ebdb3ac55,True,20000,12240627,12260627,"{""alpha"":0.5}",,,,,,,,,,0.5,
1240,canonical,181,row_diagonal_dominant_random,row_diagonal_dominant_random:03e59f7215597618,True,20000,12260627,12280627,"{""alpha"":0.3}",,,,,,,,,,0.3,
1241,canonical,181,row_diagonal_dominant_random,row_diagonal_dominant_random:c6616c01f005a03d,True,20000,12280627,12300627,"{""alpha"":0.2}",,,,,,,,,,0.2,
1242,canonical,181,row_diagonal_dominant_random,row_diagonal_dominant_random:85f3946f6e4679ec,True,20000,12300627,12320627,"{""alpha"":0.1}",,,,,,,,,,0.1,
1243,canonical,181,row_diagonal_dominant_random,row_diagonal_dominant_random:2976d44433ad1387,True,20000,12320627,12340627,"{""alpha"":0.05}",,,,,,,,,,0.05,
1244,canonical,181,row_diagonal_dominant_random,row_diagonal_dominant_random:8a85d76f30eb75a6,True,20000,12340627,12360627,"{""alpha"":0.02}",,,,,,,,,,0.02,
1245,canonical,181,row_diagonal_dominant_random,row_diagonal_dominant_random:3cf57fa76b9a551c,True,20000,12360627,12380627,"{""alpha"":0.01}",,,,,,,,,,0.01,
1246,canonical,181,row_diagonal_dominant_random,row_diagonal_dominant_random:4cbd4f5958f010f8,True,20000,12380627,12400627,"{""alpha"":0.005}",,,,,,,,,,0.005,
1247,canonical,181,row_diagonal_dominant_random,row_diagonal_dominant_random:9493eb0855127051,True,20000,12400627,12420627,"{""alpha"":0.002}",,,,,,,,,,0.002,
1248,canonical,181,row_diagonal_dominant_random,row_diagonal_dominant_random:c93186b88112adec,True,20000,12420627,12440627,"{""alpha"":0.001}",,,,,,,,,,0.001,
1249,canonical,181,row_diagonal_dominant_tridiagonal,row_diagonal_dominant_tridiagonal:982220238cdced02,False,1,12440627,12440628,"{""alpha"":0.5}",,,,,,,,,,0.5,
1250,canonical,181,row_diagonal_dominant_tridiagonal,row_diagonal_dominant_tridiagonal:f7dbde840db0a0a1,False,1,12440628,12440629,"{""alpha"":0.3}",,,,,,,,,,0.3,
1251,canonical,181,row_diagonal_dominant_tridiagonal,row_diagonal_dominant_tridiagonal:af932376a9e85180,False,1,12440629,12440630,"{""alpha"":0.2}",,,,,,,,,,0.2,
1252,canonical,181,row_diagonal_dominant_tridiagonal,row_diagonal_dominant_tridiagonal:c27ad42e3f6fa594,False,1,12440630,12440631,"{""alpha"":0.1}",,,,,,,,,,0.1,
1253,canonical,181,row_diagonal_dominant_tridiagonal,row_diagonal_dominant_tridiagonal:b140db102925b3ec,False,1,12440631,12440632,"{""alpha"":0.05}",,,,,,,,,,0.05,
1254,canonical,181,row_diagonal_dominant_tridiagonal,row_diagonal_dominant_tridiagonal:9c6a6927336fc423,False,1,12440632,12440633,"{""alpha"":0.02}",,,,,,,,,,0.02,
1255,canonical,181,row_diagonal_dominant_tridiagonal,row_diagonal_dominant_tridiagonal:a2ab9117ea3a1dfa,False,1,12440633,12440634,"{""alpha"":0.01}",,,,,,,,,,0.01,
1256,canonical,181,row_diagonal_dominant_tridiagonal,row_diagonal_dominant_tridiagonal:80f1643c77f70cd6,False,1,12440634,12440635,"{""alpha"":0.005}",,,,,,,,,,0.005,
1257,canonical,181,row_diagonal_dominant_tridiagonal,row_diagonal_dominant_tridiagonal:e81edd77eaa602f2,False,1,12440635,12440636,"{""alpha"":0.002}",,,,,,,,,,0.002,
1258,canonical,181,row_diagonal_dominant_tridiagonal,row_diagonal_dominant_tridiagonal:3cc535104b50d6a1,False,1,12440636,12440637,"{""alpha"":0.001}",,,,,,,,,,0.001,
1259,canonical,181,row_diagonal_dominant_rankone,row_diagonal_dominant_rankone:9b1d06cd48c40ab2,False,1,12440637,12440638,"{""alpha"":0.5}",,,,,,,,,,0.5,
1260,canonical,181,row_diagonal_dominant_rankone,row_diagonal_dominant_rankone:b2135906babb091e,False,1,12440638,12440639,"{""alpha"":0.3}",,,,,,,,,,0.3,
1261,canonical,181,row_diagonal_dominant_rankone,row_diagonal_dominant_rankone:4b19e252ebf4e64e,False,1,12440639,12440640,"{""alpha"":0.2}",,,,,,,,,,0.2,
1262,canonical,181,row_diagonal_dominant_rankone,row_diagonal_dominant_rankone:f77fdfb3efff94e7,False,1,12440640,12440641,"{""alpha"":0.1}",,,,,,,,,,0.1,
1263,canonical,181,row_diagonal_dominant_rankone,row_diagonal_dominant_rankone:e9f8a9d621908331,False,1,12440641,12440642,"{""alpha"":0.05}",,,,,,,,,,0.05,
1264,canonical,181,row_diagonal_dominant_rankone,row_diagonal_dominant_rankone:f5d1060d84da4649,False,1,12440642,12440643,"{""alpha"":0.02}",,,,,,,,,,0.02,
1265,canonical,181,row_diagonal_dominant_rankone,row_diagonal_dominant_rankone:bbdf2ff377511d2a,False,1,12440643,12440644,"{""alpha"":0.01}",,,,,,,,,,0.01,
1266,canonical,181,row_diagonal_dominant_rankone,row_diagonal_dominant_rankone:b724756e042d2640,False,1,12440644,12440645,"{""alpha"":0.005}",,,,,,,,,,0.005,
1267,canonical,181,row_diagonal_dominant_rankone,row_diagonal_dominant_rankone:9248beec0335477a,False,1,12440645,12440646,"{""alpha"":0.002}",,,,,,,,,,0.002,
1268,canonical,181,row_diagonal_dominant_rankone,row_diagonal_dominant_rankone:6689e0c35681572e,False,1,12440646,12440647,"{""alpha"":0.001}",,,,,,,,,,0.001,
1269,canonical,181,row_diagonal_dominant_stochastic,row_diagonal_dominant_stochastic:021519ee0a19df7c,True,20000,12440647,12460647,"{""alpha"":0.5}",,,,,,,,,,0.5,
1270,canonical,181,row_diagonal_dominant_stochastic,row_diagonal_dominant_stochastic:de30837b1853aaf8,True,20000,12460647,12480647,"{""alpha"":0.3}",,,,,,,,,,0.3,
1271,canonical,181,row_diagonal_dominant_stochastic,row_diagonal_dominant_stochastic:85d04ae4513fe85f,True,20000,12480647,12500647,"{""alpha"":0.2}",,,,,,,,,,0.2,
1272,canonical,181,row_diagonal_dominant_stochastic,row_diagonal_dominant_stochastic:0f7feef7c7880b20,True,20000,12500647,12520647,"{""alpha"":0.1}",,,,,,,,,,0.1,
1273,canonical,181,row_diagonal_dominant_stochastic,row_diagonal_dominant_stochastic:0530909e2322226a,True,20000,12520647,12540647,"{""alpha"":0.05}",,,,,,,,,,0.05,
1274,canonical,181,row_diagonal_dominant_stochastic,row_diagonal_dominant_stochastic:f5393029996d2c29,True,20000,12540647,12560647,"{""alpha"":0.02}",,,,,,,,,,0.02,
1275,canonical,181,row_diagonal_dominant_stochastic,row_diagonal_dominant_stochastic:0d717c35c3b2f62d,True,20000,12560647,12580647,"{""alpha"":0.01}",,,,,,,,,,0.01,
1276,canonical,181,row_diagonal_dominant_stochastic,row_diagonal_dominant_stochastic:6bb9c9b7e1526958,True,20000,12580647,12600647,"{""alpha"":0.005}",,,,,,,,,,0.005,
1277,canonical,181,row_diagonal_dominant_stochastic,row_diagonal_dominant_stochastic:103e29b8022442fa,True,20000,12600647,12620647,"{""alpha"":0.002}",,,,,,,,,,0.002,
1278,canonical,181,row_diagonal_dominant_stochastic,row_diagonal_dominant_stochastic:3f149f338e70104c,True,20000,12620647,12640647,"{""alpha"":0.001}",,,,,,,,,,0.001,
1279,canonical,181,spd_prescribed_spectrum,spd_prescribed_spectrum:f3c8ebf0e249f88d,True,20000,12640647,12660647,"{""kappa"":10.0}",,,,,,,,,,,10.0
1280,canonical,181,spd_prescribed_spectrum,spd_prescribed_spectrum:fd9c01d27036b31c,True,20000,12660647,12680647,"{""kappa"":100.0}",,,,,,,,,,,100.0
1281,canonical,181,spd_prescribed_spectrum,spd_prescribed_spectrum:dc332cd1bfa688f6,True,20000,12680647,12700647,"{""kappa"":1000.0}",,,,,,,,,,,1000.0
1282,canonical,181,spd_prescribed_spectrum,spd_prescribed_spectrum:a954fd91076fe28c,True,20000,12700647,12720647,"{""kappa"":10000.0}",,,,,,,,,,,10000.0
1283,canonical,181,spd_prescribed_spectrum,spd_prescribed_spectrum:79fe5321ebe142a9,True,20000,12720647,12740647,"{""kappa"":100000.0}",,,,,,,,,,,100000.0
1284,canonical,181,spd_prescribed_spectrum,spd_prescribed_spectrum:4953545b5c68c921,True,20000,12740647,12760647,"{""kappa"":1000000.0}",,,,,,,,,,,1000000.0
1285,canonical,181,spd_prescribed_spectrum,spd_prescribed_spectrum:70d7805e407478aa,True,20000,12760647,12780647,"{""kappa"":10000000.0}",,,,,,,,,,,10000000.0
1286,canonical,181,spd_prescribed_spectrum,spd_prescribed_spectrum:fc3ee47b52f52cc7,True,20000,12780647,12800647,"{""kappa"":100000000.0}",,,,,,,,,,,100000000.0
1287,canonical,181,tnn_vandermonde_positive,tnn_vandermonde_positive:d0b487e6f0518b72,False,1,12800647,12800648,"{""cluster_parameter"":2.0,""node_type"":""equispaced_positive""}",,,equispaced_positive,2.0,,,,,,,
1288,canonical,181,tnn_vandermonde_positive,tnn_vandermonde_positive:5aaa1a7a23ee6d83,False,1,12800648,12800649,"{""cluster_parameter"":2.0,""node_type"":""clustered_positive""}",,,clustered_positive,2.0,,,,,,,
1289,canonical,181,pascal,pascal:7b24b4808f94bc0d,False,1,12800649,12800650,{},,,,,,,,,,,
1290,canonical,256,random_conditioned,random_conditioned:3d4ea8f7b0b7ac02,True,20000,12800650,12820650,"{""condition_number"":100.0,""profile"":""geometric""}",100.0,geometric,,,,,,,,,
1291,canonical,256,random_conditioned,random_conditioned:f13d30e42b69e288,True,20000,12820650,12840650,"{""condition_number"":100.0,""profile"":""one_small""}",100.0,one_small,,,,,,,,,
1292,canonical,256,random_conditioned,random_conditioned:5e2483f030292e83,True,20000,12840650,12860650,"{""condition_number"":100.0,""profile"":""clustered""}",100.0,clustered,,,,,,,,,
1293,canonical,256,random_conditioned,random_conditioned:59554964dd17fd28,True,20000,12860650,12880650,"{""condition_number"":10000.0,""profile"":""geometric""}",10000.0,geometric,,,,,,,,,
1294,canonical,256,random_conditioned,random_conditioned:9249e93b9b37b741,True,20000,12880650,12900650,"{""condition_number"":10000.0,""profile"":""one_small""}",10000.0,one_small,,,,,,,,,
1295,canonical,256,random_conditioned,random_conditioned:24db10624cd06023,True,20000,12900650,12920650,"{""condition_number"":10000.0,""profile"":""clustered""}",10000.0,clustered,,,,,,,,,
1296,canonical,256,random_conditioned,random_conditioned:ede4f08ad80ec7c0,True,20000,12920650,12940650,"{""condition_number"":1000000.0,""profile"":""geometric""}",1000000.0,geometric,,,,,,,,,
1297,canonical,256,random_conditioned,random_conditioned:58959af1bd395489,True,20000,12940650,12960650,"{""condition_number"":1000000.0,""profile"":""one_small""}",1000000.0,one_small,,,,,,,,,
1298,canonical,256,random_conditioned,random_conditioned:60b649f84d12d8bd,True,20000,12960650,12980650,"{""condition_number"":1000000.0,""profile"":""clustered""}",1000000.0,clustered,,,,,,,,,
1299,canonical,256,random_conditioned,random_conditioned:d85a46ecb6e00d73,True,20000,12980650,13000650,"{""condition_number"":100000000.0,""profile"":""geometric""}",100000000.0,geometric,,,,,,,,,
1300,canonical,256,random_conditioned,random_conditioned:be39cf2c9bb5dcd1,True,20000,13000650,13020650,"{""condition_number"":100000000.0,""profile"":""one_small""}",100000000.0,one_small,,,,,,,,,
1301,canonical,256,random_conditioned,random_conditioned:c09b81d86321af6f,True,20000,13020650,13040650,"{""condition_number"":100000000.0,""profile"":""clustered""}",100000000.0,clustered,,,,,,,,,
1302,canonical,256,random_conditioned,random_conditioned:37f6a61bc4687e9e,True,20000,13040650,13060650,"{""condition_number"":10000000000.0,""profile"":""geometric""}",10000000000.0,geometric,,,,,,,,,
1303,canonical,256,random_conditioned,random_conditioned:33289cf8a89ff087,True,20000,13060650,13080650,"{""condition_number"":10000000000.0,""profile"":""one_small""}",10000000000.0,one_small,,,,,,,,,
1304,canonical,256,random_conditioned,random_conditioned:d512272586bc7c53,True,20000,13080650,13100650,"{""condition_number"":10000000000.0,""profile"":""clustered""}",10000000000.0,clustered,,,,,,,,,
1305,canonical,256,random_conditioned,random_conditioned:36337c2841740aff,True,20000,13100650,13120650,"{""condition_number"":1000000000000.0,""profile"":""geometric""}",1000000000000.0,geometric,,,,,,,,,
1306,canonical,256,random_conditioned,random_conditioned:982d888343062026,True,20000,13120650,13140650,"{""condition_number"":1000000000000.0,""profile"":""one_small""}",1000000000000.0,one_small,,,,,,,,,
1307,canonical,256,random_conditioned,random_conditioned:3868b8f4f35e5d1d,True,20000,13140650,13160650,"{""condition_number"":1000000000000.0,""profile"":""clustered""}",1000000000000.0,clustered,,,,,,,,,
1308,canonical,256,random_conditioned,random_conditioned:e026603158c7af35,True,20000,13160650,13180650,"{""condition_number"":100000000000000.0,""profile"":""geometric""}",100000000000000.0,geometric,,,,,,,,,
1309,canonical,256,random_conditioned,random_conditioned:5b19efd6ef2b5c0b,True,20000,13180650,13200650,"{""condition_number"":100000000000000.0,""profile"":""one_small""}",100000000000000.0,one_small,,,,,,,,,
1310,canonical,256,random_conditioned,random_conditioned:20591473a1bf5735,True,20000,13200650,13220650,"{""condition_number"":100000000000000.0,""profile"":""clustered""}",100000000000000.0,clustered,,,,,,,,,
1311,canonical,256,random_conditioned,random_conditioned:6ed2736ecab0398d,True,20000,13220650,13240650,"{""condition_number"":1.0,""profile"":""orthogonal""}",1.0,orthogonal,,,,,,,,,
1312,canonical,256,hilbert,hilbert:b9c548331ca110df,False,1,13240650,13240651,{},,,,,,,,,,,
1313,canonical,256,vandermonde,vandermonde:c75e7bcca1c1877c,False,1,13240651,13240652,"{""cluster_parameter"":10.0,""column_scaling"":false,""node_type"":""equispaced""}",,,equispaced,10.0,False,,,,,,
1314,canonical,256,vandermonde,vandermonde:ceedbcebccced4fc,False,1,13240652,13240653,"{""cluster_parameter"":10.0,""column_scaling"":true,""node_type"":""equispaced""}",,,equispaced,10.0,True,,,,,,
1315,canonical,256,vandermonde,vandermonde:e7c5154704c3d4c9,False,1,13240653,13240654,"{""cluster_parameter"":10.0,""column_scaling"":false,""node_type"":""chebyshev""}",,,chebyshev,10.0,False,,,,,,
1316,canonical,256,vandermonde,vandermonde:df362d800fc64531,False,1,13240654,13240655,"{""cluster_parameter"":10.0,""column_scaling"":true,""node_type"":""chebyshev""}",,,chebyshev,10.0,True,,,,,,
1317,canonical,256,vandermonde,vandermonde:1a694a5cc930f5b5,False,1,13240655,13240656,"{""cluster_parameter"":10.0,""column_scaling"":false,""node_type"":""clustered_zero""}",,,clustered_zero,10.0,False,,,,,,
1318,canonical,256,vandermonde,vandermonde:777568ed0dbc806c,False,1,13240656,13240657,"{""cluster_parameter"":10.0,""column_scaling"":true,""node_type"":""clustered_zero""}",,,clustered_zero,10.0,True,,,,,,
1319,canonical,256,vandermonde,vandermonde:b85fbb786a5eb62d,False,1,13240657,13240658,"{""cluster_parameter"":10.0,""column_scaling"":false,""node_type"":""near_one""}",,,near_one,10.0,False,,,,,,
1320,canonical,256,vandermonde,vandermonde:bc1c5a7c363c1cb2,False,1,13240658,13240659,"{""cluster_parameter"":10.0,""column_scaling"":true,""node_type"":""near_one""}",,,near_one,10.0,True,,,,,,
1321,canonical,256,vandermonde,vandermonde:d4c1dcf1fe7912e5,True,20000,13240659,13260659,"{""cluster_parameter"":10.0,""column_scaling"":false,""node_type"":""random""}",,,random,10.0,False,,,,,,
1322,canonical,256,vandermonde,vandermonde:0040369e0b8a027c,True,20000,13260659,13280659,"{""cluster_parameter"":10.0,""column_scaling"":true,""node_type"":""random""}",,,random,10.0,True,,,,,,
1323,canonical,256,kahan_type,kahan_type:4290efc4c47e83af,False,1,13280659,13280660,"{""column_scaling"":false,""theta"":0.1}",,,,,False,0.1,,,,,
1324,canonical,256,kahan_type,kahan_type:e71b6f9fd30d0d35,False,1,13280660,13280661,"{""column_scaling"":true,""theta"":0.1}",,,,,True,0.1,,,,,
1325,canonical,256,kahan_type,kahan_type:55976e314ebada33,False,1,13280661,13280662,"{""column_scaling"":false,""theta"":0.01}",,,,,False,0.01,,,,,
1326,canonical,256,kahan_type,kahan_type:3d5fca4b09918941,False,1,13280662,13280663,"{""column_scaling"":true,""theta"":0.01}",,,,,True,0.01,,,,,
1327,canonical,256,kahan_type,kahan_type:ea9d2f45216bcaa7,False,1,13280663,13280664,"{""column_scaling"":false,""theta"":0.001}",,,,,False,0.001,,,,,
1328,canonical,256,kahan_type,kahan_type:033d150a3a538c2e,False,1,13280664,13280665,"{""column_scaling"":true,""theta"":0.001}",,,,,True,0.001,,,,,
1329,canonical,256,kahan_type,kahan_type:bf657253a4babc02,False,1,13280665,13280666,"{""column_scaling"":false,""theta"":0.0001}",,,,,False,0.0001,,,,,
1330,canonical,256,kahan_type,kahan_type:7de370b15bdacd56,False,1,13280666,13280667,"{""column_scaling"":true,""theta"":0.0001}",,,,,True,0.0001,,,,,
1331,canonical,256,kahan_type,kahan_type:7411493e1f8f3a01,False,1,13280667,13280668,"{""column_scaling"":false,""theta"":1e-06}",,,,,False,1e-06,,,,,
1332,canonical,256,kahan_type,kahan_type:7f88c9d87a09d37c,False,1,13280668,13280669,"{""column_scaling"":true,""theta"":1e-06}",,,,,True,1e-06,,,,,
1333,canonical,256,kahan_type,kahan_type:3fcb70bbfebc9826,False,1,13280669,13280670,"{""column_scaling"":false,""theta"":1e-08}",,,,,False,1e-08,,,,,
1334,canonical,256,kahan_type,kahan_type:cb92209d4d47c312,False,1,13280670,13280671,"{""column_scaling"":true,""theta"":1e-08}",,,,,True,1e-08,,,,,
1335,canonical,256,kahan_type,kahan_type:cad9cb441519fc5b,False,1,13280671,13280672,"{""column_scaling"":false,""theta"":1e-10}",,,,,False,1e-10,,,,,
1336,canonical,256,kahan_type,kahan_type:ea85790adba5c3b2,False,1,13280672,13280673,"{""column_scaling"":true,""theta"":1e-10}",,,,,True,1e-10,,,,,
1337,canonical,256,kahan_type,kahan_type:ecb64b54443ddd5c,False,1,13280673,13280674,"{""column_scaling"":false,""theta"":1e-12}",,,,,False,1e-12,,,,,
1338,canonical,256,kahan_type,kahan_type:8457c94dc014b009,False,1,13280674,13280675,"{""column_scaling"":true,""theta"":1e-12}",,,,,True,1e-12,,,,,
1339,canonical,256,adversarial_rotation,adversarial_rotation:b2c76300f74387b0,False,1,13280675,13280676,"{""epsilon"":0.1}",,,,,,,0.1,,,,
1340,canonical,256,adversarial_rotation,adversarial_rotation:37c4e5a022b50612,False,1,13280676,13280677,"{""epsilon"":0.01}",,,,,,,0.01,,,,
1341,canonical,256,adversarial_rotation,adversarial_rotation:fbc8efe02a7874dc,False,1,13280677,13280678,"{""epsilon"":0.0001}",,,,,,,0.0001,,,,
1342,canonical,256,adversarial_rotation,adversarial_rotation:f7cff71dbc36bc98,False,1,13280678,13280679,"{""epsilon"":1e-06}",,,,,,,1e-06,,,,
1343,canonical,256,adversarial_rotation,adversarial_rotation:ace807421641f23f,False,1,13280679,13280680,"{""epsilon"":1e-08}",,,,,,,1e-08,,,,
1344,canonical,256,adversarial_rotation,adversarial_rotation:6f8f58222266e918,False,1,13280680,13280681,"{""epsilon"":1e-10}",,,,,,,1e-10,,,,
1345,canonical,256,adversarial_rotation,adversarial_rotation:45392a8c926cd6a7,False,1,13280681,13280682,"{""epsilon"":1e-12}",,,,,,,1e-12,,,,
1346,canonical,256,adversarial_rotation,adversarial_rotation:2cc9ff6f36ee55eb,False,1,13280682,13280683,"{""epsilon"":1e-14}",,,,,,,1e-14,,,,
1347,canonical,256,repeated_bad_pivots,repeated_bad_pivots:ebddf4bf1bcd1f4b,False,1,13280683,13280684,"{""decay"":1.0,""epsilon"":0.01}",,,,,,,0.01,1.0,,,
1348,canonical,256,repeated_bad_pivots,repeated_bad_pivots:22f815a7b3f93bb6,False,1,13280684,13280685,"{""decay"":0.3,""epsilon"":0.01}",,,,,,,0.01,0.3,,,
1349,canonical,256,repeated_bad_pivots,repeated_bad_pivots:cf46139e6aa27490,False,1,13280685,13280686,"{""decay"":0.1,""epsilon"":0.01}",,,,,,,0.01,0.1,,,
1350,canonical,256,repeated_bad_pivots,repeated_bad_pivots:221878ec2b94bb83,False,1,13280686,13280687,"{""decay"":1.0,""epsilon"":1e-06}",,,,,,,1e-06,1.0,,,
1351,canonical,256,repeated_bad_pivots,repeated_bad_pivots:142920ff1c832f8b,False,1,13280687,13280688,"{""decay"":0.3,""epsilon"":1e-06}",,,,,,,1e-06,0.3,,,
1352,canonical,256,repeated_bad_pivots,repeated_bad_pivots:1be3591d8f74c193,False,1,13280688,13280689,"{""decay"":0.1,""epsilon"":1e-06}",,,,,,,1e-06,0.1,,,
1353,canonical,256,repeated_bad_pivots,repeated_bad_pivots:34246cb149b429c4,False,1,13280689,13280690,"{""decay"":1.0,""epsilon"":1e-10}",,,,,,,1e-10,1.0,,,
1354,canonical,256,repeated_bad_pivots,repeated_bad_pivots:73c9e8040232fdc6,False,1,13280690,13280691,"{""decay"":0.3,""epsilon"":1e-10}",,,,,,,1e-10,0.3,,,
1355,canonical,256,repeated_bad_pivots,repeated_bad_pivots:14488bcb7546a054,False,1,13280691,13280692,"{""decay"":0.1,""epsilon"":1e-10}",,,,,,,1e-10,0.1,,,
1356,canonical,256,scaled_adversarial,scaled_adversarial:a1544dd12bfc380a,True,20000,13280692,13300692,"{""epsilon"":0.01,""scale_range"":2.0}",,,,,,,0.01,,2.0,,
1357,canonical,256,scaled_adversarial,scaled_adversarial:bfa61de27cbbe219,True,20000,13300692,13320692,"{""epsilon"":0.01,""scale_range"":4.0}",,,,,,,0.01,,4.0,,
1358,canonical,256,scaled_adversarial,scaled_adversarial:e73afbc25af72981,True,20000,13320692,13340692,"{""epsilon"":0.01,""scale_range"":8.0}",,,,,,,0.01,,8.0,,
1359,canonical,256,scaled_adversarial,scaled_adversarial:17741976c2dfbd54,True,20000,13340692,13360692,"{""epsilon"":0.01,""scale_range"":12.0}",,,,,,,0.01,,12.0,,
1360,canonical,256,scaled_adversarial,scaled_adversarial:1c7b58eee2ed258c,True,20000,13360692,13380692,"{""epsilon"":1e-06,""scale_range"":2.0}",,,,,,,1e-06,,2.0,,
1361,canonical,256,scaled_adversarial,scaled_adversarial:4fa46c9b0730babb,True,20000,13380692,13400692,"{""epsilon"":1e-06,""scale_range"":4.0}",,,,,,,1e-06,,4.0,,
1362,canonical,256,scaled_adversarial,scaled_adversarial:693a2410d358b3b1,True,20000,13400692,13420692,"{""epsilon"":1e-06,""scale_range"":8.0}",,,,,,,1e-06,,8.0,,
1363,canonical,256,scaled_adversarial,scaled_adversarial:44cc26aec2af2f93,True,20000,13420692,13440692,"{""epsilon"":1e-06,""scale_range"":12.0}",,,,,,,1e-06,,12.0,,
1364,canonical,256,scaled_adversarial,scaled_adversarial:47817f90b3ae7eb7,True,20000,13440692,13460692,"{""epsilon"":1e-10,""scale_range"":2.0}",,,,,,,1e-10,,2.0,,
1365,canonical,256,scaled_adversarial,scaled_adversarial:4aad419250638d2a,True,20000,13460692,13480692,"{""epsilon"":1e-10,""scale_range"":4.0}",,,,,,,1e-10,,4.0,,
1366,canonical,256,scaled_adversarial,scaled_adversarial:5d1019a4ba6f1410,True,20000,13480692,13500692,"{""epsilon"":1e-10,""scale_range"":8.0}",,,,,,,1e-10,,8.0,,
1367,canonical,256,scaled_adversarial,scaled_adversarial:a7078d089ccfa660,True,20000,13500692,13520692,"{""epsilon"":1e-10,""scale_range"":12.0}",,,,,,,1e-10,,12.0,,
1368,canonical,256,row_diagonal_dominant_random,row_diagonal_dominant_random:93e6f52ebdb3ac55,True,20000,13520692,13540692,"{""alpha"":0.5}",,,,,,,,,,0.5,
1369,canonical,256,row_diagonal_dominant_random,row_diagonal_dominant_random:03e59f7215597618,True,20000,13540692,13560692,"{""alpha"":0.3}",,,,,,,,,,0.3,
1370,canonical,256,row_diagonal_dominant_random,row_diagonal_dominant_random:c6616c01f005a03d,True,20000,13560692,13580692,"{""alpha"":0.2}",,,,,,,,,,0.2,
1371,canonical,256,row_diagonal_dominant_random,row_diagonal_dominant_random:85f3946f6e4679ec,True,20000,13580692,13600692,"{""alpha"":0.1}",,,,,,,,,,0.1,
1372,canonical,256,row_diagonal_dominant_random,row_diagonal_dominant_random:2976d44433ad1387,True,20000,13600692,13620692,"{""alpha"":0.05}",,,,,,,,,,0.05,
1373,canonical,256,row_diagonal_dominant_random,row_diagonal_dominant_random:8a85d76f30eb75a6,True,20000,13620692,13640692,"{""alpha"":0.02}",,,,,,,,,,0.02,
1374,canonical,256,row_diagonal_dominant_random,row_diagonal_dominant_random:3cf57fa76b9a551c,True,20000,13640692,13660692,"{""alpha"":0.01}",,,,,,,,,,0.01,
1375,canonical,256,row_diagonal_dominant_random,row_diagonal_dominant_random:4cbd4f5958f010f8,True,20000,13660692,13680692,"{""alpha"":0.005}",,,,,,,,,,0.005,
1376,canonical,256,row_diagonal_dominant_random,row_diagonal_dominant_random:9493eb0855127051,True,20000,13680692,13700692,"{""alpha"":0.002}",,,,,,,,,,0.002,
1377,canonical,256,row_diagonal_dominant_random,row_diagonal_dominant_random:c93186b88112adec,True,20000,13700692,13720692,"{""alpha"":0.001}",,,,,,,,,,0.001,
1378,canonical,256,row_diagonal_dominant_tridiagonal,row_diagonal_dominant_tridiagonal:982220238cdced02,False,1,13720692,13720693,"{""alpha"":0.5}",,,,,,,,,,0.5,
1379,canonical,256,row_diagonal_dominant_tridiagonal,row_diagonal_dominant_tridiagonal:f7dbde840db0a0a1,False,1,13720693,13720694,"{""alpha"":0.3}",,,,,,,,,,0.3,
1380,canonical,256,row_diagonal_dominant_tridiagonal,row_diagonal_dominant_tridiagonal:af932376a9e85180,False,1,13720694,13720695,"{""alpha"":0.2}",,,,,,,,,,0.2,
1381,canonical,256,row_diagonal_dominant_tridiagonal,row_diagonal_dominant_tridiagonal:c27ad42e3f6fa594,False,1,13720695,13720696,"{""alpha"":0.1}",,,,,,,,,,0.1,
1382,canonical,256,row_diagonal_dominant_tridiagonal,row_diagonal_dominant_tridiagonal:b140db102925b3ec,False,1,13720696,13720697,"{""alpha"":0.05}",,,,,,,,,,0.05,
1383,canonical,256,row_diagonal_dominant_tridiagonal,row_diagonal_dominant_tridiagonal:9c6a6927336fc423,False,1,13720697,13720698,"{""alpha"":0.02}",,,,,,,,,,0.02,
1384,canonical,256,row_diagonal_dominant_tridiagonal,row_diagonal_dominant_tridiagonal:a2ab9117ea3a1dfa,False,1,13720698,13720699,"{""alpha"":0.01}",,,,,,,,,,0.01,
1385,canonical,256,row_diagonal_dominant_tridiagonal,row_diagonal_dominant_tridiagonal:80f1643c77f70cd6,False,1,13720699,13720700,"{""alpha"":0.005}",,,,,,,,,,0.005,
1386,canonical,256,row_diagonal_dominant_tridiagonal,row_diagonal_dominant_tridiagonal:e81edd77eaa602f2,False,1,13720700,13720701,"{""alpha"":0.002}",,,,,,,,,,0.002,
1387,canonical,256,row_diagonal_dominant_tridiagonal,row_diagonal_dominant_tridiagonal:3cc535104b50d6a1,False,1,13720701,13720702,"{""alpha"":0.001}",,,,,,,,,,0.001,
1388,canonical,256,row_diagonal_dominant_rankone,row_diagonal_dominant_rankone:9b1d06cd48c40ab2,False,1,13720702,13720703,"{""alpha"":0.5}",,,,,,,,,,0.5,
1389,canonical,256,row_diagonal_dominant_rankone,row_diagonal_dominant_rankone:b2135906babb091e,False,1,13720703,13720704,"{""alpha"":0.3}",,,,,,,,,,0.3,
1390,canonical,256,row_diagonal_dominant_rankone,row_diagonal_dominant_rankone:4b19e252ebf4e64e,False,1,13720704,13720705,"{""alpha"":0.2}",,,,,,,,,,0.2,
1391,canonical,256,row_diagonal_dominant_rankone,row_diagonal_dominant_rankone:f77fdfb3efff94e7,False,1,13720705,13720706,"{""alpha"":0.1}",,,,,,,,,,0.1,
1392,canonical,256,row_diagonal_dominant_rankone,row_diagonal_dominant_rankone:e9f8a9d621908331,False,1,13720706,13720707,"{""alpha"":0.05}",,,,,,,,,,0.05,
1393,canonical,256,row_diagonal_dominant_rankone,row_diagonal_dominant_rankone:f5d1060d84da4649,False,1,13720707,13720708,"{""alpha"":0.02}",,,,,,,,,,0.02,
1394,canonical,256,row_diagonal_dominant_rankone,row_diagonal_dominant_rankone:bbdf2ff377511d2a,False,1,13720708,13720709,"{""alpha"":0.01}",,,,,,,,,,0.01,
1395,canonical,256,row_diagonal_dominant_rankone,row_diagonal_dominant_rankone:b724756e042d2640,False,1,13720709,13720710,"{""alpha"":0.005}",,,,,,,,,,0.005,
1396,canonical,256,row_diagonal_dominant_rankone,row_diagonal_dominant_rankone:9248beec0335477a,False,1,13720710,13720711,"{""alpha"":0.002}",,,,,,,,,,0.002,
1397,canonical,256,row_diagonal_dominant_rankone,row_diagonal_dominant_rankone:6689e0c35681572e,False,1,13720711,13720712,"{""alpha"":0.001}",,,,,,,,,,0.001,
1398,canonical,256,row_diagonal_dominant_stochastic,row_diagonal_dominant_stochastic:021519ee0a19df7c,True,20000,13720712,13740712,"{""alpha"":0.5}",,,,,,,,,,0.5,
1399,canonical,256,row_diagonal_dominant_stochastic,row_diagonal_dominant_stochastic:de30837b1853aaf8,True,20000,13740712,13760712,"{""alpha"":0.3}",,,,,,,,,,0.3,
1400,canonical,256,row_diagonal_dominant_stochastic,row_diagonal_dominant_stochastic:85d04ae4513fe85f,True,20000,13760712,13780712,"{""alpha"":0.2}",,,,,,,,,,0.2,
1401,canonical,256,row_diagonal_dominant_stochastic,row_diagonal_dominant_stochastic:0f7feef7c7880b20,True,20000,13780712,13800712,"{""alpha"":0.1}",,,,,,,,,,0.1,
1402,canonical,256,row_diagonal_dominant_stochastic,row_diagonal_dominant_stochastic:0530909e2322226a,True,20000,13800712,13820712,"{""alpha"":0.05}",,,,,,,,,,0.05,
1403,canonical,256,row_diagonal_dominant_stochastic,row_diagonal_dominant_stochastic:f5393029996d2c29,True,20000,13820712,13840712,"{""alpha"":0.02}",,,,,,,,,,0.02,
1404,canonical,256,row_diagonal_dominant_stochastic,row_diagonal_dominant_stochastic:0d717c35c3b2f62d,True,20000,13840712,13860712,"{""alpha"":0.01}",,,,,,,,,,0.01,
1405,canonical,256,row_diagonal_dominant_stochastic,row_diagonal_dominant_stochastic:6bb9c9b7e1526958,True,20000,13860712,13880712,"{""alpha"":0.005}",,,,,,,,,,0.005,
1406,canonical,256,row_diagonal_dominant_stochastic,row_diagonal_dominant_stochastic:103e29b8022442fa,True,20000,13880712,13900712,"{""alpha"":0.002}",,,,,,,,,,0.002,
1407,canonical,256,row_diagonal_dominant_stochastic,row_diagonal_dominant_stochastic:3f149f338e70104c,True,20000,13900712,13920712,"{""alpha"":0.001}",,,,,,,,,,0.001,
1408,canonical,256,spd_prescribed_spectrum,spd_prescribed_spectrum:f3c8ebf0e249f88d,True,20000,13920712,13940712,"{""kappa"":10.0}",,,,,,,,,,,10.0
1409,canonical,256,spd_prescribed_spectrum,spd_prescribed_spectrum:fd9c01d27036b31c,True,20000,13940712,13960712,"{""kappa"":100.0}",,,,,,,,,,,100.0
1410,canonical,256,spd_prescribed_spectrum,spd_prescribed_spectrum:dc332cd1bfa688f6,True,20000,13960712,13980712,"{""kappa"":1000.0}",,,,,,,,,,,1000.0
1411,canonical,256,spd_prescribed_spectrum,spd_prescribed_spectrum:a954fd91076fe28c,True,20000,13980712,14000712,"{""kappa"":10000.0}",,,,,,,,,,,10000.0
1412,canonical,256,spd_prescribed_spectrum,spd_prescribed_spectrum:79fe5321ebe142a9,True,20000,14000712,14020712,"{""kappa"":100000.0}",,,,,,,,,,,100000.0
1413,canonical,256,spd_prescribed_spectrum,spd_prescribed_spectrum:4953545b5c68c921,True,20000,14020712,14040712,"{""kappa"":1000000.0}",,,,,,,,,,,1000000.0
1414,canonical,256,spd_prescribed_spectrum,spd_prescribed_spectrum:70d7805e407478aa,True,20000,14040712,14060712,"{""kappa"":10000000.0}",,,,,,,,,,,10000000.0
1415,canonical,256,spd_prescribed_spectrum,spd_prescribed_spectrum:fc3ee47b52f52cc7,True,20000,14060712,14080712,"{""kappa"":100000000.0}",,,,,,,,,,,100000000.0
1416,canonical,256,tnn_vandermonde_positive,tnn_vandermonde_positive:d0b487e6f0518b72,False,1,14080712,14080713,"{""cluster_parameter"":2.0,""node_type"":""equispaced_positive""}",,,equispaced_positive,2.0,,,,,,,
1417,canonical,256,tnn_vandermonde_positive,tnn_vandermonde_positive:5aaa1a7a23ee6d83,False,1,14080713,14080714,"{""cluster_parameter"":2.0,""node_type"":""clustered_positive""}",,,clustered_positive,2.0,,,,,,,
1418,canonical,256,pascal,pascal:7b24b4808f94bc0d,False,1,14080714,14080715,{},,,,,,,,,,,
1419,canonical,362,random_conditioned,random_conditioned:3d4ea8f7b0b7ac02,True,20000,14080715,14100715,"{""condition_number"":100.0,""profile"":""geometric""}",100.0,geometric,,,,,,,,,
1420,canonical,362,random_conditioned,random_conditioned:f13d30e42b69e288,True,20000,14100715,14120715,"{""condition_number"":100.0,""profile"":""one_small""}",100.0,one_small,,,,,,,,,
1421,canonical,362,random_conditioned,random_conditioned:5e2483f030292e83,True,20000,14120715,14140715,"{""condition_number"":100.0,""profile"":""clustered""}",100.0,clustered,,,,,,,,,
1422,canonical,362,random_conditioned,random_conditioned:59554964dd17fd28,True,20000,14140715,14160715,"{""condition_number"":10000.0,""profile"":""geometric""}",10000.0,geometric,,,,,,,,,
1423,canonical,362,random_conditioned,random_conditioned:9249e93b9b37b741,True,20000,14160715,14180715,"{""condition_number"":10000.0,""profile"":""one_small""}",10000.0,one_small,,,,,,,,,
1424,canonical,362,random_conditioned,random_conditioned:24db10624cd06023,True,20000,14180715,14200715,"{""condition_number"":10000.0,""profile"":""clustered""}",10000.0,clustered,,,,,,,,,
1425,canonical,362,random_conditioned,random_conditioned:ede4f08ad80ec7c0,True,20000,14200715,14220715,"{""condition_number"":1000000.0,""profile"":""geometric""}",1000000.0,geometric,,,,,,,,,
1426,canonical,362,random_conditioned,random_conditioned:58959af1bd395489,True,20000,14220715,14240715,"{""condition_number"":1000000.0,""profile"":""one_small""}",1000000.0,one_small,,,,,,,,,
1427,canonical,362,random_conditioned,random_conditioned:60b649f84d12d8bd,True,20000,14240715,14260715,"{""condition_number"":1000000.0,""profile"":""clustered""}",1000000.0,clustered,,,,,,,,,
1428,canonical,362,random_conditioned,random_conditioned:d85a46ecb6e00d73,True,20000,14260715,14280715,"{""condition_number"":100000000.0,""profile"":""geometric""}",100000000.0,geometric,,,,,,,,,
1429,canonical,362,random_conditioned,random_conditioned:be39cf2c9bb5dcd1,True,20000,14280715,14300715,"{""condition_number"":100000000.0,""profile"":""one_small""}",100000000.0,one_small,,,,,,,,,
1430,canonical,362,random_conditioned,random_conditioned:c09b81d86321af6f,True,20000,14300715,14320715,"{""condition_number"":100000000.0,""profile"":""clustered""}",100000000.0,clustered,,,,,,,,,
1431,canonical,362,random_conditioned,random_conditioned:37f6a61bc4687e9e,True,20000,14320715,14340715,"{""condition_number"":10000000000.0,""profile"":""geometric""}",10000000000.0,geometric,,,,,,,,,
1432,canonical,362,random_conditioned,random_conditioned:33289cf8a89ff087,True,20000,14340715,14360715,"{""condition_number"":10000000000.0,""profile"":""one_small""}",10000000000.0,one_small,,,,,,,,,
1433,canonical,362,random_conditioned,random_conditioned:d512272586bc7c53,True,20000,14360715,14380715,"{""condition_number"":10000000000.0,""profile"":""clustered""}",10000000000.0,clustered,,,,,,,,,
1434,canonical,362,random_conditioned,random_conditioned:36337c2841740aff,True,20000,14380715,14400715,"{""condition_number"":1000000000000.0,""profile"":""geometric""}",1000000000000.0,geometric,,,,,,,,,
1435,canonical,362,random_conditioned,random_conditioned:982d888343062026,True,20000,14400715,14420715,"{""condition_number"":1000000000000.0,""profile"":""one_small""}",1000000000000.0,one_small,,,,,,,,,
1436,canonical,362,random_conditioned,random_conditioned:3868b8f4f35e5d1d,True,20000,14420715,14440715,"{""condition_number"":1000000000000.0,""profile"":""clustered""}",1000000000000.0,clustered,,,,,,,,,
1437,canonical,362,random_conditioned,random_conditioned:e026603158c7af35,True,20000,14440715,14460715,"{""condition_number"":100000000000000.0,""profile"":""geometric""}",100000000000000.0,geometric,,,,,,,,,
1438,canonical,362,random_conditioned,random_conditioned:5b19efd6ef2b5c0b,True,20000,14460715,14480715,"{""condition_number"":100000000000000.0,""profile"":""one_small""}",100000000000000.0,one_small,,,,,,,,,
1439,canonical,362,random_conditioned,random_conditioned:20591473a1bf5735,True,20000,14480715,14500715,"{""condition_number"":100000000000000.0,""profile"":""clustered""}",100000000000000.0,clustered,,,,,,,,,
1440,canonical,362,random_conditioned,random_conditioned:6ed2736ecab0398d,True,20000,14500715,14520715,"{""condition_number"":1.0,""profile"":""orthogonal""}",1.0,orthogonal,,,,,,,,,
1441,canonical,362,hilbert,hilbert:b9c548331ca110df,False,1,14520715,14520716,{},,,,,,,,,,,
1442,canonical,362,vandermonde,vandermonde:c75e7bcca1c1877c,False,1,14520716,14520717,"{""cluster_parameter"":10.0,""column_scaling"":false,""node_type"":""equispaced""}",,,equispaced,10.0,False,,,,,,
1443,canonical,362,vandermonde,vandermonde:ceedbcebccced4fc,False,1,14520717,14520718,"{""cluster_parameter"":10.0,""column_scaling"":true,""node_type"":""equispaced""}",,,equispaced,10.0,True,,,,,,
1444,canonical,362,vandermonde,vandermonde:e7c5154704c3d4c9,False,1,14520718,14520719,"{""cluster_parameter"":10.0,""column_scaling"":false,""node_type"":""chebyshev""}",,,chebyshev,10.0,False,,,,,,
1445,canonical,362,vandermonde,vandermonde:df362d800fc64531,False,1,14520719,14520720,"{""cluster_parameter"":10.0,""column_scaling"":true,""node_type"":""chebyshev""}",,,chebyshev,10.0,True,,,,,,
1446,canonical,362,vandermonde,vandermonde:1a694a5cc930f5b5,False,1,14520720,14520721,"{""cluster_parameter"":10.0,""column_scaling"":false,""node_type"":""clustered_zero""}",,,clustered_zero,10.0,False,,,,,,
1447,canonical,362,vandermonde,vandermonde:777568ed0dbc806c,False,1,14520721,14520722,"{""cluster_parameter"":10.0,""column_scaling"":true,""node_type"":""clustered_zero""}",,,clustered_zero,10.0,True,,,,,,
1448,canonical,362,vandermonde,vandermonde:b85fbb786a5eb62d,False,1,14520722,14520723,"{""cluster_parameter"":10.0,""column_scaling"":false,""node_type"":""near_one""}",,,near_one,10.0,False,,,,,,
1449,canonical,362,vandermonde,vandermonde:bc1c5a7c363c1cb2,False,1,14520723,14520724,"{""cluster_parameter"":10.0,""column_scaling"":true,""node_type"":""near_one""}",,,near_one,10.0,True,,,,,,
1450,canonical,362,vandermonde,vandermonde:d4c1dcf1fe7912e5,True,20000,14520724,14540724,"{""cluster_parameter"":10.0,""column_scaling"":false,""node_type"":""random""}",,,random,10.0,False,,,,,,
1451,canonical,362,vandermonde,vandermonde:0040369e0b8a027c,True,20000,14540724,14560724,"{""cluster_parameter"":10.0,""column_scaling"":true,""node_type"":""random""}",,,random,10.0,True,,,,,,
1452,canonical,362,kahan_type,kahan_type:4290efc4c47e83af,False,1,14560724,14560725,"{""column_scaling"":false,""theta"":0.1}",,,,,False,0.1,,,,,
1453,canonical,362,kahan_type,kahan_type:e71b6f9fd30d0d35,False,1,14560725,14560726,"{""column_scaling"":true,""theta"":0.1}",,,,,True,0.1,,,,,
1454,canonical,362,kahan_type,kahan_type:55976e314ebada33,False,1,14560726,14560727,"{""column_scaling"":false,""theta"":0.01}",,,,,False,0.01,,,,,
1455,canonical,362,kahan_type,kahan_type:3d5fca4b09918941,False,1,14560727,14560728,"{""column_scaling"":true,""theta"":0.01}",,,,,True,0.01,,,,,
1456,canonical,362,kahan_type,kahan_type:ea9d2f45216bcaa7,False,1,14560728,14560729,"{""column_scaling"":false,""theta"":0.001}",,,,,False,0.001,,,,,
1457,canonical,362,kahan_type,kahan_type:033d150a3a538c2e,False,1,14560729,14560730,"{""column_scaling"":true,""theta"":0.001}",,,,,True,0.001,,,,,
1458,canonical,362,kahan_type,kahan_type:bf657253a4babc02,False,1,14560730,14560731,"{""column_scaling"":false,""theta"":0.0001}",,,,,False,0.0001,,,,,
1459,canonical,362,kahan_type,kahan_type:7de370b15bdacd56,False,1,14560731,14560732,"{""column_scaling"":true,""theta"":0.0001}",,,,,True,0.0001,,,,,
1460,canonical,362,kahan_type,kahan_type:7411493e1f8f3a01,False,1,14560732,14560733,"{""column_scaling"":false,""theta"":1e-06}",,,,,False,1e-06,,,,,
1461,canonical,362,kahan_type,kahan_type:7f88c9d87a09d37c,False,1,14560733,14560734,"{""column_scaling"":true,""theta"":1e-06}",,,,,True,1e-06,,,,,
1462,canonical,362,kahan_type,kahan_type:3fcb70bbfebc9826,False,1,14560734,14560735,"{""column_scaling"":false,""theta"":1e-08}",,,,,False,1e-08,,,,,
1463,canonical,362,kahan_type,kahan_type:cb92209d4d47c312,False,1,14560735,14560736,"{""column_scaling"":true,""theta"":1e-08}",,,,,True,1e-08,,,,,
1464,canonical,362,kahan_type,kahan_type:cad9cb441519fc5b,False,1,14560736,14560737,"{""column_scaling"":false,""theta"":1e-10}",,,,,False,1e-10,,,,,
1465,canonical,362,kahan_type,kahan_type:ea85790adba5c3b2,False,1,14560737,14560738,"{""column_scaling"":true,""theta"":1e-10}",,,,,True,1e-10,,,,,
1466,canonical,362,kahan_type,kahan_type:ecb64b54443ddd5c,False,1,14560738,14560739,"{""column_scaling"":false,""theta"":1e-12}",,,,,False,1e-12,,,,,
1467,canonical,362,kahan_type,kahan_type:8457c94dc014b009,False,1,14560739,14560740,"{""column_scaling"":true,""theta"":1e-12}",,,,,True,1e-12,,,,,
1468,canonical,362,adversarial_rotation,adversarial_rotation:b2c76300f74387b0,False,1,14560740,14560741,"{""epsilon"":0.1}",,,,,,,0.1,,,,
1469,canonical,362,adversarial_rotation,adversarial_rotation:37c4e5a022b50612,False,1,14560741,14560742,"{""epsilon"":0.01}",,,,,,,0.01,,,,
1470,canonical,362,adversarial_rotation,adversarial_rotation:fbc8efe02a7874dc,False,1,14560742,14560743,"{""epsilon"":0.0001}",,,,,,,0.0001,,,,
1471,canonical,362,adversarial_rotation,adversarial_rotation:f7cff71dbc36bc98,False,1,14560743,14560744,"{""epsilon"":1e-06}",,,,,,,1e-06,,,,
1472,canonical,362,adversarial_rotation,adversarial_rotation:ace807421641f23f,False,1,14560744,14560745,"{""epsilon"":1e-08}",,,,,,,1e-08,,,,
1473,canonical,362,adversarial_rotation,adversarial_rotation:6f8f58222266e918,False,1,14560745,14560746,"{""epsilon"":1e-10}",,,,,,,1e-10,,,,
1474,canonical,362,adversarial_rotation,adversarial_rotation:45392a8c926cd6a7,False,1,14560746,14560747,"{""epsilon"":1e-12}",,,,,,,1e-12,,,,
1475,canonical,362,adversarial_rotation,adversarial_rotation:2cc9ff6f36ee55eb,False,1,14560747,14560748,"{""epsilon"":1e-14}",,,,,,,1e-14,,,,
1476,canonical,362,repeated_bad_pivots,repeated_bad_pivots:ebddf4bf1bcd1f4b,False,1,14560748,14560749,"{""decay"":1.0,""epsilon"":0.01}",,,,,,,0.01,1.0,,,
1477,canonical,362,repeated_bad_pivots,repeated_bad_pivots:22f815a7b3f93bb6,False,1,14560749,14560750,"{""decay"":0.3,""epsilon"":0.01}",,,,,,,0.01,0.3,,,
1478,canonical,362,repeated_bad_pivots,repeated_bad_pivots:cf46139e6aa27490,False,1,14560750,14560751,"{""decay"":0.1,""epsilon"":0.01}",,,,,,,0.01,0.1,,,
1479,canonical,362,repeated_bad_pivots,repeated_bad_pivots:221878ec2b94bb83,False,1,14560751,14560752,"{""decay"":1.0,""epsilon"":1e-06}",,,,,,,1e-06,1.0,,,
1480,canonical,362,repeated_bad_pivots,repeated_bad_pivots:142920ff1c832f8b,False,1,14560752,14560753,"{""decay"":0.3,""epsilon"":1e-06}",,,,,,,1e-06,0.3,,,
1481,canonical,362,repeated_bad_pivots,repeated_bad_pivots:1be3591d8f74c193,False,1,14560753,14560754,"{""decay"":0.1,""epsilon"":1e-06}",,,,,,,1e-06,0.1,,,
1482,canonical,362,repeated_bad_pivots,repeated_bad_pivots:34246cb149b429c4,False,1,14560754,14560755,"{""decay"":1.0,""epsilon"":1e-10}",,,,,,,1e-10,1.0,,,
1483,canonical,362,repeated_bad_pivots,repeated_bad_pivots:73c9e8040232fdc6,False,1,14560755,14560756,"{""decay"":0.3,""epsilon"":1e-10}",,,,,,,1e-10,0.3,,,
1484,canonical,362,repeated_bad_pivots,repeated_bad_pivots:14488bcb7546a054,False,1,14560756,14560757,"{""decay"":0.1,""epsilon"":1e-10}",,,,,,,1e-10,0.1,,,
1485,canonical,362,scaled_adversarial,scaled_adversarial:a1544dd12bfc380a,True,20000,14560757,14580757,"{""epsilon"":0.01,""scale_range"":2.0}",,,,,,,0.01,,2.0,,
1486,canonical,362,scaled_adversarial,scaled_adversarial:bfa61de27cbbe219,True,20000,14580757,14600757,"{""epsilon"":0.01,""scale_range"":4.0}",,,,,,,0.01,,4.0,,
1487,canonical,362,scaled_adversarial,scaled_adversarial:e73afbc25af72981,True,20000,14600757,14620757,"{""epsilon"":0.01,""scale_range"":8.0}",,,,,,,0.01,,8.0,,
1488,canonical,362,scaled_adversarial,scaled_adversarial:17741976c2dfbd54,True,20000,14620757,14640757,"{""epsilon"":0.01,""scale_range"":12.0}",,,,,,,0.01,,12.0,,
1489,canonical,362,scaled_adversarial,scaled_adversarial:1c7b58eee2ed258c,True,20000,14640757,14660757,"{""epsilon"":1e-06,""scale_range"":2.0}",,,,,,,1e-06,,2.0,,
1490,canonical,362,scaled_adversarial,scaled_adversarial:4fa46c9b0730babb,True,20000,14660757,14680757,"{""epsilon"":1e-06,""scale_range"":4.0}",,,,,,,1e-06,,4.0,,
1491,canonical,362,scaled_adversarial,scaled_adversarial:693a2410d358b3b1,True,20000,14680757,14700757,"{""epsilon"":1e-06,""scale_range"":8.0}",,,,,,,1e-06,,8.0,,
1492,canonical,362,scaled_adversarial,scaled_adversarial:44cc26aec2af2f93,True,20000,14700757,14720757,"{""epsilon"":1e-06,""scale_range"":12.0}",,,,,,,1e-06,,12.0,,
1493,canonical,362,scaled_adversarial,scaled_adversarial:47817f90b3ae7eb7,True,20000,14720757,14740757,"{""epsilon"":1e-10,""scale_range"":2.0}",,,,,,,1e-10,,2.0,,
1494,canonical,362,scaled_adversarial,scaled_adversarial:4aad419250638d2a,True,20000,14740757,14760757,"{""epsilon"":1e-10,""scale_range"":4.0}",,,,,,,1e-10,,4.0,,
1495,canonical,362,scaled_adversarial,scaled_adversarial:5d1019a4ba6f1410,True,20000,14760757,14780757,"{""epsilon"":1e-10,""scale_range"":8.0}",,,,,,,1e-10,,8.0,,
1496,canonical,362,scaled_adversarial,scaled_adversarial:a7078d089ccfa660,True,20000,14780757,14800757,"{""epsilon"":1e-10,""scale_range"":12.0}",,,,,,,1e-10,,12.0,,
1497,canonical,362,row_diagonal_dominant_random,row_diagonal_dominant_random:93e6f52ebdb3ac55,True,20000,14800757,14820757,"{""alpha"":0.5}",,,,,,,,,,0.5,
1498,canonical,362,row_diagonal_dominant_random,row_diagonal_dominant_random:03e59f7215597618,True,20000,14820757,14840757,"{""alpha"":0.3}",,,,,,,,,,0.3,
1499,canonical,362,row_diagonal_dominant_random,row_diagonal_dominant_random:c6616c01f005a03d,True,20000,14840757,14860757,"{""alpha"":0.2}",,,,,,,,,,0.2,
1500,canonical,362,row_diagonal_dominant_random,row_diagonal_dominant_random:85f3946f6e4679ec,True,20000,14860757,14880757,"{""alpha"":0.1}",,,,,,,,,,0.1,
1501,canonical,362,row_diagonal_dominant_random,row_diagonal_dominant_random:2976d44433ad1387,True,20000,14880757,14900757,"{""alpha"":0.05}",,,,,,,,,,0.05,
1502,canonical,362,row_diagonal_dominant_random,row_diagonal_dominant_random:8a85d76f30eb75a6,True,20000,14900757,14920757,"{""alpha"":0.02}",,,,,,,,,,0.02,
1503,canonical,362,row_diagonal_dominant_random,row_diagonal_dominant_random:3cf57fa76b9a551c,True,20000,14920757,14940757,"{""alpha"":0.01}",,,,,,,,,,0.01,
1504,canonical,362,row_diagonal_dominant_random,row_diagonal_dominant_random:4cbd4f5958f010f8,True,20000,14940757,14960757,"{""alpha"":0.005}",,,,,,,,,,0.005,
1505,canonical,362,row_diagonal_dominant_random,row_diagonal_dominant_random:9493eb0855127051,True,20000,14960757,14980757,"{""alpha"":0.002}",,,,,,,,,,0.002,
1506,canonical,362,row_diagonal_dominant_random,row_diagonal_dominant_random:c93186b88112adec,True,20000,14980757,15000757,"{""alpha"":0.001}",,,,,,,,,,0.001,
1507,canonical,362,row_diagonal_dominant_tridiagonal,row_diagonal_dominant_tridiagonal:982220238cdced02,False,1,15000757,15000758,"{""alpha"":0.5}",,,,,,,,,,0.5,
1508,canonical,362,row_diagonal_dominant_tridiagonal,row_diagonal_dominant_tridiagonal:f7dbde840db0a0a1,False,1,15000758,15000759,"{""alpha"":0.3}",,,,,,,,,,0.3,
1509,canonical,362,row_diagonal_dominant_tridiagonal,row_diagonal_dominant_tridiagonal:af932376a9e85180,False,1,15000759,15000760,"{""alpha"":0.2}",,,,,,,,,,0.2,
1510,canonical,362,row_diagonal_dominant_tridiagonal,row_diagonal_dominant_tridiagonal:c27ad42e3f6fa594,False,1,15000760,15000761,"{""alpha"":0.1}",,,,,,,,,,0.1,
1511,canonical,362,row_diagonal_dominant_tridiagonal,row_diagonal_dominant_tridiagonal:b140db102925b3ec,False,1,15000761,15000762,"{""alpha"":0.05}",,,,,,,,,,0.05,
1512,canonical,362,row_diagonal_dominant_tridiagonal,row_diagonal_dominant_tridiagonal:9c6a6927336fc423,False,1,15000762,15000763,"{""alpha"":0.02}",,,,,,,,,,0.02,
1513,canonical,362,row_diagonal_dominant_tridiagonal,row_diagonal_dominant_tridiagonal:a2ab9117ea3a1dfa,False,1,15000763,15000764,"{""alpha"":0.01}",,,,,,,,,,0.01,
1514,canonical,362,row_diagonal_dominant_tridiagonal,row_diagonal_dominant_tridiagonal:80f1643c77f70cd6,False,1,15000764,15000765,"{""alpha"":0.005}",,,,,,,,,,0.005,
1515,canonical,362,row_diagonal_dominant_tridiagonal,row_diagonal_dominant_tridiagonal:e81edd77eaa602f2,False,1,15000765,15000766,"{""alpha"":0.002}",,,,,,,,,,0.002,
1516,canonical,362,row_diagonal_dominant_tridiagonal,row_diagonal_dominant_tridiagonal:3cc535104b50d6a1,False,1,15000766,15000767,"{""alpha"":0.001}",,,,,,,,,,0.001,
1517,canonical,362,row_diagonal_dominant_rankone,row_diagonal_dominant_rankone:9b1d06cd48c40ab2,False,1,15000767,15000768,"{""alpha"":0.5}",,,,,,,,,,0.5,
1518,canonical,362,row_diagonal_dominant_rankone,row_diagonal_dominant_rankone:b2135906babb091e,False,1,15000768,15000769,"{""alpha"":0.3}",,,,,,,,,,0.3,
1519,canonical,362,row_diagonal_dominant_rankone,row_diagonal_dominant_rankone:4b19e252ebf4e64e,False,1,15000769,15000770,"{""alpha"":0.2}",,,,,,,,,,0.2,
1520,canonical,362,row_diagonal_dominant_rankone,row_diagonal_dominant_rankone:f77fdfb3efff94e7,False,1,15000770,15000771,"{""alpha"":0.1}",,,,,,,,,,0.1,
1521,canonical,362,row_diagonal_dominant_rankone,row_diagonal_dominant_rankone:e9f8a9d621908331,False,1,15000771,15000772,"{""alpha"":0.05}",,,,,,,,,,0.05,
1522,canonical,362,row_diagonal_dominant_rankone,row_diagonal_dominant_rankone:f5d1060d84da4649,False,1,15000772,15000773,"{""alpha"":0.02}",,,,,,,,,,0.02,
1523,canonical,362,row_diagonal_dominant_rankone,row_diagonal_dominant_rankone:bbdf2ff377511d2a,False,1,15000773,15000774,"{""alpha"":0.01}",,,,,,,,,,0.01,
1524,canonical,362,row_diagonal_dominant_rankone,row_diagonal_dominant_rankone:b724756e042d2640,False,1,15000774,15000775,"{""alpha"":0.005}",,,,,,,,,,0.005,
1525,canonical,362,row_diagonal_dominant_rankone,row_diagonal_dominant_rankone:9248beec0335477a,False,1,15000775,15000776,"{""alpha"":0.002}",,,,,,,,,,0.002,
1526,canonical,362,row_diagonal_dominant_rankone,row_diagonal_dominant_rankone:6689e0c35681572e,False,1,15000776,15000777,"{""alpha"":0.001}",,,,,,,,,,0.001,
1527,canonical,362,row_diagonal_dominant_stochastic,row_diagonal_dominant_stochastic:021519ee0a19df7c,True,20000,15000777,15020777,"{""alpha"":0.5}",,,,,,,,,,0.5,
1528,canonical,362,row_diagonal_dominant_stochastic,row_diagonal_dominant_stochastic:de30837b1853aaf8,True,20000,15020777,15040777,"{""alpha"":0.3}",,,,,,,,,,0.3,
1529,canonical,362,row_diagonal_dominant_stochastic,row_diagonal_dominant_stochastic:85d04ae4513fe85f,True,20000,15040777,15060777,"{""alpha"":0.2}",,,,,,,,,,0.2,
1530,canonical,362,row_diagonal_dominant_stochastic,row_diagonal_dominant_stochastic:0f7feef7c7880b20,True,20000,15060777,15080777,"{""alpha"":0.1}",,,,,,,,,,0.1,
1531,canonical,362,row_diagonal_dominant_stochastic,row_diagonal_dominant_stochastic:0530909e2322226a,True,20000,15080777,15100777,"{""alpha"":0.05}",,,,,,,,,,0.05,
1532,canonical,362,row_diagonal_dominant_stochastic,row_diagonal_dominant_stochastic:f5393029996d2c29,True,20000,15100777,15120777,"{""alpha"":0.02}",,,,,,,,,,0.02,
1533,canonical,362,row_diagonal_dominant_stochastic,row_diagonal_dominant_stochastic:0d717c35c3b2f62d,True,20000,15120777,15140777,"{""alpha"":0.01}",,,,,,,,,,0.01,
1534,canonical,362,row_diagonal_dominant_stochastic,row_diagonal_dominant_stochastic:6bb9c9b7e1526958,True,20000,15140777,15160777,"{""alpha"":0.005}",,,,,,,,,,0.005,
1535,canonical,362,row_diagonal_dominant_stochastic,row_diagonal_dominant_stochastic:103e29b8022442fa,True,20000,15160777,15180777,"{""alpha"":0.002}",,,,,,,,,,0.002,
1536,canonical,362,row_diagonal_dominant_stochastic,row_diagonal_dominant_stochastic:3f149f338e70104c,True,20000,15180777,15200777,"{""alpha"":0.001}",,,,,,,,,,0.001,
1537,canonical,362,spd_prescribed_spectrum,spd_prescribed_spectrum:f3c8ebf0e249f88d,True,20000,15200777,15220777,"{""kappa"":10.0}",,,,,,,,,,,10.0
1538,canonical,362,spd_prescribed_spectrum,spd_prescribed_spectrum:fd9c01d27036b31c,True,20000,15220777,15240777,"{""kappa"":100.0}",,,,,,,,,,,100.0
1539,canonical,362,spd_prescribed_spectrum,spd_prescribed_spectrum:dc332cd1bfa688f6,True,20000,15240777,15260777,"{""kappa"":1000.0}",,,,,,,,,,,1000.0
1540,canonical,362,spd_prescribed_spectrum,spd_prescribed_spectrum:a954fd91076fe28c,True,20000,15260777,15280777,"{""kappa"":10000.0}",,,,,,,,,,,10000.0
1541,canonical,362,spd_prescribed_spectrum,spd_prescribed_spectrum:79fe5321ebe142a9,True,20000,15280777,15300777,"{""kappa"":100000.0}",,,,,,,,,,,100000.0
1542,canonical,362,spd_prescribed_spectrum,spd_prescribed_spectrum:4953545b5c68c921,True,20000,15300777,15320777,"{""kappa"":1000000.0}",,,,,,,,,,,1000000.0
1543,canonical,362,spd_prescribed_spectrum,spd_prescribed_spectrum:70d7805e407478aa,True,20000,15320777,15340777,"{""kappa"":10000000.0}",,,,,,,,,,,10000000.0
1544,canonical,362,spd_prescribed_spectrum,spd_prescribed_spectrum:fc3ee47b52f52cc7,True,20000,15340777,15360777,"{""kappa"":100000000.0}",,,,,,,,,,,100000000.0
1545,canonical,362,tnn_vandermonde_positive,tnn_vandermonde_positive:d0b487e6f0518b72,False,1,15360777,15360778,"{""cluster_parameter"":2.0,""node_type"":""equispaced_positive""}",,,equispaced_positive,2.0,,,,,,,
1546,canonical,362,tnn_vandermonde_positive,tnn_vandermonde_positive:5aaa1a7a23ee6d83,False,1,15360778,15360779,"{""cluster_parameter"":2.0,""node_type"":""clustered_positive""}",,,clustered_positive,2.0,,,,,,,
1547,canonical,362,pascal,pascal:7b24b4808f94bc0d,False,1,15360779,15360780,{},,,,,,,,,,,
1548,canonical,512,random_conditioned,random_conditioned:3d4ea8f7b0b7ac02,True,20000,15360780,15380780,"{""condition_number"":100.0,""profile"":""geometric""}",100.0,geometric,,,,,,,,,
1549,canonical,512,random_conditioned,random_conditioned:f13d30e42b69e288,True,20000,15380780,15400780,"{""condition_number"":100.0,""profile"":""one_small""}",100.0,one_small,,,,,,,,,
1550,canonical,512,random_conditioned,random_conditioned:5e2483f030292e83,True,20000,15400780,15420780,"{""condition_number"":100.0,""profile"":""clustered""}",100.0,clustered,,,,,,,,,
1551,canonical,512,random_conditioned,random_conditioned:59554964dd17fd28,True,20000,15420780,15440780,"{""condition_number"":10000.0,""profile"":""geometric""}",10000.0,geometric,,,,,,,,,
1552,canonical,512,random_conditioned,random_conditioned:9249e93b9b37b741,True,20000,15440780,15460780,"{""condition_number"":10000.0,""profile"":""one_small""}",10000.0,one_small,,,,,,,,,
1553,canonical,512,random_conditioned,random_conditioned:24db10624cd06023,True,20000,15460780,15480780,"{""condition_number"":10000.0,""profile"":""clustered""}",10000.0,clustered,,,,,,,,,
1554,canonical,512,random_conditioned,random_conditioned:ede4f08ad80ec7c0,True,20000,15480780,15500780,"{""condition_number"":1000000.0,""profile"":""geometric""}",1000000.0,geometric,,,,,,,,,
1555,canonical,512,random_conditioned,random_conditioned:58959af1bd395489,True,20000,15500780,15520780,"{""condition_number"":1000000.0,""profile"":""one_small""}",1000000.0,one_small,,,,,,,,,
1556,canonical,512,random_conditioned,random_conditioned:60b649f84d12d8bd,True,20000,15520780,15540780,"{""condition_number"":1000000.0,""profile"":""clustered""}",1000000.0,clustered,,,,,,,,,
1557,canonical,512,random_conditioned,random_conditioned:d85a46ecb6e00d73,True,20000,15540780,15560780,"{""condition_number"":100000000.0,""profile"":""geometric""}",100000000.0,geometric,,,,,,,,,
1558,canonical,512,random_conditioned,random_conditioned:be39cf2c9bb5dcd1,True,20000,15560780,15580780,"{""condition_number"":100000000.0,""profile"":""one_small""}",100000000.0,one_small,,,,,,,,,
1559,canonical,512,random_conditioned,random_conditioned:c09b81d86321af6f,True,20000,15580780,15600780,"{""condition_number"":100000000.0,""profile"":""clustered""}",100000000.0,clustered,,,,,,,,,
1560,canonical,512,random_conditioned,random_conditioned:37f6a61bc4687e9e,True,20000,15600780,15620780,"{""condition_number"":10000000000.0,""profile"":""geometric""}",10000000000.0,geometric,,,,,,,,,
1561,canonical,512,random_conditioned,random_conditioned:33289cf8a89ff087,True,20000,15620780,15640780,"{""condition_number"":10000000000.0,""profile"":""one_small""}",10000000000.0,one_small,,,,,,,,,
1562,canonical,512,random_conditioned,random_conditioned:d512272586bc7c53,True,20000,15640780,15660780,"{""condition_number"":10000000000.0,""profile"":""clustered""}",10000000000.0,clustered,,,,,,,,,
1563,canonical,512,random_conditioned,random_conditioned:36337c2841740aff,True,20000,15660780,15680780,"{""condition_number"":1000000000000.0,""profile"":""geometric""}",1000000000000.0,geometric,,,,,,,,,
1564,canonical,512,random_conditioned,random_conditioned:982d888343062026,True,20000,15680780,15700780,"{""condition_number"":1000000000000.0,""profile"":""one_small""}",1000000000000.0,one_small,,,,,,,,,
1565,canonical,512,random_conditioned,random_conditioned:3868b8f4f35e5d1d,True,20000,15700780,15720780,"{""condition_number"":1000000000000.0,""profile"":""clustered""}",1000000000000.0,clustered,,,,,,,,,
1566,canonical,512,random_conditioned,random_conditioned:e026603158c7af35,True,20000,15720780,15740780,"{""condition_number"":100000000000000.0,""profile"":""geometric""}",100000000000000.0,geometric,,,,,,,,,
1567,canonical,512,random_conditioned,random_conditioned:5b19efd6ef2b5c0b,True,20000,15740780,15760780,"{""condition_number"":100000000000000.0,""profile"":""one_small""}",100000000000000.0,one_small,,,,,,,,,
1568,canonical,512,random_conditioned,random_conditioned:20591473a1bf5735,True,20000,15760780,15780780,"{""condition_number"":100000000000000.0,""profile"":""clustered""}",100000000000000.0,clustered,,,,,,,,,
1569,canonical,512,random_conditioned,random_conditioned:6ed2736ecab0398d,True,20000,15780780,15800780,"{""condition_number"":1.0,""profile"":""orthogonal""}",1.0,orthogonal,,,,,,,,,
1570,canonical,512,hilbert,hilbert:b9c548331ca110df,False,1,15800780,15800781,{},,,,,,,,,,,
1571,canonical,512,vandermonde,vandermonde:c75e7bcca1c1877c,False,1,15800781,15800782,"{""cluster_parameter"":10.0,""column_scaling"":false,""node_type"":""equispaced""}",,,equispaced,10.0,False,,,,,,
1572,canonical,512,vandermonde,vandermonde:ceedbcebccced4fc,False,1,15800782,15800783,"{""cluster_parameter"":10.0,""column_scaling"":true,""node_type"":""equispaced""}",,,equispaced,10.0,True,,,,,,
1573,canonical,512,vandermonde,vandermonde:e7c5154704c3d4c9,False,1,15800783,15800784,"{""cluster_parameter"":10.0,""column_scaling"":false,""node_type"":""chebyshev""}",,,chebyshev,10.0,False,,,,,,
1574,canonical,512,vandermonde,vandermonde:df362d800fc64531,False,1,15800784,15800785,"{""cluster_parameter"":10.0,""column_scaling"":true,""node_type"":""chebyshev""}",,,chebyshev,10.0,True,,,,,,
1575,canonical,512,vandermonde,vandermonde:1a694a5cc930f5b5,False,1,15800785,15800786,"{""cluster_parameter"":10.0,""column_scaling"":false,""node_type"":""clustered_zero""}",,,clustered_zero,10.0,False,,,,,,
1576,canonical,512,vandermonde,vandermonde:777568ed0dbc806c,False,1,15800786,15800787,"{""cluster_parameter"":10.0,""column_scaling"":true,""node_type"":""clustered_zero""}",,,clustered_zero,10.0,True,,,,,,
1577,canonical,512,vandermonde,vandermonde:b85fbb786a5eb62d,False,1,15800787,15800788,"{""cluster_parameter"":10.0,""column_scaling"":false,""node_type"":""near_one""}",,,near_one,10.0,False,,,,,,
1578,canonical,512,vandermonde,vandermonde:bc1c5a7c363c1cb2,False,1,15800788,15800789,"{""cluster_parameter"":10.0,""column_scaling"":true,""node_type"":""near_one""}",,,near_one,10.0,True,,,,,,
1579,canonical,512,vandermonde,vandermonde:d4c1dcf1fe7912e5,True,20000,15800789,15820789,"{""cluster_parameter"":10.0,""column_scaling"":false,""node_type"":""random""}",,,random,10.0,False,,,,,,
1580,canonical,512,vandermonde,vandermonde:0040369e0b8a027c,True,20000,15820789,15840789,"{""cluster_parameter"":10.0,""column_scaling"":true,""node_type"":""random""}",,,random,10.0,True,,,,,,
1581,canonical,512,kahan_type,kahan_type:4290efc4c47e83af,False,1,15840789,15840790,"{""column_scaling"":false,""theta"":0.1}",,,,,False,0.1,,,,,
1582,canonical,512,kahan_type,kahan_type:e71b6f9fd30d0d35,False,1,15840790,15840791,"{""column_scaling"":true,""theta"":0.1}",,,,,True,0.1,,,,,
1583,canonical,512,kahan_type,kahan_type:55976e314ebada33,False,1,15840791,15840792,"{""column_scaling"":false,""theta"":0.01}",,,,,False,0.01,,,,,
1584,canonical,512,kahan_type,kahan_type:3d5fca4b09918941,False,1,15840792,15840793,"{""column_scaling"":true,""theta"":0.01}",,,,,True,0.01,,,,,
1585,canonical,512,kahan_type,kahan_type:ea9d2f45216bcaa7,False,1,15840793,15840794,"{""column_scaling"":false,""theta"":0.001}",,,,,False,0.001,,,,,
1586,canonical,512,kahan_type,kahan_type:033d150a3a538c2e,False,1,15840794,15840795,"{""column_scaling"":true,""theta"":0.001}",,,,,True,0.001,,,,,
1587,canonical,512,kahan_type,kahan_type:bf657253a4babc02,False,1,15840795,15840796,"{""column_scaling"":false,""theta"":0.0001}",,,,,False,0.0001,,,,,
1588,canonical,512,kahan_type,kahan_type:7de370b15bdacd56,False,1,15840796,15840797,"{""column_scaling"":true,""theta"":0.0001}",,,,,True,0.0001,,,,,
1589,canonical,512,kahan_type,kahan_type:7411493e1f8f3a01,False,1,15840797,15840798,"{""column_scaling"":false,""theta"":1e-06}",,,,,False,1e-06,,,,,
1590,canonical,512,kahan_type,kahan_type:7f88c9d87a09d37c,False,1,15840798,15840799,"{""column_scaling"":true,""theta"":1e-06}",,,,,True,1e-06,,,,,
1591,canonical,512,kahan_type,kahan_type:3fcb70bbfebc9826,False,1,15840799,15840800,"{""column_scaling"":false,""theta"":1e-08}",,,,,False,1e-08,,,,,
1592,canonical,512,kahan_type,kahan_type:cb92209d4d47c312,False,1,15840800,15840801,"{""column_scaling"":true,""theta"":1e-08}",,,,,True,1e-08,,,,,
1593,canonical,512,kahan_type,kahan_type:cad9cb441519fc5b,False,1,15840801,15840802,"{""column_scaling"":false,""theta"":1e-10}",,,,,False,1e-10,,,,,
1594,canonical,512,kahan_type,kahan_type:ea85790adba5c3b2,False,1,15840802,15840803,"{""column_scaling"":true,""theta"":1e-10}",,,,,True,1e-10,,,,,
1595,canonical,512,kahan_type,kahan_type:ecb64b54443ddd5c,False,1,15840803,15840804,"{""column_scaling"":false,""theta"":1e-12}",,,,,False,1e-12,,,,,
1596,canonical,512,kahan_type,kahan_type:8457c94dc014b009,False,1,15840804,15840805,"{""column_scaling"":true,""theta"":1e-12}",,,,,True,1e-12,,,,,
1597,canonical,512,adversarial_rotation,adversarial_rotation:b2c76300f74387b0,False,1,15840805,15840806,"{""epsilon"":0.1}",,,,,,,0.1,,,,
1598,canonical,512,adversarial_rotation,adversarial_rotation:37c4e5a022b50612,False,1,15840806,15840807,"{""epsilon"":0.01}",,,,,,,0.01,,,,
1599,canonical,512,adversarial_rotation,adversarial_rotation:fbc8efe02a7874dc,False,1,15840807,15840808,"{""epsilon"":0.0001}",,,,,,,0.0001,,,,
1600,canonical,512,adversarial_rotation,adversarial_rotation:f7cff71dbc36bc98,False,1,15840808,15840809,"{""epsilon"":1e-06}",,,,,,,1e-06,,,,
1601,canonical,512,adversarial_rotation,adversarial_rotation:ace807421641f23f,False,1,15840809,15840810,"{""epsilon"":1e-08}",,,,,,,1e-08,,,,
1602,canonical,512,adversarial_rotation,adversarial_rotation:6f8f58222266e918,False,1,15840810,15840811,"{""epsilon"":1e-10}",,,,,,,1e-10,,,,
1603,canonical,512,adversarial_rotation,adversarial_rotation:45392a8c926cd6a7,False,1,15840811,15840812,"{""epsilon"":1e-12}",,,,,,,1e-12,,,,
1604,canonical,512,adversarial_rotation,adversarial_rotation:2cc9ff6f36ee55eb,False,1,15840812,15840813,"{""epsilon"":1e-14}",,,,,,,1e-14,,,,
1605,canonical,512,repeated_bad_pivots,repeated_bad_pivots:ebddf4bf1bcd1f4b,False,1,15840813,15840814,"{""decay"":1.0,""epsilon"":0.01}",,,,,,,0.01,1.0,,,
1606,canonical,512,repeated_bad_pivots,repeated_bad_pivots:22f815a7b3f93bb6,False,1,15840814,15840815,"{""decay"":0.3,""epsilon"":0.01}",,,,,,,0.01,0.3,,,
1607,canonical,512,repeated_bad_pivots,repeated_bad_pivots:cf46139e6aa27490,False,1,15840815,15840816,"{""decay"":0.1,""epsilon"":0.01}",,,,,,,0.01,0.1,,,
1608,canonical,512,repeated_bad_pivots,repeated_bad_pivots:221878ec2b94bb83,False,1,15840816,15840817,"{""decay"":1.0,""epsilon"":1e-06}",,,,,,,1e-06,1.0,,,
1609,canonical,512,repeated_bad_pivots,repeated_bad_pivots:142920ff1c832f8b,False,1,15840817,15840818,"{""decay"":0.3,""epsilon"":1e-06}",,,,,,,1e-06,0.3,,,
1610,canonical,512,repeated_bad_pivots,repeated_bad_pivots:1be3591d8f74c193,False,1,15840818,15840819,"{""decay"":0.1,""epsilon"":1e-06}",,,,,,,1e-06,0.1,,,
1611,canonical,512,repeated_bad_pivots,repeated_bad_pivots:34246cb149b429c4,False,1,15840819,15840820,"{""decay"":1.0,""epsilon"":1e-10}",,,,,,,1e-10,1.0,,,
1612,canonical,512,repeated_bad_pivots,repeated_bad_pivots:73c9e8040232fdc6,False,1,15840820,15840821,"{""decay"":0.3,""epsilon"":1e-10}",,,,,,,1e-10,0.3,,,
1613,canonical,512,repeated_bad_pivots,repeated_bad_pivots:14488bcb7546a054,False,1,15840821,15840822,"{""decay"":0.1,""epsilon"":1e-10}",,,,,,,1e-10,0.1,,,
1614,canonical,512,scaled_adversarial,scaled_adversarial:a1544dd12bfc380a,True,20000,15840822,15860822,"{""epsilon"":0.01,""scale_range"":2.0}",,,,,,,0.01,,2.0,,
1615,canonical,512,scaled_adversarial,scaled_adversarial:bfa61de27cbbe219,True,20000,15860822,15880822,"{""epsilon"":0.01,""scale_range"":4.0}",,,,,,,0.01,,4.0,,
1616,canonical,512,scaled_adversarial,scaled_adversarial:e73afbc25af72981,True,20000,15880822,15900822,"{""epsilon"":0.01,""scale_range"":8.0}",,,,,,,0.01,,8.0,,
1617,canonical,512,scaled_adversarial,scaled_adversarial:17741976c2dfbd54,True,20000,15900822,15920822,"{""epsilon"":0.01,""scale_range"":12.0}",,,,,,,0.01,,12.0,,
1618,canonical,512,scaled_adversarial,scaled_adversarial:1c7b58eee2ed258c,True,20000,15920822,15940822,"{""epsilon"":1e-06,""scale_range"":2.0}",,,,,,,1e-06,,2.0,,
1619,canonical,512,scaled_adversarial,scaled_adversarial:4fa46c9b0730babb,True,20000,15940822,15960822,"{""epsilon"":1e-06,""scale_range"":4.0}",,,,,,,1e-06,,4.0,,
1620,canonical,512,scaled_adversarial,scaled_adversarial:693a2410d358b3b1,True,20000,15960822,15980822,"{""epsilon"":1e-06,""scale_range"":8.0}",,,,,,,1e-06,,8.0,,
1621,canonical,512,scaled_adversarial,scaled_adversarial:44cc26aec2af2f93,True,20000,15980822,16000822,"{""epsilon"":1e-06,""scale_range"":12.0}",,,,,,,1e-06,,12.0,,
1622,canonical,512,scaled_adversarial,scaled_adversarial:47817f90b3ae7eb7,True,20000,16000822,16020822,"{""epsilon"":1e-10,""scale_range"":2.0}",,,,,,,1e-10,,2.0,,
1623,canonical,512,scaled_adversarial,scaled_adversarial:4aad419250638d2a,True,20000,16020822,16040822,"{""epsilon"":1e-10,""scale_range"":4.0}",,,,,,,1e-10,,4.0,,
1624,canonical,512,scaled_adversarial,scaled_adversarial:5d1019a4ba6f1410,True,20000,16040822,16060822,"{""epsilon"":1e-10,""scale_range"":8.0}",,,,,,,1e-10,,8.0,,
1625,canonical,512,scaled_adversarial,scaled_adversarial:a7078d089ccfa660,True,20000,16060822,16080822,"{""epsilon"":1e-10,""scale_range"":12.0}",,,,,,,1e-10,,12.0,,
1626,canonical,512,row_diagonal_dominant_random,row_diagonal_dominant_random:93e6f52ebdb3ac55,True,20000,16080822,16100822,"{""alpha"":0.5}",,,,,,,,,,0.5,
1627,canonical,512,row_diagonal_dominant_random,row_diagonal_dominant_random:03e59f7215597618,True,20000,16100822,16120822,"{""alpha"":0.3}",,,,,,,,,,0.3,
1628,canonical,512,row_diagonal_dominant_random,row_diagonal_dominant_random:c6616c01f005a03d,True,20000,16120822,16140822,"{""alpha"":0.2}",,,,,,,,,,0.2,
1629,canonical,512,row_diagonal_dominant_random,row_diagonal_dominant_random:85f3946f6e4679ec,True,20000,16140822,16160822,"{""alpha"":0.1}",,,,,,,,,,0.1,
1630,canonical,512,row_diagonal_dominant_random,row_diagonal_dominant_random:2976d44433ad1387,True,20000,16160822,16180822,"{""alpha"":0.05}",,,,,,,,,,0.05,
1631,canonical,512,row_diagonal_dominant_random,row_diagonal_dominant_random:8a85d76f30eb75a6,True,20000,16180822,16200822,"{""alpha"":0.02}",,,,,,,,,,0.02,
1632,canonical,512,row_diagonal_dominant_random,row_diagonal_dominant_random:3cf57fa76b9a551c,True,20000,16200822,16220822,"{""alpha"":0.01}",,,,,,,,,,0.01,
1633,canonical,512,row_diagonal_dominant_random,row_diagonal_dominant_random:4cbd4f5958f010f8,True,20000,16220822,16240822,"{""alpha"":0.005}",,,,,,,,,,0.005,
1634,canonical,512,row_diagonal_dominant_random,row_diagonal_dominant_random:9493eb0855127051,True,20000,16240822,16260822,"{""alpha"":0.002}",,,,,,,,,,0.002,
1635,canonical,512,row_diagonal_dominant_random,row_diagonal_dominant_random:c93186b88112adec,True,20000,16260822,16280822,"{""alpha"":0.001}",,,,,,,,,,0.001,
1636,canonical,512,row_diagonal_dominant_tridiagonal,row_diagonal_dominant_tridiagonal:982220238cdced02,False,1,16280822,16280823,"{""alpha"":0.5}",,,,,,,,,,0.5,
1637,canonical,512,row_diagonal_dominant_tridiagonal,row_diagonal_dominant_tridiagonal:f7dbde840db0a0a1,False,1,16280823,16280824,"{""alpha"":0.3}",,,,,,,,,,0.3,
1638,canonical,512,row_diagonal_dominant_tridiagonal,row_diagonal_dominant_tridiagonal:af932376a9e85180,False,1,16280824,16280825,"{""alpha"":0.2}",,,,,,,,,,0.2,
1639,canonical,512,row_diagonal_dominant_tridiagonal,row_diagonal_dominant_tridiagonal:c27ad42e3f6fa594,False,1,16280825,16280826,"{""alpha"":0.1}",,,,,,,,,,0.1,
1640,canonical,512,row_diagonal_dominant_tridiagonal,row_diagonal_dominant_tridiagonal:b140db102925b3ec,False,1,16280826,16280827,"{""alpha"":0.05}",,,,,,,,,,0.05,
1641,canonical,512,row_diagonal_dominant_tridiagonal,row_diagonal_dominant_tridiagonal:9c6a6927336fc423,False,1,16280827,16280828,"{""alpha"":0.02}",,,,,,,,,,0.02,
1642,canonical,512,row_diagonal_dominant_tridiagonal,row_diagonal_dominant_tridiagonal:a2ab9117ea3a1dfa,False,1,16280828,16280829,"{""alpha"":0.01}",,,,,,,,,,0.01,
1643,canonical,512,row_diagonal_dominant_tridiagonal,row_diagonal_dominant_tridiagonal:80f1643c77f70cd6,False,1,16280829,16280830,"{""alpha"":0.005}",,,,,,,,,,0.005,
1644,canonical,512,row_diagonal_dominant_tridiagonal,row_diagonal_dominant_tridiagonal:e81edd77eaa602f2,False,1,16280830,16280831,"{""alpha"":0.002}",,,,,,,,,,0.002,
1645,canonical,512,row_diagonal_dominant_tridiagonal,row_diagonal_dominant_tridiagonal:3cc535104b50d6a1,False,1,16280831,16280832,"{""alpha"":0.001}",,,,,,,,,,0.001,
1646,canonical,512,row_diagonal_dominant_rankone,row_diagonal_dominant_rankone:9b1d06cd48c40ab2,False,1,16280832,16280833,"{""alpha"":0.5}",,,,,,,,,,0.5,
1647,canonical,512,row_diagonal_dominant_rankone,row_diagonal_dominant_rankone:b2135906babb091e,False,1,16280833,16280834,"{""alpha"":0.3}",,,,,,,,,,0.3,
1648,canonical,512,row_diagonal_dominant_rankone,row_diagonal_dominant_rankone:4b19e252ebf4e64e,False,1,16280834,16280835,"{""alpha"":0.2}",,,,,,,,,,0.2,
1649,canonical,512,row_diagonal_dominant_rankone,row_diagonal_dominant_rankone:f77fdfb3efff94e7,False,1,16280835,16280836,"{""alpha"":0.1}",,,,,,,,,,0.1,
1650,canonical,512,row_diagonal_dominant_rankone,row_diagonal_dominant_rankone:e9f8a9d621908331,False,1,16280836,16280837,"{""alpha"":0.05}",,,,,,,,,,0.05,
1651,canonical,512,row_diagonal_dominant_rankone,row_diagonal_dominant_rankone:f5d1060d84da4649,False,1,16280837,16280838,"{""alpha"":0.02}",,,,,,,,,,0.02,
1652,canonical,512,row_diagonal_dominant_rankone,row_diagonal_dominant_rankone:bbdf2ff377511d2a,False,1,16280838,16280839,"{""alpha"":0.01}",,,,,,,,,,0.01,
1653,canonical,512,row_diagonal_dominant_rankone,row_diagonal_dominant_rankone:b724756e042d2640,False,1,16280839,16280840,"{""alpha"":0.005}",,,,,,,,,,0.005,
1654,canonical,512,row_diagonal_dominant_rankone,row_diagonal_dominant_rankone:9248beec0335477a,False,1,16280840,16280841,"{""alpha"":0.002}",,,,,,,,,,0.002,
1655,canonical,512,row_diagonal_dominant_rankone,row_diagonal_dominant_rankone:6689e0c35681572e,False,1,16280841,16280842,"{""alpha"":0.001}",,,,,,,,,,0.001,
1656,canonical,512,row_diagonal_dominant_stochastic,row_diagonal_dominant_stochastic:021519ee0a19df7c,True,20000,16280842,16300842,"{""alpha"":0.5}",,,,,,,,,,0.5,
1657,canonical,512,row_diagonal_dominant_stochastic,row_diagonal_dominant_stochastic:de30837b1853aaf8,True,20000,16300842,16320842,"{""alpha"":0.3}",,,,,,,,,,0.3,
1658,canonical,512,row_diagonal_dominant_stochastic,row_diagonal_dominant_stochastic:85d04ae4513fe85f,True,20000,16320842,16340842,"{""alpha"":0.2}",,,,,,,,,,0.2,
1659,canonical,512,row_diagonal_dominant_stochastic,row_diagonal_dominant_stochastic:0f7feef7c7880b20,True,20000,16340842,16360842,"{""alpha"":0.1}",,,,,,,,,,0.1,
1660,canonical,512,row_diagonal_dominant_stochastic,row_diagonal_dominant_stochastic:0530909e2322226a,True,20000,16360842,16380842,"{""alpha"":0.05}",,,,,,,,,,0.05,
1661,canonical,512,row_diagonal_dominant_stochastic,row_diagonal_dominant_stochastic:f5393029996d2c29,True,20000,16380842,16400842,"{""alpha"":0.02}",,,,,,,,,,0.02,
1662,canonical,512,row_diagonal_dominant_stochastic,row_diagonal_dominant_stochastic:0d717c35c3b2f62d,True,20000,16400842,16420842,"{""alpha"":0.01}",,,,,,,,,,0.01,
1663,canonical,512,row_diagonal_dominant_stochastic,row_diagonal_dominant_stochastic:6bb9c9b7e1526958,True,20000,16420842,16440842,"{""alpha"":0.005}",,,,,,,,,,0.005,
1664,canonical,512,row_diagonal_dominant_stochastic,row_diagonal_dominant_stochastic:103e29b8022442fa,True,20000,16440842,16460842,"{""alpha"":0.002}",,,,,,,,,,0.002,
1665,canonical,512,row_diagonal_dominant_stochastic,row_diagonal_dominant_stochastic:3f149f338e70104c,True,20000,16460842,16480842,"{""alpha"":0.001}",,,,,,,,,,0.001,
1666,canonical,512,spd_prescribed_spectrum,spd_prescribed_spectrum:f3c8ebf0e249f88d,True,20000,16480842,16500842,"{""kappa"":10.0}",,,,,,,,,,,10.0
1667,canonical,512,spd_prescribed_spectrum,spd_prescribed_spectrum:fd9c01d27036b31c,True,20000,16500842,16520842,"{""kappa"":100.0}",,,,,,,,,,,100.0
1668,canonical,512,spd_prescribed_spectrum,spd_prescribed_spectrum:dc332cd1bfa688f6,True,20000,16520842,16540842,"{""kappa"":1000.0}",,,,,,,,,,,1000.0
1669,canonical,512,spd_prescribed_spectrum,spd_prescribed_spectrum:a954fd91076fe28c,True,20000,16540842,16560842,"{""kappa"":10000.0}",,,,,,,,,,,10000.0
1670,canonical,512,spd_prescribed_spectrum,spd_prescribed_spectrum:79fe5321ebe142a9,True,20000,16560842,16580842,"{""kappa"":100000.0}",,,,,,,,,,,100000.0
1671,canonical,512,spd_prescribed_spectrum,spd_prescribed_spectrum:4953545b5c68c921,True,20000,16580842,16600842,"{""kappa"":1000000.0}",,,,,,,,,,,1000000.0
1672,canonical,512,spd_prescribed_spectrum,spd_prescribed_spectrum:70d7805e407478aa,True,20000,16600842,16620842,"{""kappa"":10000000.0}",,,,,,,,,,,10000000.0
1673,canonical,512,spd_prescribed_spectrum,spd_prescribed_spectrum:fc3ee47b52f52cc7,True,20000,16620842,16640842,"{""kappa"":100000000.0}",,,,,,,,,,,100000000.0
1674,canonical,512,tnn_vandermonde_positive,tnn_vandermonde_positive:d0b487e6f0518b72,False,1,16640842,16640843,"{""cluster_parameter"":2.0,""node_type"":""equispaced_positive""}",,,equispaced_positive,2.0,,,,,,,
1675,canonical,512,tnn_vandermonde_positive,tnn_vandermonde_positive:5aaa1a7a23ee6d83,False,1,16640843,16640844,"{""cluster_parameter"":2.0,""node_type"":""clustered_positive""}",,,clustered_positive,2.0,,,,,,,
1676,canonical,512,pascal,pascal:7b24b4808f94bc0d,False,1,16640844,16640845,{},,,,,,,,,,,
1677,canonical,724,random_conditioned,random_conditioned:3d4ea8f7b0b7ac02,True,20000,16640845,16660845,"{""condition_number"":100.0,""profile"":""geometric""}",100.0,geometric,,,,,,,,,
1678,canonical,724,random_conditioned,random_conditioned:f13d30e42b69e288,True,20000,16660845,16680845,"{""condition_number"":100.0,""profile"":""one_small""}",100.0,one_small,,,,,,,,,
1679,canonical,724,random_conditioned,random_conditioned:5e2483f030292e83,True,20000,16680845,16700845,"{""condition_number"":100.0,""profile"":""clustered""}",100.0,clustered,,,,,,,,,
1680,canonical,724,random_conditioned,random_conditioned:59554964dd17fd28,True,20000,16700845,16720845,"{""condition_number"":10000.0,""profile"":""geometric""}",10000.0,geometric,,,,,,,,,
1681,canonical,724,random_conditioned,random_conditioned:9249e93b9b37b741,True,20000,16720845,16740845,"{""condition_number"":10000.0,""profile"":""one_small""}",10000.0,one_small,,,,,,,,,
1682,canonical,724,random_conditioned,random_conditioned:24db10624cd06023,True,20000,16740845,16760845,"{""condition_number"":10000.0,""profile"":""clustered""}",10000.0,clustered,,,,,,,,,
1683,canonical,724,random_conditioned,random_conditioned:ede4f08ad80ec7c0,True,20000,16760845,16780845,"{""condition_number"":1000000.0,""profile"":""geometric""}",1000000.0,geometric,,,,,,,,,
1684,canonical,724,random_conditioned,random_conditioned:58959af1bd395489,True,20000,16780845,16800845,"{""condition_number"":1000000.0,""profile"":""one_small""}",1000000.0,one_small,,,,,,,,,
1685,canonical,724,random_conditioned,random_conditioned:60b649f84d12d8bd,True,20000,16800845,16820845,"{""condition_number"":1000000.0,""profile"":""clustered""}",1000000.0,clustered,,,,,,,,,
1686,canonical,724,random_conditioned,random_conditioned:d85a46ecb6e00d73,True,20000,16820845,16840845,"{""condition_number"":100000000.0,""profile"":""geometric""}",100000000.0,geometric,,,,,,,,,
1687,canonical,724,random_conditioned,random_conditioned:be39cf2c9bb5dcd1,True,20000,16840845,16860845,"{""condition_number"":100000000.0,""profile"":""one_small""}",100000000.0,one_small,,,,,,,,,
1688,canonical,724,random_conditioned,random_conditioned:c09b81d86321af6f,True,20000,16860845,16880845,"{""condition_number"":100000000.0,""profile"":""clustered""}",100000000.0,clustered,,,,,,,,,
1689,canonical,724,random_conditioned,random_conditioned:37f6a61bc4687e9e,True,20000,16880845,16900845,"{""condition_number"":10000000000.0,""profile"":""geometric""}",10000000000.0,geometric,,,,,,,,,
1690,canonical,724,random_conditioned,random_conditioned:33289cf8a89ff087,True,20000,16900845,16920845,"{""condition_number"":10000000000.0,""profile"":""one_small""}",10000000000.0,one_small,,,,,,,,,
1691,canonical,724,random_conditioned,random_conditioned:d512272586bc7c53,True,20000,16920845,16940845,"{""condition_number"":10000000000.0,""profile"":""clustered""}",10000000000.0,clustered,,,,,,,,,
1692,canonical,724,random_conditioned,random_conditioned:36337c2841740aff,True,20000,16940845,16960845,"{""condition_number"":1000000000000.0,""profile"":""geometric""}",1000000000000.0,geometric,,,,,,,,,
1693,canonical,724,random_conditioned,random_conditioned:982d888343062026,True,20000,16960845,16980845,"{""condition_number"":1000000000000.0,""profile"":""one_small""}",1000000000000.0,one_small,,,,,,,,,
1694,canonical,724,random_conditioned,random_conditioned:3868b8f4f35e5d1d,True,20000,16980845,17000845,"{""condition_number"":1000000000000.0,""profile"":""clustered""}",1000000000000.0,clustered,,,,,,,,,
1695,canonical,724,random_conditioned,random_conditioned:e026603158c7af35,True,20000,17000845,17020845,"{""condition_number"":100000000000000.0,""profile"":""geometric""}",100000000000000.0,geometric,,,,,,,,,
1696,canonical,724,random_conditioned,random_conditioned:5b19efd6ef2b5c0b,True,20000,17020845,17040845,"{""condition_number"":100000000000000.0,""profile"":""one_small""}",100000000000000.0,one_small,,,,,,,,,
1697,canonical,724,random_conditioned,random_conditioned:20591473a1bf5735,True,20000,17040845,17060845,"{""condition_number"":100000000000000.0,""profile"":""clustered""}",100000000000000.0,clustered,,,,,,,,,
1698,canonical,724,random_conditioned,random_conditioned:6ed2736ecab0398d,True,20000,17060845,17080845,"{""condition_number"":1.0,""profile"":""orthogonal""}",1.0,orthogonal,,,,,,,,,
1699,canonical,724,hilbert,hilbert:b9c548331ca110df,False,1,17080845,17080846,{},,,,,,,,,,,
1700,canonical,724,vandermonde,vandermonde:c75e7bcca1c1877c,False,1,17080846,17080847,"{""cluster_parameter"":10.0,""column_scaling"":false,""node_type"":""equispaced""}",,,equispaced,10.0,False,,,,,,
1701,canonical,724,vandermonde,vandermonde:ceedbcebccced4fc,False,1,17080847,17080848,"{""cluster_parameter"":10.0,""column_scaling"":true,""node_type"":""equispaced""}",,,equispaced,10.0,True,,,,,,
1702,canonical,724,vandermonde,vandermonde:e7c5154704c3d4c9,False,1,17080848,17080849,"{""cluster_parameter"":10.0,""column_scaling"":false,""node_type"":""chebyshev""}",,,chebyshev,10.0,False,,,,,,
1703,canonical,724,vandermonde,vandermonde:df362d800fc64531,False,1,17080849,17080850,"{""cluster_parameter"":10.0,""column_scaling"":true,""node_type"":""chebyshev""}",,,chebyshev,10.0,True,,,,,,
1704,canonical,724,vandermonde,vandermonde:1a694a5cc930f5b5,False,1,17080850,17080851,"{""cluster_parameter"":10.0,""column_scaling"":false,""node_type"":""clustered_zero""}",,,clustered_zero,10.0,False,,,,,,
1705,canonical,724,vandermonde,vandermonde:777568ed0dbc806c,False,1,17080851,17080852,"{""cluster_parameter"":10.0,""column_scaling"":true,""node_type"":""clustered_zero""}",,,clustered_zero,10.0,True,,,,,,
1706,canonical,724,vandermonde,vandermonde:b85fbb786a5eb62d,False,1,17080852,17080853,"{""cluster_parameter"":10.0,""column_scaling"":false,""node_type"":""near_one""}",,,near_one,10.0,False,,,,,,
1707,canonical,724,vandermonde,vandermonde:bc1c5a7c363c1cb2,False,1,17080853,17080854,"{""cluster_parameter"":10.0,""column_scaling"":true,""node_type"":""near_one""}",,,near_one,10.0,True,,,,,,
1708,canonical,724,vandermonde,vandermonde:d4c1dcf1fe7912e5,True,20000,17080854,17100854,"{""cluster_parameter"":10.0,""column_scaling"":false,""node_type"":""random""}",,,random,10.0,False,,,,,,
1709,canonical,724,vandermonde,vandermonde:0040369e0b8a027c,True,20000,17100854,17120854,"{""cluster_parameter"":10.0,""column_scaling"":true,""node_type"":""random""}",,,random,10.0,True,,,,,,
1710,canonical,724,kahan_type,kahan_type:4290efc4c47e83af,False,1,17120854,17120855,"{""column_scaling"":false,""theta"":0.1}",,,,,False,0.1,,,,,
1711,canonical,724,kahan_type,kahan_type:e71b6f9fd30d0d35,False,1,17120855,17120856,"{""column_scaling"":true,""theta"":0.1}",,,,,True,0.1,,,,,
1712,canonical,724,kahan_type,kahan_type:55976e314ebada33,False,1,17120856,17120857,"{""column_scaling"":false,""theta"":0.01}",,,,,False,0.01,,,,,
1713,canonical,724,kahan_type,kahan_type:3d5fca4b09918941,False,1,17120857,17120858,"{""column_scaling"":true,""theta"":0.01}",,,,,True,0.01,,,,,
1714,canonical,724,kahan_type,kahan_type:ea9d2f45216bcaa7,False,1,17120858,17120859,"{""column_scaling"":false,""theta"":0.001}",,,,,False,0.001,,,,,
1715,canonical,724,kahan_type,kahan_type:033d150a3a538c2e,False,1,17120859,17120860,"{""column_scaling"":true,""theta"":0.001}",,,,,True,0.001,,,,,
1716,canonical,724,kahan_type,kahan_type:bf657253a4babc02,False,1,17120860,17120861,"{""column_scaling"":false,""theta"":0.0001}",,,,,False,0.0001,,,,,
1717,canonical,724,kahan_type,kahan_type:7de370b15bdacd56,False,1,17120861,17120862,"{""column_scaling"":true,""theta"":0.0001}",,,,,True,0.0001,,,,,
1718,canonical,724,kahan_type,kahan_type:7411493e1f8f3a01,False,1,17120862,17120863,"{""column_scaling"":false,""theta"":1e-06}",,,,,False,1e-06,,,,,
1719,canonical,724,kahan_type,kahan_type:7f88c9d87a09d37c,False,1,17120863,17120864,"{""column_scaling"":true,""theta"":1e-06}",,,,,True,1e-06,,,,,
1720,canonical,724,kahan_type,kahan_type:3fcb70bbfebc9826,False,1,17120864,17120865,"{""column_scaling"":false,""theta"":1e-08}",,,,,False,1e-08,,,,,
1721,canonical,724,kahan_type,kahan_type:cb92209d4d47c312,False,1,17120865,17120866,"{""column_scaling"":true,""theta"":1e-08}",,,,,True,1e-08,,,,,
1722,canonical,724,kahan_type,kahan_type:cad9cb441519fc5b,False,1,17120866,17120867,"{""column_scaling"":false,""theta"":1e-10}",,,,,False,1e-10,,,,,
1723,canonical,724,kahan_type,kahan_type:ea85790adba5c3b2,False,1,17120867,17120868,"{""column_scaling"":true,""theta"":1e-10}",,,,,True,1e-10,,,,,
1724,canonical,724,kahan_type,kahan_type:ecb64b54443ddd5c,False,1,17120868,17120869,"{""column_scaling"":false,""theta"":1e-12}",,,,,False,1e-12,,,,,
1725,canonical,724,kahan_type,kahan_type:8457c94dc014b009,False,1,17120869,17120870,"{""column_scaling"":true,""theta"":1e-12}",,,,,True,1e-12,,,,,
1726,canonical,724,adversarial_rotation,adversarial_rotation:b2c76300f74387b0,False,1,17120870,17120871,"{""epsilon"":0.1}",,,,,,,0.1,,,,
1727,canonical,724,adversarial_rotation,adversarial_rotation:37c4e5a022b50612,False,1,17120871,17120872,"{""epsilon"":0.01}",,,,,,,0.01,,,,
1728,canonical,724,adversarial_rotation,adversarial_rotation:fbc8efe02a7874dc,False,1,17120872,17120873,"{""epsilon"":0.0001}",,,,,,,0.0001,,,,
1729,canonical,724,adversarial_rotation,adversarial_rotation:f7cff71dbc36bc98,False,1,17120873,17120874,"{""epsilon"":1e-06}",,,,,,,1e-06,,,,
1730,canonical,724,adversarial_rotation,adversarial_rotation:ace807421641f23f,False,1,17120874,17120875,"{""epsilon"":1e-08}",,,,,,,1e-08,,,,
1731,canonical,724,adversarial_rotation,adversarial_rotation:6f8f58222266e918,False,1,17120875,17120876,"{""epsilon"":1e-10}",,,,,,,1e-10,,,,
1732,canonical,724,adversarial_rotation,adversarial_rotation:45392a8c926cd6a7,False,1,17120876,17120877,"{""epsilon"":1e-12}",,,,,,,1e-12,,,,
1733,canonical,724,adversarial_rotation,adversarial_rotation:2cc9ff6f36ee55eb,False,1,17120877,17120878,"{""epsilon"":1e-14}",,,,,,,1e-14,,,,
1734,canonical,724,repeated_bad_pivots,repeated_bad_pivots:ebddf4bf1bcd1f4b,False,1,17120878,17120879,"{""decay"":1.0,""epsilon"":0.01}",,,,,,,0.01,1.0,,,
1735,canonical,724,repeated_bad_pivots,repeated_bad_pivots:22f815a7b3f93bb6,False,1,17120879,17120880,"{""decay"":0.3,""epsilon"":0.01}",,,,,,,0.01,0.3,,,
1736,canonical,724,repeated_bad_pivots,repeated_bad_pivots:cf46139e6aa27490,False,1,17120880,17120881,"{""decay"":0.1,""epsilon"":0.01}",,,,,,,0.01,0.1,,,
1737,canonical,724,repeated_bad_pivots,repeated_bad_pivots:221878ec2b94bb83,False,1,17120881,17120882,"{""decay"":1.0,""epsilon"":1e-06}",,,,,,,1e-06,1.0,,,
1738,canonical,724,repeated_bad_pivots,repeated_bad_pivots:142920ff1c832f8b,False,1,17120882,17120883,"{""decay"":0.3,""epsilon"":1e-06}",,,,,,,1e-06,0.3,,,
1739,canonical,724,repeated_bad_pivots,repeated_bad_pivots:1be3591d8f74c193,False,1,17120883,17120884,"{""decay"":0.1,""epsilon"":1e-06}",,,,,,,1e-06,0.1,,,
1740,canonical,724,repeated_bad_pivots,repeated_bad_pivots:34246cb149b429c4,False,1,17120884,17120885,"{""decay"":1.0,""epsilon"":1e-10}",,,,,,,1e-10,1.0,,,
1741,canonical,724,repeated_bad_pivots,repeated_bad_pivots:73c9e8040232fdc6,False,1,17120885,17120886,"{""decay"":0.3,""epsilon"":1e-10}",,,,,,,1e-10,0.3,,,
1742,canonical,724,repeated_bad_pivots,repeated_bad_pivots:14488bcb7546a054,False,1,17120886,17120887,"{""decay"":0.1,""epsilon"":1e-10}",,,,,,,1e-10,0.1,,,
1743,canonical,724,scaled_adversarial,scaled_adversarial:a1544dd12bfc380a,True,20000,17120887,17140887,"{""epsilon"":0.01,""scale_range"":2.0}",,,,,,,0.01,,2.0,,
1744,canonical,724,scaled_adversarial,scaled_adversarial:bfa61de27cbbe219,True,20000,17140887,17160887,"{""epsilon"":0.01,""scale_range"":4.0}",,,,,,,0.01,,4.0,,
1745,canonical,724,scaled_adversarial,scaled_adversarial:e73afbc25af72981,True,20000,17160887,17180887,"{""epsilon"":0.01,""scale_range"":8.0}",,,,,,,0.01,,8.0,,
1746,canonical,724,scaled_adversarial,scaled_adversarial:17741976c2dfbd54,True,20000,17180887,17200887,"{""epsilon"":0.01,""scale_range"":12.0}",,,,,,,0.01,,12.0,,
1747,canonical,724,scaled_adversarial,scaled_adversarial:1c7b58eee2ed258c,True,20000,17200887,17220887,"{""epsilon"":1e-06,""scale_range"":2.0}",,,,,,,1e-06,,2.0,,
1748,canonical,724,scaled_adversarial,scaled_adversarial:4fa46c9b0730babb,True,20000,17220887,17240887,"{""epsilon"":1e-06,""scale_range"":4.0}",,,,,,,1e-06,,4.0,,
1749,canonical,724,scaled_adversarial,scaled_adversarial:693a2410d358b3b1,True,20000,17240887,17260887,"{""epsilon"":1e-06,""scale_range"":8.0}",,,,,,,1e-06,,8.0,,
1750,canonical,724,scaled_adversarial,scaled_adversarial:44cc26aec2af2f93,True,20000,17260887,17280887,"{""epsilon"":1e-06,""scale_range"":12.0}",,,,,,,1e-06,,12.0,,
1751,canonical,724,scaled_adversarial,scaled_adversarial:47817f90b3ae7eb7,True,20000,17280887,17300887,"{""epsilon"":1e-10,""scale_range"":2.0}",,,,,,,1e-10,,2.0,,
1752,canonical,724,scaled_adversarial,scaled_adversarial:4aad419250638d2a,True,20000,17300887,17320887,"{""epsilon"":1e-10,""scale_range"":4.0}",,,,,,,1e-10,,4.0,,
1753,canonical,724,scaled_adversarial,scaled_adversarial:5d1019a4ba6f1410,True,20000,17320887,17340887,"{""epsilon"":1e-10,""scale_range"":8.0}",,,,,,,1e-10,,8.0,,
1754,canonical,724,scaled_adversarial,scaled_adversarial:a7078d089ccfa660,True,20000,17340887,17360887,"{""epsilon"":1e-10,""scale_range"":12.0}",,,,,,,1e-10,,12.0,,
1755,canonical,724,row_diagonal_dominant_random,row_diagonal_dominant_random:93e6f52ebdb3ac55,True,20000,17360887,17380887,"{""alpha"":0.5}",,,,,,,,,,0.5,
1756,canonical,724,row_diagonal_dominant_random,row_diagonal_dominant_random:03e59f7215597618,True,20000,17380887,17400887,"{""alpha"":0.3}",,,,,,,,,,0.3,
1757,canonical,724,row_diagonal_dominant_random,row_diagonal_dominant_random:c6616c01f005a03d,True,20000,17400887,17420887,"{""alpha"":0.2}",,,,,,,,,,0.2,
1758,canonical,724,row_diagonal_dominant_random,row_diagonal_dominant_random:85f3946f6e4679ec,True,20000,17420887,17440887,"{""alpha"":0.1}",,,,,,,,,,0.1,
1759,canonical,724,row_diagonal_dominant_random,row_diagonal_dominant_random:2976d44433ad1387,True,20000,17440887,17460887,"{""alpha"":0.05}",,,,,,,,,,0.05,
1760,canonical,724,row_diagonal_dominant_random,row_diagonal_dominant_random:8a85d76f30eb75a6,True,20000,17460887,17480887,"{""alpha"":0.02}",,,,,,,,,,0.02,
1761,canonical,724,row_diagonal_dominant_random,row_diagonal_dominant_random:3cf57fa76b9a551c,True,20000,17480887,17500887,"{""alpha"":0.01}",,,,,,,,,,0.01,
1762,canonical,724,row_diagonal_dominant_random,row_diagonal_dominant_random:4cbd4f5958f010f8,True,20000,17500887,17520887,"{""alpha"":0.005}",,,,,,,,,,0.005,
1763,canonical,724,row_diagonal_dominant_random,row_diagonal_dominant_random:9493eb0855127051,True,20000,17520887,17540887,"{""alpha"":0.002}",,,,,,,,,,0.002,
1764,canonical,724,row_diagonal_dominant_random,row_diagonal_dominant_random:c93186b88112adec,True,20000,17540887,17560887,"{""alpha"":0.001}",,,,,,,,,,0.001,
1765,canonical,724,row_diagonal_dominant_tridiagonal,row_diagonal_dominant_tridiagonal:982220238cdced02,False,1,17560887,17560888,"{""alpha"":0.5}",,,,,,,,,,0.5,
1766,canonical,724,row_diagonal_dominant_tridiagonal,row_diagonal_dominant_tridiagonal:f7dbde840db0a0a1,False,1,17560888,17560889,"{""alpha"":0.3}",,,,,,,,,,0.3,
1767,canonical,724,row_diagonal_dominant_tridiagonal,row_diagonal_dominant_tridiagonal:af932376a9e85180,False,1,17560889,17560890,"{""alpha"":0.2}",,,,,,,,,,0.2,
1768,canonical,724,row_diagonal_dominant_tridiagonal,row_diagonal_dominant_tridiagonal:c27ad42e3f6fa594,False,1,17560890,17560891,"{""alpha"":0.1}",,,,,,,,,,0.1,
1769,canonical,724,row_diagonal_dominant_tridiagonal,row_diagonal_dominant_tridiagonal:b140db102925b3ec,False,1,17560891,17560892,"{""alpha"":0.05}",,,,,,,,,,0.05,
1770,canonical,724,row_diagonal_dominant_tridiagonal,row_diagonal_dominant_tridiagonal:9c6a6927336fc423,False,1,17560892,17560893,"{""alpha"":0.02}",,,,,,,,,,0.02,
1771,canonical,724,row_diagonal_dominant_tridiagonal,row_diagonal_dominant_tridiagonal:a2ab9117ea3a1dfa,False,1,17560893,17560894,"{""alpha"":0.01}",,,,,,,,,,0.01,
1772,canonical,724,row_diagonal_dominant_tridiagonal,row_diagonal_dominant_tridiagonal:80f1643c77f70cd6,False,1,17560894,17560895,"{""alpha"":0.005}",,,,,,,,,,0.005,
1773,canonical,724,row_diagonal_dominant_tridiagonal,row_diagonal_dominant_tridiagonal:e81edd77eaa602f2,False,1,17560895,17560896,"{""alpha"":0.002}",,,,,,,,,,0.002,
1774,canonical,724,row_diagonal_dominant_tridiagonal,row_diagonal_dominant_tridiagonal:3cc535104b50d6a1,False,1,17560896,17560897,"{""alpha"":0.001}",,,,,,,,,,0.001,
1775,canonical,724,row_diagonal_dominant_rankone,row_diagonal_dominant_rankone:9b1d06cd48c40ab2,False,1,17560897,17560898,"{""alpha"":0.5}",,,,,,,,,,0.5,
1776,canonical,724,row_diagonal_dominant_rankone,row_diagonal_dominant_rankone:b2135906babb091e,False,1,17560898,17560899,"{""alpha"":0.3}",,,,,,,,,,0.3,
1777,canonical,724,row_diagonal_dominant_rankone,row_diagonal_dominant_rankone:4b19e252ebf4e64e,False,1,17560899,17560900,"{""alpha"":0.2}",,,,,,,,,,0.2,
1778,canonical,724,row_diagonal_dominant_rankone,row_diagonal_dominant_rankone:f77fdfb3efff94e7,False,1,17560900,17560901,"{""alpha"":0.1}",,,,,,,,,,0.1,
1779,canonical,724,row_diagonal_dominant_rankone,row_diagonal_dominant_rankone:e9f8a9d621908331,False,1,17560901,17560902,"{""alpha"":0.05}",,,,,,,,,,0.05,
1780,canonical,724,row_diagonal_dominant_rankone,row_diagonal_dominant_rankone:f5d1060d84da4649,False,1,17560902,17560903,"{""alpha"":0.02}",,,,,,,,,,0.02,
1781,canonical,724,row_diagonal_dominant_rankone,row_diagonal_dominant_rankone:bbdf2ff377511d2a,False,1,17560903,17560904,"{""alpha"":0.01}",,,,,,,,,,0.01,
1782,canonical,724,row_diagonal_dominant_rankone,row_diagonal_dominant_rankone:b724756e042d2640,False,1,17560904,17560905,"{""alpha"":0.005}",,,,,,,,,,0.005,
1783,canonical,724,row_diagonal_dominant_rankone,row_diagonal_dominant_rankone:9248beec0335477a,False,1,17560905,17560906,"{""alpha"":0.002}",,,,,,,,,,0.002,
1784,canonical,724,row_diagonal_dominant_rankone,row_diagonal_dominant_rankone:6689e0c35681572e,False,1,17560906,17560907,"{""alpha"":0.001}",,,,,,,,,,0.001,
1785,canonical,724,row_diagonal_dominant_stochastic,row_diagonal_dominant_stochastic:021519ee0a19df7c,True,20000,17560907,17580907,"{""alpha"":0.5}",,,,,,,,,,0.5,
1786,canonical,724,row_diagonal_dominant_stochastic,row_diagonal_dominant_stochastic:de30837b1853aaf8,True,20000,17580907,17600907,"{""alpha"":0.3}",,,,,,,,,,0.3,
1787,canonical,724,row_diagonal_dominant_stochastic,row_diagonal_dominant_stochastic:85d04ae4513fe85f,True,20000,17600907,17620907,"{""alpha"":0.2}",,,,,,,,,,0.2,
1788,canonical,724,row_diagonal_dominant_stochastic,row_diagonal_dominant_stochastic:0f7feef7c7880b20,True,20000,17620907,17640907,"{""alpha"":0.1}",,,,,,,,,,0.1,
1789,canonical,724,row_diagonal_dominant_stochastic,row_diagonal_dominant_stochastic:0530909e2322226a,True,20000,17640907,17660907,"{""alpha"":0.05}",,,,,,,,,,0.05,
1790,canonical,724,row_diagonal_dominant_stochastic,row_diagonal_dominant_stochastic:f5393029996d2c29,True,20000,17660907,17680907,"{""alpha"":0.02}",,,,,,,,,,0.02,
1791,canonical,724,row_diagonal_dominant_stochastic,row_diagonal_dominant_stochastic:0d717c35c3b2f62d,True,20000,17680907,17700907,"{""alpha"":0.01}",,,,,,,,,,0.01,
1792,canonical,724,row_diagonal_dominant_stochastic,row_diagonal_dominant_stochastic:6bb9c9b7e1526958,True,20000,17700907,17720907,"{""alpha"":0.005}",,,,,,,,,,0.005,
1793,canonical,724,row_diagonal_dominant_stochastic,row_diagonal_dominant_stochastic:103e29b8022442fa,True,20000,17720907,17740907,"{""alpha"":0.002}",,,,,,,,,,0.002,
1794,canonical,724,row_diagonal_dominant_stochastic,row_diagonal_dominant_stochastic:3f149f338e70104c,True,20000,17740907,17760907,"{""alpha"":0.001}",,,,,,,,,,0.001,
1795,canonical,724,spd_prescribed_spectrum,spd_prescribed_spectrum:f3c8ebf0e249f88d,True,20000,17760907,17780907,"{""kappa"":10.0}",,,,,,,,,,,10.0
1796,canonical,724,spd_prescribed_spectrum,spd_prescribed_spectrum:fd9c01d27036b31c,True,20000,17780907,17800907,"{""kappa"":100.0}",,,,,,,,,,,100.0
1797,canonical,724,spd_prescribed_spectrum,spd_prescribed_spectrum:dc332cd1bfa688f6,True,20000,17800907,17820907,"{""kappa"":1000.0}",,,,,,,,,,,1000.0
1798,canonical,724,spd_prescribed_spectrum,spd_prescribed_spectrum:a954fd91076fe28c,True,20000,17820907,17840907,"{""kappa"":10000.0}",,,,,,,,,,,10000.0
1799,canonical,724,spd_prescribed_spectrum,spd_prescribed_spectrum:79fe5321ebe142a9,True,20000,17840907,17860907,"{""kappa"":100000.0}",,,,,,,,,,,100000.0
1800,canonical,724,spd_prescribed_spectrum,spd_prescribed_spectrum:4953545b5c68c921,True,20000,17860907,17880907,"{""kappa"":1000000.0}",,,,,,,,,,,1000000.0
1801,canonical,724,spd_prescribed_spectrum,spd_prescribed_spectrum:70d7805e407478aa,True,20000,17880907,17900907,"{""kappa"":10000000.0}",,,,,,,,,,,10000000.0
1802,canonical,724,spd_prescribed_spectrum,spd_prescribed_spectrum:fc3ee47b52f52cc7,True,20000,17900907,17920907,"{""kappa"":100000000.0}",,,,,,,,,,,100000000.0
1803,canonical,724,tnn_vandermonde_positive,tnn_vandermonde_positive:d0b487e6f0518b72,False,1,17920907,17920908,"{""cluster_parameter"":2.0,""node_type"":""equispaced_positive""}",,,equispaced_positive,2.0,,,,,,,
1804,canonical,724,tnn_vandermonde_positive,tnn_vandermonde_positive:5aaa1a7a23ee6d83,False,1,17920908,17920909,"{""cluster_parameter"":2.0,""node_type"":""clustered_positive""}",,,clustered_positive,2.0,,,,,,,
1805,canonical,724,pascal,pascal:7b24b4808f94bc0d,False,1,17920909,17920910,{},,,,,,,,,,,
1806,canonical,1024,random_conditioned,random_conditioned:3d4ea8f7b0b7ac02,True,20000,17920910,17940910,"{""condition_number"":100.0,""profile"":""geometric""}",100.0,geometric,,,,,,,,,
1807,canonical,1024,random_conditioned,random_conditioned:f13d30e42b69e288,True,20000,17940910,17960910,"{""condition_number"":100.0,""profile"":""one_small""}",100.0,one_small,,,,,,,,,
1808,canonical,1024,random_conditioned,random_conditioned:5e2483f030292e83,True,20000,17960910,17980910,"{""condition_number"":100.0,""profile"":""clustered""}",100.0,clustered,,,,,,,,,
1809,canonical,1024,random_conditioned,random_conditioned:59554964dd17fd28,True,20000,17980910,18000910,"{""condition_number"":10000.0,""profile"":""geometric""}",10000.0,geometric,,,,,,,,,
1810,canonical,1024,random_conditioned,random_conditioned:9249e93b9b37b741,True,20000,18000910,18020910,"{""condition_number"":10000.0,""profile"":""one_small""}",10000.0,one_small,,,,,,,,,
1811,canonical,1024,random_conditioned,random_conditioned:24db10624cd06023,True,20000,18020910,18040910,"{""condition_number"":10000.0,""profile"":""clustered""}",10000.0,clustered,,,,,,,,,
1812,canonical,1024,random_conditioned,random_conditioned:ede4f08ad80ec7c0,True,20000,18040910,18060910,"{""condition_number"":1000000.0,""profile"":""geometric""}",1000000.0,geometric,,,,,,,,,
1813,canonical,1024,random_conditioned,random_conditioned:58959af1bd395489,True,20000,18060910,18080910,"{""condition_number"":1000000.0,""profile"":""one_small""}",1000000.0,one_small,,,,,,,,,
1814,canonical,1024,random_conditioned,random_conditioned:60b649f84d12d8bd,True,20000,18080910,18100910,"{""condition_number"":1000000.0,""profile"":""clustered""}",1000000.0,clustered,,,,,,,,,
1815,canonical,1024,random_conditioned,random_conditioned:d85a46ecb6e00d73,True,20000,18100910,18120910,"{""condition_number"":100000000.0,""profile"":""geometric""}",100000000.0,geometric,,,,,,,,,
1816,canonical,1024,random_conditioned,random_conditioned:be39cf2c9bb5dcd1,True,20000,18120910,18140910,"{""condition_number"":100000000.0,""profile"":""one_small""}",100000000.0,one_small,,,,,,,,,
1817,canonical,1024,random_conditioned,random_conditioned:c09b81d86321af6f,True,20000,18140910,18160910,"{""condition_number"":100000000.0,""profile"":""clustered""}",100000000.0,clustered,,,,,,,,,
1818,canonical,1024,random_conditioned,random_conditioned:37f6a61bc4687e9e,True,20000,18160910,18180910,"{""condition_number"":10000000000.0,""profile"":""geometric""}",10000000000.0,geometric,,,,,,,,,
1819,canonical,1024,random_conditioned,random_conditioned:33289cf8a89ff087,True,20000,18180910,18200910,"{""condition_number"":10000000000.0,""profile"":""one_small""}",10000000000.0,one_small,,,,,,,,,
1820,canonical,1024,random_conditioned,random_conditioned:d512272586bc7c53,True,20000,18200910,18220910,"{""condition_number"":10000000000.0,""profile"":""clustered""}",10000000000.0,clustered,,,,,,,,,
1821,canonical,1024,random_conditioned,random_conditioned:36337c2841740aff,True,20000,18220910,18240910,"{""condition_number"":1000000000000.0,""profile"":""geometric""}",1000000000000.0,geometric,,,,,,,,,
1822,canonical,1024,random_conditioned,random_conditioned:982d888343062026,True,20000,18240910,18260910,"{""condition_number"":1000000000000.0,""profile"":""one_small""}",1000000000000.0,one_small,,,,,,,,,
1823,canonical,1024,random_conditioned,random_conditioned:3868b8f4f35e5d1d,True,20000,18260910,18280910,"{""condition_number"":1000000000000.0,""profile"":""clustered""}",1000000000000.0,clustered,,,,,,,,,
1824,canonical,1024,random_conditioned,random_conditioned:e026603158c7af35,True,20000,18280910,18300910,"{""condition_number"":100000000000000.0,""profile"":""geometric""}",100000000000000.0,geometric,,,,,,,,,
1825,canonical,1024,random_conditioned,random_conditioned:5b19efd6ef2b5c0b,True,20000,18300910,18320910,"{""condition_number"":100000000000000.0,""profile"":""one_small""}",100000000000000.0,one_small,,,,,,,,,
1826,canonical,1024,random_conditioned,random_conditioned:20591473a1bf5735,True,20000,18320910,18340910,"{""condition_number"":100000000000000.0,""profile"":""clustered""}",100000000000000.0,clustered,,,,,,,,,
1827,canonical,1024,random_conditioned,random_conditioned:6ed2736ecab0398d,True,20000,18340910,18360910,"{""condition_number"":1.0,""profile"":""orthogonal""}",1.0,orthogonal,,,,,,,,,
1828,canonical,1024,hilbert,hilbert:b9c548331ca110df,False,1,18360910,18360911,{},,,,,,,,,,,
1829,canonical,1024,vandermonde,vandermonde:c75e7bcca1c1877c,False,1,18360911,18360912,"{""cluster_parameter"":10.0,""column_scaling"":false,""node_type"":""equispaced""}",,,equispaced,10.0,False,,,,,,
1830,canonical,1024,vandermonde,vandermonde:ceedbcebccced4fc,False,1,18360912,18360913,"{""cluster_parameter"":10.0,""column_scaling"":true,""node_type"":""equispaced""}",,,equispaced,10.0,True,,,,,,
1831,canonical,1024,vandermonde,vandermonde:e7c5154704c3d4c9,False,1,18360913,18360914,"{""cluster_parameter"":10.0,""column_scaling"":false,""node_type"":""chebyshev""}",,,chebyshev,10.0,False,,,,,,
1832,canonical,1024,vandermonde,vandermonde:df362d800fc64531,False,1,18360914,18360915,"{""cluster_parameter"":10.0,""column_scaling"":true,""node_type"":""chebyshev""}",,,chebyshev,10.0,True,,,,,,
1833,canonical,1024,vandermonde,vandermonde:1a694a5cc930f5b5,False,1,18360915,18360916,"{""cluster_parameter"":10.0,""column_scaling"":false,""node_type"":""clustered_zero""}",,,clustered_zero,10.0,False,,,,,,
1834,canonical,1024,vandermonde,vandermonde:777568ed0dbc806c,False,1,18360916,18360917,"{""cluster_parameter"":10.0,""column_scaling"":true,""node_type"":""clustered_zero""}",,,clustered_zero,10.0,True,,,,,,
1835,canonical,1024,vandermonde,vandermonde:b85fbb786a5eb62d,False,1,18360917,18360918,"{""cluster_parameter"":10.0,""column_scaling"":false,""node_type"":""near_one""}",,,near_one,10.0,False,,,,,,
1836,canonical,1024,vandermonde,vandermonde:bc1c5a7c363c1cb2,False,1,18360918,18360919,"{""cluster_parameter"":10.0,""column_scaling"":true,""node_type"":""near_one""}",,,near_one,10.0,True,,,,,,
1837,canonical,1024,vandermonde,vandermonde:d4c1dcf1fe7912e5,True,20000,18360919,18380919,"{""cluster_parameter"":10.0,""column_scaling"":false,""node_type"":""random""}",,,random,10.0,False,,,,,,
1838,canonical,1024,vandermonde,vandermonde:0040369e0b8a027c,True,20000,18380919,18400919,"{""cluster_parameter"":10.0,""column_scaling"":true,""node_type"":""random""}",,,random,10.0,True,,,,,,
1839,canonical,1024,kahan_type,kahan_type:4290efc4c47e83af,False,1,18400919,18400920,"{""column_scaling"":false,""theta"":0.1}",,,,,False,0.1,,,,,
1840,canonical,1024,kahan_type,kahan_type:e71b6f9fd30d0d35,False,1,18400920,18400921,"{""column_scaling"":true,""theta"":0.1}",,,,,True,0.1,,,,,
1841,canonical,1024,kahan_type,kahan_type:55976e314ebada33,False,1,18400921,18400922,"{""column_scaling"":false,""theta"":0.01}",,,,,False,0.01,,,,,
1842,canonical,1024,kahan_type,kahan_type:3d5fca4b09918941,False,1,18400922,18400923,"{""column_scaling"":true,""theta"":0.01}",,,,,True,0.01,,,,,
1843,canonical,1024,kahan_type,kahan_type:ea9d2f45216bcaa7,False,1,18400923,18400924,"{""column_scaling"":false,""theta"":0.001}",,,,,False,0.001,,,,,
1844,canonical,1024,kahan_type,kahan_type:033d150a3a538c2e,False,1,18400924,18400925,"{""column_scaling"":true,""theta"":0.001}",,,,,True,0.001,,,,,
1845,canonical,1024,kahan_type,kahan_type:bf657253a4babc02,False,1,18400925,18400926,"{""column_scaling"":false,""theta"":0.0001}",,,,,False,0.0001,,,,,
1846,canonical,1024,kahan_type,kahan_type:7de370b15bdacd56,False,1,18400926,18400927,"{""column_scaling"":true,""theta"":0.0001}",,,,,True,0.0001,,,,,
1847,canonical,1024,kahan_type,kahan_type:7411493e1f8f3a01,False,1,18400927,18400928,"{""column_scaling"":false,""theta"":1e-06}",,,,,False,1e-06,,,,,
1848,canonical,1024,kahan_type,kahan_type:7f88c9d87a09d37c,False,1,18400928,18400929,"{""column_scaling"":true,""theta"":1e-06}",,,,,True,1e-06,,,,,
1849,canonical,1024,kahan_type,kahan_type:3fcb70bbfebc9826,False,1,18400929,18400930,"{""column_scaling"":false,""theta"":1e-08}",,,,,False,1e-08,,,,,
1850,canonical,1024,kahan_type,kahan_type:cb92209d4d47c312,False,1,18400930,18400931,"{""column_scaling"":true,""theta"":1e-08}",,,,,True,1e-08,,,,,
1851,canonical,1024,kahan_type,kahan_type:cad9cb441519fc5b,False,1,18400931,18400932,"{""column_scaling"":false,""theta"":1e-10}",,,,,False,1e-10,,,,,
1852,canonical,1024,kahan_type,kahan_type:ea85790adba5c3b2,False,1,18400932,18400933,"{""column_scaling"":true,""theta"":1e-10}",,,,,True,1e-10,,,,,
1853,canonical,1024,kahan_type,kahan_type:ecb64b54443ddd5c,False,1,18400933,18400934,"{""column_scaling"":false,""theta"":1e-12}",,,,,False,1e-12,,,,,
1854,canonical,1024,kahan_type,kahan_type:8457c94dc014b009,False,1,18400934,18400935,"{""column_scaling"":true,""theta"":1e-12}",,,,,True,1e-12,,,,,
1855,canonical,1024,adversarial_rotation,adversarial_rotation:b2c76300f74387b0,False,1,18400935,18400936,"{""epsilon"":0.1}",,,,,,,0.1,,,,
1856,canonical,1024,adversarial_rotation,adversarial_rotation:37c4e5a022b50612,False,1,18400936,18400937,"{""epsilon"":0.01}",,,,,,,0.01,,,,
1857,canonical,1024,adversarial_rotation,adversarial_rotation:fbc8efe02a7874dc,False,1,18400937,18400938,"{""epsilon"":0.0001}",,,,,,,0.0001,,,,
1858,canonical,1024,adversarial_rotation,adversarial_rotation:f7cff71dbc36bc98,False,1,18400938,18400939,"{""epsilon"":1e-06}",,,,,,,1e-06,,,,
1859,canonical,1024,adversarial_rotation,adversarial_rotation:ace807421641f23f,False,1,18400939,18400940,"{""epsilon"":1e-08}",,,,,,,1e-08,,,,
1860,canonical,1024,adversarial_rotation,adversarial_rotation:6f8f58222266e918,False,1,18400940,18400941,"{""epsilon"":1e-10}",,,,,,,1e-10,,,,
1861,canonical,1024,adversarial_rotation,adversarial_rotation:45392a8c926cd6a7,False,1,18400941,18400942,"{""epsilon"":1e-12}",,,,,,,1e-12,,,,
1862,canonical,1024,adversarial_rotation,adversarial_rotation:2cc9ff6f36ee55eb,False,1,18400942,18400943,"{""epsilon"":1e-14}",,,,,,,1e-14,,,,
1863,canonical,1024,repeated_bad_pivots,repeated_bad_pivots:ebddf4bf1bcd1f4b,False,1,18400943,18400944,"{""decay"":1.0,""epsilon"":0.01}",,,,,,,0.01,1.0,,,
1864,canonical,1024,repeated_bad_pivots,repeated_bad_pivots:22f815a7b3f93bb6,False,1,18400944,18400945,"{""decay"":0.3,""epsilon"":0.01}",,,,,,,0.01,0.3,,,
1865,canonical,1024,repeated_bad_pivots,repeated_bad_pivots:cf46139e6aa27490,False,1,18400945,18400946,"{""decay"":0.1,""epsilon"":0.01}",,,,,,,0.01,0.1,,,
1866,canonical,1024,repeated_bad_pivots,repeated_bad_pivots:221878ec2b94bb83,False,1,18400946,18400947,"{""decay"":1.0,""epsilon"":1e-06}",,,,,,,1e-06,1.0,,,
1867,canonical,1024,repeated_bad_pivots,repeated_bad_pivots:142920ff1c832f8b,False,1,18400947,18400948,"{""decay"":0.3,""epsilon"":1e-06}",,,,,,,1e-06,0.3,,,
1868,canonical,1024,repeated_bad_pivots,repeated_bad_pivots:1be3591d8f74c193,False,1,18400948,18400949,"{""decay"":0.1,""epsilon"":1e-06}",,,,,,,1e-06,0.1,,,
1869,canonical,1024,repeated_bad_pivots,repeated_bad_pivots:34246cb149b429c4,False,1,18400949,18400950,"{""decay"":1.0,""epsilon"":1e-10}",,,,,,,1e-10,1.0,,,
1870,canonical,1024,repeated_bad_pivots,repeated_bad_pivots:73c9e8040232fdc6,False,1,18400950,18400951,"{""decay"":0.3,""epsilon"":1e-10}",,,,,,,1e-10,0.3,,,
1871,canonical,1024,repeated_bad_pivots,repeated_bad_pivots:14488bcb7546a054,False,1,18400951,18400952,"{""decay"":0.1,""epsilon"":1e-10}",,,,,,,1e-10,0.1,,,
1872,canonical,1024,scaled_adversarial,scaled_adversarial:a1544dd12bfc380a,True,20000,18400952,18420952,"{""epsilon"":0.01,""scale_range"":2.0}",,,,,,,0.01,,2.0,,
1873,canonical,1024,scaled_adversarial,scaled_adversarial:bfa61de27cbbe219,True,20000,18420952,18440952,"{""epsilon"":0.01,""scale_range"":4.0}",,,,,,,0.01,,4.0,,
1874,canonical,1024,scaled_adversarial,scaled_adversarial:e73afbc25af72981,True,20000,18440952,18460952,"{""epsilon"":0.01,""scale_range"":8.0}",,,,,,,0.01,,8.0,,
1875,canonical,1024,scaled_adversarial,scaled_adversarial:17741976c2dfbd54,True,20000,18460952,18480952,"{""epsilon"":0.01,""scale_range"":12.0}",,,,,,,0.01,,12.0,,
1876,canonical,1024,scaled_adversarial,scaled_adversarial:1c7b58eee2ed258c,True,20000,18480952,18500952,"{""epsilon"":1e-06,""scale_range"":2.0}",,,,,,,1e-06,,2.0,,
1877,canonical,1024,scaled_adversarial,scaled_adversarial:4fa46c9b0730babb,True,20000,18500952,18520952,"{""epsilon"":1e-06,""scale_range"":4.0}",,,,,,,1e-06,,4.0,,
1878,canonical,1024,scaled_adversarial,scaled_adversarial:693a2410d358b3b1,True,20000,18520952,18540952,"{""epsilon"":1e-06,""scale_range"":8.0}",,,,,,,1e-06,,8.0,,
1879,canonical,1024,scaled_adversarial,scaled_adversarial:44cc26aec2af2f93,True,20000,18540952,18560952,"{""epsilon"":1e-06,""scale_range"":12.0}",,,,,,,1e-06,,12.0,,
1880,canonical,1024,scaled_adversarial,scaled_adversarial:47817f90b3ae7eb7,True,20000,18560952,18580952,"{""epsilon"":1e-10,""scale_range"":2.0}",,,,,,,1e-10,,2.0,,
1881,canonical,1024,scaled_adversarial,scaled_adversarial:4aad419250638d2a,True,20000,18580952,18600952,"{""epsilon"":1e-10,""scale_range"":4.0}",,,,,,,1e-10,,4.0,,
1882,canonical,1024,scaled_adversarial,scaled_adversarial:5d1019a4ba6f1410,True,20000,18600952,18620952,"{""epsilon"":1e-10,""scale_range"":8.0}",,,,,,,1e-10,,8.0,,
1883,canonical,1024,scaled_adversarial,scaled_adversarial:a7078d089ccfa660,True,20000,18620952,18640952,"{""epsilon"":1e-10,""scale_range"":12.0}",,,,,,,1e-10,,12.0,,
1884,canonical,1024,row_diagonal_dominant_random,row_diagonal_dominant_random:93e6f52ebdb3ac55,True,20000,18640952,18660952,"{""alpha"":0.5}",,,,,,,,,,0.5,
1885,canonical,1024,row_diagonal_dominant_random,row_diagonal_dominant_random:03e59f7215597618,True,20000,18660952,18680952,"{""alpha"":0.3}",,,,,,,,,,0.3,
1886,canonical,1024,row_diagonal_dominant_random,row_diagonal_dominant_random:c6616c01f005a03d,True,20000,18680952,18700952,"{""alpha"":0.2}",,,,,,,,,,0.2,
1887,canonical,1024,row_diagonal_dominant_random,row_diagonal_dominant_random:85f3946f6e4679ec,True,20000,18700952,18720952,"{""alpha"":0.1}",,,,,,,,,,0.1,
1888,canonical,1024,row_diagonal_dominant_random,row_diagonal_dominant_random:2976d44433ad1387,True,20000,18720952,18740952,"{""alpha"":0.05}",,,,,,,,,,0.05,
1889,canonical,1024,row_diagonal_dominant_random,row_diagonal_dominant_random:8a85d76f30eb75a6,True,20000,18740952,18760952,"{""alpha"":0.02}",,,,,,,,,,0.02,
1890,canonical,1024,row_diagonal_dominant_random,row_diagonal_dominant_random:3cf57fa76b9a551c,True,20000,18760952,18780952,"{""alpha"":0.01}",,,,,,,,,,0.01,
1891,canonical,1024,row_diagonal_dominant_random,row_diagonal_dominant_random:4cbd4f5958f010f8,True,20000,18780952,18800952,"{""alpha"":0.005}",,,,,,,,,,0.005,
1892,canonical,1024,row_diagonal_dominant_random,row_diagonal_dominant_random:9493eb0855127051,True,20000,18800952,18820952,"{""alpha"":0.002}",,,,,,,,,,0.002,
1893,canonical,1024,row_diagonal_dominant_random,row_diagonal_dominant_random:c93186b88112adec,True,20000,18820952,18840952,"{""alpha"":0.001}",,,,,,,,,,0.001,
1894,canonical,1024,row_diagonal_dominant_tridiagonal,row_diagonal_dominant_tridiagonal:982220238cdced02,False,1,18840952,18840953,"{""alpha"":0.5}",,,,,,,,,,0.5,
1895,canonical,1024,row_diagonal_dominant_tridiagonal,row_diagonal_dominant_tridiagonal:f7dbde840db0a0a1,False,1,18840953,18840954,"{""alpha"":0.3}",,,,,,,,,,0.3,
1896,canonical,1024,row_diagonal_dominant_tridiagonal,row_diagonal_dominant_tridiagonal:af932376a9e85180,False,1,18840954,18840955,"{""alpha"":0.2}",,,,,,,,,,0.2,
1897,canonical,1024,row_diagonal_dominant_tridiagonal,row_diagonal_dominant_tridiagonal:c27ad42e3f6fa594,False,1,18840955,18840956,"{""alpha"":0.1}",,,,,,,,,,0.1,
1898,canonical,1024,row_diagonal_dominant_tridiagonal,row_diagonal_dominant_tridiagonal:b140db102925b3ec,False,1,18840956,18840957,"{""alpha"":0.05}",,,,,,,,,,0.05,
1899,canonical,1024,row_diagonal_dominant_tridiagonal,row_diagonal_dominant_tridiagonal:9c6a6927336fc423,False,1,18840957,18840958,"{""alpha"":0.02}",,,,,,,,,,0.02,
1900,canonical,1024,row_diagonal_dominant_tridiagonal,row_diagonal_dominant_tridiagonal:a2ab9117ea3a1dfa,False,1,18840958,18840959,"{""alpha"":0.01}",,,,,,,,,,0.01,
1901,canonical,1024,row_diagonal_dominant_tridiagonal,row_diagonal_dominant_tridiagonal:80f1643c77f70cd6,False,1,18840959,18840960,"{""alpha"":0.005}",,,,,,,,,,0.005,
1902,canonical,1024,row_diagonal_dominant_tridiagonal,row_diagonal_dominant_tridiagonal:e81edd77eaa602f2,False,1,18840960,18840961,"{""alpha"":0.002}",,,,,,,,,,0.002,
1903,canonical,1024,row_diagonal_dominant_tridiagonal,row_diagonal_dominant_tridiagonal:3cc535104b50d6a1,False,1,18840961,18840962,"{""alpha"":0.001}",,,,,,,,,,0.001,
1904,canonical,1024,row_diagonal_dominant_rankone,row_diagonal_dominant_rankone:9b1d06cd48c40ab2,False,1,18840962,18840963,"{""alpha"":0.5}",,,,,,,,,,0.5,
1905,canonical,1024,row_diagonal_dominant_rankone,row_diagonal_dominant_rankone:b2135906babb091e,False,1,18840963,18840964,"{""alpha"":0.3}",,,,,,,,,,0.3,
1906,canonical,1024,row_diagonal_dominant_rankone,row_diagonal_dominant_rankone:4b19e252ebf4e64e,False,1,18840964,18840965,"{""alpha"":0.2}",,,,,,,,,,0.2,
1907,canonical,1024,row_diagonal_dominant_rankone,row_diagonal_dominant_rankone:f77fdfb3efff94e7,False,1,18840965,18840966,"{""alpha"":0.1}",,,,,,,,,,0.1,
1908,canonical,1024,row_diagonal_dominant_rankone,row_diagonal_dominant_rankone:e9f8a9d621908331,False,1,18840966,18840967,"{""alpha"":0.05}",,,,,,,,,,0.05,
1909,canonical,1024,row_diagonal_dominant_rankone,row_diagonal_dominant_rankone:f5d1060d84da4649,False,1,18840967,18840968,"{""alpha"":0.02}",,,,,,,,,,0.02,
1910,canonical,1024,row_diagonal_dominant_rankone,row_diagonal_dominant_rankone:bbdf2ff377511d2a,False,1,18840968,18840969,"{""alpha"":0.01}",,,,,,,,,,0.01,
1911,canonical,1024,row_diagonal_dominant_rankone,row_diagonal_dominant_rankone:b724756e042d2640,False,1,18840969,18840970,"{""alpha"":0.005}",,,,,,,,,,0.005,
1912,canonical,1024,row_diagonal_dominant_rankone,row_diagonal_dominant_rankone:9248beec0335477a,False,1,18840970,18840971,"{""alpha"":0.002}",,,,,,,,,,0.002,
1913,canonical,1024,row_diagonal_dominant_rankone,row_diagonal_dominant_rankone:6689e0c35681572e,False,1,18840971,18840972,"{""alpha"":0.001}",,,,,,,,,,0.001,
1914,canonical,1024,row_diagonal_dominant_stochastic,row_diagonal_dominant_stochastic:021519ee0a19df7c,True,20000,18840972,18860972,"{""alpha"":0.5}",,,,,,,,,,0.5,
1915,canonical,1024,row_diagonal_dominant_stochastic,row_diagonal_dominant_stochastic:de30837b1853aaf8,True,20000,18860972,18880972,"{""alpha"":0.3}",,,,,,,,,,0.3,
1916,canonical,1024,row_diagonal_dominant_stochastic,row_diagonal_dominant_stochastic:85d04ae4513fe85f,True,20000,18880972,18900972,"{""alpha"":0.2}",,,,,,,,,,0.2,
1917,canonical,1024,row_diagonal_dominant_stochastic,row_diagonal_dominant_stochastic:0f7feef7c7880b20,True,20000,18900972,18920972,"{""alpha"":0.1}",,,,,,,,,,0.1,
1918,canonical,1024,row_diagonal_dominant_stochastic,row_diagonal_dominant_stochastic:0530909e2322226a,True,20000,18920972,18940972,"{""alpha"":0.05}",,,,,,,,,,0.05,
1919,canonical,1024,row_diagonal_dominant_stochastic,row_diagonal_dominant_stochastic:f5393029996d2c29,True,20000,18940972,18960972,"{""alpha"":0.02}",,,,,,,,,,0.02,
1920,canonical,1024,row_diagonal_dominant_stochastic,row_diagonal_dominant_stochastic:0d717c35c3b2f62d,True,20000,18960972,18980972,"{""alpha"":0.01}",,,,,,,,,,0.01,
1921,canonical,1024,row_diagonal_dominant_stochastic,row_diagonal_dominant_stochastic:6bb9c9b7e1526958,True,20000,18980972,19000972,"{""alpha"":0.005}",,,,,,,,,,0.005,
1922,canonical,1024,row_diagonal_dominant_stochastic,row_diagonal_dominant_stochastic:103e29b8022442fa,True,20000,19000972,19020972,"{""alpha"":0.002}",,,,,,,,,,0.002,
1923,canonical,1024,row_diagonal_dominant_stochastic,row_diagonal_dominant_stochastic:3f149f338e70104c,True,20000,19020972,19040972,"{""alpha"":0.001}",,,,,,,,,,0.001,
1924,canonical,1024,spd_prescribed_spectrum,spd_prescribed_spectrum:f3c8ebf0e249f88d,True,20000,19040972,19060972,"{""kappa"":10.0}",,,,,,,,,,,10.0
1925,canonical,1024,spd_prescribed_spectrum,spd_prescribed_spectrum:fd9c01d27036b31c,True,20000,19060972,19080972,"{""kappa"":100.0}",,,,,,,,,,,100.0
1926,canonical,1024,spd_prescribed_spectrum,spd_prescribed_spectrum:dc332cd1bfa688f6,True,20000,19080972,19100972,"{""kappa"":1000.0}",,,,,,,,,,,1000.0
1927,canonical,1024,spd_prescribed_spectrum,spd_prescribed_spectrum:a954fd91076fe28c,True,20000,19100972,19120972,"{""kappa"":10000.0}",,,,,,,,,,,10000.0
1928,canonical,1024,spd_prescribed_spectrum,spd_prescribed_spectrum:79fe5321ebe142a9,True,20000,19120972,19140972,"{""kappa"":100000.0}",,,,,,,,,,,100000.0
1929,canonical,1024,spd_prescribed_spectrum,spd_prescribed_spectrum:4953545b5c68c921,True,20000,19140972,19160972,"{""kappa"":1000000.0}",,,,,,,,,,,1000000.0
1930,canonical,1024,spd_prescribed_spectrum,spd_prescribed_spectrum:70d7805e407478aa,True,20000,19160972,19180972,"{""kappa"":10000000.0}",,,,,,,,,,,10000000.0
1931,canonical,1024,spd_prescribed_spectrum,spd_prescribed_spectrum:fc3ee47b52f52cc7,True,20000,19180972,19200972,"{""kappa"":100000000.0}",,,,,,,,,,,100000000.0
1932,canonical,1024,tnn_vandermonde_positive,tnn_vandermonde_positive:d0b487e6f0518b72,False,1,19200972,19200973,"{""cluster_parameter"":2.0,""node_type"":""equispaced_positive""}",,,equispaced_positive,2.0,,,,,,,
1933,canonical,1024,tnn_vandermonde_positive,tnn_vandermonde_positive:5aaa1a7a23ee6d83,False,1,19200973,19200974,"{""cluster_parameter"":2.0,""node_type"":""clustered_positive""}",,,clustered_positive,2.0,,,,,,,
1934,canonical,1024,pascal,pascal:7b24b4808f94bc0d,False,1,19200974,19200975,{},,,,,,,,,,,
