block_index,cell_id,family,n,alpha,dtype_name,numerator_method,denominator_method,common_usable,positive_ratio_pairs,D_ratio_q50,D_ratio_q90,D_ratio_q95,R_ratio_q50,R_ratio_q90,R_ratio_q95,AE_ratio_q50,AE_ratio_q90,AE_ratio_q95,pearson_logD_logR,spearman_logD_logR,median_abs_log2_disagreement,q95_abs_log2_disagreement,fraction_disagreement_factor_gt_2
78,row_diagonal_dominant_random:93e6f52ebdb3ac55,row_diagonal_dominant_random,8,0.5,float32,R1_C1,R0_C1,2000,2000,1.1234550289648566,1.900020537739371,2.184190238069387,1.013374550909064,1.800098669840281,2.0542909454902176,0.9926727082470861,1.877018057003124,2.2463588778904247,0.2399916217133748,0.23732659733164935,0.4965850638721875,1.4450829952591207,0.1745
78,row_diagonal_dominant_random:93e6f52ebdb3ac55,row_diagonal_dominant_random,8,0.5,float32,R2_C2,R0_C1,2000,2000,1.136966385740895,1.9219172388358237,2.2375163672907212,1.0132529568797386,1.7604188181775764,2.036342375237188,0.9885496253795247,1.7857471891536425,2.1096040982887305,0.2801152705404822,0.26817721904430475,0.4953883681903819,1.4345308123373264,0.166
78,row_diagonal_dominant_random:93e6f52ebdb3ac55,row_diagonal_dominant_random,8,0.5,float32,R0_C0,R0_C1,2000,2000,1.0,1.0,1.0,1.0,1.0,1.0,1.0,1.0,1.0,nan,nan,0.0,0.0,0.0
78,row_diagonal_dominant_random:93e6f52ebdb3ac55,row_diagonal_dominant_random,8,0.5,float64,R1_C1,R0_C1,2000,2000,1.0545047939410763,1.733966234249074,1.9893181053709184,1.0144093252761177,1.7910861660735702,2.0747276234132714,1.0045927564422512,1.888181173334293,2.2300917373620743,0.28109448089402206,0.27063700665925167,0.4716676290591302,1.3755228981100651,0.155
78,row_diagonal_dominant_random:93e6f52ebdb3ac55,row_diagonal_dominant_random,8,0.5,float64,R2_C2,R0_C1,2000,2000,1.0624202707723132,1.7875306625828828,2.0856591375753752,1.0157071823280366,1.7530293848087075,2.065459558140596,1.0111219827289997,1.822147476121729,2.219844854801979,0.2619428006690533,0.2509398852349713,0.48498881852931935,1.4252056735334708,0.168
78,row_diagonal_dominant_random:93e6f52ebdb3ac55,row_diagonal_dominant_random,8,0.5,float64,R0_C0,R0_C1,2000,2000,1.0,1.0,1.0,1.0,1.0,1.0,1.0,1.0,1.0,nan,nan,0.0,0.0,0.0
79,row_diagonal_dominant_random:03e59f7215597618,row_diagonal_dominant_random,8,0.3,float32,R1_C1,R0_C1,2000,2000,1.1591073298196872,1.9675338461599885,2.308009375350146,1.044112733148479,1.7415488801493024,1.9673603234598738,0.9888353337055855,1.7544822842695766,2.0176943686230877,0.387671826058941,0.37330649882662476,0.4400563949602858,1.272569252343267,0.12
79,row_diagonal_dominant_random:03e59f7215597618,row_diagonal_dominant_random,8,0.3,float32,R2_C2,R0_C1,2000,2000,1.1526646580054458,1.9721560069140498,2.3576761919968536,1.0493351133544129,1.725939426519396,1.9250010553745889,0.9746514674839307,1.7252533240753023,2.023606129504382,0.3918752068955372,0.3714066988516747,0.43648509336627817,1.233514370447401,0.111
79,row_diagonal_dominant_random:03e59f7215597618,row_diagonal_dominant_random,8,0.3,float32,R0_C0,R0_C1,2000,2000,1.0,1.0,1.0,1.0,1.0,1.0,1.0,1.0,1.0,nan,nan,0.0,0.0,0.0
79,row_diagonal_dominant_random:03e59f7215597618,row_diagonal_dominant_random,8,0.3,float64,R1_C1,R0_C1,2000,2000,1.0720761219248662,1.7727567307078038,2.0656702953024997,1.0176474401191815,1.6592916019258823,1.904037802211323,0.9991451485061407,1.7484608907517571,2.047062951117707,0.3956158536094218,0.3873724973431243,0.39318764204094336,1.1984436723451095,0.0945
79,row_diagonal_dominant_random:03e59f7215597618,row_diagonal_dominant_random,8,0.3,float64,R2_C2,R0_C1,2000,2000,1.0876457968775164,1.809612620868,2.0947247078548363,1.0222064094784369,1.7145237917394727,1.9590839852410238,1.0069402449582807,1.7216751348208787,2.002910251164965,0.38411069539463255,0.36595206748801684,0.41270484813665614,1.225391478863809,0.1045
79,row_diagonal_dominant_random:03e59f7215597618,row_diagonal_dominant_random,8,0.3,float64,R0_C0,R0_C1,2000,2000,1.0,1.0,1.0,1.0,1.0,1.0,1.0,1.0,1.0,nan,nan,0.0,0.0,0.0
80,row_diagonal_dominant_random:c6616c01f005a03d,row_diagonal_dominant_random,8,0.2,float32,R1_C1,R0_C1,2000,2000,1.1549824813519924,1.9556881144984086,2.2590182875791354,1.081652006521383,1.6978704065676016,1.900044914354664,0.979373856863045,1.692149366455013,1.9364419881514119,0.49178388727019423,0.47598835849708954,0.35726869073283696,1.0749084832762312,0.0685
80,row_diagonal_dominant_random:c6616c01f005a03d,row_diagonal_dominant_random,8,0.2,float32,R2_C2,R0_C1,2000,2000,1.1787555700429135,1.9852912192039185,2.3550471042053776,1.0994148179281094,1.7427824635378877,1.9583006989388434,0.9827705994532713,1.6879419287625674,1.9609975420569834,0.5303309810210916,0.492007344001836,0.36454059951130424,1.0431085507337008,0.066
80,row_diagonal_dominant_random:c6616c01f005a03d,row_diagonal_dominant_random,8,0.2,float32,R0_C0,R0_C1,2000,2000,1.0,1.0,1.0,1.0,1.0,1.0,1.0,1.0,1.0,nan,nan,0.0,0.0,0.0
80,row_diagonal_dominant_random:c6616c01f005a03d,row_diagonal_dominant_random,8,0.2,float64,R1_C1,R0_C1,2000,2000,1.087785131430067,1.8009229524375372,2.059123666390447,1.0375872175446554,1.6189495036811352,1.7996596599215455,0.9984343685852977,1.7119481459494683,1.975593352685111,0.47986583883885375,0.46390784447696115,0.34514148744166356,1.1029659578574205,0.0725
80,row_diagonal_dominant_random:c6616c01f005a03d,row_diagonal_dominant_random,8,0.2,float64,R2_C2,R0_C1,2000,2000,1.1132974034996823,1.803696013533433,2.072376773862487,1.0355937631343042,1.6458036203331428,1.8340874326976682,0.9836247080591659,1.6873936492854507,1.937939599891274,0.482676780892414,0.4686547216636804,0.3583357173868223,1.0763720006264945,0.062
80,row_diagonal_dominant_random:c6616c01f005a03d,row_diagonal_dominant_random,8,0.2,float64,R0_C0,R0_C1,2000,2000,1.0,1.0,1.0,1.0,1.0,1.0,1.0,1.0,1.0,nan,nan,0.0,0.0,0.0
81,row_diagonal_dominant_random:85f3946f6e4679ec,row_diagonal_dominant_random,8,0.1,float32,R1_C1,R0_C1,2000,2000,1.1724589611493368,1.9117860715276334,2.2108001231890846,1.0760775862131464,1.6794397666352505,1.8829856349787828,0.9725921305186191,1.5851637672607224,1.7850065895274372,0.5945867977327426,0.5767210156802539,0.32382774198708286,0.9737331461764007,0.046
81,row_diagonal_dominant_random:85f3946f6e4679ec,row_diagonal_dominant_random,8,0.1,float32,R2_C2,R0_C1,2000,2000,1.2048497551081774,2.0048971195225613,2.3069371986783094,1.0919123612923227,1.685585239450588,1.8976632945135954,0.9537367048235752,1.5833397899659056,1.819379491733837,0.6086712571377964,0.5984608946152236,0.326112753732407,0.9717621102656646,0.042
81,row_diagonal_dominant_random:85f3946f6e4679ec,row_diagonal_dominant_random,8,0.1,float32,R0_C0,R0_C1,2000,2000,1.0,1.0,1.0,1.0,1.0,1.0,1.0,1.0,1.0,nan,nan,0.0,0.0,0.0
81,row_diagonal_dominant_random:85f3946f6e4679ec,row_diagonal_dominant_random,8,0.1,float64,R1_C1,R0_C1,2000,2000,1.0813002493659294,1.7299989958424675,1.9688356648882213,1.0300969174584265,1.5433748470821818,1.7353524312508153,0.9533853615168082,1.5410155061106143,1.7628216489126445,0.5615372141728145,0.5529744797436199,0.29675167174875666,0.938329379472234,0.0375
81,row_diagonal_dominant_random:85f3946f6e4679ec,row_diagonal_dominant_random,8,0.1,float64,R2_C2,R0_C1,2000,2000,1.0990809468603278,1.8062777921346533,2.0355165190689912,1.0275787875167413,1.5725243964973694,1.7394866664377,0.9409107632174724,1.5475925004063529,1.8351424268978298,0.5639694038072878,0.5611939597984898,0.29336454738364753,0.9228729995136917,0.0395
81,row_diagonal_dominant_random:85f3946f6e4679ec,row_diagonal_dominant_random,8,0.1,float64,R0_C0,R0_C1,2000,2000,1.0,1.0,1.0,1.0,1.0,1.0,1.0,1.0,1.0,nan,nan,0.0,0.0,0.0
82,row_diagonal_dominant_random:2976d44433ad1387,row_diagonal_dominant_random,8,0.05,float32,R1_C1,R0_C1,2000,2000,1.1434969075617731,1.9066493796953654,2.170560116972289,1.0229407095648568,1.5595233038441292,1.7931550375366179,0.8995823051904287,1.4854808894469294,1.700351451812183,0.5102916912726753,0.4833585248396312,0.3552920317260039,1.0602080462372951,0.0625
82,row_diagonal_dominant_random:2976d44433ad1387,row_diagonal_dominant_random,8,0.05,float32,R2_C2,R0_C1,2000,2000,1.1656875112597336,1.9116372466296423,2.206395889811941,1.0254327104554797,1.5773268768446114,1.814963340868479,0.8751218498989707,1.4366448328859445,1.6316250807094783,0.5345674436284474,0.529815943953986,0.339189459933996,1.0694907014423218,0.061
82,row_diagonal_dominant_random:2976d44433ad1387,row_diagonal_dominant_random,8,0.05,float32,R0_C0,R0_C1,2000,2000,1.0,1.0,1.0,1.0,1.0,1.0,1.0,1.0,1.0,nan,nan,0.0,0.0,0.0
82,row_diagonal_dominant_random:2976d44433ad1387,row_diagonal_dominant_random,8,0.05,float64,R1_C1,R0_C1,2000,2000,1.1079770484950366,1.7734246575466037,2.0117024291177974,1.0200672753250861,1.5286681337977148,1.7242455599643223,0.8898150825447375,1.4416610340490095,1.7074665319804272,0.49631301832351066,0.4899650589912647,0.3241625964574678,1.0638676139469712,0.0605
82,row_diagonal_dominant_random:2976d44433ad1387,row_diagonal_dominant_random,8,0.05,float64,R2_C2,R0_C1,2000,2000,1.0960447650382197,1.739525381515917,1.9964111966967986,1.0129855859459944,1.5314085879384969,1.7619559319291151,0.8827782294860673,1.4569391882793774,1.7185845572788374,0.5155594772651746,0.5058490969622743,0.31892140807378094,1.0085177831012275,0.053
82,row_diagonal_dominant_random:2976d44433ad1387,row_diagonal_dominant_random,8,0.05,float64,R0_C0,R0_C1,2000,2000,1.0,1.0,1.0,1.0,1.0,1.0,1.0,1.0,1.0,nan,nan,0.0,0.0,0.0
83,row_diagonal_dominant_random:8a85d76f30eb75a6,row_diagonal_dominant_random,8,0.02,float32,R1_C1,R0_C1,2000,2000,1.101012397471203,1.8016493310684603,2.0648272998163617,0.9813533350229934,1.502383808214439,1.71933278767711,0.8510213413427901,1.4131720246263668,1.629083034875925,0.456430828676795,0.44506520726630183,0.3627534446445191,1.1018263035710865,0.0785
83,row_diagonal_dominant_random:8a85d76f30eb75a6,row_diagonal_dominant_random,8,0.02,float32,R2_C2,R0_C1,2000,2000,1.1674024625890573,1.9094333689021465,2.1688257548759204,0.9904132403973054,1.5534947015145217,1.792980668873798,0.8498262140792543,1.4464837121553973,1.7155890015565842,0.4999679354946232,0.4872223038055759,0.3684553863470198,1.130076462332305,0.079
83,row_diagonal_dominant_random:8a85d76f30eb75a6,row_diagonal_dominant_random,8,0.02,float32,R0_C0,R0_C1,2000,2000,1.0,1.0,1.0,1.0,1.0,1.0,1.0,1.0,1.0,nan,nan,0.0,0.0,0.0
83,row_diagonal_dominant_random:8a85d76f30eb75a6,row_diagonal_dominant_random,8,0.02,float64,R1_C1,R0_C1,2000,2000,1.0589621621987706,1.6920947434616707,1.9335321286158056,0.9485807094029659,1.4559825849823278,1.669705771034321,0.8539667151500964,1.3894256358864747,1.610321731183887,0.483197654628347,0.48239594009898507,0.33817580726097773,1.0630309384266992,0.068
83,row_diagonal_dominant_random:8a85d76f30eb75a6,row_diagonal_dominant_random,8,0.02,float64,R2_C2,R0_C1,2000,2000,1.083075615872362,1.7030754333266958,2.001244367826594,0.9622173998721668,1.4853849238271886,1.6733809080388855,0.85503424286686,1.3945790196281722,1.6279980986611793,0.510202073730384,0.4971200682800171,0.34837023413653667,1.0347611638029057,0.0575
83,row_diagonal_dominant_random:8a85d76f30eb75a6,row_diagonal_dominant_random,8,0.02,float64,R0_C0,R0_C1,2000,2000,1.0,1.0,1.0,1.0,1.0,1.0,1.0,1.0,1.0,nan,nan,0.0,0.0,0.0
84,row_diagonal_dominant_random:3cf57fa76b9a551c,row_diagonal_dominant_random,8,0.01,float32,R1_C1,R0_C1,2000,2000,1.1151779784166949,1.8113626944813777,2.0459342170079764,0.9684423633202952,1.4864789413356272,1.7052819462980315,0.8220139389898105,1.3891588441668112,1.6521018331649615,0.4640499246297294,0.4342202570550642,0.3724315869209656,1.120848462854202,0.0825
84,row_diagonal_dominant_random:3cf57fa76b9a551c,row_diagonal_dominant_random,8,0.01,float32,R2_C2,R0_C1,2000,2000,1.1636472082464384,1.8256627704090356,2.1052096043653874,0.9947456021041005,1.5168211794603494,1.7085578926209135,0.8579612555508019,1.3592854250312272,1.5605113609337067,0.45985149858306207,0.43602178300544575,0.3685175866054965,1.1321668675477032,0.083
84,row_diagonal_dominant_random:3cf57fa76b9a551c,row_diagonal_dominant_random,8,0.01,float32,R0_C0,R0_C1,2000,2000,1.0,1.0,1.0,1.0,1.0,1.0,1.0,1.0,1.0,nan,nan,0.0,0.0,0.0
84,row_diagonal_dominant_random:3cf57fa76b9a551c,row_diagonal_dominant_random,8,0.01,float64,R1_C1,R0_C1,2000,2000,1.099088209965019,1.700464295365305,1.90985531573334,0.9560495233749734,1.442981591131629,1.6537736220425403,0.8332358364855442,1.3979226991115148,1.5506411519302923,0.4473009475554344,0.4363313530828382,0.3710588706266048,1.0818803252007525,0.076
84,row_diagonal_dominant_random:3cf57fa76b9a551c,row_diagonal_dominant_random,8,0.01,float64,R2_C2,R0_C1,2000,2000,1.097856519191608,1.6910403529810902,1.8990344471514113,0.9617375942343551,1.4468022358475474,1.5911186871476322,0.8238121301821479,1.3716732052433873,1.5573875538770232,0.4535017088047856,0.4323354825838706,0.3728823592449304,1.0875655795554444,0.076
84,row_diagonal_dominant_random:3cf57fa76b9a551c,row_diagonal_dominant_random,8,0.01,float64,R0_C0,R0_C1,2000,2000,1.0,1.0,1.0,1.0,1.0,1.0,1.0,1.0,1.0,nan,nan,0.0,0.0,0.0
85,row_diagonal_dominant_random:4cbd4f5958f010f8,row_diagonal_dominant_random,8,0.005,float32,R1_C1,R0_C1,2000,2000,1.1141310796198423,1.7578373554801918,2.000957186361278,0.964469862486891,1.45141720799338,1.6914128073546537,0.8292417793242092,1.3760866147122999,1.5945311267778448,0.4214830071845348,0.4017333344333336,0.3767274112773924,1.1615915510156885,0.087
85,row_diagonal_dominant_random:4cbd4f5958f010f8,row_diagonal_dominant_random,8,0.005,float32,R2_C2,R0_C1,2000,2000,1.1667988015520014,1.8514571392043564,2.150882818783913,0.9614801017524173,1.5202104393583526,1.7045180454310143,0.8285908581805563,1.3893040943176769,1.5879439465931064,0.45531968224294056,0.4311433212858303,0.4003965058655117,1.1608986153953451,0.092
85,row_diagonal_dominant_random:4cbd4f5958f010f8,row_diagonal_dominant_random,8,0.005,float32,R0_C0,R0_C1,2000,2000,1.0,1.0,1.0,1.0,1.0,1.0,1.0,1.0,1.0,nan,nan,0.0,0.0,0.0
85,row_diagonal_dominant_random:4cbd4f5958f010f8,row_diagonal_dominant_random,8,0.005,float64,R1_C1,R0_C1,2000,2000,1.0799258098507956,1.682426921610276,1.9026907501526016,0.9567341645021007,1.4747219261734434,1.6725243130716125,0.8333396366370291,1.3828382137725115,1.608472560710954,0.4316776347645847,0.40940779085194773,0.36383094206653266,1.1024402232485457,0.074
85,row_diagonal_dominant_random:4cbd4f5958f010f8,row_diagonal_dominant_random,8,0.005,float64,R2_C2,R0_C1,2000,2000,1.0873492493349577,1.6842313242661293,1.9260629383967722,0.963293377059046,1.4803590225550263,1.7004428999937842,0.8236359866987649,1.4088652898321197,1.6718804452468257,0.4521354659834591,0.4285583706395927,0.357285780688167,1.0940118982126728,0.069
85,row_diagonal_dominant_random:4cbd4f5958f010f8,row_diagonal_dominant_random,8,0.005,float64,R0_C0,R0_C1,2000,2000,1.0,1.0,1.0,1.0,1.0,1.0,1.0,1.0,1.0,nan,nan,0.0,0.0,0.0
86,row_diagonal_dominant_random:9493eb0855127051,row_diagonal_dominant_random,8,0.002,float32,R1_C1,R0_C1,2000,2000,1.1154098766294611,1.7483697113752423,1.9664381092683056,0.9629791373839776,1.474445901412489,1.6468293623724743,0.8314612802159227,1.3949143129536636,1.5934689977724745,0.42093300586791527,0.41191971697992924,0.3908040590061783,1.118310957963948,0.0795
86,row_diagonal_dominant_random:9493eb0855127051,row_diagonal_dominant_random,8,0.002,float32,R2_C2,R0_C1,2000,2000,1.1354165023487433,1.7587031838211158,2.0064562964087953,0.9604698987617618,1.5119127992998749,1.6974321836794828,0.8319600021023934,1.3882552481032515,1.6279259545046856,0.43270520469800444,0.40490825022706256,0.3703408769239036,1.1333166922020004,0.0885
86,row_diagonal_dominant_random:9493eb0855127051,row_diagonal_dominant_random,8,0.002,float32,R0_C0,R0_C1,2000,2000,1.0,1.0,1.0,1.0,1.0,1.0,1.0,1.0,1.0,nan,nan,0.0,0.0,0.0
86,row_diagonal_dominant_random:9493eb0855127051,row_diagonal_dominant_random,8,0.002,float64,R1_C1,R0_C1,2000,2000,1.0798079194923627,1.6429644805056576,1.8695855640381818,0.9425567072531508,1.4277837439455587,1.6287730142633385,0.8345751227679425,1.355664050318453,1.602119630021956,0.38907384145755936,0.3788666957166739,0.37951190473901064,1.1179343557645545,0.0815
86,row_diagonal_dominant_random:9493eb0855127051,row_diagonal_dominant_random,8,0.002,float64,R2_C2,R0_C1,2000,2000,1.0953001588156583,1.6659583297351097,1.9153106503260342,0.9548889235606033,1.4534552688808682,1.6211893701821358,0.8309104725143035,1.3951719587584575,1.6319177319937104,0.3878828961075876,0.37075977418994355,0.38994165707980105,1.1386461689088174,0.088
86,row_diagonal_dominant_random:9493eb0855127051,row_diagonal_dominant_random,8,0.002,float64,R0_C0,R0_C1,2000,2000,1.0,1.0,1.0,1.0,1.0,1.0,1.0,1.0,1.0,nan,nan,0.0,0.0,0.0
87,row_diagonal_dominant_random:c93186b88112adec,row_diagonal_dominant_random,8,0.001,float32,R1_C1,R0_C1,2000,2000,1.09991224050933,1.7509357163031345,2.0224994969970926,0.9574058338428255,1.448128629099596,1.6725180884198494,0.8364273603769832,1.3636849845788255,1.5732336521397146,0.43357949092042436,0.4134587454247805,0.3812994123331843,1.1481784144267384,0.0855
87,row_diagonal_dominant_random:c93186b88112adec,row_diagonal_dominant_random,8,0.001,float32,R2_C2,R0_C1,2000,2000,1.1501609658474727,1.834424913875565,2.0886129295493614,0.9659840923775425,1.5140313400034884,1.6878961910959338,0.8437573299142265,1.4013222114060826,1.5830794969853785,0.44980452612987726,0.43138418384604593,0.38858723079091684,1.1361841500630379,0.089
87,row_diagonal_dominant_random:c93186b88112adec,row_diagonal_dominant_random,8,0.001,float32,R0_C0,R0_C1,2000,2000,1.0,1.0,1.0,1.0,1.0,1.0,1.0,1.0,1.0,nan,nan,0.0,0.0,0.0
87,row_diagonal_dominant_random:c93186b88112adec,row_diagonal_dominant_random,8,0.001,float64,R1_C1,R0_C1,2000,2000,1.0687629105730347,1.62309358447779,1.8128642869740381,0.951094320202516,1.428751716734315,1.6061904684487016,0.827187342079244,1.3937017077776768,1.6179075247391637,0.39047635960226773,0.3728681082466782,0.3706639326234262,1.071577697587413,0.0705
87,row_diagonal_dominant_random:c93186b88112adec,row_diagonal_dominant_random,8,0.001,float64,R2_C2,R0_C1,2000,2000,1.0735428051684888,1.6654869079137864,1.8735642977474765,0.9580766239428224,1.4544294205977517,1.6181217287463943,0.8382980185897855,1.4362258920418247,1.6525656770673527,0.39977551854722304,0.38213855203463803,0.3799481884371021,1.096206576397314,0.072
87,row_diagonal_dominant_random:c93186b88112adec,row_diagonal_dominant_random,8,0.001,float64,R0_C0,R0_C1,2000,2000,1.0,1.0,1.0,1.0,1.0,1.0,1.0,1.0,1.0,nan,nan,0.0,0.0,0.0
108,row_diagonal_dominant_stochastic:021519ee0a19df7c,row_diagonal_dominant_stochastic,8,0.5,float32,R1_C1,R0_C1,2000,2000,1.1205836876680384,1.9136875033450176,2.251731979801698,1.0166414441492753,1.8051880987672853,2.0761679439231853,1.001446880739499,1.8724484696824284,2.2376361015160326,0.28247074355878715,0.2655157698789425,0.4863148380015365,1.36552647020134,0.1655
108,row_diagonal_dominant_stochastic:021519ee0a19df7c,row_diagonal_dominant_stochastic,8,0.5,float32,R2_C2,R0_C1,2000,2000,1.1624657955115887,1.9229583799099113,2.2222134911808267,1.006155735653449,1.820198934684702,2.0663670843539492,0.97639882802459,1.8510841041292603,2.2140742444310986,0.2850866175209234,0.2826589891647473,0.5058266069503394,1.4145261830069038,0.1615
108,row_diagonal_dominant_stochastic:021519ee0a19df7c,row_diagonal_dominant_stochastic,8,0.5,float32,R0_C0,R0_C1,2000,2000,1.0,1.0,1.0,1.0,1.0,1.0,1.0,1.0,1.0,nan,nan,0.0,0.0,0.0
108,row_diagonal_dominant_stochastic:021519ee0a19df7c,row_diagonal_dominant_stochastic,8,0.5,float64,R1_C1,R0_C1,2000,2000,1.0624625834621537,1.7390895401090063,2.048641132769056,1.0145571857868299,1.6887615826277875,1.993849922403623,0.9978592085744351,1.8112218582995443,2.1199933859652833,0.30607869825681494,0.2727572931893233,0.46367950856353746,1.373708398603511,0.1445
108,row_diagonal_dominant_stochastic:021519ee0a19df7c,row_diagonal_dominant_stochastic,8,0.5,float64,R2_C2,R0_C1,2000,2000,1.0497860021045429,1.7721328830080616,2.078370843870042,1.001223323122731,1.762913343305103,2.0362709661303713,0.98147923776911,1.8358618251141026,2.1805992946646255,0.25320197046878984,0.24491887922971978,0.4832263472198901,1.4313133791669173,0.1635
108,row_diagonal_dominant_stochastic:021519ee0a19df7c,row_diagonal_dominant_stochastic,8,0.5,float64,R0_C0,R0_C1,2000,2000,1.0,1.0,1.0,1.0,1.0,1.0,1.0,1.0,1.0,nan,nan,0.0,0.0,0.0
109,row_diagonal_dominant_stochastic:de30837b1853aaf8,row_diagonal_dominant_stochastic,8,0.3,float32,R1_C1,R0_C1,2000,2000,1.1597091818451162,1.9114205148779906,2.2324589679546047,1.0774654846077882,1.6424980212989122,1.921547476019368,0.9999519992662789,1.6633006318405756,1.9242972516745398,0.5055843603642276,0.49658593614648405,0.35400702746226487,1.0750715462806302,0.066
109,row_diagonal_dominant_stochastic:de30837b1853aaf8,row_diagonal_dominant_stochastic,8,0.3,float32,R2_C2,R0_C1,2000,2000,1.1786039694083945,1.9735127642863692,2.3045114514487155,1.0781022318349809,1.6806567052542571,1.9174109438849014,0.9901110410099965,1.6440024400520046,1.8876923800151495,0.5442665704254108,0.5311030492757622,0.347255711329019,1.070014478430429,0.067
109,row_diagonal_dominant_stochastic:de30837b1853aaf8,row_diagonal_dominant_stochastic,8,0.3,float32,R0_C0,R0_C1,2000,2000,1.0,1.0,1.0,1.0,1.0,1.0,1.0,1.0,1.0,nan,nan,0.0,0.0,0.0
109,row_diagonal_dominant_stochastic:de30837b1853aaf8,row_diagonal_dominant_stochastic,8,0.3,float64,R1_C1,R0_C1,2000,2000,1.0765249365716332,1.7192198913581807,1.99454718520817,1.0203051354994672,1.5535358739387692,1.7725938028486041,0.9600578266434026,1.6319603611158096,1.8800339106298793,0.4768318484200626,0.46834464608616144,0.32784184774706837,1.0382314586937285,0.0585
109,row_diagonal_dominant_stochastic:de30837b1853aaf8,row_diagonal_dominant_stochastic,8,0.3,float64,R2_C2,R0_C1,2000,2000,1.0821568016912424,1.7263786582449177,1.9822723653476793,1.0302691136784081,1.6079225554294954,1.8171122900861896,0.9744941896415091,1.6505244672589074,1.8722557615469333,0.5052410317909296,0.48175773793943444,0.32982508337403116,1.0119207437076427,0.054
109,row_diagonal_dominant_stochastic:de30837b1853aaf8,row_diagonal_dominant_stochastic,8,0.3,float64,R0_C0,R0_C1,2000,2000,1.0,1.0,1.0,1.0,1.0,1.0,1.0,1.0,1.0,nan,nan,0.0,0.0,0.0
110,row_diagonal_dominant_stochastic:85d04ae4513fe85f,row_diagonal_dominant_stochastic,8,0.2,float32,R1_C1,R0_C1,2000,2000,1.1630352704969542,1.9021557161856386,2.1612141734168833,1.082340904436116,1.6400456894198026,1.865100085990401,0.9563321088724719,1.4432445087109358,1.6028620547248291,0.6678715220191307,0.6559985869996467,0.28251672749575507,0.8453603919193019,0.0195
110,row_diagonal_dominant_stochastic:85d04ae4513fe85f,row_diagonal_dominant_stochastic,8,0.2,float32,R2_C2,R0_C1,2000,2000,1.226314865162236,1.9857266521987473,2.2842429927751544,1.111913577921354,1.7403410148527632,1.945835629091334,0.9524312711607001,1.4294637995264974,1.5928471643312057,0.6917334470823742,0.6884584496146123,0.28493413715293747,0.8659043126079707,0.025
110,row_diagonal_dominant_stochastic:85d04ae4513fe85f,row_diagonal_dominant_stochastic,8,0.2,float32,R0_C0,R0_C1,2000,2000,1.0,1.0,1.0,1.0,1.0,1.0,1.0,1.0,1.0,nan,nan,0.0,0.0,0.0
110,row_diagonal_dominant_stochastic:85d04ae4513fe85f,row_diagonal_dominant_stochastic,8,0.2,float64,R1_C1,R0_C1,2000,2000,1.0928641897166393,1.7398972068210625,1.9805152376564559,1.0507545961829288,1.5702014400017135,1.7497922190613586,0.9635213147299762,1.4776431972673563,1.6976573014557717,0.6583756274236963,0.6371097362774341,0.26306065010126817,0.8185763615294711,0.0205
110,row_diagonal_dominant_stochastic:85d04ae4513fe85f,row_diagonal_dominant_stochastic,8,0.2,float64,R2_C2,R0_C1,2000,2000,1.1125036319966113,1.7893844815153508,2.0091720347772073,1.0439891862820208,1.5696876756661187,1.7847504654573285,0.9572850784171694,1.4813210343225045,1.667689677463631,0.6710000364225376,0.6626452941613235,0.2636243043333284,0.8292546716950403,0.02
110,row_diagonal_dominant_stochastic:85d04ae4513fe85f,row_diagonal_dominant_stochastic,8,0.2,float64,R0_C0,R0_C1,2000,2000,1.0,1.0,1.0,1.0,1.0,1.0,1.0,1.0,1.0,nan,nan,0.0,0.0,0.0
111,row_diagonal_dominant_stochastic:0f7feef7c7880b20,row_diagonal_dominant_stochastic,8,0.1,float32,R1_C1,R0_C1,2000,2000,1.1801678530248418,1.877199162285614,2.176808584970756,1.1016996033571533,1.6603408679546894,1.8439239606736502,0.9794372358274912,1.3978897147151037,1.5241760064733794,0.6229290377895738,0.6075658548914638,0.30203088475430373,0.8601327693459965,0.0285
111,row_diagonal_dominant_stochastic:0f7feef7c7880b20,row_diagonal_dominant_stochastic,8,0.1,float32,R2_C2,R0_C1,2000,2000,1.1767786696937836,1.9541936843037335,2.2677947674313303,1.0985750505178502,1.6640102919672037,1.908206788797411,0.9651682829160246,1.372465675731061,1.5262969789543734,0.6710032265949806,0.6572718218179554,0.29849125663970555,0.8549279679276219,0.026
111,row_diagonal_dominant_stochastic:0f7feef7c7880b20,row_diagonal_dominant_stochastic,8,0.1,float32,R0_C0,R0_C1,2000,2000,1.0,1.0,1.0,1.0,1.0,1.0,1.0,1.0,1.0,nan,nan,0.0,0.0,0.0
111,row_diagonal_dominant_stochastic:0f7feef7c7880b20,row_diagonal_dominant_stochastic,8,0.1,float64,R1_C1,R0_C1,2000,2000,1.0964830926323903,1.7263171912158843,1.9864487561571815,1.059156332522222,1.5684369510217138,1.764175588754592,0.9760540394937961,1.417044834484538,1.5340361092202974,0.6576220724207343,0.6470346057586515,0.26968824889713083,0.8459208112257532,0.017
111,row_diagonal_dominant_stochastic:0f7feef7c7880b20,row_diagonal_dominant_stochastic,8,0.1,float64,R2_C2,R0_C1,2000,2000,1.1027709126911376,1.7784399168221794,2.0471064136051886,1.062412111257097,1.5959041270860683,1.8205689596279924,0.9729807596932497,1.4180604189175565,1.5887316588455376,0.6596337199703278,0.6493051308262827,0.2790072815906805,0.8447674467186904,0.026
111,row_diagonal_dominant_stochastic:0f7feef7c7880b20,row_diagonal_dominant_stochastic,8,0.1,float64,R0_C0,R0_C1,2000,2000,1.0,1.0,1.0,1.0,1.0,1.0,1.0,1.0,1.0,nan,nan,0.0,0.0,0.0
112,row_diagonal_dominant_stochastic:0530909e2322226a,row_diagonal_dominant_stochastic,8,0.05,float32,R1_C1,R0_C1,2000,2000,1.1764066117459189,1.9320600761828328,2.243415228701064,1.112164929140496,1.6668924857553948,1.8921196814376617,1.0089940644734314,1.485232719051665,1.6854295585011159,0.5433482759517297,0.5399746649936662,0.3348578899432893,1.0154344376053848,0.053
112,row_diagonal_dominant_stochastic:0530909e2322226a,row_diagonal_dominant_stochastic,8,0.05,float32,R2_C2,R0_C1,2000,2000,1.202609734211935,2.0264781513607457,2.384109760794158,1.1121294366658017,1.7163884006082057,1.9302329765683115,0.9969344119968452,1.5254787681986541,1.6900217555302082,0.5692676606177884,0.5686278851569713,0.3330062900161833,1.0689613335004882,0.063
112,row_diagonal_dominant_stochastic:0530909e2322226a,row_diagonal_dominant_stochastic,8,0.05,float32,R0_C0,R0_C1,2000,2000,1.0,1.0,1.0,1.0,1.0,1.0,1.0,1.0,1.0,nan,nan,0.0,0.0,0.0
112,row_diagonal_dominant_stochastic:0530909e2322226a,row_diagonal_dominant_stochastic,8,0.05,float64,R1_C1,R0_C1,2000,2000,1.130863833637449,1.8637655211359427,2.1739609595457057,1.074803173064224,1.652431720235968,1.855300837803389,0.9919135449995353,1.4634175430442051,1.6220751250078311,0.5782448295018352,0.5724029661007415,0.31369301466401117,0.9777013057392124,0.044
112,row_diagonal_dominant_stochastic:0530909e2322226a,row_diagonal_dominant_stochastic,8,0.05,float64,R2_C2,R0_C1,2000,2000,1.1289078360450189,1.8528657459270965,2.189279339521189,1.0598348535297064,1.6636639209758202,1.8385356666191264,0.9810630138338777,1.463898108930587,1.6505564718916752,0.5801161589100561,0.575209888302472,0.32700618539267023,0.9817667960897373,0.0475
112,row_diagonal_dominant_stochastic:0530909e2322226a,row_diagonal_dominant_stochastic,8,0.05,float64,R0_C0,R0_C1,2000,2000,1.0,1.0,1.0,1.0,1.0,1.0,1.0,1.0,1.0,nan,nan,0.0,0.0,0.0
113,row_diagonal_dominant_stochastic:f5393029996d2c29,row_diagonal_dominant_stochastic,8,0.02,float32,R1_C1,R0_C1,2000,2000,1.1678366802979632,1.8747167245908767,2.1588434515237247,1.05584861695389,1.6624253634528317,1.8805772131152116,0.9624470256661961,1.5278228634609874,1.7220476412117243,0.4793537199535283,0.47470988267747055,0.3851530215574395,1.1285446181862584,0.0815
113,row_diagonal_dominant_stochastic:f5393029996d2c29,row_diagonal_dominant_stochastic,8,0.02,float32,R2_C2,R0_C1,2000,2000,1.1672361337964094,1.9111685899607829,2.1812592941712174,1.0607728014928668,1.6617993924343466,1.916792576489854,0.9768542032354162,1.5439486915616363,1.7507652862374274,0.47193174030679497,0.448386592096648,0.3781908329397057,1.1342212784546908,0.0855
113,row_diagonal_dominant_stochastic:f5393029996d2c29,row_diagonal_dominant_stochastic,8,0.02,float32,R0_C0,R0_C1,2000,2000,1.0,1.0,1.0,1.0,1.0,1.0,1.0,1.0,1.0,nan,nan,0.0,0.0,0.0
113,row_diagonal_dominant_stochastic:f5393029996d2c29,row_diagonal_dominant_stochastic,8,0.02,float64,R1_C1,R0_C1,2000,2000,1.1257155390710372,1.865274399848872,2.1373306498790345,1.049813949539299,1.6721412511159046,1.9060331826286658,0.9773385732349207,1.5530626280268611,1.7190318349194444,0.4791717441797088,0.46751763737940927,0.3623414134194517,1.0971868375545035,0.0705
113,row_diagonal_dominant_stochastic:f5393029996d2c29,row_diagonal_dominant_stochastic,8,0.02,float64,R2_C2,R0_C1,2000,2000,1.1464830721755441,1.8854137073906159,2.170622597109075,1.0504768880595363,1.6352413186579229,1.9048814889774057,0.967117084084803,1.5197388072855214,1.7317457311532207,0.4965194984472347,0.48396914649228656,0.37589823950775203,1.0788191931989883,0.073
113,row_diagonal_dominant_stochastic:f5393029996d2c29,row_diagonal_dominant_stochastic,8,0.02,float64,R0_C0,R0_C1,2000,2000,1.0,1.0,1.0,1.0,1.0,1.0,1.0,1.0,1.0,nan,nan,0.0,0.0,0.0
114,row_diagonal_dominant_stochastic:0d717c35c3b2f62d,row_diagonal_dominant_stochastic,8,0.01,float32,R1_C1,R0_C1,2000,2000,1.1335504972864532,1.8770860224974584,2.196876481284908,1.0564137216548652,1.6313864167040404,1.8275793894083916,0.9686523044257478,1.5517269015619388,1.7781490891951635,0.40938916068035774,0.3883259365814842,0.3752186173470434,1.1872249541705033,0.0925
114,row_diagonal_dominant_stochastic:0d717c35c3b2f62d,row_diagonal_dominant_stochastic,8,0.01,float32,R2_C2,R0_C1,2000,2000,1.1496040020204905,1.9567575183322001,2.3025045650258837,1.0602136739867536,1.6482159365495754,1.8832264739184006,0.9582293721953667,1.5269417306538366,1.717712456255633,0.4535640088822865,0.4441571700392925,0.3785290189850239,1.1490420497311238,0.087
114,row_diagonal_dominant_stochastic:0d717c35c3b2f62d,row_diagonal_dominant_stochastic,8,0.01,float32,R0_C0,R0_C1,2000,2000,1.0,1.0,1.0,1.0,1.0,1.0,1.0,1.0,1.0,nan,nan,0.0,0.0,0.0
114,row_diagonal_dominant_stochastic:0d717c35c3b2f62d,row_diagonal_dominant_stochastic,8,0.01,float64,R1_C1,R0_C1,2000,2000,1.134075603475373,1.8872220192921603,2.249012364370681,1.0565875078463902,1.6586706312952086,1.8838837511212119,0.9779342227022961,1.5411594421607864,1.776607796299679,0.4074434434707353,0.40212936903234225,0.3923622905358822,1.2338251788819068,0.104
114,row_diagonal_dominant_stochastic:0d717c35c3b2f62d,row_diagonal_dominant_stochastic,8,0.01,float64,R2_C2,R0_C1,2000,2000,1.1386927936770581,1.9261400158749777,2.243943827810162,1.0519041630966295,1.6610108946054747,1.8680816466477257,0.9704049856544281,1.5229051139710559,1.7151037322430673,0.4463617221054012,0.4401065405266351,0.3979781688705152,1.179016237616615,0.102
114,row_diagonal_dominant_stochastic:0d717c35c3b2f62d,row_diagonal_dominant_stochastic,8,0.01,float64,R0_C0,R0_C1,2000,2000,1.0,1.0,1.0,1.0,1.0,1.0,1.0,1.0,1.0,nan,nan,0.0,0.0,0.0
115,row_diagonal_dominant_stochastic:6bb9c9b7e1526958,row_diagonal_dominant_stochastic,8,0.005,float32,R1_C1,R0_C1,2000,2000,1.1087269552961634,1.814939826103859,2.1130598527161224,1.0353316416105418,1.6483238810333485,1.8633277450519987,0.968037959210462,1.5663673305692623,1.7769928226198024,0.417220929522376,0.4015731613932903,0.38783752798727156,1.1298644968821816,0.0925
115,row_diagonal_dominant_stochastic:6bb9c9b7e1526958,row_diagonal_dominant_stochastic,8,0.005,float32,R2_C2,R0_C1,2000,2000,1.1065364923569225,1.8087443739682885,2.1008427790949895,1.0197793831839106,1.6317989442730167,1.8726665629653083,0.9559652270786452,1.527623766387954,1.7527241992913891,0.43657432765379134,0.4325136901284225,0.39183895138244434,1.1711360927098151,0.0885
115,row_diagonal_dominant_stochastic:6bb9c9b7e1526958,row_diagonal_dominant_stochastic,8,0.005,float32,R0_C0,R0_C1,2000,2000,1.0,1.0,1.0,1.0,1.0,1.0,1.0,1.0,1.0,nan,nan,0.0,0.0,0.0
115,row_diagonal_dominant_stochastic:6bb9c9b7e1526958,row_diagonal_dominant_stochastic,8,0.005,float64,R1_C1,R0_C1,2000,2000,1.1254384802413147,1.8607125564475737,2.215109828002094,1.0535655661137893,1.6194942021625327,1.8187675151428233,0.9639291182078966,1.5635742804195913,1.7984831087851523,0.42575422643321825,0.41834367558591884,0.3968215953933977,1.1342565816530843,0.083
115,row_diagonal_dominant_stochastic:6bb9c9b7e1526958,row_diagonal_dominant_stochastic,8,0.005,float64,R2_C2,R0_C1,2000,2000,1.0985824194068838,1.8300074468952578,2.1294716729827563,1.0337276514062363,1.5934331137582107,1.8147106840160743,0.9646467922662343,1.5760027156022158,1.7811394409730767,0.4446124146914245,0.4356139224034806,0.3904310751447623,1.1612821986884203,0.094
115,row_diagonal_dominant_stochastic:6bb9c9b7e1526958,row_diagonal_dominant_stochastic,8,0.005,float64,R0_C0,R0_C1,2000,2000,1.0,1.0,1.0,1.0,1.0,1.0,1.0,1.0,1.0,nan,nan,0.0,0.0,0.0
116,row_diagonal_dominant_stochastic:103e29b8022442fa,row_diagonal_dominant_stochastic,8,0.002,float32,R1_C1,R0_C1,2000,2000,1.125281086565796,1.9150982426749392,2.1793114356020302,1.0417633282027523,1.6010241197135553,1.7860347289461391,0.9556071987155569,1.4899417929300454,1.7316231290726485,0.43749328678945953,0.4341553100388275,0.38998352141768056,1.1840046731252034,0.0955
116,row_diagonal_dominant_stochastic:103e29b8022442fa,row_diagonal_dominant_stochastic,8,0.002,float32,R2_C2,R0_C1,2000,2000,1.0988988777625792,1.8959787281292406,2.2096955137085668,1.032897099164464,1.6180489014485215,1.8088168889297527,0.9791562420464677,1.5418489117225014,1.7419146986396874,0.4221515807697364,0.41564670191167546,0.3959807269841742,1.1810879223917696,0.101
116,row_diagonal_dominant_stochastic:103e29b8022442fa,row_diagonal_dominant_stochastic,8,0.002,float32,R0_C0,R0_C1,2000,2000,1.0,1.0,1.0,1.0,1.0,1.0,1.0,1.0,1.0,nan,nan,0.0,0.0,0.0
116,row_diagonal_dominant_stochastic:103e29b8022442fa,row_diagonal_dominant_stochastic,8,0.002,float64,R1_C1,R0_C1,2000,2000,1.116338949039631,1.8009768055983555,2.1268072584145354,1.0326034772330606,1.6107964251317346,1.874484427338681,0.9658245517951536,1.5393645594691605,1.7455528606941748,0.399495127727768,0.38342181585545393,0.41145804598108215,1.1696603311976275,0.097
116,row_diagonal_dominant_stochastic:103e29b8022442fa,row_diagonal_dominant_stochastic,8,0.002,float64,R2_C2,R0_C1,2000,2000,1.1082901390336706,1.850890143709644,2.1528255601275768,1.0167950688726677,1.5841034642378946,1.7854369703684918,0.9549348625487666,1.5352184154700534,1.7434818104110252,0.4133992095313025,0.3983746475936619,0.39579361922992906,1.253568153647604,0.099
116,row_diagonal_dominant_stochastic:103e29b8022442fa,row_diagonal_dominant_stochastic,8,0.002,float64,R0_C0,R0_C1,2000,2000,1.0,1.0,1.0,1.0,1.0,1.0,1.0,1.0,1.0,nan,nan,0.0,0.0,0.0
117,row_diagonal_dominant_stochastic:3f149f338e70104c,row_diagonal_dominant_stochastic,8,0.001,float32,R1_C1,R0_C1,2000,2000,1.0938384348282288,1.8441965281846449,2.1856737917731786,1.0225552109067997,1.5830957955671818,1.8011182814560056,0.9517905560335561,1.507058065270013,1.7044649279535806,0.40044053510423855,0.39239712959928236,0.38902132668095735,1.199046071828646,0.0975
117,row_diagonal_dominant_stochastic:3f149f338e70104c,row_diagonal_dominant_stochastic,8,0.001,float32,R2_C2,R0_C1,2000,2000,1.1113355860596918,1.8535808065024981,2.078899912285639,1.0183060864317528,1.5804893088917715,1.7993600369399825,0.9528029894060276,1.5269519193149779,1.7232553967204731,0.3837710583035379,0.36415080703770175,0.4206835719228179,1.209823581251731,0.107
117,row_diagonal_dominant_stochastic:3f149f338e70104c,row_diagonal_dominant_stochastic,8,0.001,float32,R0_C0,R0_C1,2000,2000,1.0,1.0,1.0,1.0,1.0,1.0,1.0,1.0,1.0,nan,nan,0.0,0.0,0.0
117,row_diagonal_dominant_stochastic:3f149f338e70104c,row_diagonal_dominant_stochastic,8,0.001,float64,R1_C1,R0_C1,2000,2000,1.0953077575552785,1.8450641805801373,2.118785894947208,1.0124719561542714,1.5589828122340326,1.773987718492174,0.9590321924732904,1.505584182027242,1.698965005502125,0.4003300607274786,0.4011038967759742,0.3962011287134052,1.195235680139811,0.0965
117,row_diagonal_dominant_stochastic:3f149f338e70104c,row_diagonal_dominant_stochastic,8,0.001,float64,R2_C2,R0_C1,2000,2000,1.0821718164460052,1.8082947994766012,2.127673974307856,1.0166990912466256,1.625623237290912,1.8347068418655463,0.977417737934882,1.5486734245640366,1.7447555204460952,0.3996541151532937,0.39736100584025147,0.3993020162342986,1.2363204934773029,0.098
117,row_diagonal_dominant_stochastic:3f149f338e70104c,row_diagonal_dominant_stochastic,8,0.001,float64,R0_C0,R0_C1,2000,2000,1.0,1.0,1.0,1.0,1.0,1.0,1.0,1.0,1.0,nan,nan,0.0,0.0,0.0
207,row_diagonal_dominant_random:93e6f52ebdb3ac55,row_diagonal_dominant_random,11,0.5,float32,R1_C1,R0_C1,2000,2000,1.3383742552802893,2.171346162166042,2.507120237401639,1.0553263964614676,1.7733039855590007,2.041324288198502,0.9962733896048981,1.7454021628854846,2.078638719267273,0.20150416191016832,0.18265772316443077,0.542473652164075,1.5096530713352523,0.2105
207,row_diagonal_dominant_random:93e6f52ebdb3ac55,row_diagonal_dominant_random,11,0.5,float32,R2_C2,R0_C1,2000,2000,1.3727879319859735,2.236590820738405,2.5797595857244873,1.0495859948395783,1.784918084115141,2.0413361068548204,1.008213176059515,1.701336252353414,2.0000810452838595,0.2521903239268466,0.21680855270213817,0.5647829717606161,1.480963762543284,0.1995
207,row_diagonal_dominant_random:93e6f52ebdb3ac55,row_diagonal_dominant_random,11,0.5,float32,R0_C0,R0_C1,2000,2000,1.0,1.0,1.0,1.0,1.0,1.0,1.0,1.0,1.0,nan,nan,0.0,0.0,0.0
207,row_diagonal_dominant_random:93e6f52ebdb3ac55,row_diagonal_dominant_random,11,0.5,float64,R1_C1,R0_C1,2000,2000,1.2842842878040188,2.1813747911649513,2.5344491599010994,1.0494412740284675,1.7619169472555798,2.0119812474669967,0.992020584527477,1.7069236951314777,2.0127396194163896,0.24563318659842723,0.24078654469663613,0.5104322848568452,1.4908456114701965,0.2015
207,row_diagonal_dominant_random:93e6f52ebdb3ac55,row_diagonal_dominant_random,11,0.5,float64,R2_C2,R0_C1,2000,2000,1.3351679465490536,2.245761634888889,2.594453457768771,1.0367492762367325,1.7986905452790853,2.0867576622051716,0.9853941887055946,1.7802622678195135,2.0125036497085396,0.22886108295388174,0.2271251997812999,0.5380738095380281,1.522109464005674,0.2095
207,row_diagonal_dominant_random:93e6f52ebdb3ac55,row_diagonal_dominant_random,11,0.5,float64,R0_C0,R0_C1,2000,2000,1.0,1.0,1.0,1.0,1.0,1.0,1.0,1.0,1.0,nan,nan,0.0,0.0,0.0
208,row_diagonal_dominant_random:03e59f7215597618,row_diagonal_dominant_random,11,0.3,float32,R1_C1,R0_C1,2000,2000,1.4295632034724726,2.2972919112721226,2.6041443635384076,1.1222596593093117,1.7818275366149643,1.9914772260614853,1.0047237847447734,1.6548241824385408,1.9281651113453908,0.3717059278107701,0.3616263364065841,0.48829992312366455,1.3418377386964433,0.14
208,row_diagonal_dominant_random:03e59f7215597618,row_diagonal_dominant_random,11,0.3,float32,R2_C2,R0_C1,2000,2000,1.479151120836554,2.408858591832572,2.755770059720624,1.150166464315086,1.8321758374975714,2.082896170300966,1.004461459514379,1.7066745498843132,1.9841953866782205,0.35245281973581005,0.34476800019200005,0.5086929484145574,1.3608042886173568,0.16
208,row_diagonal_dominant_random:03e59f7215597618,row_diagonal_dominant_random,11,0.3,float32,R0_C0,R0_C1,2000,2000,1.0,1.0,1.0,1.0,1.0,1.0,1.0,1.0,1.0,nan,nan,0.0,0.0,0.0
208,row_diagonal_dominant_random:03e59f7215597618,row_diagonal_dominant_random,11,0.3,float64,R1_C1,R0_C1,2000,2000,1.335624729095621,2.3108721318544103,2.6500160077799264,1.083677540239946,1.760088303295448,2.035759822053038,0.9983497311563778,1.7089060061083254,1.978854208453143,0.3467185902502657,0.3392963468240867,0.4827636655704055,1.3871411864713654,0.166
208,row_diagonal_dominant_random:03e59f7215597618,row_diagonal_dominant_random,11,0.3,float64,R2_C2,R0_C1,2000,2000,1.3889096826750902,2.335590473355543,2.6710842560791916,1.1026164581793267,1.788546256369428,2.0345655896469625,1.0013689599444415,1.7090038916814982,2.010058013430846,0.3466292847659589,0.3468869682217421,0.4856583614091893,1.3844072615562883,0.1585
208,row_diagonal_dominant_random:03e59f7215597618,row_diagonal_dominant_random,11,0.3,float64,R0_C0,R0_C1,2000,2000,1.0,1.0,1.0,1.0,1.0,1.0,1.0,1.0,1.0,nan,nan,0.0,0.0,0.0
209,row_diagonal_dominant_random:c6616c01f005a03d,row_diagonal_dominant_random,11,0.2,float32,R1_C1,R0_C1,2000,2000,1.4759040127677623,2.414143188332108,2.794261159018101,1.152183996877855,1.7923859645452238,2.0739927960626994,0.9820656419415423,1.6464706857157632,1.870524442759735,0.4586471387906308,0.4285895466473867,0.4703255395309922,1.2441618400685859,0.1245
209,row_diagonal_dominant_random:c6616c01f005a03d,row_diagonal_dominant_random,11,0.2,float32,R2_C2,R0_C1,2000,2000,1.53573270850593,2.5481816193307494,2.9183422068918112,1.1900718473802747,1.8578001263383177,2.0900503147030873,0.9844276017755431,1.6199298906353983,1.8835273803876824,0.45374519297629157,0.43530040582510143,0.48397362884094575,1.2603852069572885,0.136
209,row_diagonal_dominant_random:c6616c01f005a03d,row_diagonal_dominant_random,11,0.2,float32,R0_C0,R0_C1,2000,2000,1.0,1.0,1.0,1.0,1.0,1.0,1.0,1.0,1.0,nan,nan,0.0,0.0,0.0
209,row_diagonal_dominant_random:c6616c01f005a03d,row_diagonal_dominant_random,11,0.2,float64,R1_C1,R0_C1,2000,2000,1.3860617821668797,2.3467693696679564,2.643242569666522,1.1354317791163107,1.8232576256972042,2.0941578269765864,0.9877416320561163,1.6863161688799106,1.934313270163184,0.5002383914498885,0.47888479472119866,0.4151019573527983,1.1980382362980113,0.107
209,row_diagonal_dominant_random:c6616c01f005a03d,row_diagonal_dominant_random,11,0.2,float64,R2_C2,R0_C1,2000,2000,1.439485933043792,2.3314545314500474,2.7404175534157376,1.1490988787361425,1.851100473879046,2.0891929212751674,0.9758943340315225,1.6888690148388412,2.038322352444368,0.49313605897283447,0.4713065678266419,0.4398486108399351,1.2096235623453468,0.1105
209,row_diagonal_dominant_random:c6616c01f005a03d,row_diagonal_dominant_random,11,0.2,float64,R0_C0,R0_C1,2000,2000,1.0,1.0,1.0,1.0,1.0,1.0,1.0,1.0,1.0,nan,nan,0.0,0.0,0.0
210,row_diagonal_dominant_random:85f3946f6e4679ec,row_diagonal_dominant_random,11,0.1,float32,R1_C1,R0_C1,2000,2000,1.492403206597043,2.3862245363045056,2.6766602125764947,1.2015800161906103,1.8602261861866132,2.075193793543327,0.9827382922853993,1.598247023885609,1.800168949354525,0.5657049073833962,0.5506273271568318,0.3896021849828729,1.0872390062636454,0.0755
210,row_diagonal_dominant_random:85f3946f6e4679ec,row_diagonal_dominant_random,11,0.1,float32,R2_C2,R0_C1,2000,2000,1.5118956626598918,2.4967381096468872,2.9161878684292097,1.2320108690666998,1.9012923015932686,2.143528063069061,0.9853964314081092,1.5678931478706264,1.785298584912735,0.5837936921850532,0.5680013260003315,0.4134737939826334,1.0815321977965255,0.072
210,row_diagonal_dominant_random:85f3946f6e4679ec,row_diagonal_dominant_random,11,0.1,float32,R0_C0,R0_C1,2000,2000,1.0,1.0,1.0,1.0,1.0,1.0,1.0,1.0,1.0,nan,nan,0.0,0.0,0.0
210,row_diagonal_dominant_random:85f3946f6e4679ec,row_diagonal_dominant_random,11,0.1,float64,R1_C1,R0_C1,2000,2000,1.3826443353116076,2.3451818267000015,2.649872769609711,1.16347481042892,1.7798635699117937,2.037978723697407,0.9974630030553971,1.584089403334792,1.776757584441384,0.5597211474121976,0.5374774823693705,0.371774669921045,1.0548259594623963,0.0605
210,row_diagonal_dominant_random:85f3946f6e4679ec,row_diagonal_dominant_random,11,0.1,float64,R2_C2,R0_C1,2000,2000,1.468306607124006,2.399872956356419,2.6947156530187217,1.2000522255383976,1.8522490585635019,2.111009483258762,0.9878103461272116,1.5903232587919862,1.80308856601322,0.5897619327376006,0.5710910927727731,0.3861030309826108,1.0679557417183232,0.068
210,row_diagonal_dominant_random:85f3946f6e4679ec,row_diagonal_dominant_random,11,0.1,float64,R0_C0,R0_C1,2000,2000,1.0,1.0,1.0,1.0,1.0,1.0,1.0,1.0,1.0,nan,nan,0.0,0.0,0.0
211,row_diagonal_dominant_random:2976d44433ad1387,row_diagonal_dominant_random,11,0.05,float32,R1_C1,R0_C1,2000,2000,1.4307752920027723,2.3083094675480473,2.7059453039558594,1.1451087913848141,1.7747776091688827,2.0558114998568735,0.9182158782163794,1.4940563596014782,1.7054859284768584,0.5652114851518487,0.5328977217244304,0.41002447427569794,1.1061585634341358,0.0815
211,row_diagonal_dominant_random:2976d44433ad1387,row_diagonal_dominant_random,11,0.05,float32,R2_C2,R0_C1,2000,2000,1.5139125015304735,2.4495273036175793,2.789488805961561,1.1824640430485711,1.8483547353790497,2.083639302277906,0.9225428554108093,1.4819119967869958,1.698759796818954,0.5627121359652992,0.5351899472974868,0.413488244993638,1.1537833256492966,0.0935
211,row_diagonal_dominant_random:2976d44433ad1387,row_diagonal_dominant_random,11,0.05,float32,R0_C0,R0_C1,2000,2000,1.0,1.0,1.0,1.0,1.0,1.0,1.0,1.0,1.0,nan,nan,0.0,0.0,0.0
211,row_diagonal_dominant_random:2976d44433ad1387,row_diagonal_dominant_random,11,0.05,float64,R1_C1,R0_C1,2000,2000,1.3583939082407257,2.275397187826778,2.6793173220283903,1.1063286001953871,1.7522648789696211,1.9906370420014512,0.9048681553664377,1.4851898764625444,1.7101948284750492,0.5676237243466993,0.5398272824568205,0.37901054626860137,1.1077513401359922,0.0755
211,row_diagonal_dominant_random:2976d44433ad1387,row_diagonal_dominant_random,11,0.05,float64,R2_C2,R0_C1,2000,2000,1.407973401637777,2.3760442832642688,2.7380587505905196,1.1715150086371877,1.8478155423094484,2.072215624404744,0.9168695944239456,1.4799705698396948,1.683754947576894,0.589535876012857,0.5679010269752567,0.3886880714949193,1.0912587982615107,0.074
211,row_diagonal_dominant_random:2976d44433ad1387,row_diagonal_dominant_random,11,0.05,float64,R0_C0,R0_C1,2000,2000,1.0,1.0,1.0,1.0,1.0,1.0,1.0,1.0,1.0,nan,nan,0.0,0.0,0.0
212,row_diagonal_dominant_random:8a85d76f30eb75a6,row_diagonal_dominant_random,11,0.02,float32,R1_C1,R0_C1,2000,2000,1.3610967663909386,2.177121190041117,2.4976571430064602,1.0320312631921773,1.6168716634093874,1.8516444931150862,0.8390731813409485,1.383085359841524,1.6027462341216654,0.4516386524204288,0.442663612165903,0.47273151394029056,1.2614511555988688,0.1315
212,row_diagonal_dominant_random:8a85d76f30eb75a6,row_diagonal_dominant_random,11,0.02,float32,R2_C2,R0_C1,2000,2000,1.4634443285317456,2.3282249604054006,2.6174982743663153,1.093579328454742,1.711017721532108,1.9118369145452128,0.8519410192241446,1.386646878493831,1.6105052445501327,0.4983072033866128,0.48597220499305127,0.46462763820642367,1.2850320910164041,0.1325
212,row_diagonal_dominant_random:8a85d76f30eb75a6,row_diagonal_dominant_random,11,0.02,float32,R0_C0,R0_C1,2000,2000,1.0,1.0,1.0,1.0,1.0,1.0,1.0,1.0,1.0,nan,nan,0.0,0.0,0.0
212,row_diagonal_dominant_random:8a85d76f30eb75a6,row_diagonal_dominant_random,11,0.02,float64,R1_C1,R0_C1,2000,2000,1.2969160822895913,2.0458960100869996,2.4036051460578163,1.007641580510611,1.5731093125600601,1.8158662585329113,0.8508703921095451,1.339441527228589,1.540703133642403,0.4593190235971786,0.4477214769303692,0.42357760442828435,1.2458226618456907,0.1185
212,row_diagonal_dominant_random:8a85d76f30eb75a6,row_diagonal_dominant_random,11,0.02,float64,R2_C2,R0_C1,2000,2000,1.3632374853866298,2.204362615413185,2.513249113391744,1.047967286003252,1.6329987739540401,1.8651298984647453,0.8404747237604262,1.3912025780412145,1.5628984801490085,0.49592289760159486,0.4725187076296768,0.44084258904238194,1.259641376665827,0.1245
212,row_diagonal_dominant_random:8a85d76f30eb75a6,row_diagonal_dominant_random,11,0.02,float64,R0_C0,R0_C1,2000,2000,1.0,1.0,1.0,1.0,1.0,1.0,1.0,1.0,1.0,nan,nan,0.0,0.0,0.0
213,row_diagonal_dominant_random:3cf57fa76b9a551c,row_diagonal_dominant_random,11,0.01,float32,R1_C1,R0_C1,2000,2000,1.3320372194091723,2.079665546249203,2.3573876646465166,0.9921405417374767,1.5850507102956244,1.7966540503656583,0.8119521572247319,1.3721267874085494,1.5899025365271073,0.4405354435866722,0.4205883541470885,0.48168599444902394,1.2903804274993327,0.1385
213,row_diagonal_dominant_random:3cf57fa76b9a551c,row_diagonal_dominant_random,11,0.01,float32,R2_C2,R0_C1,2000,2000,1.402794670461759,2.225845657120588,2.514362333114811,1.0287763568764592,1.6741489979627355,1.9010330438541103,0.8101415738073597,1.3870938419873369,1.605263631665665,0.45782143516188534,0.4428149787037447,0.49602180258943646,1.34772701055577,0.148
213,row_diagonal_dominant_random:3cf57fa76b9a551c,row_diagonal_dominant_random,11,0.01,float32,R0_C0,R0_C1,2000,2000,1.0,1.0,1.0,1.0,1.0,1.0,1.0,1.0,1.0,nan,nan,0.0,0.0,0.0
213,row_diagonal_dominant_random:3cf57fa76b9a551c,row_diagonal_dominant_random,11,0.01,float64,R1_C1,R0_C1,2000,2000,1.284263377038777,2.037378478760446,2.3190861427382243,0.9949363049299356,1.53047876291854,1.7440300028818878,0.8205594038151636,1.3258519842059988,1.5178906314767389,0.4770126210315019,0.45701607625401897,0.4337236963699269,1.2404176650626053,0.1165
213,row_diagonal_dominant_random:3cf57fa76b9a551c,row_diagonal_dominant_random,11,0.01,float64,R2_C2,R0_C1,2000,2000,1.3256860821799827,2.1198258837032675,2.385726454829613,1.0230435150748944,1.5920822353647255,1.8010687587584122,0.8196682782236718,1.3454275669143354,1.5393581388156625,0.4753769667953269,0.45823293805823456,0.4590564849881795,1.2991574331647218,0.127
213,row_diagonal_dominant_random:3cf57fa76b9a551c,row_diagonal_dominant_random,11,0.01,float64,R0_C0,R0_C1,2000,2000,1.0,1.0,1.0,1.0,1.0,1.0,1.0,1.0,1.0,nan,nan,0.0,0.0,0.0
214,row_diagonal_dominant_random:4cbd4f5958f010f8,row_diagonal_dominant_random,11,0.005,float32,R1_C1,R0_C1,2000,2000,1.2890829180876289,1.9977897206699788,2.2578725164882782,0.9803356754467893,1.5175793977434067,1.7056374371586298,0.7947744473494518,1.2974808998718754,1.4828475945889137,0.38195423122771327,0.36352623988155996,0.49941828191865817,1.294215706911858,0.14
214,row_diagonal_dominant_random:4cbd4f5958f010f8,row_diagonal_dominant_random,11,0.005,float32,R2_C2,R0_C1,2000,2000,1.3773304213568824,2.1518609446067827,2.4505032276964265,1.0175811426889805,1.6051936249310281,1.820271559989653,0.8142505759521348,1.345572198782748,1.5497650535478324,0.4233773912880576,0.40197482099370524,0.5195782604425836,1.3433031994333247,0.164
214,row_diagonal_dominant_random:4cbd4f5958f010f8,row_diagonal_dominant_random,11,0.005,float32,R0_C0,R0_C1,2000,2000,1.0,1.0,1.0,1.0,1.0,1.0,1.0,1.0,1.0,nan,nan,0.0,0.0,0.0
214,row_diagonal_dominant_random:4cbd4f5958f010f8,row_diagonal_dominant_random,11,0.005,float64,R1_C1,R0_C1,2000,2000,1.2595736695016169,1.9613667896836466,2.2548695815457127,0.9637700949545841,1.5171027302221916,1.7500760975961143,0.789250072891684,1.3378744562690978,1.5651651748868993,0.40793775418619266,0.3892139068034767,0.4702307217930045,1.2378646632919392,0.1315
214,row_diagonal_dominant_random:4cbd4f5958f010f8,row_diagonal_dominant_random,11,0.005,float64,R2_C2,R0_C1,2000,2000,1.305445246395236,2.0553706178134594,2.356227066142091,1.007438530511826,1.5364105685451612,1.7678023347771383,0.8074976915120518,1.3198623637635671,1.5159212040463699,0.38739138288671043,0.36028870657217665,0.46813048374566,1.30479907356311,0.142
214,row_diagonal_dominant_random:4cbd4f5958f010f8,row_diagonal_dominant_random,11,0.005,float64,R0_C0,R0_C1,2000,2000,1.0,1.0,1.0,1.0,1.0,1.0,1.0,1.0,1.0,nan,nan,0.0,0.0,0.0
215,row_diagonal_dominant_random:9493eb0855127051,row_diagonal_dominant_random,11,0.002,float32,R1_C1,R0_C1,2000,2000,1.2962229292939176,2.019430200733689,2.282998555953043,0.959243780039408,1.512429867780543,1.738820473878785,0.7978794487024705,1.3172927206169636,1.5147908817746594,0.37018212869652184,0.34841924860481216,0.5072546078821984,1.3519744604075854,0.1535
215,row_diagonal_dominant_random:9493eb0855127051,row_diagonal_dominant_random,11,0.002,float32,R2_C2,R0_C1,2000,2000,1.360518288960729,2.127414267182529,2.4593002997834614,1.0048632578075258,1.5592950056268375,1.7670878638018777,0.7919813931839002,1.3593333422754827,1.5362072171534744,0.4124206571315001,0.38821654905413727,0.5079898134729478,1.3184630873518755,0.163
215,row_diagonal_dominant_random:9493eb0855127051,row_diagonal_dominant_random,11,0.002,float32,R0_C0,R0_C1,2000,2000,1.0,1.0,1.0,1.0,1.0,1.0,1.0,1.0,1.0,nan,nan,0.0,0.0,0.0
215,row_diagonal_dominant_random:9493eb0855127051,row_diagonal_dominant_random,11,0.002,float64,R1_C1,R0_C1,2000,2000,1.24473873612633,1.9036198048611617,2.178272042959429,0.9630041331475891,1.506364950506761,1.6884825561745886,0.8151645669502092,1.3302642877615891,1.5757177576902968,0.35528709864752017,0.3356667074166768,0.46403719444755664,1.2570248328703337,0.133
215,row_diagonal_dominant_random:9493eb0855127051,row_diagonal_dominant_random,11,0.002,float64,R2_C2,R0_C1,2000,2000,1.282736383474171,2.0478979976705647,2.3581717434057468,0.9883276610896341,1.5650210683651342,1.7344829642786694,0.8202255492970161,1.346526371535872,1.5696034564648222,0.4343010903466357,0.41287999021999755,0.47362073242781877,1.2702183891543124,0.14
215,row_diagonal_dominant_random:9493eb0855127051,row_diagonal_dominant_random,11,0.002,float64,R0_C0,R0_C1,2000,2000,1.0,1.0,1.0,1.0,1.0,1.0,1.0,1.0,1.0,nan,nan,0.0,0.0,0.0
216,row_diagonal_dominant_random:c93186b88112adec,row_diagonal_dominant_random,11,0.001,float32,R1_C1,R0_C1,2000,2000,1.272566112622767,1.9663139669032543,2.215351006076886,0.957545019211526,1.4975542007801006,1.7275711853807973,0.7959558423320449,1.3066742526509858,1.499140971386566,0.3903247603084921,0.3617899009474752,0.48595320053291013,1.3534597933943024,0.144
216,row_diagonal_dominant_random:c93186b88112adec,row_diagonal_dominant_random,11,0.001,float32,R2_C2,R0_C1,2000,2000,1.3689961973151872,2.078513719438512,2.431995442894374,0.9958664012006266,1.5518761548244189,1.7695862531840558,0.8127456469776737,1.38026303358996,1.564466219390169,0.4094615820298761,0.37273510218377554,0.5146971141127515,1.3463496177557523,0.165
216,row_diagonal_dominant_random:c93186b88112adec,row_diagonal_dominant_random,11,0.001,float32,R0_C0,R0_C1,2000,2000,1.0,1.0,1.0,1.0,1.0,1.0,1.0,1.0,1.0,nan,nan,0.0,0.0,0.0
216,row_diagonal_dominant_random:c93186b88112adec,row_diagonal_dominant_random,11,0.001,float64,R1_C1,R0_C1,2000,2000,1.237807627842126,1.899802213810279,2.1818175388697747,0.9689663870687015,1.5173234276502106,1.7175718237540374,0.8098511944943733,1.3340976989619613,1.568240495613221,0.36617367900524367,0.34463327615831907,0.4587313502583777,1.282403583860524,0.138
216,row_diagonal_dominant_random:c93186b88112adec,row_diagonal_dominant_random,11,0.001,float64,R2_C2,R0_C1,2000,2000,1.2988862409044626,2.0638103834932244,2.3879087347377133,1.000616723518006,1.5660389448379017,1.7948223704450452,0.8200127261128387,1.3653355235197437,1.589698615374263,0.43694342030880107,0.4144921936230484,0.4841821274449779,1.302114725254969,0.1345
216,row_diagonal_dominant_random:c93186b88112adec,row_diagonal_dominant_random,11,0.001,float64,R0_C0,R0_C1,2000,2000,1.0,1.0,1.0,1.0,1.0,1.0,1.0,1.0,1.0,nan,nan,0.0,0.0,0.0
237,row_diagonal_dominant_stochastic:021519ee0a19df7c,row_diagonal_dominant_stochastic,11,0.5,float32,R1_C1,R0_C1,2000,2000,1.358703115482525,2.2684939387439615,2.565001287098548,1.0488269225046076,1.7440962954520745,2.01943676837761,0.9938262619067189,1.7290393099464523,1.9852097102649922,0.21712234552865722,0.20233472658368165,0.5336739542473343,1.493371694586797,0.194
237,row_diagonal_dominant_stochastic:021519ee0a19df7c,row_diagonal_dominant_stochastic,11,0.5,float32,R2_C2,R0_C1,2000,2000,1.4033314115751685,2.264958826983832,2.600079626241534,1.0648117934036563,1.7937590518014677,2.0760079632457904,1.011699288002371,1.7318279350679238,2.0177299299327713,0.2446345749947257,0.24324345831086455,0.536452696689642,1.4667941715191066,0.206
237,row_diagonal_dominant_stochastic:021519ee0a19df7c,row_diagonal_dominant_stochastic,11,0.5,float32,R0_C0,R0_C1,2000,2000,1.0,1.0,1.0,1.0,1.0,1.0,1.0,1.0,1.0,nan,nan,0.0,0.0,0.0
237,row_diagonal_dominant_stochastic:021519ee0a19df7c,row_diagonal_dominant_stochastic,11,0.5,float64,R1_C1,R0_C1,2000,2000,1.2765632667755988,2.113519792336927,2.4504648623924057,1.03858610861347,1.7305094376901031,1.9928475514797617,0.9907877825474726,1.737314480979802,1.9875025111234144,0.272677652116423,0.2546179326544831,0.503511884589279,1.4223760838146693,0.1865
237,row_diagonal_dominant_stochastic:021519ee0a19df7c,row_diagonal_dominant_stochastic,11,0.5,float64,R2_C2,R0_C1,2000,2000,1.316712753997754,2.222992467094736,2.5503653018509245,1.0552399877901681,1.772843326783065,2.0406137365719004,0.9973858991144535,1.7224628003678442,1.9975522111632669,0.2836745350587512,0.2614621238655309,0.537477596682747,1.4336333285414788,0.1735
237,row_diagonal_dominant_stochastic:021519ee0a19df7c,row_diagonal_dominant_stochastic,11,0.5,float64,R0_C0,R0_C1,2000,2000,1.0,1.0,1.0,1.0,1.0,1.0,1.0,1.0,1.0,nan,nan,0.0,0.0,0.0
238,row_diagonal_dominant_stochastic:de30837b1853aaf8,row_diagonal_dominant_stochastic,11,0.3,float32,R1_C1,R0_C1,2000,2000,1.4621859807598958,2.3058823914692916,2.6802764099067766,1.1627653158139544,1.7857255825681626,2.0397738050193523,0.9976457786512312,1.613312541377334,1.841132218320826,0.5086846356585797,0.4829347387336847,0.43105112837307286,1.143143439399036,0.091
238,row_diagonal_dominant_stochastic:de30837b1853aaf8,row_diagonal_dominant_stochastic,11,0.3,float32,R2_C2,R0_C1,2000,2000,1.5065100011634875,2.376528029803219,2.678725241965707,1.1869532612013434,1.8194426978252523,2.050284755552334,0.9860568743670345,1.6090771438528084,1.846504543595669,0.49113041297907106,0.4750545932636483,0.43374271804251663,1.1851041891356047,0.104
238,row_diagonal_dominant_stochastic:de30837b1853aaf8,row_diagonal_dominant_stochastic,11,0.3,float32,R0_C0,R0_C1,2000,2000,1.0,1.0,1.0,1.0,1.0,1.0,1.0,1.0,1.0,nan,nan,0.0,0.0,0.0
238,row_diagonal_dominant_stochastic:de30837b1853aaf8,row_diagonal_dominant_stochastic,11,0.3,float64,R1_C1,R0_C1,2000,2000,1.3708209647191252,2.2261129668912236,2.546882260722683,1.1380946835406534,1.724143708105982,1.9510767838542364,0.9803889820122045,1.6663339405350421,1.9014627269911581,0.4779334138576408,0.4692776763194191,0.4080243740836377,1.1118656405254739,0.084
238,row_diagonal_dominant_stochastic:de30837b1853aaf8,row_diagonal_dominant_stochastic,11,0.3,float64,R2_C2,R0_C1,2000,2000,1.4290348937429738,2.316837378038051,2.6460134139724056,1.1521484766259125,1.7865265762629967,2.0460243261117212,0.994477630700481,1.5922071545287297,1.8174260015557013,0.4763307257725903,0.45709280127320034,0.41989402449696983,1.1443729652964536,0.094
238,row_diagonal_dominant_stochastic:de30837b1853aaf8,row_diagonal_dominant_stochastic,11,0.3,float64,R0_C0,R0_C1,2000,2000,1.0,1.0,1.0,1.0,1.0,1.0,1.0,1.0,1.0,nan,nan,0.0,0.0,0.0
239,row_diagonal_dominant_stochastic:85d04ae4513fe85f,row_diagonal_dominant_stochastic,11,0.2,float32,R1_C1,R0_C1,2000,2000,1.4570917696063668,2.3154163626564674,2.5891369877682657,1.2589699134583208,1.9012804750762955,2.1068749028550853,0.9730102905532332,1.4881598222816503,1.6969486896306292,0.6725287146632737,0.6611814467953617,0.2873327202041641,0.8699675166052744,0.0265
239,row_diagonal_dominant_stochastic:85d04ae4513fe85f,row_diagonal_dominant_stochastic,11,0.2,float32,R2_C2,R0_C1,2000,2000,1.5251641759841958,2.3474329621658465,2.6383879262409264,1.2998025601111203,1.9127499112330764,2.1527776752835512,0.9759426442588143,1.534378985356558,1.7669017394941025,0.6823711865400249,0.6630799702699925,0.2902623201293669,0.8603385699003337,0.021
239,row_diagonal_dominant_stochastic:85d04ae4513fe85f,row_diagonal_dominant_stochastic,11,0.2,float32,R0_C0,R0_C1,2000,2000,1.0,1.0,1.0,1.0,1.0,1.0,1.0,1.0,1.0,nan,nan,0.0,0.0,0.0
239,row_diagonal_dominant_stochastic:85d04ae4513fe85f,row_diagonal_dominant_stochastic,11,0.2,float64,R1_C1,R0_C1,2000,2000,1.389957111602913,2.236539731050957,2.560600644134886,1.2254615662606398,1.8610748027901727,2.086604525529549,0.9893479824831117,1.4951735940103734,1.667909400194147,0.719213421469132,0.7119771264942816,0.26348765046081213,0.818501813171739,0.0175
239,row_diagonal_dominant_stochastic:85d04ae4513fe85f,row_diagonal_dominant_stochastic,11,0.2,float64,R2_C2,R0_C1,2000,2000,1.427084504518141,2.274845695470407,2.5678341113646077,1.256257795307985,1.9008769474703644,2.112861892745353,0.9869900593537717,1.4901266930210684,1.683279482036812,0.7177412661855725,0.7089496397374099,0.26935983543609354,0.8238157021758438,0.02
239,row_diagonal_dominant_stochastic:85d04ae4513fe85f,row_diagonal_dominant_stochastic,11,0.2,float64,R0_C0,R0_C1,2000,2000,1.0,1.0,1.0,1.0,1.0,1.0,1.0,1.0,1.0,nan,nan,0.0,0.0,0.0
240,row_diagonal_dominant_stochastic:0f7feef7c7880b20,row_diagonal_dominant_stochastic,11,0.1,float32,R1_C1,R0_C1,2000,2000,1.36795539931174,2.127657136089568,2.4073851386822076,1.1971846510310322,1.778920577243729,1.984232911479598,0.9545512825194775,1.341700036118511,1.4803840822720045,0.7182428597629786,0.7112916713229178,0.2631317241791199,0.7877731483311144,0.013
240,row_diagonal_dominant_stochastic:0f7feef7c7880b20,row_diagonal_dominant_stochastic,11,0.1,float32,R2_C2,R0_C1,2000,2000,1.410120567901977,2.2227492715631296,2.5535651170233566,1.2293793751936266,1.837655144113677,2.038869325066533,0.9534363091563689,1.3392983571804409,1.4580309961163076,0.7173344814570494,0.7051322932830733,0.26983289643611524,0.8039528334543063,0.0165
240,row_diagonal_dominant_stochastic:0f7feef7c7880b20,row_diagonal_dominant_stochastic,11,0.1,float32,R0_C0,R0_C1,2000,2000,1.0,1.0,1.0,1.0,1.0,1.0,1.0,1.0,1.0,nan,nan,0.0,0.0,0.0
240,row_diagonal_dominant_stochastic:0f7feef7c7880b20,row_diagonal_dominant_stochastic,11,0.1,float64,R1_C1,R0_C1,2000,2000,1.2999541744021468,2.0003253198328723,2.286505887021211,1.1747477288125543,1.7128457800915695,1.8822920653586817,0.9473653956906976,1.3355401880788174,1.4633464827613483,0.7051203307467363,0.695377103844276,0.25905000231977027,0.7624074803580715,0.0135
240,row_diagonal_dominant_stochastic:0f7feef7c7880b20,row_diagonal_dominant_stochastic,11,0.1,float64,R2_C2,R0_C1,2000,2000,1.3371629317397866,2.139724217533577,2.3908403872530686,1.2080121268380224,1.8020296500149733,1.9705873839063643,0.9542422992183198,1.3418467422665272,1.4726741449276675,0.728910616714115,0.7216410904102726,0.26093754873819597,0.7690010555349497,0.0135
240,row_diagonal_dominant_stochastic:0f7feef7c7880b20,row_diagonal_dominant_stochastic,11,0.1,float64,R0_C0,R0_C1,2000,2000,1.0,1.0,1.0,1.0,1.0,1.0,1.0,1.0,1.0,nan,nan,0.0,0.0,0.0
241,row_diagonal_dominant_stochastic:0530909e2322226a,row_diagonal_dominant_stochastic,11,0.05,float32,R1_C1,R0_C1,2000,2000,1.3113005256051045,2.0248647932018025,2.303648128435773,1.2106824012856732,1.796027412420589,1.9796544365569786,1.0420301276760495,1.5130176770606256,1.6910943550488742,0.6405139393157007,0.6305918581479645,0.2680210188502088,0.8121865252454619,0.0245
241,row_diagonal_dominant_stochastic:0530909e2322226a,row_diagonal_dominant_stochastic,11,0.05,float32,R2_C2,R0_C1,2000,2000,1.3610063689963063,2.0983149853496323,2.434115502110803,1.2302830362696597,1.838384047027631,2.0354802113150465,1.034163272456793,1.5057322687696881,1.6541801916132288,0.6542017318884311,0.6495863508965877,0.27126971995447036,0.8396136537281472,0.0195
241,row_diagonal_dominant_stochastic:0530909e2322226a,row_diagonal_dominant_stochastic,11,0.05,float32,R0_C0,R0_C1,2000,2000,1.0,1.0,1.0,1.0,1.0,1.0,1.0,1.0,1.0,nan,nan,0.0,0.0,0.0
241,row_diagonal_dominant_stochastic:0530909e2322226a,row_diagonal_dominant_stochastic,11,0.05,float64,R1_C1,R0_C1,2000,2000,1.220694278310172,1.8973679713920109,2.1728325081726574,1.164397553764219,1.7278432759108695,1.9630580667512458,1.0356256906534291,1.485818855684407,1.6368415366559352,0.6589933150258441,0.6475700488925122,0.2767697353092682,0.7884300988596642,0.0135
241,row_diagonal_dominant_stochastic:0530909e2322226a,row_diagonal_dominant_stochastic,11,0.05,float64,R2_C2,R0_C1,2000,2000,1.2871937585972681,1.9572778120328231,2.213516993858274,1.1891619183443012,1.78406212132452,1.9642773447937496,1.0249729432188408,1.4791216653121146,1.6190255473287143,0.654499635501324,0.6470586357646589,0.2609754506241942,0.7994296220018163,0.015
241,row_diagonal_dominant_stochastic:0530909e2322226a,row_diagonal_dominant_stochastic,11,0.05,float64,R0_C0,R0_C1,2000,2000,1.0,1.0,1.0,1.0,1.0,1.0,1.0,1.0,1.0,nan,nan,0.0,0.0,0.0
242,row_diagonal_dominant_stochastic:f5393029996d2c29,row_diagonal_dominant_stochastic,11,0.02,float32,R1_C1,R0_C1,2000,2000,1.2713707251056936,1.9224032478862114,2.1796588168296287,1.137983862490307,1.6674603008173048,1.8669454554239733,1.0035802609315772,1.497762019881858,1.6679796892744072,0.5026532455265462,0.48266384466596124,0.3198829860643517,0.9561954184886977,0.041
242,row_diagonal_dominant_stochastic:f5393029996d2c29,row_diagonal_dominant_stochastic,11,0.02,float32,R2_C2,R0_C1,2000,2000,1.2848533572502918,1.986821157297878,2.2590725571686128,1.1472448437169758,1.6659031766647796,1.8536630830325018,0.9899260597354941,1.4553681081042753,1.6522510578851157,0.515895672320543,0.4987840951960238,0.3290103861704004,0.9606361057261108,0.0445
242,row_diagonal_dominant_stochastic:f5393029996d2c29,row_diagonal_dominant_stochastic,11,0.02,float32,R0_C0,R0_C1,2000,2000,1.0,1.0,1.0,1.0,1.0,1.0,1.0,1.0,1.0,nan,nan,0.0,0.0,0.0
242,row_diagonal_dominant_stochastic:f5393029996d2c29,row_diagonal_dominant_stochastic,11,0.02,float64,R1_C1,R0_C1,2000,2000,1.1869351382613913,1.8374377756556657,2.0870560615482714,1.1080159406219579,1.6567153666216543,1.861232309073751,0.9986969223946771,1.5163288157751356,1.702196944950704,0.5083030814459506,0.49150400837600206,0.31011135490927466,0.9281644918232927,0.0365
242,row_diagonal_dominant_stochastic:f5393029996d2c29,row_diagonal_dominant_stochastic,11,0.02,float64,R2_C2,R0_C1,2000,2000,1.227811015999846,1.8829358351458894,2.154713690522226,1.1216756331965527,1.6750883435380521,1.9001933206168822,0.9909759009640076,1.5085402024443009,1.6703381036421898,0.5418129980294119,0.5332846888211722,0.30413543893443085,0.9289961931014239,0.0345
242,row_diagonal_dominant_stochastic:f5393029996d2c29,row_diagonal_dominant_stochastic,11,0.02,float64,R0_C0,R0_C1,2000,2000,1.0,1.0,1.0,1.0,1.0,1.0,1.0,1.0,1.0,nan,nan,0.0,0.0,0.0
243,row_diagonal_dominant_stochastic:0d717c35c3b2f62d,row_diagonal_dominant_stochastic,11,0.01,float32,R1_C1,R0_C1,2000,2000,1.2289724655069556,1.9298588954649825,2.2705787150517502,1.105143985645026,1.6437999843939857,1.833298830754471,1.0033628408455666,1.5144131207435554,1.6958187316964797,0.5158358269617309,0.5121983390495848,0.3266911124969575,0.9672590208637829,0.0435
243,row_diagonal_dominant_stochastic:0d717c35c3b2f62d,row_diagonal_dominant_stochastic,11,0.01,float32,R2_C2,R0_C1,2000,2000,1.2635409676318445,1.983152033649107,2.2010593850781297,1.1310620868116323,1.6726911143661356,1.9453764615313005,0.9964907620572026,1.5232406636527005,1.7023134585901947,0.529365412318686,0.5259072834768208,0.3347271914405755,0.9639078994901873,0.043
243,row_diagonal_dominant_stochastic:0d717c35c3b2f62d,row_diagonal_dominant_stochastic,11,0.01,float32,R0_C0,R0_C1,2000,2000,1.0,1.0,1.0,1.0,1.0,1.0,1.0,1.0,1.0,nan,nan,0.0,0.0,0.0
243,row_diagonal_dominant_stochastic:0d717c35c3b2f62d,row_diagonal_dominant_stochastic,11,0.01,float64,R1_C1,R0_C1,2000,2000,1.1866272210906732,1.818225281738164,2.0607706226569475,1.0732197410077873,1.5777114728762756,1.7952786808172478,0.9832012148623877,1.5020055896650717,1.6973088314353693,0.4766827251976527,0.45219223854805957,0.344492480562611,0.9390407409061078,0.0355
243,row_diagonal_dominant_stochastic:0d717c35c3b2f62d,row_diagonal_dominant_stochastic,11,0.01,float64,R2_C2,R0_C1,2000,2000,1.2135957943343099,1.8790854280933778,2.154750602700628,1.0982825879282112,1.617282867368352,1.7885009519003727,0.9927099003631805,1.4724494192143414,1.6436149191053882,0.4970783378741524,0.48738993784748447,0.3382364929576903,0.9722750502739804,0.0425
243,row_diagonal_dominant_stochastic:0d717c35c3b2f62d,row_diagonal_dominant_stochastic,11,0.01,float64,R0_C0,R0_C1,2000,2000,1.0,1.0,1.0,1.0,1.0,1.0,1.0,1.0,1.0,nan,nan,0.0,0.0,0.0
244,row_diagonal_dominant_stochastic:6bb9c9b7e1526958,row_diagonal_dominant_stochastic,11,0.005,float32,R1_C1,R0_C1,2000,2000,1.2150618873375145,1.8876200966157624,2.1355386982985727,1.065945610822509,1.5899392337628053,1.8057430861795427,0.9840167776297151,1.4856051873942193,1.6838285061937708,0.43831132454432475,0.42978105394526345,0.3447928773144213,1.0308805469315814,0.0585
244,row_diagonal_dominant_stochastic:6bb9c9b7e1526958,row_diagonal_dominant_stochastic,11,0.005,float32,R2_C2,R0_C1,2000,2000,1.2241325778129937,1.9120159518021005,2.177841023458551,1.089724174701261,1.6147337875364185,1.8007363585210685,0.9882194949179823,1.5092049891455106,1.67187945974681,0.4653416233572973,0.453684567921142,0.34991950258942894,1.0170738167330315,0.054
244,row_diagonal_dominant_stochastic:6bb9c9b7e1526958,row_diagonal_dominant_stochastic,11,0.005,float32,R0_C0,R0_C1,2000,2000,1.0,1.0,1.0,1.0,1.0,1.0,1.0,1.0,1.0,nan,nan,0.0,0.0,0.0
244,row_diagonal_dominant_stochastic:6bb9c9b7e1526958,row_diagonal_dominant_stochastic,11,0.005,float64,R1_C1,R0_C1,2000,2000,1.189724719250549,1.8277578202843567,2.0477327699676104,1.0716157742872883,1.6039592770185938,1.7837260282989076,0.9872484154655876,1.4872679340522326,1.6577931485027764,0.48933522453679096,0.4924284526071131,0.3251572202946853,0.9874900840086221,0.0475
244,row_diagonal_dominant_stochastic:6bb9c9b7e1526958,row_diagonal_dominant_stochastic,11,0.005,float64,R2_C2,R0_C1,2000,2000,1.2032185151304051,1.8539142814528633,2.1324563530950194,1.0810048767477942,1.6396002971235548,1.8286394466099036,0.973030906282396,1.5067745451002288,1.6893609067809563,0.4951734226170316,0.473905823976456,0.33712465468333286,0.9677867603353701,0.0405
244,row_diagonal_dominant_stochastic:6bb9c9b7e1526958,row_diagonal_dominant_stochastic,11,0.005,float64,R0_C0,R0_C1,2000,2000,1.0,1.0,1.0,1.0,1.0,1.0,1.0,1.0,1.0,nan,nan,0.0,0.0,0.0
245,row_diagonal_dominant_stochastic:103e29b8022442fa,row_diagonal_dominant_stochastic,11,0.002,float32,R1_C1,R0_C1,2000,2000,1.2053657683863956,1.85089883922547,2.100953653559478,1.079131141444904,1.5798798132234886,1.7780372660453305,0.9815561161052239,1.482872582813112,1.6692637211746946,0.42027388014955913,0.4126139501534875,0.33992759589679816,1.037681103254361,0.0575
245,row_diagonal_dominant_stochastic:103e29b8022442fa,row_diagonal_dominant_stochastic,11,0.002,float32,R2_C2,R0_C1,2000,2000,1.203309180409974,1.904004095833538,2.128175119088747,1.0741956692709715,1.6010957723841823,1.806053950765442,0.9851353408920152,1.5233912114442656,1.7051302617715134,0.45273951179680094,0.4336759384189846,0.3605312040541398,1.017228336133283,0.055
245,row_diagonal_dominant_stochastic:103e29b8022442fa,row_diagonal_dominant_stochastic,11,0.002,float32,R0_C0,R0_C1,2000,2000,1.0,1.0,1.0,1.0,1.0,1.0,1.0,1.0,1.0,nan,nan,0.0,0.0,0.0
245,row_diagonal_dominant_stochastic:103e29b8022442fa,row_diagonal_dominant_stochastic,11,0.002,float64,R1_C1,R0_C1,2000,2000,1.1885706185264397,1.796260899389869,2.0354239105781344,1.062834052671339,1.561942640073186,1.7823383866974514,0.9787413014543112,1.4826200471500566,1.6549245465214155,0.42724593196618393,0.4162167605541901,0.36902713165639545,1.035874358056862,0.057
245,row_diagonal_dominant_stochastic:103e29b8022442fa,row_diagonal_dominant_stochastic,11,0.002,float64,R2_C2,R0_C1,2000,2000,1.1872695241143676,1.8507432923344123,2.0832065565020264,1.052951795744816,1.5818385731066613,1.7546743076632527,0.9676503021217453,1.4845464093608856,1.672187973571489,0.4353323582449866,0.42473475268368815,0.34745521457078843,1.043970322311398,0.064
245,row_diagonal_dominant_stochastic:103e29b8022442fa,row_diagonal_dominant_stochastic,11,0.002,float64,R0_C0,R0_C1,2000,2000,1.0,1.0,1.0,1.0,1.0,1.0,1.0,1.0,1.0,nan,nan,0.0,0.0,0.0
246,row_diagonal_dominant_stochastic:3f149f338e70104c,row_diagonal_dominant_stochastic,11,0.001,float32,R1_C1,R0_C1,2000,2000,1.1760662233796608,1.8467056048492365,2.0362396005480496,1.0575625870459837,1.5732243231230914,1.7757649809855727,0.9788541135433296,1.4960153624927433,1.6943909790009015,0.4517968831539166,0.43358633439658356,0.3527557827234483,1.0071875299655924,0.052
246,row_diagonal_dominant_stochastic:3f149f338e70104c,row_diagonal_dominant_stochastic,11,0.001,float32,R2_C2,R0_C1,2000,2000,1.1946756882646503,1.8357235409892385,2.0847066876594176,1.057951737209006,1.539273681755263,1.731628978296255,0.9619787850084032,1.4683009931811237,1.6684476220390378,0.44246826968768543,0.4395420018855005,0.36220133287190326,1.0311437841100237,0.053
246,row_diagonal_dominant_stochastic:3f149f338e70104c,row_diagonal_dominant_stochastic,11,0.001,float32,R0_C0,R0_C1,2000,2000,1.0,1.0,1.0,1.0,1.0,1.0,1.0,1.0,1.0,nan,nan,0.0,0.0,0.0
246,row_diagonal_dominant_stochastic:3f149f338e70104c,row_diagonal_dominant_stochastic,11,0.001,float64,R1_C1,R0_C1,2000,2000,1.173037304511656,1.8208730053980149,2.0783673270020624,1.0509136969138178,1.5698267458197235,1.7400531255382958,0.9540523267940804,1.4550612048271985,1.6165603006372395,0.44945791570515453,0.43662965965741496,0.35580405469683446,1.052066452443482,0.0605
246,row_diagonal_dominant_stochastic:3f149f338e70104c,row_diagonal_dominant_stochastic,11,0.001,float64,R2_C2,R0_C1,2000,2000,1.1811055470675864,1.859394845918575,2.0968402259358783,1.0563935018128614,1.574934683005278,1.7756620071368092,0.9783950484038213,1.4785740701266528,1.634369639266753,0.47192663691155756,0.45950153337538324,0.3402952352992866,1.0438208370784299,0.0585
246,row_diagonal_dominant_stochastic:3f149f338e70104c,row_diagonal_dominant_stochastic,11,0.001,float64,R0_C0,R0_C1,2000,2000,1.0,1.0,1.0,1.0,1.0,1.0,1.0,1.0,1.0,nan,nan,0.0,0.0,0.0
336,row_diagonal_dominant_random:93e6f52ebdb3ac55,row_diagonal_dominant_random,16,0.5,float32,R1_C1,R0_C1,2000,2000,1.479781616632251,2.27646733547707,2.58930280954034,1.0509574722681299,1.7143874150518845,1.9863029013207003,1.001943413902752,1.6786832723212008,1.92774803089556,0.14889474418291995,0.1402464455616114,0.5853828801872403,1.5806220655100625,0.2355
336,row_diagonal_dominant_random:93e6f52ebdb3ac55,row_diagonal_dominant_random,16,0.5,float32,R2_C2,R0_C1,2000,2000,1.4871098817664388,2.298395445789277,2.6281577284407556,1.0606525655089176,1.7242760078317547,1.9927230199716706,0.9906563792238949,1.6619498503441692,1.9262799607108672,0.08693725738235442,0.07830799057699764,0.5959265750102711,1.608945023132605,0.251
336,row_diagonal_dominant_random:93e6f52ebdb3ac55,row_diagonal_dominant_random,16,0.5,float32,R0_C0,R0_C1,2000,2000,1.0,1.0,1.0,1.0,1.0,1.0,1.0,1.0,1.0,nan,nan,0.0,0.0,0.0
336,row_diagonal_dominant_random:93e6f52ebdb3ac55,row_diagonal_dominant_random,16,0.5,float64,R1_C1,R0_C1,2000,2000,1.1866158897391994,1.8033566842044828,2.016086920651683,1.0338176620345412,1.6766831449789912,1.9125988179413467,1.0039376892905945,1.6784476439343812,1.9361635359517793,0.08939720917272033,0.08581079445269861,0.48169105432626735,1.4145942667509248,0.1575
336,row_diagonal_dominant_random:93e6f52ebdb3ac55,row_diagonal_dominant_random,16,0.5,float64,R2_C2,R0_C1,2000,2000,1.2005291385982675,1.7687375311147637,2.0303964033801534,1.0218030442829806,1.6485815367554062,1.8790065024906546,0.9965510761751598,1.6486481366328367,1.9214367285069227,0.08446965319156026,0.07659398814849704,0.49608998985650155,1.3873814514940974,0.1555
336,row_diagonal_dominant_random:93e6f52ebdb3ac55,row_diagonal_dominant_random,16,0.5,float64,R0_C0,R0_C1,2000,2000,1.0,1.0,1.0,1.0,1.0,1.0,1.0,1.0,1.0,nan,nan,0.0,0.0,0.0
337,row_diagonal_dominant_random:03e59f7215597618,row_diagonal_dominant_random,16,0.3,float32,R1_C1,R0_C1,2000,2000,1.5495257169562358,2.4610061746839507,2.846737327057218,1.118765312761456,1.7122918145007422,1.9578339957164805,0.9977453060729198,1.6134861414662036,1.866833844860255,0.22020278351418734,0.1884232236058059,0.570194955784757,1.507534092414418,0.2225
337,row_diagonal_dominant_random:03e59f7215597618,row_diagonal_dominant_random,16,0.3,float32,R2_C2,R0_C1,2000,2000,1.5793836902886915,2.519815225223615,2.9096298901419693,1.1103352504990864,1.7207248951041034,1.9193904039971412,0.9738611235590222,1.610453695536702,1.8537846663823883,0.24190749115744148,0.2073667208416802,0.5855731629201966,1.5221675916467103,0.229
337,row_diagonal_dominant_random:03e59f7215597618,row_diagonal_dominant_random,16,0.3,float32,R0_C0,R0_C1,2000,2000,1.0,1.0,1.0,1.0,1.0,1.0,1.0,1.0,1.0,nan,nan,0.0,0.0,0.0
337,row_diagonal_dominant_random:03e59f7215597618,row_diagonal_dominant_random,16,0.3,float64,R1_C1,R0_C1,2000,2000,1.2227822907196408,1.876407191817964,2.082020409554998,1.028082602502411,1.6128920653599554,1.792318351252404,0.9845854492178766,1.6191296838186395,1.854404812361015,0.18905990519874447,0.1764406656101664,0.44807672256387543,1.2967085004854837,0.1455
337,row_diagonal_dominant_random:03e59f7215597618,row_diagonal_dominant_random,16,0.3,float64,R2_C2,R0_C1,2000,2000,1.2352405955188783,1.8587862656720586,2.1198631154701197,1.0380477371698231,1.5774572021645443,1.817805370950163,0.9867410978478295,1.5913523133155592,1.847935953937398,0.17291366155735788,0.16367604191901047,0.46410698925661853,1.267983773876113,0.1205
337,row_diagonal_dominant_random:03e59f7215597618,row_diagonal_dominant_random,16,0.3,float64,R0_C0,R0_C1,2000,2000,1.0,1.0,1.0,1.0,1.0,1.0,1.0,1.0,1.0,nan,nan,0.0,0.0,0.0
338,row_diagonal_dominant_random:c6616c01f005a03d,row_diagonal_dominant_random,16,0.2,float32,R1_C1,R0_C1,2000,2000,1.5909977099503352,2.5519242131659485,2.9074008014655472,1.169058175202252,1.7898962337783633,1.9932506356211623,0.9947927108206995,1.6523727164919433,1.8807878225598766,0.3355608456267587,0.3100200385050096,0.5356615956600792,1.4150742780528294,0.181
338,row_diagonal_dominant_random:c6616c01f005a03d,row_diagonal_dominant_random,16,0.2,float32,R2_C2,R0_C1,2000,2000,1.6482141147156817,2.6429878669619673,3.031023023820094,1.1898448241075015,1.812443861062821,2.043341158334504,0.9851834705320497,1.6084462786366787,1.8947596775495386,0.33044663406238156,0.31161642740410683,0.5669578563342986,1.4294453696999798,0.2
338,row_diagonal_dominant_random:c6616c01f005a03d,row_diagonal_dominant_random,16,0.2,float32,R0_C0,R0_C1,2000,2000,1.0,1.0,1.0,1.0,1.0,1.0,1.0,1.0,1.0,nan,nan,0.0,0.0,0.0
338,row_diagonal_dominant_random:c6616c01f005a03d,row_diagonal_dominant_random,16,0.2,float64,R1_C1,R0_C1,2000,2000,1.2454059996168172,1.8694960633859183,2.0838829399162586,1.0741568792419112,1.6448746844306548,1.834964128581787,1.00506328561071,1.6268575499486397,1.8757912664433811,0.2662500445946817,0.2557879404469851,0.4127584896101419,1.189970315253383,0.0945
338,row_diagonal_dominant_random:c6616c01f005a03d,row_diagonal_dominant_random,16,0.2,float64,R2_C2,R0_C1,2000,2000,1.2608958420806162,1.9037796697470655,2.1206007812086995,1.0608806141815021,1.6057196705917112,1.8113050845594574,0.9828154962394362,1.5658567940375998,1.775707453192894,0.28637090910892565,0.27982450295612576,0.4059278610854724,1.1864360223475932,0.108
338,row_diagonal_dominant_random:c6616c01f005a03d,row_diagonal_dominant_random,16,0.2,float64,R0_C0,R0_C1,2000,2000,1.0,1.0,1.0,1.0,1.0,1.0,1.0,1.0,1.0,nan,nan,0.0,0.0,0.0
339,row_diagonal_dominant_random:85f3946f6e4679ec,row_diagonal_dominant_random,16,0.1,float32,R1_C1,R0_C1,2000,2000,1.6417483754442437,2.5573979015153103,2.934279536848895,1.1991210742370564,1.8260811298543256,2.0607545126487077,0.9835849763602966,1.5547206491684886,1.7541124639476113,0.43614313940731203,0.41863145965786486,0.5042717215280045,1.252816658268835,0.1385
339,row_diagonal_dominant_random:85f3946f6e4679ec,row_diagonal_dominant_random,16,0.1,float32,R2_C2,R0_C1,2000,2000,1.643185765324138,2.6852975240823462,3.072845401584153,1.2246590157004573,1.8497791449405139,2.101525755432284,0.9866954130934393,1.563668629754626,1.7660728255130194,0.46292659406595477,0.43856069864017466,0.5025417306417501,1.2735102294653666,0.139
339,row_diagonal_dominant_random:85f3946f6e4679ec,row_diagonal_dominant_random,16,0.1,float32,R0_C0,R0_C1,2000,2000,1.0,1.0,1.0,1.0,1.0,1.0,1.0,1.0,1.0,nan,nan,0.0,0.0,0.0
339,row_diagonal_dominant_random:85f3946f6e4679ec,row_diagonal_dominant_random,16,0.1,float64,R1_C1,R0_C1,2000,2000,1.247004552188032,1.8638449844061271,2.1025476477557525,1.0857407545775,1.6217605179224417,1.8145095893716348,0.9985925402315546,1.5785916068947634,1.7682783118220178,0.3613532491388386,0.34771208542802134,0.3683280618287571,1.0556092747306574,0.066
339,row_diagonal_dominant_random:85f3946f6e4679ec,row_diagonal_dominant_random,16,0.1,float64,R2_C2,R0_C1,2000,2000,1.2736515986494754,1.8982351260473997,2.148635007294102,1.1016701640180888,1.6217502728947488,1.771154758675684,1.0002869392133262,1.5870309061324308,1.8010900238727243,0.36227249629266645,0.34473833018458255,0.3756331070728791,1.0690057506208475,0.0685
339,row_diagonal_dominant_random:85f3946f6e4679ec,row_diagonal_dominant_random,16,0.1,float64,R0_C0,R0_C1,2000,2000,1.0,1.0,1.0,1.0,1.0,1.0,1.0,1.0,1.0,nan,nan,0.0,0.0,0.0
340,row_diagonal_dominant_random:2976d44433ad1387,row_diagonal_dominant_random,16,0.05,float32,R1_C1,R0_C1,2000,2000,1.6094217786706606,2.5984941339667387,2.9233247814186827,1.21983684905041,1.8174680408611916,2.03703869883248,0.9803993409190259,1.4930990606955339,1.6734171538213753,0.4998519849322404,0.46575591393897847,0.4639659784952174,1.1862666631044572,0.108
340,row_diagonal_dominant_random:2976d44433ad1387,row_diagonal_dominant_random,16,0.05,float32,R2_C2,R0_C1,2000,2000,1.6423857281407228,2.6514040590172145,2.98740691276891,1.2366717996654661,1.8488238212970285,2.056288239287318,0.9834743641029492,1.5191709057198408,1.7083005222546994,0.47691315579972393,0.456317148079287,0.47549745124410936,1.2142072864374955,0.1225
340,row_diagonal_dominant_random:2976d44433ad1387,row_diagonal_dominant_random,16,0.05,float32,R0_C0,R0_C1,2000,2000,1.0,1.0,1.0,1.0,1.0,1.0,1.0,1.0,1.0,nan,nan,0.0,0.0,0.0
340,row_diagonal_dominant_random:2976d44433ad1387,row_diagonal_dominant_random,16,0.05,float64,R1_C1,R0_C1,2000,2000,1.2516014379115616,1.8373486679534212,2.086100188337044,1.0993202337574206,1.5812915837259134,1.7435799605303812,0.9994172259455552,1.5297649636121409,1.7328508811918402,0.3979373134798611,0.38360171390042846,0.34250747103425916,0.9948812878402025,0.0495
340,row_diagonal_dominant_random:2976d44433ad1387,row_diagonal_dominant_random,16,0.05,float64,R2_C2,R0_C1,2000,2000,1.2757448508901774,1.8794193504925993,2.127838533407362,1.098639629460382,1.6189907772956793,1.813264310736241,0.9806947671144317,1.5089577346546934,1.713531433016363,0.4484387219691434,0.43737197084299273,0.34982047175281905,0.9812689716974909,0.0475
340,row_diagonal_dominant_random:2976d44433ad1387,row_diagonal_dominant_random,16,0.05,float64,R0_C0,R0_C1,2000,2000,1.0,1.0,1.0,1.0,1.0,1.0,1.0,1.0,1.0,nan,nan,0.0,0.0,0.0
341,row_diagonal_dominant_random:8a85d76f30eb75a6,row_diagonal_dominant_random,16,0.02,float32,R1_C1,R0_C1,2000,2000,1.6208111028377554,2.504744620567137,2.90992728827703,1.1076340603010904,1.6811089413857156,1.899510791938448,0.8632534250240429,1.385108247813815,1.5850673279166985,0.38338240167197846,0.3557255704313926,0.5692623001100505,1.4721305674199403,0.2125
341,row_diagonal_dominant_random:8a85d76f30eb75a6,row_diagonal_dominant_random,16,0.02,float32,R2_C2,R0_C1,2000,2000,1.6558208406148398,2.632159689439609,3.044449061397204,1.1436316351539133,1.7427217996203679,1.960524701846252,0.8642980668352063,1.4036763386213194,1.6027559894004904,0.3960391178404383,0.38075935418983853,0.5712090805680842,1.4701332157946927,0.223
341,row_diagonal_dominant_random:8a85d76f30eb75a6,row_diagonal_dominant_random,16,0.02,float32,R0_C0,R0_C1,2000,2000,1.0,1.0,1.0,1.0,1.0,1.0,1.0,1.0,1.0,nan,nan,0.0,0.0,0.0
341,row_diagonal_dominant_random:8a85d76f30eb75a6,row_diagonal_dominant_random,16,0.02,float64,R1_C1,R0_C1,2000,2000,1.235096545233497,1.832848719076644,2.007911561376698,1.0216966141550183,1.5112921021082482,1.6769887252897457,0.8674595537364789,1.4183812564085478,1.61768898359828,0.38443869937828024,0.36627122856780714,0.37734361418815143,1.1362285587509542,0.081
341,row_diagonal_dominant_random:8a85d76f30eb75a6,row_diagonal_dominant_random,16,0.02,float64,R2_C2,R0_C1,2000,2000,1.2615380676791208,1.8701112451077284,2.103433080582686,1.043036470935256,1.5468447101100293,1.7223053992893094,0.8632443787774944,1.3633319619097592,1.5459538863351303,0.3547619669344229,0.3337550364387591,0.388963321000967,1.1775350967083162,0.0855
341,row_diagonal_dominant_random:8a85d76f30eb75a6,row_diagonal_dominant_random,16,0.02,float64,R0_C0,R0_C1,2000,2000,1.0,1.0,1.0,1.0,1.0,1.0,1.0,1.0,1.0,nan,nan,0.0,0.0,0.0
342,row_diagonal_dominant_random:3cf57fa76b9a551c,row_diagonal_dominant_random,16,0.01,float32,R1_C1,R0_C1,2000,2000,1.5293298171033196,2.356723191009482,2.6728155854428626,1.0226391679512812,1.5716879309758731,1.7681178507490545,0.8116172895539818,1.3302829250177504,1.5457972341884496,0.33587582711125474,0.31109682427420604,0.6145886065569384,1.5167728536307215,0.244
342,row_diagonal_dominant_random:3cf57fa76b9a551c,row_diagonal_dominant_random,16,0.01,float32,R2_C2,R0_C1,2000,2000,1.5904648915923483,2.52413591662875,2.9500063665963268,1.05446876446674,1.6512764339053438,1.8537060472181721,0.8181670153959051,1.3443062307733624,1.5603498258845976,0.375425407777117,0.3431656502914126,0.6240923671751565,1.5205200682824962,0.26
342,row_diagonal_dominant_random:3cf57fa76b9a551c,row_diagonal_dominant_random,16,0.01,float32,R0_C0,R0_C1,2000,2000,1.0,1.0,1.0,1.0,1.0,1.0,1.0,1.0,1.0,nan,nan,0.0,0.0,0.0
342,row_diagonal_dominant_random:3cf57fa76b9a551c,row_diagonal_dominant_random,16,0.01,float64,R1_C1,R0_C1,2000,2000,1.2225713798427467,1.8421843026416924,2.0291079021338785,0.9501953276297265,1.4835849946321373,1.68181721746809,0.8057637608534245,1.293199590236873,1.458182899446603,0.32438237217544036,0.30382632395658093,0.4478960705868773,1.2572549494737961,0.127
342,row_diagonal_dominant_random:3cf57fa76b9a551c,row_diagonal_dominant_random,16,0.01,float64,R2_C2,R0_C1,2000,2000,1.2208260581535437,1.8587568465888018,2.0756867499570046,0.9598945648948443,1.477498935158555,1.6252583493117987,0.8163555504140909,1.337527323970261,1.486035010337856,0.3013895633351382,0.2914162643540661,0.4547803441825623,1.2677413605951562,0.13
342,row_diagonal_dominant_random:3cf57fa76b9a551c,row_diagonal_dominant_random,16,0.01,float64,R0_C0,R0_C1,2000,2000,1.0,1.0,1.0,1.0,1.0,1.0,1.0,1.0,1.0,nan,nan,0.0,0.0,0.0
343,row_diagonal_dominant_random:4cbd4f5958f010f8,row_diagonal_dominant_random,16,0.005,float32,R1_C1,R0_C1,2000,2000,1.4997628728531622,2.318454508973837,2.6187083334233945,0.9747094288642104,1.5266225164725682,1.7224767486430732,0.7619245086619806,1.2422329763330846,1.4295576758074442,0.30763537442770245,0.2797967139491785,0.6561084021438995,1.5905209392487494,0.2695
343,row_diagonal_dominant_random:4cbd4f5958f010f8,row_diagonal_dominant_random,16,0.005,float32,R2_C2,R0_C1,2000,2000,1.5399398735131709,2.3651510410184002,2.6629010926527785,0.9930825893498889,1.552596516866651,1.7615283881738564,0.7830317915953151,1.2872677542192614,1.4740558140254243,0.3726331704349551,0.3515372288843072,0.6735043767532853,1.5101056928540073,0.2585
343,row_diagonal_dominant_random:4cbd4f5958f010f8,row_diagonal_dominant_random,16,0.005,float32,R0_C0,R0_C1,2000,2000,1.0,1.0,1.0,1.0,1.0,1.0,1.0,1.0,1.0,nan,nan,0.0,0.0,0.0
343,row_diagonal_dominant_random:4cbd4f5958f010f8,row_diagonal_dominant_random,16,0.005,float64,R1_C1,R0_C1,2000,2000,1.194975674438635,1.7837568794535883,1.9672635945535608,0.9207436200785671,1.3729772639194022,1.5760184826683297,0.7678772565185311,1.2437399685047392,1.402476130295784,0.22073857292932283,0.2143930660982665,0.4872004317637361,1.3060476758467623,0.153
343,row_diagonal_dominant_random:4cbd4f5958f010f8,row_diagonal_dominant_random,16,0.005,float64,R2_C2,R0_C1,2000,2000,1.2146059516164258,1.7861322218278488,2.0191365873601117,0.9511424084733142,1.4324824652976078,1.6400682714603714,0.791452096017544,1.327064598208512,1.5613615025513998,0.26903483024577923,0.25423430755857684,0.4750186630742025,1.29226317506576,0.151
343,row_diagonal_dominant_random:4cbd4f5958f010f8,row_diagonal_dominant_random,16,0.005,float64,R0_C0,R0_C1,2000,2000,1.0,1.0,1.0,1.0,1.0,1.0,1.0,1.0,1.0,nan,nan,0.0,0.0,0.0
344,row_diagonal_dominant_random:9493eb0855127051,row_diagonal_dominant_random,16,0.002,float32,R1_C1,R0_C1,2000,2000,1.4817643045488964,2.271384721282356,2.521280061781068,0.9556645666672877,1.4979629831043904,1.70107531232227,0.770458874784636,1.254257604537836,1.4111065243812073,0.31779863893134147,0.2983101940775485,0.667746037604072,1.5115592014977373,0.27
344,row_diagonal_dominant_random:9493eb0855127051,row_diagonal_dominant_random,16,0.002,float32,R2_C2,R0_C1,2000,2000,1.5181694750661525,2.333511691379235,2.6631302255801708,0.9900605072748927,1.5242793547759508,1.7569431209567483,0.7999834675812125,1.2747173236086646,1.453808642288486,0.3097926552788504,0.2825379016344754,0.6803762710171366,1.5269867421959582,0.2815
344,row_diagonal_dominant_random:9493eb0855127051,row_diagonal_dominant_random,16,0.002,float32,R0_C0,R0_C1,2000,2000,1.0,1.0,1.0,1.0,1.0,1.0,1.0,1.0,1.0,nan,nan,0.0,0.0,0.0
344,row_diagonal_dominant_random:9493eb0855127051,row_diagonal_dominant_random,16,0.002,float64,R1_C1,R0_C1,2000,2000,1.2123890114480536,1.7642605361131185,1.9541047801287188,0.915446505793533,1.397874386047248,1.5885330669009161,0.7713734323972654,1.232518879941799,1.4253865957868912,0.24058759929278556,0.2335004983751246,0.49023998639034577,1.3325556347639962,0.147
344,row_diagonal_dominant_random:9493eb0855127051,row_diagonal_dominant_random,16,0.002,float64,R2_C2,R0_C1,2000,2000,1.2157013060625588,1.8145477532600192,2.012249876897902,0.9282659483403701,1.3964859178035358,1.5786742955385606,0.7947583132128649,1.3045344952210214,1.5216699446448412,0.2465303137935008,0.23984087546021887,0.49769169876189606,1.338113454762578,0.156
344,row_diagonal_dominant_random:9493eb0855127051,row_diagonal_dominant_random,16,0.002,float64,R0_C0,R0_C1,2000,2000,1.0,1.0,1.0,1.0,1.0,1.0,1.0,1.0,1.0,nan,nan,0.0,0.0,0.0
345,row_diagonal_dominant_random:c93186b88112adec,row_diagonal_dominant_random,16,0.001,float32,R1_C1,R0_C1,2000,2000,1.4702580424620448,2.186478301920119,2.563075096599671,0.9553925464760906,1.4547747118980434,1.642784739326032,0.765817928215452,1.2424682586054536,1.4183786907851217,0.31904958441348624,0.2980163020040755,0.6452289780283456,1.560992259645047,0.251
345,row_diagonal_dominant_random:c93186b88112adec,row_diagonal_dominant_random,16,0.001,float32,R2_C2,R0_C1,2000,2000,1.5141444291999373,2.351143705188806,2.6425344465279523,0.9742578844332825,1.5202683035050923,1.7280411337017585,0.785179049142732,1.2899699764754111,1.4730361143257904,0.3785581592727726,0.34263386415846603,0.6814139211894626,1.512594532118277,0.2585
345,row_diagonal_dominant_random:c93186b88112adec,row_diagonal_dominant_random,16,0.001,float32,R0_C0,R0_C1,2000,2000,1.0,1.0,1.0,1.0,1.0,1.0,1.0,1.0,1.0,nan,nan,0.0,0.0,0.0
345,row_diagonal_dominant_random:c93186b88112adec,row_diagonal_dominant_random,16,0.001,float64,R1_C1,R0_C1,2000,2000,1.1956668263959838,1.7236419847102682,1.895099452433612,0.9053713574952302,1.368086501757621,1.5558131511801478,0.765020981808355,1.2285273865523056,1.4057888057202084,0.2424655764098537,0.22623466155866537,0.47416125232006134,1.3464034656308685,0.1515
345,row_diagonal_dominant_random:c93186b88112adec,row_diagonal_dominant_random,16,0.001,float64,R2_C2,R0_C1,2000,2000,1.212650549241103,1.772469789633245,1.990449147515172,0.9414979379638984,1.4224983168531187,1.628951185088177,0.8024221505333555,1.3255956130835864,1.5213657669972507,0.23569885585088712,0.22937708584427144,0.4820075839376593,1.3668394042115857,0.143
345,row_diagonal_dominant_random:c93186b88112adec,row_diagonal_dominant_random,16,0.001,float64,R0_C0,R0_C1,2000,2000,1.0,1.0,1.0,1.0,1.0,1.0,1.0,1.0,1.0,nan,nan,0.0,0.0,0.0
366,row_diagonal_dominant_stochastic:021519ee0a19df7c,row_diagonal_dominant_stochastic,16,0.5,float32,R1_C1,R0_C1,2000,2000,1.4666102980920133,2.3434996286018572,2.7325239157756642,1.058063695770504,1.6759648817929114,1.8850065919875738,1.0009715509584003,1.6389507725385517,1.913320779336628,0.17543581100956965,0.17984771996193,0.5685309895603725,1.5328004257385799,0.2205
366,row_diagonal_dominant_stochastic:021519ee0a19df7c,row_diagonal_dominant_stochastic,16,0.5,float32,R2_C2,R0_C1,2000,2000,1.486584650229525,2.4038023200433063,2.7187286801323034,1.0594550231702882,1.6821997330498402,1.897216145612521,1.0059192126556717,1.6376811215799691,1.9130355647691208,0.1877841305715208,0.17490997672749417,0.5988816238456778,1.5851733518003357,0.2365
366,row_diagonal_dominant_stochastic:021519ee0a19df7c,row_diagonal_dominant_stochastic,16,0.5,float32,R0_C0,R0_C1,2000,2000,1.0,1.0,1.0,1.0,1.0,1.0,1.0,1.0,1.0,nan,nan,0.0,0.0,0.0
366,row_diagonal_dominant_stochastic:021519ee0a19df7c,row_diagonal_dominant_stochastic,16,0.5,float64,R1_C1,R0_C1,2000,2000,1.1896330850220012,1.7725489816189632,2.001702021361313,1.024470277120465,1.6556415468444636,1.87042792391879,0.9996936378943511,1.6753895592788377,1.8872317674014614,0.08327864898273056,0.07918119329529832,0.4660193368078634,1.35826637629624,0.1465
366,row_diagonal_dominant_stochastic:021519ee0a19df7c,row_diagonal_dominant_stochastic,16,0.5,float64,R2_C2,R0_C1,2000,2000,1.2020076094495344,1.823490974659647,2.04845645236355,1.0203250355028775,1.6580553073082376,1.8509937543903359,0.9857534285804963,1.6290714466776761,1.8609813593507565,0.11447560422885261,0.1191172872793218,0.4791720985852712,1.3840138168316376,0.149
366,row_diagonal_dominant_stochastic:021519ee0a19df7c,row_diagonal_dominant_stochastic,16,0.5,float64,R0_C0,R0_C1,2000,2000,1.0,1.0,1.0,1.0,1.0,1.0,1.0,1.0,1.0,nan,nan,0.0,0.0,0.0
367,row_diagonal_dominant_stochastic:de30837b1853aaf8,row_diagonal_dominant_stochastic,16,0.3,float32,R1_C1,R0_C1,2000,2000,1.5728202245562777,2.4844036290382534,2.7795229143789353,1.1429501208025377,1.7377940067281776,1.97126661498071,0.9821088554986112,1.5824734717138331,1.7976876916751496,0.3385039950162277,0.32527277581819397,0.5201288552022976,1.3629788262890743,0.174
367,row_diagonal_dominant_stochastic:de30837b1853aaf8,row_diagonal_dominant_stochastic,16,0.3,float32,R2_C2,R0_C1,2000,2000,1.6067728161756554,2.5006743578436392,2.877610427899011,1.166424963911399,1.7407898637947288,1.9227873737759322,0.9985969139864492,1.5991141129737374,1.8112169972793708,0.3321111672384934,0.31465549266387316,0.5189695103334139,1.3593998401241605,0.1765
367,row_diagonal_dominant_stochastic:de30837b1853aaf8,row_diagonal_dominant_stochastic,16,0.3,float32,R0_C0,R0_C1,2000,2000,1.0,1.0,1.0,1.0,1.0,1.0,1.0,1.0,1.0,nan,nan,0.0,0.0,0.0
367,row_diagonal_dominant_stochastic:de30837b1853aaf8,row_diagonal_dominant_stochastic,16,0.3,float64,R1_C1,R0_C1,2000,2000,1.254558104181175,1.8325662803348852,2.051124597273575,1.0795654117544096,1.6339655557997244,1.831950165111501,1.0134899139501794,1.6073149862250637,1.8606921181533054,0.29066734262432997,0.2824462576115644,0.38952989374112224,1.108634937287719,0.0755
367,row_diagonal_dominant_stochastic:de30837b1853aaf8,row_diagonal_dominant_stochastic,16,0.3,float64,R2_C2,R0_C1,2000,2000,1.2594686308346321,1.8362389590540888,2.059555900291263,1.0657710054422802,1.5907861081408448,1.7823879173824237,0.9818074416862925,1.5982245869206786,1.8014213959626388,0.2668874443944523,0.2555544533886133,0.3853309979454953,1.1482356166155587,0.0885
367,row_diagonal_dominant_stochastic:de30837b1853aaf8,row_diagonal_dominant_stochastic,16,0.3,float64,R0_C0,R0_C1,2000,2000,1.0,1.0,1.0,1.0,1.0,1.0,1.0,1.0,1.0,nan,nan,0.0,0.0,0.0
368,row_diagonal_dominant_stochastic:85d04ae4513fe85f,row_diagonal_dominant_stochastic,16,0.2,float32,R1_C1,R0_C1,2000,2000,1.6118286949809204,2.480013637038745,2.8484339894773916,1.2869512516049033,1.8574255224953737,2.0325751376810013,0.9753434461504911,1.5035746166337698,1.7016768042388262,0.5792460918439261,0.5631458802864701,0.3570294184848506,1.0330465787461895,0.0575
368,row_diagonal_dominant_stochastic:85d04ae4513fe85f,row_diagonal_dominant_stochastic,16,0.2,float32,R2_C2,R0_C1,2000,2000,1.6281235721222855,2.4735254648060385,2.8060388915451133,1.2841458648447546,1.8492595460985624,2.068398562160472,0.9787711567782009,1.5090459676379173,1.7121262598247762,0.5572075467758976,0.5402010075502518,0.3706884204328348,1.0280919381470468,0.0545
368,row_diagonal_dominant_stochastic:85d04ae4513fe85f,row_diagonal_dominant_stochastic,16,0.2,float32,R0_C0,R0_C1,2000,2000,1.0,1.0,1.0,1.0,1.0,1.0,1.0,1.0,1.0,nan,nan,0.0,0.0,0.0
368,row_diagonal_dominant_stochastic:85d04ae4513fe85f,row_diagonal_dominant_stochastic,16,0.2,float64,R1_C1,R0_C1,2000,2000,1.2610497639464975,1.8088642592900466,2.0110392882198447,1.1258616275644613,1.588472772562969,1.712461721732503,0.9911848614126256,1.5333109982946016,1.6999075945264546,0.5619420401161421,0.5556713394178349,0.2655680332923964,0.7905640166545514,0.0185
368,row_diagonal_dominant_stochastic:85d04ae4513fe85f,row_diagonal_dominant_stochastic,16,0.2,float64,R2_C2,R0_C1,2000,2000,1.2636658519374042,1.7917159417603266,1.9805743510585214,1.1303759161750189,1.555013759664072,1.6782082716129434,0.9893728418476231,1.5002165296552785,1.6843581047690384,0.5411371388836455,0.5332713808178452,0.2615694237857167,0.8065204121151269,0.0145
368,row_diagonal_dominant_stochastic:85d04ae4513fe85f,row_diagonal_dominant_stochastic,16,0.2,float64,R0_C0,R0_C1,2000,2000,1.0,1.0,1.0,1.0,1.0,1.0,1.0,1.0,1.0,nan,nan,0.0,0.0,0.0
369,row_diagonal_dominant_stochastic:0f7feef7c7880b20,row_diagonal_dominant_stochastic,16,0.1,float32,R1_C1,R0_C1,2000,2000,1.600914470628628,2.337225047072523,2.5889736154379097,1.3493281430586064,1.8570586221721972,2.0497472631062275,0.9570042823290914,1.3256738644896129,1.449183381787379,0.7102066965302205,0.6911582732895684,0.2695728344638206,0.7677117061508866,0.0125
369,row_diagonal_dominant_stochastic:0f7feef7c7880b20,row_diagonal_dominant_stochastic,16,0.1,float32,R2_C2,R0_C1,2000,2000,1.6471320781198624,2.34936679075066,2.6317101838356907,1.387873185152715,1.899933956413335,2.08600272202733,0.9528231302644062,1.3202604914408365,1.42862643993082,0.7050780497897013,0.6873454283363569,0.27652707004066557,0.7590212349114758,0.008
369,row_diagonal_dominant_stochastic:0f7feef7c7880b20,row_diagonal_dominant_stochastic,16,0.1,float32,R0_C0,R0_C1,2000,2000,1.0,1.0,1.0,1.0,1.0,1.0,1.0,1.0,1.0,nan,nan,0.0,0.0,0.0
369,row_diagonal_dominant_stochastic:0f7feef7c7880b20,row_diagonal_dominant_stochastic,16,0.1,float64,R1_C1,R0_C1,2000,2000,1.251248960872765,1.7247527753544434,1.890369761154619,1.1651260388470952,1.5717025688381707,1.7013949175565497,0.9606795882487957,1.3029702524928628,1.4201790144185225,0.7135372799468673,0.7011996507999128,0.1942949536243252,0.5810126370584032,0.0015
369,row_diagonal_dominant_stochastic:0f7feef7c7880b20,row_diagonal_dominant_stochastic,16,0.1,float64,R2_C2,R0_C1,2000,2000,1.2625288866042232,1.7573546831219964,1.9629662698012722,1.1805818554657228,1.5982193062004113,1.7705000462004972,0.9624167656621723,1.3069719083655178,1.4263770020282172,0.742134644641047,0.7384659256164814,0.18455500922644757,0.5525188152199665,0.002
369,row_diagonal_dominant_stochastic:0f7feef7c7880b20,row_diagonal_dominant_stochastic,16,0.1,float64,R0_C0,R0_C1,2000,2000,1.0,1.0,1.0,1.0,1.0,1.0,1.0,1.0,1.0,nan,nan,0.0,0.0,0.0
370,row_diagonal_dominant_stochastic:0530909e2322226a,row_diagonal_dominant_stochastic,16,0.05,float32,R1_C1,R0_C1,2000,2000,1.6119631399260457,2.283860543624486,2.5393217567393322,1.3866166538253202,1.912282608153384,2.09829898135314,1.0192792449085089,1.3829242973601383,1.489687731769746,0.6502255878253684,0.6349507752376938,0.26558433123891667,0.7375633467409742,0.008
370,row_diagonal_dominant_stochastic:0530909e2322226a,row_diagonal_dominant_stochastic,16,0.05,float32,R2_C2,R0_C1,2000,2000,1.6698643880811428,2.3430005204314535,2.5986808138247963,1.408434431721585,1.9495514196365382,2.113871269768013,0.9991088455199562,1.3648011741087824,1.4836879287737172,0.6725279229955334,0.6536994059248514,0.278257409680422,0.7486665758483357,0.006
370,row_diagonal_dominant_stochastic:0530909e2322226a,row_diagonal_dominant_stochastic,16,0.05,float32,R0_C0,R0_C1,2000,2000,1.0,1.0,1.0,1.0,1.0,1.0,1.0,1.0,1.0,nan,nan,0.0,0.0,0.0
370,row_diagonal_dominant_stochastic:0530909e2322226a,row_diagonal_dominant_stochastic,16,0.05,float64,R1_C1,R0_C1,2000,2000,1.2402929182414604,1.7751233332253762,1.9421467017720888,1.175467804979331,1.6208893665354505,1.7783607755935404,1.0189357349873207,1.35941589904931,1.473702521447943,0.7246221735472295,0.7166624886656221,0.19433132214250878,0.578605250522111,0.0005
370,row_diagonal_dominant_stochastic:0530909e2322226a,row_diagonal_dominant_stochastic,16,0.05,float64,R2_C2,R0_C1,2000,2000,1.2442724355951467,1.798559279927009,1.9932748553037292,1.1750226524881144,1.6492784043822906,1.790837653210639,1.0145426536740838,1.3753133719768451,1.483220939915495,0.7246383960934342,0.7175224538806134,0.20623881645324343,0.5781444962128663,0.001
370,row_diagonal_dominant_stochastic:0530909e2322226a,row_diagonal_dominant_stochastic,16,0.05,float64,R0_C0,R0_C1,2000,2000,1.0,1.0,1.0,1.0,1.0,1.0,1.0,1.0,1.0,nan,nan,0.0,0.0,0.0
371,row_diagonal_dominant_stochastic:f5393029996d2c29,row_diagonal_dominant_stochastic,16,0.02,float32,R1_C1,R0_C1,2000,2000,1.5329312553652379,2.1447247228848156,2.3742811004276456,1.2692559726298036,1.7731142426025226,1.928688349714007,1.0242808491877877,1.43636168356753,1.5940467656032604,0.5033475571526848,0.4904867636216909,0.33343089818412985,0.9072244488308735,0.028
371,row_diagonal_dominant_stochastic:f5393029996d2c29,row_diagonal_dominant_stochastic,16,0.02,float32,R2_C2,R0_C1,2000,2000,1.5932457406281024,2.2239328821306605,2.448496309887545,1.2989516355029966,1.7994128325427114,1.9660394032454358,1.0293333313972042,1.4409785818457885,1.5799090001928726,0.4975028874897097,0.4784916116229029,0.3347054367754263,0.9291649573783678,0.0335
371,row_diagonal_dominant_stochastic:f5393029996d2c29,row_diagonal_dominant_stochastic,16,0.02,float32,R0_C0,R0_C1,2000,2000,1.0,1.0,1.0,1.0,1.0,1.0,1.0,1.0,1.0,nan,nan,0.0,0.0,0.0
371,row_diagonal_dominant_stochastic:f5393029996d2c29,row_diagonal_dominant_stochastic,16,0.02,float64,R1_C1,R0_C1,2000,2000,1.2386648178919848,1.7514046704893411,1.9462533116982803,1.1349961976025151,1.5839348075532975,1.7520102105917792,1.006971641111704,1.4320600332162805,1.5743386618364728,0.5781379002701329,0.5594281923570481,0.25105445188261644,0.7437124731071516,0.006
371,row_diagonal_dominant_stochastic:f5393029996d2c29,row_diagonal_dominant_stochastic,16,0.02,float64,R2_C2,R0_C1,2000,2000,1.2552811429488642,1.7659864119462825,1.9685254676320862,1.1417306208718283,1.5764257537411293,1.7137916009233374,1.006676202368034,1.4221396812337028,1.5784292471536174,0.5569783798285384,0.5456888984222246,0.2604595485309278,0.7676811527300584,0.0085
371,row_diagonal_dominant_stochastic:f5393029996d2c29,row_diagonal_dominant_stochastic,16,0.02,float64,R0_C0,R0_C1,2000,2000,1.0,1.0,1.0,1.0,1.0,1.0,1.0,1.0,1.0,nan,nan,0.0,0.0,0.0
372,row_diagonal_dominant_stochastic:0d717c35c3b2f62d,row_diagonal_dominant_stochastic,16,0.01,float32,R1_C1,R0_C1,2000,2000,1.508980536769133,2.1086055316177936,2.32105842947987,1.2089046237593595,1.6786135079422997,1.8568379321548028,1.001125615254265,1.419359052925445,1.5430946178022202,0.45402503543767153,0.4303573420893355,0.36016910775831923,0.9739934476599267,0.0395
372,row_diagonal_dominant_stochastic:0d717c35c3b2f62d,row_diagonal_dominant_stochastic,16,0.01,float32,R2_C2,R0_C1,2000,2000,1.5459385973631286,2.197773143371366,2.3867574960460503,1.2242896703583357,1.7030126611236927,1.884111325049795,0.991139638802577,1.3959665289206036,1.5334455334658827,0.4787161999022533,0.4621204020301006,0.37648049949627704,0.9806712419533474,0.0445
372,row_diagonal_dominant_stochastic:0d717c35c3b2f62d,row_diagonal_dominant_stochastic,16,0.01,float32,R0_C0,R0_C1,2000,2000,1.0,1.0,1.0,1.0,1.0,1.0,1.0,1.0,1.0,nan,nan,0.0,0.0,0.0
372,row_diagonal_dominant_stochastic:0d717c35c3b2f62d,row_diagonal_dominant_stochastic,16,0.01,float64,R1_C1,R0_C1,2000,2000,1.216289050823133,1.729408314876236,1.8953530811178625,1.1086619763802879,1.5242302047578538,1.6743680437158661,1.003507743480777,1.42127059825623,1.579578119736867,0.4810822359278989,0.45457159314289824,0.26522285033830806,0.8163058308381275,0.017
372,row_diagonal_dominant_stochastic:0d717c35c3b2f62d,row_diagonal_dominant_stochastic,16,0.01,float64,R2_C2,R0_C1,2000,2000,1.2180094758747244,1.735715047577296,1.898383094790123,1.0954312647227302,1.5211134870071836,1.6654424451486667,0.9917465860906736,1.4187821253148154,1.5512144406769577,0.5115558818695507,0.49805244151311034,0.27096710171758454,0.8117051534009815,0.0125
372,row_diagonal_dominant_stochastic:0d717c35c3b2f62d,row_diagonal_dominant_stochastic,16,0.01,float64,R0_C0,R0_C1,2000,2000,1.0,1.0,1.0,1.0,1.0,1.0,1.0,1.0,1.0,nan,nan,0.0,0.0,0.0
373,row_diagonal_dominant_stochastic:6bb9c9b7e1526958,row_diagonal_dominant_stochastic,16,0.005,float32,R1_C1,R0_C1,2000,2000,1.4343456963321966,2.0382537786520434,2.2570571034949767,1.1649572144500415,1.618491363157883,1.7968201413408664,0.9873712201916838,1.4148879056119057,1.571505921461079,0.44384203455355337,0.4411227967806992,0.34032716889179326,0.9853981310903083,0.0445
373,row_diagonal_dominant_stochastic:6bb9c9b7e1526958,row_diagonal_dominant_stochastic,16,0.005,float32,R2_C2,R0_C1,2000,2000,1.4796587766256724,2.0811386152195186,2.3179161672586934,1.1870904392354749,1.631960778269294,1.808956623107514,0.9968957483621095,1.416692936304266,1.573943598067467,0.43568966817003335,0.4198487144621786,0.3638231383094844,1.0050667380073723,0.0525
373,row_diagonal_dominant_stochastic:6bb9c9b7e1526958,row_diagonal_dominant_stochastic,16,0.005,float32,R0_C0,R0_C1,2000,2000,1.0,1.0,1.0,1.0,1.0,1.0,1.0,1.0,1.0,nan,nan,0.0,0.0,0.0
373,row_diagonal_dominant_stochastic:6bb9c9b7e1526958,row_diagonal_dominant_stochastic,16,0.005,float64,R1_C1,R0_C1,2000,2000,1.2138885548243687,1.7040599567541046,1.8789257268559625,1.0952170583692298,1.5283231011845058,1.6661969971189619,0.9994160820796298,1.4134668476237786,1.573352540399446,0.43431150279760167,0.4200314835078709,0.2895651809614787,0.8503095212544654,0.0225
373,row_diagonal_dominant_stochastic:6bb9c9b7e1526958,row_diagonal_dominant_stochastic,16,0.005,float64,R2_C2,R0_C1,2000,2000,1.2156037790538363,1.7129170552760156,1.8815455313238951,1.0941475274428827,1.5241317816046047,1.6719565125133682,0.9883944307167007,1.4025228910054715,1.5700089199899236,0.42260470008836315,0.40426034606508654,0.30648162983518823,0.843631122342713,0.022
373,row_diagonal_dominant_stochastic:6bb9c9b7e1526958,row_diagonal_dominant_stochastic,16,0.005,float64,R0_C0,R0_C1,2000,2000,1.0,1.0,1.0,1.0,1.0,1.0,1.0,1.0,1.0,nan,nan,0.0,0.0,0.0
374,row_diagonal_dominant_stochastic:103e29b8022442fa,row_diagonal_dominant_stochastic,16,0.002,float32,R1_C1,R0_C1,2000,2000,1.3882064464109973,2.0219516426569704,2.2106082764744253,1.1195263703108294,1.5592316878701384,1.739737884651081,0.977148368550211,1.4093509325598628,1.5271715413470235,0.4332598757274716,0.40964138291034574,0.35988400510329155,1.0102662420780337,0.052
374,row_diagonal_dominant_stochastic:103e29b8022442fa,row_diagonal_dominant_stochastic,16,0.002,float32,R2_C2,R0_C1,2000,2000,1.4026816346519169,1.9885466441670463,2.2169623496447914,1.1170277260251384,1.5631275444981332,1.717147533004766,0.9671979189943527,1.4011077676312722,1.562869540355739,0.4175759509818976,0.40350969937742476,0.35942461405630044,1.0308294147541446,0.056
374,row_diagonal_dominant_stochastic:103e29b8022442fa,row_diagonal_dominant_stochastic,16,0.002,float32,R0_C0,R0_C1,2000,2000,1.0,1.0,1.0,1.0,1.0,1.0,1.0,1.0,1.0,nan,nan,0.0,0.0,0.0
374,row_diagonal_dominant_stochastic:103e29b8022442fa,row_diagonal_dominant_stochastic,16,0.002,float64,R1_C1,R0_C1,2000,2000,1.2155675075597274,1.719323773524106,1.895091333146544,1.087670637598173,1.4767045307314954,1.622267316519535,1.00160817089249,1.4215752622313083,1.5377470684581147,0.4198939454687117,0.40954464788616196,0.3002753386760183,0.8743518126692732,0.023
374,row_diagonal_dominant_stochastic:103e29b8022442fa,row_diagonal_dominant_stochastic,16,0.002,float64,R2_C2,R0_C1,2000,2000,1.1904466665628237,1.7028436110866476,1.8835157512080256,1.0603330788078875,1.488245287741986,1.6381511201988133,0.9899962103956548,1.4076466294315124,1.5284829044615331,0.4285615626595003,0.4255707553926888,0.29582340524727246,0.8843574199188533,0.0215
374,row_diagonal_dominant_stochastic:103e29b8022442fa,row_diagonal_dominant_stochastic,16,0.002,float64,R0_C0,R0_C1,2000,2000,1.0,1.0,1.0,1.0,1.0,1.0,1.0,1.0,1.0,nan,nan,0.0,0.0,0.0
375,row_diagonal_dominant_stochastic:3f149f338e70104c,row_diagonal_dominant_stochastic,16,0.001,float32,R1_C1,R0_C1,2000,2000,1.381398385223152,1.9865616957747148,2.189231334959332,1.1219377869427483,1.5665056692868875,1.7416923929171433,0.9851171098552702,1.443460930745455,1.594850743788722,0.41968427298256733,0.409259683814921,0.3583724714415877,1.009404939326229,0.0515
375,row_diagonal_dominant_stochastic:3f149f338e70104c,row_diagonal_dominant_stochastic,16,0.001,float32,R2_C2,R0_C1,2000,2000,1.3854323051600024,1.9447281559466336,2.1465500531152677,1.138672673610425,1.5673180945780534,1.7141816870618665,0.9953056435205767,1.398975492353263,1.5460030294469023,0.42887071979242797,0.41839930609982656,0.34342940583847686,0.9672661376489573,0.0435
375,row_diagonal_dominant_stochastic:3f149f338e70104c,row_diagonal_dominant_stochastic,16,0.001,float32,R0_C0,R0_C1,2000,2000,1.0,1.0,1.0,1.0,1.0,1.0,1.0,1.0,1.0,nan,nan,0.0,0.0,0.0
375,row_diagonal_dominant_stochastic:3f149f338e70104c,row_diagonal_dominant_stochastic,16,0.001,float64,R1_C1,R0_C1,2000,2000,1.2168645609934237,1.7124880557876798,1.864372789750809,1.0709549799339884,1.4785480944811835,1.6077921590414102,0.9861780072484088,1.3983316971274053,1.5886831859099104,0.36797546367679973,0.350589908147477,0.3041260968497125,0.9276406032272394,0.0345
375,row_diagonal_dominant_stochastic:3f149f338e70104c,row_diagonal_dominant_stochastic,16,0.001,float64,R2_C2,R0_C1,2000,2000,1.1981118175960561,1.6622761173206826,1.8907456766981443,1.0545537384584769,1.4671146393746923,1.6325611562253788,0.9734449274557324,1.3965856474220995,1.5589862427402617,0.419798734625693,0.4154647458661864,0.3129445359320056,0.8648312762051152,0.0275
375,row_diagonal_dominant_stochastic:3f149f338e70104c,row_diagonal_dominant_stochastic,16,0.001,float64,R0_C0,R0_C1,2000,2000,1.0,1.0,1.0,1.0,1.0,1.0,1.0,1.0,1.0,nan,nan,0.0,0.0,0.0
465,row_diagonal_dominant_random:93e6f52ebdb3ac55,row_diagonal_dominant_random,23,0.5,float32,R1_C1,R0_C1,2000,2000,1.8374846623930507,2.8573704976314516,3.2308452496441284,1.0872082590091527,1.6453290915779588,1.851463138405983,1.0232969650845032,1.6221764912437122,1.8224631864317808,0.11396107407468074,0.1098833224708306,0.8031233485574347,1.777781425300606,0.382
465,row_diagonal_dominant_random:93e6f52ebdb3ac55,row_diagonal_dominant_random,23,0.5,float32,R2_C2,R0_C1,2000,2000,1.9156675724617092,2.9483710045460683,3.2957464425813336,1.1062037464056294,1.624057398831498,1.8368342407328042,1.0133871277206632,1.5507548726339253,1.7455395645852398,0.1360026742609723,0.12685006371251592,0.8236001959185505,1.8283830132005237,0.3955
465,row_diagonal_dominant_random:93e6f52ebdb3ac55,row_diagonal_dominant_random,23,0.5,float32,R0_C0,R0_C1,2000,2000,1.0,1.0,1.0,1.0,1.0,1.0,1.0,1.0,1.0,nan,nan,0.0,0.0,0.0
465,row_diagonal_dominant_random:93e6f52ebdb3ac55,row_diagonal_dominant_random,23,0.5,float64,R1_C1,R0_C1,2000,2000,1.6291704745894213,2.594113043450751,2.9084841497830394,1.060248507991175,1.6252298672851888,1.8151912714774114,1.0023304117042293,1.576329014307911,1.7893480669058819,0.10455939223963728,0.09524631731157931,0.6698607886973079,1.746449403093894,0.2945
465,row_diagonal_dominant_random:93e6f52ebdb3ac55,row_diagonal_dominant_random,23,0.5,float64,R2_C2,R0_C1,2000,2000,1.6703239323704318,2.5921299091348655,2.937540184075172,1.0632700130487727,1.630361666110107,1.856897830450006,0.9988156915153463,1.6215475573588158,1.8501704833731196,0.12755665453198467,0.12071177867794466,0.6711600853276516,1.7088969179427644,0.2955
465,row_diagonal_dominant_random:93e6f52ebdb3ac55,row_diagonal_dominant_random,23,0.5,float64,R0_C0,R0_C1,2000,2000,1.0,1.0,1.0,1.0,1.0,1.0,1.0,1.0,1.0,nan,nan,0.0,0.0,0.0
466,row_diagonal_dominant_random:03e59f7215597618,row_diagonal_dominant_random,23,0.3,float32,R1_C1,R0_C1,2000,2000,2.0200403626675745,3.2078715197948093,3.6275965139869784,1.147210827539489,1.7358037100697483,1.9414593641623432,1.015170928631739,1.5466894739883232,1.736498945737805,0.2854028957603594,0.26118873829718453,0.8282281913902584,1.7536841702579864,0.3835
466,row_diagonal_dominant_random:03e59f7215597618,row_diagonal_dominant_random,23,0.3,float32,R2_C2,R0_C1,2000,2000,2.024476067407712,3.2066132260446905,3.6375832733488282,1.1638261010419617,1.7515473795877723,1.9703505377099169,0.9904713875227988,1.5596103945149922,1.766891030844598,0.2637197091883464,0.23805960701490175,0.844872690866022,1.737241803955424,0.3925
466,row_diagonal_dominant_random:03e59f7215597618,row_diagonal_dominant_random,23,0.3,float32,R0_C0,R0_C1,2000,2000,1.0,1.0,1.0,1.0,1.0,1.0,1.0,1.0,1.0,nan,nan,0.0,0.0,0.0
466,row_diagonal_dominant_random:03e59f7215597618,row_diagonal_dominant_random,23,0.3,float64,R1_C1,R0_C1,2000,2000,1.717701382458232,2.6989918723383464,3.1322688850830605,1.1163011078963483,1.7041994559892242,1.9081685374804314,1.0052990680303806,1.5606318061457023,1.7687248815235732,0.2555557914515065,0.23393582248395559,0.6748989123505247,1.5624673224255183,0.277
466,row_diagonal_dominant_random:03e59f7215597618,row_diagonal_dominant_random,23,0.3,float64,R2_C2,R0_C1,2000,2000,1.7460156310503168,2.6946687492012513,3.0773375703793606,1.1273336650652772,1.722431525582934,1.9599417842003588,0.9995303995140095,1.5988475632921584,1.8204250283824794,0.20916665111216282,0.19811967452991863,0.6817484696220226,1.5933065955626147,0.28
466,row_diagonal_dominant_random:03e59f7215597618,row_diagonal_dominant_random,23,0.3,float64,R0_C0,R0_C1,2000,2000,1.0,1.0,1.0,1.0,1.0,1.0,1.0,1.0,1.0,nan,nan,0.0,0.0,0.0
467,row_diagonal_dominant_random:c6616c01f005a03d,row_diagonal_dominant_random,23,0.2,float32,R1_C1,R0_C1,2000,2000,2.108425729813824,3.234299847312262,3.724011508039746,1.2104267685777317,1.82923926442899,2.0372125821983356,0.9917810859082554,1.5465014642511594,1.7147294010740153,0.33089663793927293,0.30418909304727326,0.8094259651121309,1.662434025922183,0.379
467,row_diagonal_dominant_random:c6616c01f005a03d,row_diagonal_dominant_random,23,0.2,float32,R2_C2,R0_C1,2000,2000,2.1235785842626655,3.2747214776228493,3.7507951906815413,1.2252449084605983,1.803760781518202,2.042141656844062,0.9960908819052106,1.5311907522554884,1.766457537819492,0.35731576674369664,0.3378190819547705,0.8343467873979653,1.6470357876908472,0.3735
467,row_diagonal_dominant_random:c6616c01f005a03d,row_diagonal_dominant_random,23,0.2,float32,R0_C0,R0_C1,2000,2000,1.0,1.0,1.0,1.0,1.0,1.0,1.0,1.0,1.0,nan,nan,0.0,0.0,0.0
467,row_diagonal_dominant_random:c6616c01f005a03d,row_diagonal_dominant_random,23,0.2,float64,R1_C1,R0_C1,2000,2000,1.7649713078996525,2.7861382996512445,3.1274622094901496,1.1636719655699115,1.733628788768105,1.9694752136858142,0.9955696337614981,1.5179928452367488,1.7487712850840555,0.34943282472070425,0.3363927765981941,0.6411670384488792,1.4849628295460449,0.2265
467,row_diagonal_dominant_random:c6616c01f005a03d,row_diagonal_dominant_random,23,0.2,float64,R2_C2,R0_C1,2000,2000,1.7777091633742712,2.8015097892108396,3.1215551744061525,1.1604109678411996,1.7265591402267626,1.947802011622196,0.9821013862033188,1.5264739530924967,1.7598332605296283,0.3531538932475021,0.3170204217551054,0.6356410654994049,1.4924359162116674,0.2495
467,row_diagonal_dominant_random:c6616c01f005a03d,row_diagonal_dominant_random,23,0.2,float64,R0_C0,R0_C1,2000,2000,1.0,1.0,1.0,1.0,1.0,1.0,1.0,1.0,1.0,nan,nan,0.0,0.0,0.0
468,row_diagonal_dominant_random:85f3946f6e4679ec,row_diagonal_dominant_random,23,0.1,float32,R1_C1,R0_C1,2000,2000,2.1566025282758288,3.496105021844382,4.046031886733581,1.2949487298614941,1.9684958999208786,2.176232800055102,1.0075955120677529,1.5383944704895596,1.715609210274065,0.48563537767521625,0.4544965796241449,0.7609574390385311,1.532275254665295,0.3075
468,row_diagonal_dominant_random:85f3946f6e4679ec,row_diagonal_dominant_random,23,0.1,float32,R2_C2,R0_C1,2000,2000,2.2401428292302983,3.4814019740064572,3.9357518285031903,1.3150283714369602,1.9787971727260638,2.188155668655976,0.9834986545341271,1.5107442039419137,1.704034893202326,0.49415101882241247,0.4692120513030128,0.7700737824500228,1.5321517042129436,0.309
468,row_diagonal_dominant_random:85f3946f6e4679ec,row_diagonal_dominant_random,23,0.1,float32,R0_C0,R0_C1,2000,2000,1.0,1.0,1.0,1.0,1.0,1.0,1.0,1.0,1.0,nan,nan,0.0,0.0,0.0
468,row_diagonal_dominant_random:85f3946f6e4679ec,row_diagonal_dominant_random,23,0.1,float64,R1_C1,R0_C1,2000,2000,1.7942695779742746,2.795424337331379,3.217772587933725,1.2227063833999217,1.7873407012561724,2.054382302924464,0.9778507508805927,1.5092723698137618,1.7328030023638061,0.430872797438615,0.3989356627339157,0.579427439142497,1.3536998518486734,0.199
468,row_diagonal_dominant_random:85f3946f6e4679ec,row_diagonal_dominant_random,23,0.1,float64,R2_C2,R0_C1,2000,2000,1.8095742074052918,2.9215328760307244,3.3592412263991602,1.247623829422401,1.8582019453334286,2.0940955234429586,1.0016930414002263,1.57300299949606,1.7427406272293493,0.526211518450824,0.5029486512371627,0.5887368779404909,1.3219073874068963,0.1795
468,row_diagonal_dominant_random:85f3946f6e4679ec,row_diagonal_dominant_random,23,0.1,float64,R0_C0,R0_C1,2000,2000,1.0,1.0,1.0,1.0,1.0,1.0,1.0,1.0,1.0,nan,nan,0.0,0.0,0.0
469,row_diagonal_dominant_random:2976d44433ad1387,row_diagonal_dominant_random,23,0.05,float32,R1_C1,R0_C1,2000,2000,2.159223372109542,3.4404444245404555,3.944495831267673,1.3351326763180522,1.9917561603958471,2.257444147680469,0.9923556608746529,1.4761826016945936,1.667147439565369,0.5117495985140207,0.47323469230867304,0.7209275515930242,1.4447361558758107,0.2755
469,row_diagonal_dominant_random:2976d44433ad1387,row_diagonal_dominant_random,23,0.05,float32,R2_C2,R0_C1,2000,2000,2.2578934815364824,3.5219915505533823,3.9780399262789867,1.3685060519453396,2.0586615215032547,2.3307178523053844,1.0079368906817452,1.4979316312050135,1.6745789869777046,0.5376629338319688,0.5046077386519346,0.7577858368828858,1.430583682341267,0.2775
469,row_diagonal_dominant_random:2976d44433ad1387,row_diagonal_dominant_random,23,0.05,float32,R0_C0,R0_C1,2000,2000,1.0,1.0,1.0,1.0,1.0,1.0,1.0,1.0,1.0,nan,nan,0.0,0.0,0.0
469,row_diagonal_dominant_random:2976d44433ad1387,row_diagonal_dominant_random,23,0.05,float64,R1_C1,R0_C1,2000,2000,1.8051698949533008,2.844096344789378,3.2316450802675147,1.2740392422872118,1.8987152016261504,2.13000849261642,0.9949055517464112,1.518615637496529,1.7247918537891638,0.5283035491519569,0.5108554577138644,0.5168007434973629,1.2518987332284222,0.139
469,row_diagonal_dominant_random:2976d44433ad1387,row_diagonal_dominant_random,23,0.05,float64,R2_C2,R0_C1,2000,2000,1.844532909474912,2.8770689703994825,3.284952048671865,1.3029660691639402,1.9276106199885241,2.140872930284693,0.9763396901465042,1.5195099811018842,1.6785379706722607,0.5273583861722908,0.5030800467700116,0.5485567132676405,1.261719824282486,0.1415
469,row_diagonal_dominant_random:2976d44433ad1387,row_diagonal_dominant_random,23,0.05,float64,R0_C0,R0_C1,2000,2000,1.0,1.0,1.0,1.0,1.0,1.0,1.0,1.0,1.0,nan,nan,0.0,0.0,0.0
470,row_diagonal_dominant_random:8a85d76f30eb75a6,row_diagonal_dominant_random,23,0.02,float32,R1_C1,R0_C1,2000,2000,2.144905427195845,3.349226660371551,3.7646339272281275,1.2936424166240843,1.9460157742086575,2.188637803231018,0.9411617467087448,1.4302108827923556,1.6162051284067662,0.49259853326790853,0.46839931809982943,0.742450572234793,1.5103295957480602,0.29
470,row_diagonal_dominant_random:8a85d76f30eb75a6,row_diagonal_dominant_random,23,0.02,float32,R2_C2,R0_C1,2000,2000,2.2055843826761423,3.4304758973401417,3.8742106220836217,1.3122423510626016,1.9979052310392473,2.25630466513655,0.9316041998051514,1.4412943110483474,1.6261459880310316,0.5174387943656084,0.5015996423999106,0.7365342618536272,1.5167569550249898,0.3035
470,row_diagonal_dominant_random:8a85d76f30eb75a6,row_diagonal_dominant_random,23,0.02,float32,R0_C0,R0_C1,2000,2000,1.0,1.0,1.0,1.0,1.0,1.0,1.0,1.0,1.0,nan,nan,0.0,0.0,0.0
470,row_diagonal_dominant_random:8a85d76f30eb75a6,row_diagonal_dominant_random,23,0.02,float64,R1_C1,R0_C1,2000,2000,1.744935983783014,2.7896278910317815,3.1736055837452763,1.2290351047585553,1.8273296443181146,2.033840675035054,0.9187367798036459,1.4255795764942927,1.607623272169618,0.5035233401325769,0.46777710444427606,0.5368353084651206,1.3152102080028638,0.163
470,row_diagonal_dominant_random:8a85d76f30eb75a6,row_diagonal_dominant_random,23,0.02,float64,R2_C2,R0_C1,2000,2000,1.807502928370603,2.8205918957883784,3.244534943503467,1.2575565915425326,1.8703981651429127,2.0679390391773955,0.9327681527315395,1.4305572757057665,1.607236871389694,0.5220094881612208,0.5003953625988407,0.5567103900579725,1.2937101726700775,0.155
470,row_diagonal_dominant_random:8a85d76f30eb75a6,row_diagonal_dominant_random,23,0.02,float64,R0_C0,R0_C1,2000,2000,1.0,1.0,1.0,1.0,1.0,1.0,1.0,1.0,1.0,nan,nan,0.0,0.0,0.0
471,row_diagonal_dominant_random:3cf57fa76b9a551c,row_diagonal_dominant_random,23,0.01,float32,R1_C1,R0_C1,2000,2000,2.0178568301772373,3.1342432768532857,3.593410952343043,1.1013394076527863,1.7198589583861785,1.9676754149742695,0.8025385426624356,1.2735047252397391,1.4619689750426486,0.4259103292862676,0.39786145696536424,0.887580076195156,1.7199522768143194,0.414
471,row_diagonal_dominant_random:3cf57fa76b9a551c,row_diagonal_dominant_random,23,0.01,float32,R2_C2,R0_C1,2000,2000,2.105669089494393,3.177843290605636,3.6401898433736237,1.1314041147556726,1.7528378598320038,1.992963408594117,0.8354030775610626,1.2895560062903249,1.4514632673487418,0.4002743218473784,0.3743513780878445,0.8824574708214001,1.7482197077774162,0.4125
471,row_diagonal_dominant_random:3cf57fa76b9a551c,row_diagonal_dominant_random,23,0.01,float32,R0_C0,R0_C1,2000,2000,1.0,1.0,1.0,1.0,1.0,1.0,1.0,1.0,1.0,nan,nan,0.0,0.0,0.0
471,row_diagonal_dominant_random:3cf57fa76b9a551c,row_diagonal_dominant_random,23,0.01,float64,R1_C1,R0_C1,2000,2000,1.6604610349473639,2.588190425191751,2.947310536781253,1.079762281464697,1.6425012239577608,1.8593953423052971,0.8172811362795803,1.289806690751461,1.4744333571455557,0.4075069601866098,0.38379968244992063,0.6540542400218379,1.5325446910172968,0.2475
471,row_diagonal_dominant_random:3cf57fa76b9a551c,row_diagonal_dominant_random,23,0.01,float64,R2_C2,R0_C1,2000,2000,1.7121162438581154,2.5964927142431713,2.892089796160702,1.0964892904591328,1.6993044298085354,1.8864555876258762,0.8319144983180566,1.3332570547479103,1.5063265888462536,0.39754630391946943,0.37400809100202276,0.6552389878638452,1.5081930845456772,0.252
471,row_diagonal_dominant_random:3cf57fa76b9a551c,row_diagonal_dominant_random,23,0.01,float64,R0_C0,R0_C1,2000,2000,1.0,1.0,1.0,1.0,1.0,1.0,1.0,1.0,1.0,nan,nan,0.0,0.0,0.0
472,row_diagonal_dominant_random:4cbd4f5958f010f8,row_diagonal_dominant_random,23,0.005,float32,R1_C1,R0_C1,2000,2000,1.8882492187972608,2.909615358648938,3.3552542451429943,1.0331817723647405,1.5803097683384555,1.7754753789675766,0.7675030587684575,1.243772274080475,1.3930345023656625,0.34055047801228405,0.3167934566983641,0.9121416028287297,1.819784026409018,0.435
472,row_diagonal_dominant_random:4cbd4f5958f010f8,row_diagonal_dominant_random,23,0.005,float32,R2_C2,R0_C1,2000,2000,1.934874944428926,3.008133363886655,3.386243960786486,1.0543276159608461,1.6315586452779678,1.8545279064337377,0.7976429486959757,1.2625405816464488,1.4787882733675026,0.3838068629578813,0.3517693914423478,0.9006162274782126,1.7811548007619808,0.4265
472,row_diagonal_dominant_random:4cbd4f5958f010f8,row_diagonal_dominant_random,23,0.005,float32,R0_C0,R0_C1,2000,2000,1.0,1.0,1.0,1.0,1.0,1.0,1.0,1.0,1.0,nan,nan,0.0,0.0,0.0
472,row_diagonal_dominant_random:4cbd4f5958f010f8,row_diagonal_dominant_random,23,0.005,float64,R1_C1,R0_C1,2000,2000,1.5757891862719313,2.403893253930239,2.6994052793500796,0.9809892924814443,1.4959561639843175,1.6649455749183522,0.7735791444002111,1.2300497359551366,1.376461269848555,0.33710935126879765,0.2895762498940625,0.6889871114526965,1.5892150458562895,0.2975
472,row_diagonal_dominant_random:4cbd4f5958f010f8,row_diagonal_dominant_random,23,0.005,float64,R2_C2,R0_C1,2000,2000,1.6212597744075898,2.5278324574840183,2.8911807453241316,1.0111096344306234,1.550855736780103,1.7561702213108341,0.7952688745770886,1.266941333220606,1.429151997251218,0.37336552133720846,0.35516381579095396,0.7207746668235679,1.6136153200043055,0.2995
472,row_diagonal_dominant_random:4cbd4f5958f010f8,row_diagonal_dominant_random,23,0.005,float64,R0_C0,R0_C1,2000,2000,1.0,1.0,1.0,1.0,1.0,1.0,1.0,1.0,1.0,nan,nan,0.0,0.0,0.0
473,row_diagonal_dominant_random:9493eb0855127051,row_diagonal_dominant_random,23,0.002,float32,R1_C1,R0_C1,2000,2000,1.8096479010066513,2.7504697940443323,3.1191051836188968,0.961848818667841,1.4591203575498817,1.6336097449091298,0.7470591659347106,1.1901204949814665,1.3644211270601998,0.33238903266191466,0.3055838848959712,0.9361901723186865,1.7793188925633123,0.454
473,row_diagonal_dominant_random:9493eb0855127051,row_diagonal_dominant_random,23,0.002,float32,R2_C2,R0_C1,2000,2000,1.913957294676503,2.9286519079486992,3.288442539754913,0.9933105262008511,1.5380065126544653,1.7350892597109668,0.7734095686351103,1.260787637386229,1.448391916378554,0.3431057364081065,0.31747926736981685,0.9642117929734368,1.8467093634522922,0.474
473,row_diagonal_dominant_random:9493eb0855127051,row_diagonal_dominant_random,23,0.002,float32,R0_C0,R0_C1,2000,2000,1.0,1.0,1.0,1.0,1.0,1.0,1.0,1.0,1.0,nan,nan,0.0,0.0,0.0
473,row_diagonal_dominant_random:9493eb0855127051,row_diagonal_dominant_random,23,0.002,float64,R1_C1,R0_C1,2000,2000,1.5186223077293222,2.296899712798206,2.593773681293286,0.9313755462233,1.4440056172967666,1.6163212338447204,0.7465217864245224,1.2139219062718987,1.3757607800809741,0.31614460574138403,0.29876405219101304,0.7243484837468127,1.5970002218436357,0.3005
473,row_diagonal_dominant_random:9493eb0855127051,row_diagonal_dominant_random,23,0.002,float64,R2_C2,R0_C1,2000,2000,1.5818711328195674,2.4756249449558485,2.805335383057634,0.981268273165433,1.5271135097980446,1.7172815378233761,0.7789371037421872,1.2787127518418913,1.4845618495228772,0.3343566003104266,0.3113676823419206,0.7354908560145859,1.6184491923455833,0.3185
473,row_diagonal_dominant_random:9493eb0855127051,row_diagonal_dominant_random,23,0.002,float64,R0_C0,R0_C1,2000,2000,1.0,1.0,1.0,1.0,1.0,1.0,1.0,1.0,1.0,nan,nan,0.0,0.0,0.0
474,row_diagonal_dominant_random:c93186b88112adec,row_diagonal_dominant_random,23,0.001,float32,R1_C1,R0_C1,2000,2000,1.783874321556247,2.733189998484102,3.0705318589715045,0.9536799107602083,1.4735109636704402,1.6409235885189741,0.7602633287022149,1.2139301440692178,1.3795989437102905,0.30465935166056335,0.28485490271372566,0.9386357800023231,1.7839464760364268,0.4525
474,row_diagonal_dominant_random:c93186b88112adec,row_diagonal_dominant_random,23,0.001,float32,R2_C2,R0_C1,2000,2000,1.8619062771506867,2.8624623803333855,3.3063957754910986,0.9746626734145433,1.5361843919658473,1.7340003688600527,0.7725598375984991,1.2640947328988017,1.4734162982715773,0.36101635221571077,0.3427554556888639,0.9293293152673426,1.8468962842350016,0.4575
474,row_diagonal_dominant_random:c93186b88112adec,row_diagonal_dominant_random,23,0.001,float32,R0_C0,R0_C1,2000,2000,1.0,1.0,1.0,1.0,1.0,1.0,1.0,1.0,1.0,nan,nan,0.0,0.0,0.0
474,row_diagonal_dominant_random:c93186b88112adec,row_diagonal_dominant_random,23,0.001,float64,R1_C1,R0_C1,2000,2000,1.5241169494437372,2.2935311198211177,2.562708835341074,0.918661423817104,1.4226227414475776,1.603155874432861,0.7458106384099943,1.19102443032769,1.3429635833443947,0.28584271760510005,0.24445646661411666,0.7354932207737321,1.6730922456887674,0.308
474,row_diagonal_dominant_random:c93186b88112adec,row_diagonal_dominant_random,23,0.001,float64,R2_C2,R0_C1,2000,2000,1.5733518375888593,2.396237787022428,2.730489146740133,0.9502024568546029,1.4756387719758883,1.661688692041091,0.7819071467436967,1.2333967881843404,1.4158104261207136,0.2662234963534631,0.2510303937575984,0.7519660263228003,1.6709495806970516,0.3315
474,row_diagonal_dominant_random:c93186b88112adec,row_diagonal_dominant_random,23,0.001,float64,R0_C0,R0_C1,2000,2000,1.0,1.0,1.0,1.0,1.0,1.0,1.0,1.0,1.0,nan,nan,0.0,0.0,0.0
495,row_diagonal_dominant_stochastic:021519ee0a19df7c,row_diagonal_dominant_stochastic,23,0.5,float32,R1_C1,R0_C1,2000,2000,1.8887915454621154,2.90002382389468,3.255826326913837,1.0656707739410527,1.678435635562865,1.9004633758300669,0.9929915339825193,1.586796858684314,1.7929964506325469,0.17060665086787818,0.1562405445601361,0.8361059742961006,1.811269358211853,0.4035
495,row_diagonal_dominant_stochastic:021519ee0a19df7c,row_diagonal_dominant_stochastic,23,0.5,float32,R2_C2,R0_C1,2000,2000,1.9181390234656361,2.9388682339741385,3.363064359037544,1.075893375510502,1.6525733620694072,1.867347299145754,0.9990065357973686,1.5514771488718948,1.7757844317335254,0.13342912725642428,0.12589993497498375,0.8469235014878449,1.8472632094579153,0.4075
495,row_diagonal_dominant_stochastic:021519ee0a19df7c,row_diagonal_dominant_stochastic,23,0.5,float32,R0_C0,R0_C1,2000,2000,1.0,1.0,1.0,1.0,1.0,1.0,1.0,1.0,1.0,nan,nan,0.0,0.0,0.0
495,row_diagonal_dominant_stochastic:021519ee0a19df7c,row_diagonal_dominant_stochastic,23,0.5,float64,R1_C1,R0_C1,2000,2000,1.6272088915673675,2.571518210937284,2.85830937520108,1.0537183622375208,1.6103947166157295,1.839438654208207,0.9950431942232476,1.5828990262134823,1.8668019289658588,0.13168029547174243,0.11241897860474465,0.6689300534933644,1.6531235926406862,0.295
495,row_diagonal_dominant_stochastic:021519ee0a19df7c,row_diagonal_dominant_stochastic,23,0.5,float64,R2_C2,R0_C1,2000,2000,1.6453469784779795,2.592196599394778,2.9210659073580976,1.0561022057652067,1.6163560102190215,1.8070675390213236,0.9911245994821788,1.5669367581100677,1.7840166759595533,0.12324419132123035,0.12014682753670687,0.6784847929887391,1.6785391157075304,0.2935
495,row_diagonal_dominant_stochastic:021519ee0a19df7c,row_diagonal_dominant_stochastic,23,0.5,float64,R0_C0,R0_C1,2000,2000,1.0,1.0,1.0,1.0,1.0,1.0,1.0,1.0,1.0,nan,nan,0.0,0.0,0.0
496,row_diagonal_dominant_stochastic:de30837b1853aaf8,row_diagonal_dominant_stochastic,23,0.3,float32,R1_C1,R0_C1,2000,2000,2.0224972287358858,3.100835836751465,3.4780236385241663,1.1746710065979091,1.7224435088117687,1.9158907806247807,0.9993798688477651,1.5303893368559713,1.766656970312719,0.34208281537801133,0.33224953106238275,0.8080411878081428,1.6132707842819112,0.3505
496,row_diagonal_dominant_stochastic:de30837b1853aaf8,row_diagonal_dominant_stochastic,23,0.3,float32,R2_C2,R0_C1,2000,2000,2.1081177558032413,3.1986979010523804,3.631704028559896,1.2023705319974698,1.7781480098910145,1.9689601748507208,0.9912892313669197,1.5654940674690887,1.7915000783238213,0.3349483562637035,0.3256380949095237,0.8375307423995595,1.6375567345042608,0.3685
496,row_diagonal_dominant_stochastic:de30837b1853aaf8,row_diagonal_dominant_stochastic,23,0.3,float32,R0_C0,R0_C1,2000,2000,1.0,1.0,1.0,1.0,1.0,1.0,1.0,1.0,1.0,nan,nan,0.0,0.0,0.0
496,row_diagonal_dominant_stochastic:de30837b1853aaf8,row_diagonal_dominant_stochastic,23,0.3,float64,R1_C1,R0_C1,2000,2000,1.7229782991277802,2.6280757552478478,2.941489145694387,1.1416280253287967,1.7230815125314924,1.9181928833268058,1.0116177757047633,1.5672809606201317,1.7666737490669462,0.3494190526717284,0.33349052187263045,0.6235288206446051,1.4285709865764826,0.222
496,row_diagonal_dominant_stochastic:de30837b1853aaf8,row_diagonal_dominant_stochastic,23,0.3,float64,R2_C2,R0_C1,2000,2000,1.761096860289699,2.7513058239960735,3.091305555662007,1.1573186662442412,1.7127773776218815,1.9199757756883524,0.9863076981634158,1.544347939817976,1.7832470177396336,0.3545195490241642,0.32425500306375077,0.6401385599911132,1.4553128593390456,0.2345
496,row_diagonal_dominant_stochastic:de30837b1853aaf8,row_diagonal_dominant_stochastic,23,0.3,float64,R0_C0,R0_C1,2000,2000,1.0,1.0,1.0,1.0,1.0,1.0,1.0,1.0,1.0,nan,nan,0.0,0.0,0.0
497,row_diagonal_dominant_stochastic:85d04ae4513fe85f,row_diagonal_dominant_stochastic,23,0.2,float32,R1_C1,R0_C1,2000,2000,2.0415063587762496,2.996636424650065,3.3393356141566324,1.3787378920217241,1.9773394806008138,2.193330287000514,0.9907411559569341,1.5028901149909892,1.6925130511517408,0.5001220912522076,0.48826973606743396,0.5762349945183617,1.257185989125858,0.1425
497,row_diagonal_dominant_stochastic:85d04ae4513fe85f,row_diagonal_dominant_stochastic,23,0.2,float32,R2_C2,R0_C1,2000,2000,2.125241832715896,3.0862687777135944,3.3707390730907485,1.390537640712331,1.9892918624681475,2.2114305237764746,0.9676619135417439,1.5039469321180494,1.6920951242154025,0.5230573898257203,0.5086965896741473,0.6120303370422732,1.2740776896471702,0.157
497,row_diagonal_dominant_stochastic:85d04ae4513fe85f,row_diagonal_dominant_stochastic,23,0.2,float32,R0_C0,R0_C1,2000,2000,1.0,1.0,1.0,1.0,1.0,1.0,1.0,1.0,1.0,nan,nan,0.0,0.0,0.0
497,row_diagonal_dominant_stochastic:85d04ae4513fe85f,row_diagonal_dominant_stochastic,23,0.2,float64,R1_C1,R0_C1,2000,2000,1.7415546474356582,2.4872187359050337,2.7850743930256665,1.3134225139217621,1.8383954773082474,2.0255061974219895,0.991005558981052,1.485181254799416,1.716079188955559,0.5431047586517758,0.5252624183156045,0.42474395835000806,1.061625098592356,0.0685
497,row_diagonal_dominant_stochastic:85d04ae4513fe85f,row_diagonal_dominant_stochastic,23,0.2,float64,R2_C2,R0_C1,2000,2000,1.764400990494211,2.527884351082439,2.8410460259768024,1.3244492556602747,1.8888280712023735,2.1114458556870592,0.9811351074042769,1.5152746028506539,1.7206478449221756,0.5553866946322936,0.5384768351192087,0.444758143900273,1.0637408926942473,0.073
497,row_diagonal_dominant_stochastic:85d04ae4513fe85f,row_diagonal_dominant_stochastic,23,0.2,float64,R0_C0,R0_C1,2000,2000,1.0,1.0,1.0,1.0,1.0,1.0,1.0,1.0,1.0,nan,nan,0.0,0.0,0.0
498,row_diagonal_dominant_stochastic:0f7feef7c7880b20,row_diagonal_dominant_stochastic,23,0.1,float32,R1_C1,R0_C1,2000,2000,1.9501186242576178,2.751586672319448,3.038780001223684,1.5778577451617495,2.136358997088349,2.349572037811407,0.9535099182817051,1.295131431275306,1.4316034997718101,0.7508446276165908,0.7386955846738962,0.3042642918716616,0.7398102723154556,0.005
498,row_diagonal_dominant_stochastic:0f7feef7c7880b20,row_diagonal_dominant_stochastic,23,0.1,float32,R2_C2,R0_C1,2000,2000,2.018157902204377,2.8139032124234666,3.036943644041661,1.5990225787576504,2.188082911736369,2.3809541563577583,0.9552255860577932,1.3002275042801488,1.4049857243885322,0.7467008844622366,0.7321114260278565,0.32200779961436854,0.7539176621128546,0.006
498,row_diagonal_dominant_stochastic:0f7feef7c7880b20,row_diagonal_dominant_stochastic,23,0.1,float32,R0_C0,R0_C1,2000,2000,1.0,1.0,1.0,1.0,1.0,1.0,1.0,1.0,1.0,nan,nan,0.0,0.0,0.0
498,row_diagonal_dominant_stochastic:0f7feef7c7880b20,row_diagonal_dominant_stochastic,23,0.1,float64,R1_C1,R0_C1,2000,2000,1.6317697848408614,2.243310779044285,2.4825595888009344,1.4230829962161093,1.9191875321309384,2.0771648897082544,0.9513091788284336,1.3293363993435627,1.4439628080276363,0.7828131819204907,0.7711684132921034,0.22056974184582345,0.6132894059116412,0.001
498,row_diagonal_dominant_stochastic:0f7feef7c7880b20,row_diagonal_dominant_stochastic,23,0.1,float64,R2_C2,R0_C1,2000,2000,1.686356071048363,2.315918319205055,2.5134932464749915,1.450979546906357,1.9467670939443378,2.1292762598234583,0.9569408142881499,1.3341897265814027,1.440261621836635,0.7641143258720855,0.7459673554918388,0.22564764867304604,0.6131810942769476,0.0025
498,row_diagonal_dominant_stochastic:0f7feef7c7880b20,row_diagonal_dominant_stochastic,23,0.1,float64,R0_C0,R0_C1,2000,2000,1.0,1.0,1.0,1.0,1.0,1.0,1.0,1.0,1.0,nan,nan,0.0,0.0,0.0
499,row_diagonal_dominant_stochastic:0530909e2322226a,row_diagonal_dominant_stochastic,23,0.05,float32,R1_C1,R0_C1,2000,2000,1.7745439653994124,2.441328716777397,2.709608052047392,1.4939688669448534,2.0307619855969787,2.200791730887721,0.9951714546367774,1.305887362154812,1.412163924466853,0.7812771926051526,0.7695467493866873,0.25238355820046343,0.6174916406553135,0.0015
499,row_diagonal_dominant_stochastic:0530909e2322226a,row_diagonal_dominant_stochastic,23,0.05,float32,R2_C2,R0_C1,2000,2000,1.8013436997196441,2.5199109077693977,2.8325681992852183,1.5230659214755815,2.067026208481846,2.2415742202122755,0.9982090566778061,1.3005683999241275,1.4064323298075363,0.7660326362680634,0.7585334541333635,0.261421129762306,0.6536300478322294,0.001
499,row_diagonal_dominant_stochastic:0530909e2322226a,row_diagonal_dominant_stochastic,23,0.05,float32,R0_C0,R0_C1,2000,2000,1.0,1.0,1.0,1.0,1.0,1.0,1.0,1.0,1.0,nan,nan,0.0,0.0,0.0
499,row_diagonal_dominant_stochastic:0530909e2322226a,row_diagonal_dominant_stochastic,23,0.05,float64,R1_C1,R0_C1,2000,2000,1.4529853525868046,2.018677175865316,2.221472030854638,1.3132207268058198,1.784168924830795,1.918740699074881,1.0081492994115888,1.3090185096556362,1.4110748879852293,0.791525197057682,0.7856678174169544,0.17653008181022622,0.5082217039071623,0.001
499,row_diagonal_dominant_stochastic:0530909e2322226a,row_diagonal_dominant_stochastic,23,0.05,float64,R2_C2,R0_C1,2000,2000,1.500988757643865,2.092704798838469,2.2446353920066056,1.3545138864928492,1.8236822590712432,1.9681695459614228,1.0010089627410816,1.300241185941119,1.4022905321158547,0.7994212365460261,0.7920720780180194,0.1812806757551077,0.5251439904277178,0.001
499,row_diagonal_dominant_stochastic:0530909e2322226a,row_diagonal_dominant_stochastic,23,0.05,float64,R0_C0,R0_C1,2000,2000,1.0,1.0,1.0,1.0,1.0,1.0,1.0,1.0,1.0,nan,nan,0.0,0.0,0.0
500,row_diagonal_dominant_stochastic:f5393029996d2c29,row_diagonal_dominant_stochastic,23,0.02,float32,R1_C1,R0_C1,2000,2000,1.6969404471848852,2.3520157356840112,2.6171627764830956,1.3804158488999292,1.8491727839794911,1.991622091970013,1.0284386952823317,1.351939323406799,1.4724222753824563,0.6599990442862388,0.6442836740709184,0.30282048708961196,0.760362298073163,0.0065
500,row_diagonal_dominant_stochastic:f5393029996d2c29,row_diagonal_dominant_stochastic,23,0.02,float32,R2_C2,R0_C1,2000,2000,1.7311780433352166,2.4151423754471657,2.6058169349477076,1.414016126297846,1.864559972988394,2.0125809759248487,1.0262819213814673,1.355463698708383,1.4723150933998665,0.6480112089130411,0.6350546982636744,0.3131114309772547,0.7852449264006421,0.009
500,row_diagonal_dominant_stochastic:f5393029996d2c29,row_diagonal_dominant_stochastic,23,0.02,float32,R0_C0,R0_C1,2000,2000,1.0,1.0,1.0,1.0,1.0,1.0,1.0,1.0,1.0,nan,nan,0.0,0.0,0.0
500,row_diagonal_dominant_stochastic:f5393029996d2c29,row_diagonal_dominant_stochastic,23,0.02,float64,R1_C1,R0_C1,2000,2000,1.3864710553016186,1.8637707948568574,2.0483340026739447,1.2544974299040124,1.6512451731992506,1.7843244236981244,1.0344733877832155,1.3649133805632336,1.4662838555973767,0.6846730953295797,0.6744680976170243,0.19993985048243673,0.5971250302719693,0.0005
500,row_diagonal_dominant_stochastic:f5393029996d2c29,row_diagonal_dominant_stochastic,23,0.02,float64,R2_C2,R0_C1,2000,2000,1.4011869200914544,1.8918675386047819,2.0410468074490358,1.2645634741337002,1.6786105933792697,1.8068767714808196,1.0281541035480801,1.3694856659731187,1.4633480550824505,0.6894508109871851,0.6816742779185694,0.2081418948667202,0.5840233036302407,0.001
500,row_diagonal_dominant_stochastic:f5393029996d2c29,row_diagonal_dominant_stochastic,23,0.02,float64,R0_C0,R0_C1,2000,2000,1.0,1.0,1.0,1.0,1.0,1.0,1.0,1.0,1.0,nan,nan,0.0,0.0,0.0
501,row_diagonal_dominant_stochastic:0d717c35c3b2f62d,row_diagonal_dominant_stochastic,23,0.01,float32,R1_C1,R0_C1,2000,2000,1.6183626945280492,2.18572079004966,2.402479933704475,1.286607475230794,1.718397154166666,1.8326571359301864,1.003950651506811,1.342599666627572,1.4355994035253075,0.5627130242465689,0.5423791625947906,0.3312280314507247,0.8331968155325878,0.0135
501,row_diagonal_dominant_stochastic:0d717c35c3b2f62d,row_diagonal_dominant_stochastic,23,0.01,float32,R2_C2,R0_C1,2000,2000,1.6525324555501562,2.2745015361804044,2.5168157722512428,1.3202548660231566,1.7285397183684534,1.8690325041389537,1.0081262548124212,1.3382816873407304,1.4443622199336543,0.5810431277006499,0.5638508249627062,0.3464376880249638,0.8384427745571947,0.015
501,row_diagonal_dominant_stochastic:0d717c35c3b2f62d,row_diagonal_dominant_stochastic,23,0.01,float32,R0_C0,R0_C1,2000,2000,1.0,1.0,1.0,1.0,1.0,1.0,1.0,1.0,1.0,nan,nan,0.0,0.0,0.0
501,row_diagonal_dominant_stochastic:0d717c35c3b2f62d,row_diagonal_dominant_stochastic,23,0.01,float64,R1_C1,R0_C1,2000,2000,1.3482813473028188,1.7958194085510992,1.9378609914324745,1.184364918273303,1.5640858062562795,1.710496922347595,1.0099860770182931,1.352323621632792,1.4439010001171126,0.6006077458331144,0.582656664164166,0.22761446830667778,0.6623591979851617,0.002
501,row_diagonal_dominant_stochastic:0d717c35c3b2f62d,row_diagonal_dominant_stochastic,23,0.01,float64,R2_C2,R0_C1,2000,2000,1.3626194169836374,1.8450826971513585,2.015290558146814,1.1949205092737918,1.5643965182836257,1.7116143610737071,0.9975841275552586,1.3403443342240866,1.4623839492643789,0.6171675961343708,0.607666591916648,0.24491314388100816,0.6770478820104064,0.0025
501,row_diagonal_dominant_stochastic:0d717c35c3b2f62d,row_diagonal_dominant_stochastic,23,0.01,float64,R0_C0,R0_C1,2000,2000,1.0,1.0,1.0,1.0,1.0,1.0,1.0,1.0,1.0,nan,nan,0.0,0.0,0.0
502,row_diagonal_dominant_stochastic:6bb9c9b7e1526958,row_diagonal_dominant_stochastic,23,0.005,float32,R1_C1,R0_C1,2000,2000,1.560433916324186,2.1702085833003903,2.3766765207648,1.2430502898919225,1.6352383117083924,1.7645536325215843,0.9995113331485905,1.339515238104985,1.4659868440973831,0.5524089936225658,0.5344779286194821,0.33541396318302974,0.8802427850680362,0.0245
502,row_diagonal_dominant_stochastic:6bb9c9b7e1526958,row_diagonal_dominant_stochastic,23,0.005,float32,R2_C2,R0_C1,2000,2000,1.5998818963573864,2.194147781343186,2.441307278876596,1.2570969309929538,1.6547020405722364,1.7814539784535968,0.9865636122688392,1.3230848292800041,1.4347712353104303,0.5349567169171315,0.5244738366184591,0.3670056179368979,0.890353746840162,0.025
502,row_diagonal_dominant_stochastic:6bb9c9b7e1526958,row_diagonal_dominant_stochastic,23,0.005,float32,R0_C0,R0_C1,2000,2000,1.0,1.0,1.0,1.0,1.0,1.0,1.0,1.0,1.0,nan,nan,0.0,0.0,0.0
502,row_diagonal_dominant_stochastic:6bb9c9b7e1526958,row_diagonal_dominant_stochastic,23,0.005,float64,R1_C1,R0_C1,2000,2000,1.3392076894204983,1.8168359720712894,1.997262936492275,1.1580570447914775,1.5226694230236668,1.6337400283175738,0.9996423850294923,1.3272172441709844,1.4351732213344333,0.5481589823809607,0.5454623458655865,0.2590214615756239,0.7018015281326313,0.007
502,row_diagonal_dominant_stochastic:6bb9c9b7e1526958,row_diagonal_dominant_stochastic,23,0.005,float64,R2_C2,R0_C1,2000,2000,1.365460625206215,1.8786490302332965,2.0515436446807445,1.1766089799760042,1.5361064974777527,1.6668356900900718,0.9868388006852412,1.315179004444458,1.436082079209661,0.5720871071876531,0.5529537542384385,0.25074283473513936,0.754662819960697,0.005
502,row_diagonal_dominant_stochastic:6bb9c9b7e1526958,row_diagonal_dominant_stochastic,23,0.005,float64,R0_C0,R0_C1,2000,2000,1.0,1.0,1.0,1.0,1.0,1.0,1.0,1.0,1.0,nan,nan,0.0,0.0,0.0
503,row_diagonal_dominant_stochastic:103e29b8022442fa,row_diagonal_dominant_stochastic,23,0.002,float32,R1_C1,R0_C1,2000,2000,1.5193601388076585,2.074092603964086,2.2986738295637967,1.2018554742618686,1.5760025616497453,1.7220702588246826,0.9988193579118092,1.3471010724907897,1.4674804252156983,0.5121872833329613,0.5031636777909194,0.3569882635727968,0.8946061747999488,0.028
503,row_diagonal_dominant_stochastic:103e29b8022442fa,row_diagonal_dominant_stochastic,23,0.002,float32,R2_C2,R0_C1,2000,2000,1.5317417256177597,2.128704388510367,2.3519429270321197,1.2040949932352676,1.5891997259504276,1.7544221113422227,0.9883853942813998,1.3232393361736057,1.427784760928515,0.558642591527667,0.5385971426492856,0.35061812155955596,0.8826687838234901,0.0195
503,row_diagonal_dominant_stochastic:103e29b8022442fa,row_diagonal_dominant_stochastic,23,0.002,float32,R0_C0,R0_C1,2000,2000,1.0,1.0,1.0,1.0,1.0,1.0,1.0,1.0,1.0,nan,nan,0.0,0.0,0.0
503,row_diagonal_dominant_stochastic:103e29b8022442fa,row_diagonal_dominant_stochastic,23,0.002,float64,R1_C1,R0_C1,2000,2000,1.3444807066971372,1.8437445370661207,2.030074219917016,1.141612028366568,1.5058830951998678,1.6187186945390843,0.985990388683297,1.3168184781770707,1.4322132355553638,0.5286635496726589,0.5218245059561265,0.2715608187569695,0.7721422894623649,0.011
503,row_diagonal_dominant_stochastic:103e29b8022442fa,row_diagonal_dominant_stochastic,23,0.002,float64,R2_C2,R0_C1,2000,2000,1.3558047245889346,1.887754175007776,2.100533394914163,1.1512760185289297,1.537863961057554,1.6600276389551838,0.9830266017205067,1.3172161878680362,1.429294674691974,0.557788374938745,0.5355269853817464,0.2879498809850044,0.7943051770050434,0.0115
503,row_diagonal_dominant_stochastic:103e29b8022442fa,row_diagonal_dominant_stochastic,23,0.002,float64,R0_C0,R0_C1,2000,2000,1.0,1.0,1.0,1.0,1.0,1.0,1.0,1.0,1.0,nan,nan,0.0,0.0,0.0
504,row_diagonal_dominant_stochastic:3f149f338e70104c,row_diagonal_dominant_stochastic,23,0.001,float32,R1_C1,R0_C1,2000,2000,1.4903519385294253,2.0885124109376325,2.285104283796392,1.1776818851044544,1.5534766891686533,1.7062763110996921,0.9880765568271909,1.312541352454591,1.4266060153858868,0.5217859564790621,0.5085304541326136,0.3527445205245038,0.9146611844236182,0.029
504,row_diagonal_dominant_stochastic:3f149f338e70104c,row_diagonal_dominant_stochastic,23,0.001,float32,R2_C2,R0_C1,2000,2000,1.5131080962323809,2.1485966054516434,2.3431701413217207,1.1964469744303692,1.5612869811881065,1.6933351131776027,0.9776740626024751,1.3131155595167938,1.4180122887052098,0.5045973406061893,0.49582694945673744,0.3593465246638044,0.9279531308919575,0.029
504,row_diagonal_dominant_stochastic:3f149f338e70104c,row_diagonal_dominant_stochastic,23,0.001,float32,R0_C0,R0_C1,2000,2000,1.0,1.0,1.0,1.0,1.0,1.0,1.0,1.0,1.0,nan,nan,0.0,0.0,0.0
504,row_diagonal_dominant_stochastic:3f149f338e70104c,row_diagonal_dominant_stochastic,23,0.001,float64,R1_C1,R0_C1,2000,2000,1.3537810070392569,1.850641169581433,2.0066123956955546,1.129807013418484,1.4650002043439319,1.5907280604591687,0.9881527761060414,1.3171559196384277,1.4271908756567986,0.4927604029867547,0.4888119517029879,0.2870625995306366,0.8036296177018782,0.0125
504,row_diagonal_dominant_stochastic:3f149f338e70104c,row_diagonal_dominant_stochastic,23,0.001,float64,R2_C2,R0_C1,2000,2000,1.3494206349289173,1.887778445667379,2.0828078609374363,1.1382308033638437,1.5050022817542603,1.6045188881473715,0.9892962337014767,1.3078186307272808,1.4184320550858596,0.5413356297015804,0.5429510422377606,0.29506973745934983,0.8020810227794039,0.0195
504,row_diagonal_dominant_stochastic:3f149f338e70104c,row_diagonal_dominant_stochastic,23,0.001,float64,R0_C0,R0_C1,2000,2000,1.0,1.0,1.0,1.0,1.0,1.0,1.0,1.0,1.0,nan,nan,0.0,0.0,0.0
594,row_diagonal_dominant_random:93e6f52ebdb3ac55,row_diagonal_dominant_random,32,0.5,float32,R1_C1,R0_C1,2000,2000,1.6635868801742162,2.9029793284560244,3.352688952174742,1.0359547290542666,1.570009283779239,1.7613602992597865,1.0020611453582746,1.5587529852835424,1.7256058020482814,0.09910198789634228,0.08892110673027669,0.7514993818742712,1.8697738191317068,0.349
594,row_diagonal_dominant_random:93e6f52ebdb3ac55,row_diagonal_dominant_random,32,0.5,float32,R2_C2,R0_C1,2000,2000,1.7058488799450364,2.9694636099527862,3.500440925733973,1.0411557860097425,1.5582613305138178,1.7327363619558076,0.9926377637368398,1.5215529413248965,1.7163287471612134,0.1123974146299295,0.09771559542889885,0.7728349694416162,1.8447717262160734,0.379
594,row_diagonal_dominant_random:93e6f52ebdb3ac55,row_diagonal_dominant_random,32,0.5,float32,R0_C0,R0_C1,2000,2000,1.0,1.0,1.0,1.0,1.0,1.0,1.0,1.0,1.0,nan,nan,0.0,0.0,0.0
594,row_diagonal_dominant_random:93e6f52ebdb3ac55,row_diagonal_dominant_random,32,0.5,float64,R1_C1,R0_C1,2000,2000,1.4634500409985072,2.0818280724424456,2.313722750568962,1.0526295522264002,1.5642829148928101,1.7869017164002288,1.0136587487861766,1.5355880143374327,1.7252949833497966,0.04666611057655388,0.04678533869633467,0.5342312545102472,1.4515966158941684,0.1875
594,row_diagonal_dominant_random:93e6f52ebdb3ac55,row_diagonal_dominant_random,32,0.5,float64,R2_C2,R0_C1,2000,2000,1.4710380039466286,2.1239995557767846,2.3486735643253756,1.0559967394455092,1.5938333707351808,1.7916079287221223,1.0186693275341199,1.5661823669575021,1.7508638223936264,0.04544419969042947,0.05069941417485354,0.5483932939736389,1.4791649328144765,0.2055
594,row_diagonal_dominant_random:93e6f52ebdb3ac55,row_diagonal_dominant_random,32,0.5,float64,R0_C0,R0_C1,2000,2000,1.0,1.0,1.0,1.0,1.0,1.0,1.0,1.0,1.0,nan,nan,0.0,0.0,0.0
595,row_diagonal_dominant_random:03e59f7215597618,row_diagonal_dominant_random,32,0.3,float32,R1_C1,R0_C1,2000,2000,1.8263789913979065,3.2542926311697045,3.8113516819666087,1.093256140510202,1.63713889010322,1.8230055081501537,1.0002519285691078,1.5367027837170169,1.729819351274748,0.18700305265177622,0.15543939885984973,0.8149263875472575,1.8369344766119464,0.3965
595,row_diagonal_dominant_random:03e59f7215597618,row_diagonal_dominant_random,32,0.3,float32,R2_C2,R0_C1,2000,2000,1.8243367254720657,3.3473024904408155,3.936843759930024,1.1012958329604778,1.6221813547431698,1.827988468543801,0.9994639012411328,1.4986097370637792,1.6920128289773304,0.22700741607464922,0.204568872142218,0.8152035065420771,1.8172461553197992,0.39
595,row_diagonal_dominant_random:03e59f7215597618,row_diagonal_dominant_random,32,0.3,float32,R0_C0,R0_C1,2000,2000,1.0,1.0,1.0,1.0,1.0,1.0,1.0,1.0,1.0,nan,nan,0.0,0.0,0.0
595,row_diagonal_dominant_random:03e59f7215597618,row_diagonal_dominant_random,32,0.3,float64,R1_C1,R0_C1,2000,2000,1.5186220496850888,2.2199113161796142,2.431601354092956,1.0678530044904262,1.5808313733132184,1.7571150431807478,1.0188091368752779,1.5238703033871053,1.7195917390646678,0.11651873462076076,0.10822236605559149,0.5587531290614194,1.4213665776722801,0.199
595,row_diagonal_dominant_random:03e59f7215597618,row_diagonal_dominant_random,32,0.3,float64,R2_C2,R0_C1,2000,2000,1.5396625726527433,2.228194025691612,2.4687150533639906,1.0821411012109299,1.5682989824503675,1.7540424509071364,1.013831051645578,1.5442871968565604,1.73244007084715,0.12219895525693855,0.12292875073218767,0.5596743785933775,1.4065211726217577,0.186
595,row_diagonal_dominant_random:03e59f7215597618,row_diagonal_dominant_random,32,0.3,float64,R0_C0,R0_C1,2000,2000,1.0,1.0,1.0,1.0,1.0,1.0,1.0,1.0,1.0,nan,nan,0.0,0.0,0.0
596,row_diagonal_dominant_random:c6616c01f005a03d,row_diagonal_dominant_random,32,0.2,float32,R1_C1,R0_C1,2000,2000,1.870529518672634,3.4778387381328333,4.104150956916816,1.14247319230908,1.6911929327219708,1.919587096148722,0.9894561845487702,1.5040559473432749,1.6992647303534998,0.2847186864260313,0.2478592144648036,0.7981646907694651,1.7903328526766336,0.3805
596,row_diagonal_dominant_random:c6616c01f005a03d,row_diagonal_dominant_random,32,0.2,float32,R2_C2,R0_C1,2000,2000,1.8696105301196053,3.4752919903976394,4.095984074283267,1.1369054045230715,1.6883216445490539,1.8971480296546561,0.9807715102368451,1.5080223984383245,1.7044808161719915,0.3174947226136327,0.2792945228236307,0.8145174972891722,1.7630676281567417,0.385
596,row_diagonal_dominant_random:c6616c01f005a03d,row_diagonal_dominant_random,32,0.2,float32,R0_C0,R0_C1,2000,2000,1.0,1.0,1.0,1.0,1.0,1.0,1.0,1.0,1.0,nan,nan,0.0,0.0,0.0
596,row_diagonal_dominant_random:c6616c01f005a03d,row_diagonal_dominant_random,32,0.2,float64,R1_C1,R0_C1,2000,2000,1.5427607390782703,2.227636336528018,2.4811938947827694,1.0770717163176688,1.6031991203831364,1.7869481780420464,1.0019950801986721,1.5062021380594985,1.6644000680431672,0.11940774277875489,0.1189392972348243,0.5572510049579888,1.4452786245561982,0.187
596,row_diagonal_dominant_random:c6616c01f005a03d,row_diagonal_dominant_random,32,0.2,float64,R2_C2,R0_C1,2000,2000,1.5735692076279122,2.296121573118515,2.531503911792508,1.0954829332305214,1.5991665205768657,1.7990381384646377,0.9987712275072175,1.4971692829304604,1.6768065088810604,0.12277581121957779,0.1036979104244776,0.5514135424005775,1.3945887645807054,0.214
596,row_diagonal_dominant_random:c6616c01f005a03d,row_diagonal_dominant_random,32,0.2,float64,R0_C0,R0_C1,2000,2000,1.0,1.0,1.0,1.0,1.0,1.0,1.0,1.0,1.0,nan,nan,0.0,0.0,0.0
597,row_diagonal_dominant_random:85f3946f6e4679ec,row_diagonal_dominant_random,32,0.1,float32,R1_C1,R0_C1,2000,2000,1.9154793198471742,3.6989738939515946,4.310132059293664,1.1692896538244042,1.7755398615230737,2.021806799276007,0.9903442901871825,1.4682205567234092,1.6575226829238583,0.4258495867472414,0.3763512730878183,0.8048238443510569,1.6958788696003768,0.363
597,row_diagonal_dominant_random:85f3946f6e4679ec,row_diagonal_dominant_random,32,0.1,float32,R2_C2,R0_C1,2000,2000,1.9352013835036699,3.6598820723346823,4.233406198180889,1.185232298385995,1.7879592772174402,2.004988522644786,0.9853708302083304,1.4545093631558963,1.645849876922623,0.4327196117280583,0.39031991707997926,0.7889909283334675,1.6632882636069761,0.3515
597,row_diagonal_dominant_random:85f3946f6e4679ec,row_diagonal_dominant_random,32,0.1,float32,R0_C0,R0_C1,2000,2000,1.0,1.0,1.0,1.0,1.0,1.0,1.0,1.0,1.0,nan,nan,0.0,0.0,0.0
597,row_diagonal_dominant_random:85f3946f6e4679ec,row_diagonal_dominant_random,32,0.1,float64,R1_C1,R0_C1,2000,2000,1.5540141797895233,2.2608004603973963,2.4694768130359663,1.1150654641146414,1.6247607408256894,1.8057751742338413,0.9795326836151214,1.4996918268729487,1.6846954160694025,0.167207477101854,0.1618885349721337,0.5411909150555761,1.3574510383429013,0.169
597,row_diagonal_dominant_random:85f3946f6e4679ec,row_diagonal_dominant_random,32,0.1,float64,R2_C2,R0_C1,2000,2000,1.5948408624939825,2.262082167861551,2.4901575451075426,1.1187276592972781,1.6025977491186392,1.803782425241689,0.981087587064472,1.4819029834671298,1.6531718138727094,0.2291814461548957,0.21895093123773282,0.5463410671725347,1.3239614935192994,0.1785
597,row_diagonal_dominant_random:85f3946f6e4679ec,row_diagonal_dominant_random,32,0.1,float64,R0_C0,R0_C1,2000,2000,1.0,1.0,1.0,1.0,1.0,1.0,1.0,1.0,1.0,nan,nan,0.0,0.0,0.0
598,row_diagonal_dominant_random:2976d44433ad1387,row_diagonal_dominant_random,32,0.05,float32,R1_C1,R0_C1,2000,2000,1.9041432959659943,3.6287552573877795,4.194010297900715,1.227598806606804,1.8244993304110222,2.0206616840072007,0.9957138955748983,1.5015866282447525,1.6737060363592726,0.4870850028417779,0.4319641364910341,0.7147169106048905,1.5787718431397315,0.292
598,row_diagonal_dominant_random:2976d44433ad1387,row_diagonal_dominant_random,32,0.05,float32,R2_C2,R0_C1,2000,2000,1.9085187777144923,3.625518267313776,4.225050327551669,1.2373088306984004,1.8088185413085467,2.0041993772436126,1.0124243899768577,1.4796353919350895,1.6513403197712653,0.4682818888890155,0.4057043499260875,0.7255934818225281,1.577842642874446,0.3
598,row_diagonal_dominant_random:2976d44433ad1387,row_diagonal_dominant_random,32,0.05,float32,R0_C0,R0_C1,2000,2000,1.0,1.0,1.0,1.0,1.0,1.0,1.0,1.0,1.0,nan,nan,0.0,0.0,0.0
598,row_diagonal_dominant_random:2976d44433ad1387,row_diagonal_dominant_random,32,0.05,float64,R1_C1,R0_C1,2000,2000,1.5781316192898998,2.256047557808148,2.492940353577784,1.1540190554092267,1.6214205326934297,1.808614700882188,0.9965685191475471,1.4944392150094674,1.7014804297839936,0.237834155092914,0.22435102858775716,0.493973846290478,1.2709156020427326,0.1375
598,row_diagonal_dominant_random:2976d44433ad1387,row_diagonal_dominant_random,32,0.05,float64,R2_C2,R0_C1,2000,2000,1.5828038773629391,2.276262502150363,2.4953397221720888,1.1452598737522592,1.625209627874866,1.7835154037537577,1.0047675110505574,1.5097385200979117,1.6620859840538942,0.2696649206394552,0.26140916185229046,0.5129524387250823,1.2422209876525578,0.133
598,row_diagonal_dominant_random:2976d44433ad1387,row_diagonal_dominant_random,32,0.05,float64,R0_C0,R0_C1,2000,2000,1.0,1.0,1.0,1.0,1.0,1.0,1.0,1.0,1.0,nan,nan,0.0,0.0,0.0
599,row_diagonal_dominant_random:8a85d76f30eb75a6,row_diagonal_dominant_random,32,0.02,float32,R1_C1,R0_C1,2000,2000,1.9478817742394645,3.6158893809695756,4.253463286154856,1.2258768768446315,1.8626196550261593,2.0649305257778265,0.9836450978290637,1.458957773100648,1.6361033252060924,0.4978234430025607,0.4477267764316941,0.7250259158691604,1.5793168239915365,0.317
599,row_diagonal_dominant_random:8a85d76f30eb75a6,row_diagonal_dominant_random,32,0.02,float32,R2_C2,R0_C1,2000,2000,1.9352134246091706,3.7688881864863557,4.37989910931941,1.240952784555507,1.8600845052580972,2.08291905689071,0.9845609707213951,1.4406681884231296,1.6356968291466445,0.5222051450100228,0.46932984783246195,0.7465600587954746,1.54448814024971,0.305
599,row_diagonal_dominant_random:8a85d76f30eb75a6,row_diagonal_dominant_random,32,0.02,float32,R0_C0,R0_C1,2000,2000,1.0,1.0,1.0,1.0,1.0,1.0,1.0,1.0,1.0,nan,nan,0.0,0.0,0.0
599,row_diagonal_dominant_random:8a85d76f30eb75a6,row_diagonal_dominant_random,32,0.02,float64,R1_C1,R0_C1,2000,2000,1.6047490631891672,2.255121407404272,2.462914224006293,1.1558299513976056,1.6403110014061824,1.804402387134626,0.9945129281324028,1.47314680772476,1.6329237275537984,0.2707687128193279,0.2602863095715774,0.5036942626798164,1.2523387077207198,0.141
599,row_diagonal_dominant_random:8a85d76f30eb75a6,row_diagonal_dominant_random,32,0.02,float64,R2_C2,R0_C1,2000,2000,1.6190455823295584,2.3341436952688355,2.59072167263643,1.15386219789416,1.6700821126988425,1.8626557401268642,0.9837539023954998,1.4508284571502743,1.662343643611092,0.27600322586879816,0.25998446599611647,0.5202877378162958,1.2631168768128735,0.143
599,row_diagonal_dominant_random:8a85d76f30eb75a6,row_diagonal_dominant_random,32,0.02,float64,R0_C0,R0_C1,2000,2000,1.0,1.0,1.0,1.0,1.0,1.0,1.0,1.0,1.0,nan,nan,0.0,0.0,0.0
600,row_diagonal_dominant_random:3cf57fa76b9a551c,row_diagonal_dominant_random,32,0.01,float32,R1_C1,R0_C1,2000,2000,1.9024647856257482,3.5034976215397093,4.045225750956061,1.1412024114539405,1.7183351943302863,1.935518058144555,0.899341086241694,1.3661713363871701,1.5346314471474827,0.3964411672437559,0.352962904240726,0.8127854798305774,1.7873685146350082,0.3775
600,row_diagonal_dominant_random:3cf57fa76b9a551c,row_diagonal_dominant_random,32,0.01,float32,R2_C2,R0_C1,2000,2000,1.920464871884437,3.6188915871158405,4.160877715255426,1.1513521235382291,1.7219777529225455,1.9895355913758088,0.8904668059957355,1.3754301389638453,1.546078910318512,0.44932421741610007,0.400088332022083,0.8197984464499587,1.7481041680811786,0.368
600,row_diagonal_dominant_random:3cf57fa76b9a551c,row_diagonal_dominant_random,32,0.01,float32,R0_C0,R0_C1,2000,2000,1.0,1.0,1.0,1.0,1.0,1.0,1.0,1.0,1.0,nan,nan,0.0,0.0,0.0
600,row_diagonal_dominant_random:3cf57fa76b9a551c,row_diagonal_dominant_random,32,0.01,float64,R1_C1,R0_C1,2000,2000,1.5284767176823668,2.2369942881929172,2.520733163205211,1.063968105403326,1.5470234143592798,1.7157363826188647,0.8891889026356627,1.3465644703229458,1.4975159358762944,0.25166949582980236,0.24690519472629865,0.5633440074501685,1.4076701525952577,0.1805
600,row_diagonal_dominant_random:3cf57fa76b9a551c,row_diagonal_dominant_random,32,0.01,float64,R2_C2,R0_C1,2000,2000,1.577648264484514,2.2439134951281896,2.483438953617196,1.075112959509867,1.5560652051179573,1.7254038568301904,0.8972144856486448,1.349822496749195,1.53605584917425,0.255387933425556,0.2540264450066112,0.562840859824174,1.3737076694022237,0.182
600,row_diagonal_dominant_random:3cf57fa76b9a551c,row_diagonal_dominant_random,32,0.01,float64,R0_C0,R0_C1,2000,2000,1.0,1.0,1.0,1.0,1.0,1.0,1.0,1.0,1.0,nan,nan,0.0,0.0,0.0
601,row_diagonal_dominant_random:4cbd4f5958f010f8,row_diagonal_dominant_random,32,0.005,float32,R1_C1,R0_C1,2000,2000,1.8850801468867378,3.3697991351896643,3.9088233754176143,1.0042408607280295,1.5504299245865625,1.77181824513945,0.7839164362398805,1.220978570661293,1.4109231104147313,0.3547632892827492,0.31163016890754225,0.9574438932007623,1.9464529476373427,0.4735
601,row_diagonal_dominant_random:4cbd4f5958f010f8,row_diagonal_dominant_random,32,0.005,float32,R2_C2,R0_C1,2000,2000,1.8846429121666968,3.3280507197336946,3.8301688418158504,1.015759717077024,1.5849167444503465,1.7566975230136228,0.8194611766515081,1.250074354695067,1.4068435781213382,0.3545444201317529,0.32456119064029765,0.9602967004192529,1.9261869847642386,0.471
601,row_diagonal_dominant_random:4cbd4f5958f010f8,row_diagonal_dominant_random,32,0.005,float32,R0_C0,R0_C1,2000,2000,1.0,1.0,1.0,1.0,1.0,1.0,1.0,1.0,1.0,nan,nan,0.0,0.0,0.0
601,row_diagonal_dominant_random:4cbd4f5958f010f8,row_diagonal_dominant_random,32,0.005,float64,R1_C1,R0_C1,2000,2000,1.5287983717851366,2.237230100194957,2.489719029448342,0.9408350553877249,1.3879541038418135,1.561158354520813,0.7824667199881934,1.2146302815521641,1.385519322050708,0.15996310223032878,0.1410210712552678,0.7078326555203592,1.6297782717879001,0.3135
601,row_diagonal_dominant_random:4cbd4f5958f010f8,row_diagonal_dominant_random,32,0.005,float64,R2_C2,R0_C1,2000,2000,1.549169864344362,2.2084108917359355,2.4722490562851447,0.9784660832525914,1.4474676955612993,1.5985400955688984,0.8143119964942749,1.2660008185679732,1.423774391062972,0.17459411095736024,0.16289165422291355,0.6896286073558303,1.5866503116526547,0.2885
601,row_diagonal_dominant_random:4cbd4f5958f010f8,row_diagonal_dominant_random,32,0.005,float64,R0_C0,R0_C1,2000,2000,1.0,1.0,1.0,1.0,1.0,1.0,1.0,1.0,1.0,nan,nan,0.0,0.0,0.0
602,row_diagonal_dominant_random:9493eb0855127051,row_diagonal_dominant_random,32,0.002,float32,R1_C1,R0_C1,2000,2000,1.7691474192875412,2.9981668084268627,3.513085895320257,0.8982173150906931,1.3797200244589911,1.5641375142202447,0.7327952190528272,1.132821032026511,1.2794638089951056,0.3219598033717786,0.29103515025878757,1.0335864225484068,1.974655661667268,0.5225
602,row_diagonal_dominant_random:9493eb0855127051,row_diagonal_dominant_random,32,0.002,float32,R2_C2,R0_C1,2000,2000,1.8210918576986717,3.1670604508089686,3.7290627789455453,0.9377751178519834,1.4624082727698415,1.6290565111226232,0.7643309042155384,1.2304796789951975,1.3721808387728174,0.30821279950753955,0.27581088745272186,1.0324053644860114,2.0169019790407026,0.523
602,row_diagonal_dominant_random:9493eb0855127051,row_diagonal_dominant_random,32,0.002,float32,R0_C0,R0_C1,2000,2000,1.0,1.0,1.0,1.0,1.0,1.0,1.0,1.0,1.0,nan,nan,0.0,0.0,0.0
602,row_diagonal_dominant_random:9493eb0855127051,row_diagonal_dominant_random,32,0.002,float64,R1_C1,R0_C1,2000,2000,1.4754813099255204,2.1253718231380807,2.396144128353992,0.8841608713006521,1.3201754585182295,1.4844788748536792,0.7559643611352167,1.159632393415078,1.3071809425493537,0.1505098321193906,0.128272592068148,0.7639519771155316,1.673492004525774,0.3315
602,row_diagonal_dominant_random:9493eb0855127051,row_diagonal_dominant_random,32,0.002,float64,R2_C2,R0_C1,2000,2000,1.505624923274252,2.1314873996065864,2.3737698924008934,0.9031530990986925,1.3883413154733382,1.5536268976971603,0.7803461824777703,1.2276517253579289,1.3963643227191567,0.15365607409057142,0.13998391999598,0.7462532038439876,1.6699422247776736,0.315
602,row_diagonal_dominant_random:9493eb0855127051,row_diagonal_dominant_random,32,0.002,float64,R0_C0,R0_C1,2000,2000,1.0,1.0,1.0,1.0,1.0,1.0,1.0,1.0,1.0,nan,nan,0.0,0.0,0.0
603,row_diagonal_dominant_random:c93186b88112adec,row_diagonal_dominant_random,32,0.001,float32,R1_C1,R0_C1,2000,2000,1.7656968164204985,2.9526020126069725,3.344401071750788,0.9094357814152103,1.3679803099410794,1.5228856713979415,0.7506093471703323,1.174014958558454,1.3355629208162174,0.2854836064632969,0.25713398528349635,1.0281900292187387,1.9497280296038793,0.5155
603,row_diagonal_dominant_random:c93186b88112adec,row_diagonal_dominant_random,32,0.001,float32,R2_C2,R0_C1,2000,2000,1.8047838218172725,2.956117018925668,3.4523303802990406,0.9309449574952037,1.411598906497923,1.6273769205813677,0.7716744205944197,1.2267037433474113,1.424002719899771,0.29549424856898504,0.2495952413988103,1.0160848615393894,1.9610361765252617,0.513
603,row_diagonal_dominant_random:c93186b88112adec,row_diagonal_dominant_random,32,0.001,float32,R0_C0,R0_C1,2000,2000,1.0,1.0,1.0,1.0,1.0,1.0,1.0,1.0,1.0,nan,nan,0.0,0.0,0.0
603,row_diagonal_dominant_random:c93186b88112adec,row_diagonal_dominant_random,32,0.001,float64,R1_C1,R0_C1,2000,2000,1.4468752248782293,2.0707015938532813,2.2990037106559758,0.8526936861754286,1.2812234081861993,1.4593730332673747,0.7493650555551226,1.1482627066870779,1.3027135037045132,0.15804975911811825,0.14792314598078649,0.7580412098259259,1.6798651492524206,0.34
603,row_diagonal_dominant_random:c93186b88112adec,row_diagonal_dominant_random,32,0.001,float64,R2_C2,R0_C1,2000,2000,1.4846704248489626,2.1352533593904046,2.4497016861354193,0.8894472385115508,1.3334454668056726,1.5150462271754483,0.7706927801740552,1.2072616100111626,1.3719925459593825,0.14010598376854622,0.13588901197225298,0.7573898733204816,1.6956246885431119,0.3355
603,row_diagonal_dominant_random:c93186b88112adec,row_diagonal_dominant_random,32,0.001,float64,R0_C0,R0_C1,2000,2000,1.0,1.0,1.0,1.0,1.0,1.0,1.0,1.0,1.0,nan,nan,0.0,0.0,0.0
624,row_diagonal_dominant_stochastic:021519ee0a19df7c,row_diagonal_dominant_stochastic,32,0.5,float32,R1_C1,R0_C1,2000,2000,1.6820087357356601,2.8599319553968607,3.3580298506472857,1.041988121309344,1.5495139663456854,1.7337970768053597,0.9910883056773483,1.5189210986393418,1.6971708208263194,0.11178348794756826,0.1033963068490767,0.7180347474051002,1.8681959711175726,0.336
624,row_diagonal_dominant_stochastic:021519ee0a19df7c,row_diagonal_dominant_stochastic,32,0.5,float32,R2_C2,R0_C1,2000,2000,1.6978852972054472,2.9368535399121,3.4268908898367254,1.0590706106753769,1.5845611504516797,1.7680837130490656,1.0239591319688226,1.5095953499396544,1.6821569650231545,0.10910472345930397,0.09112550578137645,0.7642605990502693,1.8221282996538333,0.3465
624,row_diagonal_dominant_stochastic:021519ee0a19df7c,row_diagonal_dominant_stochastic,32,0.5,float32,R0_C0,R0_C1,2000,2000,1.0,1.0,1.0,1.0,1.0,1.0,1.0,1.0,1.0,nan,nan,0.0,0.0,0.0
624,row_diagonal_dominant_stochastic:021519ee0a19df7c,row_diagonal_dominant_stochastic,32,0.5,float64,R1_C1,R0_C1,2000,2000,1.4648361033081008,2.1211412697928127,2.303959114180001,1.0258399727056446,1.5539410908100244,1.720565155612162,1.0022937418075886,1.5354246204154698,1.7335063761766856,0.05747162575598488,0.054616420654105165,0.5682387469981804,1.4816858809720737,0.219
624,row_diagonal_dominant_stochastic:021519ee0a19df7c,row_diagonal_dominant_stochastic,32,0.5,float64,R2_C2,R0_C1,2000,2000,1.4657193903790524,2.09830177589674,2.304030056550967,1.0411225685653813,1.588969836168229,1.7863216030560685,0.9937697900721196,1.5331347927324679,1.7054294253750728,0.07977063042020724,0.07407419601854899,0.5636441423348428,1.4532050283208073,0.206
624,row_diagonal_dominant_stochastic:021519ee0a19df7c,row_diagonal_dominant_stochastic,32,0.5,float64,R0_C0,R0_C1,2000,2000,1.0,1.0,1.0,1.0,1.0,1.0,1.0,1.0,1.0,nan,nan,0.0,0.0,0.0
625,row_diagonal_dominant_stochastic:de30837b1853aaf8,row_diagonal_dominant_stochastic,32,0.3,float32,R1_C1,R0_C1,2000,2000,1.8128505414372547,3.2959426533761746,3.754286824350507,1.1148113996906326,1.6422221571051103,1.817138990983912,1.0051564296616307,1.5200876719886653,1.7228764969332542,0.2718748810176048,0.24039777759944442,0.7567178151396472,1.744187882023117,0.359
625,row_diagonal_dominant_stochastic:de30837b1853aaf8,row_diagonal_dominant_stochastic,32,0.3,float32,R2_C2,R0_C1,2000,2000,1.8242205727732137,3.2691456148261198,3.7620350513713507,1.1059393791311964,1.635914891751334,1.8455891873303805,0.994286557954219,1.4790501622029595,1.6986242947539203,0.297111171517751,0.2642472915618229,0.7982227200544484,1.7280758731398764,0.37
625,row_diagonal_dominant_stochastic:de30837b1853aaf8,row_diagonal_dominant_stochastic,32,0.3,float32,R0_C0,R0_C1,2000,2000,1.0,1.0,1.0,1.0,1.0,1.0,1.0,1.0,1.0,nan,nan,0.0,0.0,0.0
625,row_diagonal_dominant_stochastic:de30837b1853aaf8,row_diagonal_dominant_stochastic,32,0.3,float64,R1_C1,R0_C1,2000,2000,1.5134017392939816,2.105671416704447,2.308641725958733,1.0591997298598521,1.5879439925411025,1.762036703816119,1.003025885277566,1.5339767721396558,1.7148366471674927,0.073202988075771,0.06848261012065252,0.5528388995144158,1.4082386031245877,0.171
625,row_diagonal_dominant_stochastic:de30837b1853aaf8,row_diagonal_dominant_stochastic,32,0.3,float64,R2_C2,R0_C1,2000,2000,1.5417545621141286,2.1323409674713423,2.3417871384555093,1.0712516004630057,1.5457056310840638,1.7221804625067954,0.9859600222372006,1.510724022151953,1.6922141761583323,0.11858972698695701,0.11194645898661475,0.554948368081174,1.3718828859281396,0.1815
625,row_diagonal_dominant_stochastic:de30837b1853aaf8,row_diagonal_dominant_stochastic,32,0.3,float64,R0_C0,R0_C1,2000,2000,1.0,1.0,1.0,1.0,1.0,1.0,1.0,1.0,1.0,nan,nan,0.0,0.0,0.0
626,row_diagonal_dominant_stochastic:85d04ae4513fe85f,row_diagonal_dominant_stochastic,32,0.2,float32,R1_C1,R0_C1,2000,2000,1.7927202226933343,3.2411136973578727,3.680217144319188,1.229465552109613,1.767964265618315,1.9737655613049951,0.9834431186702792,1.4608857578670733,1.6029879099635929,0.48823873225771847,0.4541291230322808,0.662364768664646,1.4196475110367452,0.246
626,row_diagonal_dominant_stochastic:85d04ae4513fe85f,row_diagonal_dominant_stochastic,32,0.2,float32,R2_C2,R0_C1,2000,2000,1.804289541347849,3.2741062184149206,3.720012168985656,1.2325387452946681,1.786052459964587,1.9656953395416128,0.9757049398758872,1.4814648858429535,1.6582331881891768,0.4819788090557468,0.4479740394935099,0.6632362877448854,1.4316007208703534,0.243
626,row_diagonal_dominant_stochastic:85d04ae4513fe85f,row_diagonal_dominant_stochastic,32,0.2,float32,R0_C0,R0_C1,2000,2000,1.0,1.0,1.0,1.0,1.0,1.0,1.0,1.0,1.0,nan,nan,0.0,0.0,0.0
626,row_diagonal_dominant_stochastic:85d04ae4513fe85f,row_diagonal_dominant_stochastic,32,0.2,float64,R1_C1,R0_C1,2000,2000,1.5215856269313532,2.038852436499805,2.22799225545417,1.1597075417039542,1.5915271803742534,1.7477011935028834,1.003511393419899,1.4802272109337045,1.6335124541013284,0.2639089036566946,0.264319668079917,0.4336136366845661,1.100955600340045,0.084
626,row_diagonal_dominant_stochastic:85d04ae4513fe85f,row_diagonal_dominant_stochastic,32,0.2,float64,R2_C2,R0_C1,2000,2000,1.5489575203202115,2.0495535539541128,2.2200765156094833,1.1632143158880996,1.5786766058965,1.72129920969367,0.9950312257476834,1.4580973336031415,1.6047144989882527,0.2643157738967827,0.26230046807511703,0.43756472775897043,1.1074192617756808,0.085
626,row_diagonal_dominant_stochastic:85d04ae4513fe85f,row_diagonal_dominant_stochastic,32,0.2,float64,R0_C0,R0_C1,2000,2000,1.0,1.0,1.0,1.0,1.0,1.0,1.0,1.0,1.0,nan,nan,0.0,0.0,0.0
627,row_diagonal_dominant_stochastic:0f7feef7c7880b20,row_diagonal_dominant_stochastic,32,0.1,float32,R1_C1,R0_C1,2000,2000,1.7764684456350892,3.0186317367788265,3.4124228204472704,1.5082692096595967,2.2272706354921925,2.4870993837866533,0.9910479032233036,1.3687568482443575,1.474931027388447,0.8232722626141061,0.7965729761432441,0.2836590265660699,0.7381427056210897,0.0065
627,row_diagonal_dominant_stochastic:0f7feef7c7880b20,row_diagonal_dominant_stochastic,32,0.1,float32,R2_C2,R0_C1,2000,2000,1.7886851279324258,3.175480990449738,3.4869049243074355,1.5177966764168374,2.2909400182523068,2.5722244049790053,0.9834672647576492,1.3600388990301306,1.5186231959094216,0.8228706856265765,0.7900999885249972,0.277975877141155,0.744942988121973,0.0095
627,row_diagonal_dominant_stochastic:0f7feef7c7880b20,row_diagonal_dominant_stochastic,32,0.1,float32,R0_C0,R0_C1,2000,2000,1.0,1.0,1.0,1.0,1.0,1.0,1.0,1.0,1.0,nan,nan,0.0,0.0,0.0
627,row_diagonal_dominant_stochastic:0f7feef7c7880b20,row_diagonal_dominant_stochastic,32,0.1,float64,R1_C1,R0_C1,2000,2000,1.518355705889554,1.9880913624027914,2.1356887553818855,1.3520287173835688,1.7293286178495115,1.8482587774761248,0.9703717904741258,1.3357201379614172,1.4509495021506793,0.7089120077936152,0.7000102075025518,0.19924141407153528,0.5494172543500374,0.0005
627,row_diagonal_dominant_stochastic:0f7feef7c7880b20,row_diagonal_dominant_stochastic,32,0.1,float64,R2_C2,R0_C1,2000,2000,1.5380265328323908,1.981029742312425,2.1067418527385406,1.3595375840245933,1.7378398399005959,1.8874747499476967,0.9798341699135686,1.3391363963019145,1.4627024884209232,0.7156219087819056,0.7083332535833133,0.19539696127743933,0.5330066990869753,0.0015
627,row_diagonal_dominant_stochastic:0f7feef7c7880b20,row_diagonal_dominant_stochastic,32,0.1,float64,R0_C0,R0_C1,2000,2000,1.0,1.0,1.0,1.0,1.0,1.0,1.0,1.0,1.0,nan,nan,0.0,0.0,0.0
628,row_diagonal_dominant_stochastic:0530909e2322226a,row_diagonal_dominant_stochastic,32,0.05,float32,R1_C1,R0_C1,2000,2000,1.7985758190679846,2.847368446390621,3.169758496875684,1.5493585752372705,2.2046556256618253,2.474991396115168,1.00259860096082,1.2610151368283766,1.351173285508656,0.8609239428440912,0.846527364131841,0.2465476836450085,0.5943470949141736,0.0
628,row_diagonal_dominant_stochastic:0530909e2322226a,row_diagonal_dominant_stochastic,32,0.05,float32,R2_C2,R0_C1,2000,2000,1.8338954646576262,2.919653077556445,3.2494991680527274,1.579737199015801,2.254280330758745,2.497574970854712,1.0025112820181283,1.259628149342123,1.3641865242409585,0.861852722938342,0.8527852561963141,0.2526381955252003,0.6037386898273792,0.0005
628,row_diagonal_dominant_stochastic:0530909e2322226a,row_diagonal_dominant_stochastic,32,0.05,float32,R0_C0,R0_C1,2000,2000,1.0,1.0,1.0,1.0,1.0,1.0,1.0,1.0,1.0,nan,nan,0.0,0.0,0.0
628,row_diagonal_dominant_stochastic:0530909e2322226a,row_diagonal_dominant_stochastic,32,0.05,float64,R1_C1,R0_C1,2000,2000,1.484017169303836,1.9020746305122007,2.0279991842586207,1.348578748899007,1.702594165266922,1.8235308152861416,0.9997139584038993,1.265983278666995,1.344731253159183,0.7798696936193288,0.7740009150002287,0.15891977622748474,0.4339309310408717,0.0
628,row_diagonal_dominant_stochastic:0530909e2322226a,row_diagonal_dominant_stochastic,32,0.05,float64,R2_C2,R0_C1,2000,2000,1.5152388137240824,1.9344556860836208,2.0940713673470333,1.3671339020736286,1.7232367115619538,1.8342798372820024,0.9907649627319163,1.2720026936946627,1.347922948729605,0.7720020950709797,0.7611179487794871,0.16302755894960452,0.4424210871797937,0.0
628,row_diagonal_dominant_stochastic:0530909e2322226a,row_diagonal_dominant_stochastic,32,0.05,float64,R0_C0,R0_C1,2000,2000,1.0,1.0,1.0,1.0,1.0,1.0,1.0,1.0,1.0,nan,nan,0.0,0.0,0.0
629,row_diagonal_dominant_stochastic:f5393029996d2c29,row_diagonal_dominant_stochastic,32,0.02,float32,R1_C1,R0_C1,2000,2000,1.7727033123014755,2.5174714639991103,2.740794468355617,1.486580620327474,1.9753807790507802,2.139881511619779,1.0753668846213713,1.3663910747117824,1.470106444774206,0.7510802476618046,0.74590843997711,0.26922852913047723,0.6522734388188008,0.0
629,row_diagonal_dominant_stochastic:f5393029996d2c29,row_diagonal_dominant_stochastic,32,0.02,float32,R2_C2,R0_C1,2000,2000,1.7912892360722545,2.6074434282030317,2.8471902143877346,1.4978969678635083,1.99502191837569,2.153035167456624,1.0723884401093722,1.3522283372292117,1.4554757000986414,0.7554701272036262,0.7413065393266348,0.28171742109299214,0.6711037564250907,0.0005
629,row_diagonal_dominant_stochastic:f5393029996d2c29,row_diagonal_dominant_stochastic,32,0.02,float32,R0_C0,R0_C1,2000,2000,1.0,1.0,1.0,1.0,1.0,1.0,1.0,1.0,1.0,nan,nan,0.0,0.0,0.0
629,row_diagonal_dominant_stochastic:f5393029996d2c29,row_diagonal_dominant_stochastic,32,0.02,float64,R1_C1,R0_C1,2000,2000,1.4196719503515427,1.8515881739933169,2.004991207346457,1.3006519135174213,1.6703629070456372,1.8041204844703618,1.062387286509866,1.3521188177584418,1.438684470163834,0.7070666550292938,0.6994718993679748,0.16860065360868054,0.4927985302044951,0.0
629,row_diagonal_dominant_stochastic:f5393029996d2c29,row_diagonal_dominant_stochastic,32,0.02,float64,R2_C2,R0_C1,2000,2000,1.4681184610229496,1.8681124038702939,2.011873901993256,1.3344673882782652,1.6723687578973945,1.8014683311800859,1.0609286202160102,1.3592306196510826,1.4386519801725415,0.7069160954300645,0.6998486169621542,0.16915596181240658,0.4938480721053741,0.0
629,row_diagonal_dominant_stochastic:f5393029996d2c29,row_diagonal_dominant_stochastic,32,0.02,float64,R0_C0,R0_C1,2000,2000,1.0,1.0,1.0,1.0,1.0,1.0,1.0,1.0,1.0,nan,nan,0.0,0.0,0.0
630,row_diagonal_dominant_stochastic:0d717c35c3b2f62d,row_diagonal_dominant_stochastic,32,0.01,float32,R1_C1,R0_C1,2000,2000,1.738178743904148,2.3694517668541253,2.6043955162423624,1.3731018028286628,1.7782773115625392,1.906887391381205,1.0256392722723495,1.3125846303911477,1.4200840077898362,0.6247402056556686,0.6047148221787054,0.3580759264316976,0.7838269731814947,0.0085
630,row_diagonal_dominant_stochastic:0d717c35c3b2f62d,row_diagonal_dominant_stochastic,32,0.01,float32,R2_C2,R0_C1,2000,2000,1.767249647774583,2.4264506458251103,2.6643348336287525,1.3939096864229032,1.801739337341372,1.9810061160422627,1.0363596518865836,1.3246187935718523,1.4150593095772062,0.6429287775341458,0.6268250182062546,0.36539376611837454,0.7930328122004231,0.006
630,row_diagonal_dominant_stochastic:0d717c35c3b2f62d,row_diagonal_dominant_stochastic,32,0.01,float32,R0_C0,R0_C1,2000,2000,1.0,1.0,1.0,1.0,1.0,1.0,1.0,1.0,1.0,nan,nan,0.0,0.0,0.0
630,row_diagonal_dominant_stochastic:0d717c35c3b2f62d,row_diagonal_dominant_stochastic,32,0.01,float64,R1_C1,R0_C1,2000,2000,1.390353017660721,1.7901735261968212,1.9692197961646702,1.2262117239446804,1.5671012658355392,1.685215682726121,1.032169457672258,1.3244322643793915,1.424454553842412,0.6017742390387026,0.5977465659366414,0.21791018409503024,0.5971667578099418,0.0015
630,row_diagonal_dominant_stochastic:0d717c35c3b2f62d,row_diagonal_dominant_stochastic,32,0.01,float64,R2_C2,R0_C1,2000,2000,1.4208512079557183,1.8235178762052526,1.967195395343583,1.2423488451611016,1.5754418261397163,1.6909129153976614,1.0350401919675476,1.305577098699295,1.4200782294720613,0.6230947590200555,0.6093375743343936,0.2194503363818433,0.6007494614171566,0.001
630,row_diagonal_dominant_stochastic:0d717c35c3b2f62d,row_diagonal_dominant_stochastic,32,0.01,float64,R0_C0,R0_C1,2000,2000,1.0,1.0,1.0,1.0,1.0,1.0,1.0,1.0,1.0,nan,nan,0.0,0.0,0.0
631,row_diagonal_dominant_stochastic:6bb9c9b7e1526958,row_diagonal_dominant_stochastic,32,0.005,float32,R1_C1,R0_C1,2000,2000,1.7139897553286203,2.296808022460551,2.5064605632492243,1.3102342690881752,1.661137888017588,1.7740731303440056,0.99079417112879,1.2751906980427945,1.3862171869039952,0.5473520517261888,0.5265406646351661,0.41716696412214227,0.862830001635271,0.016
631,row_diagonal_dominant_stochastic:6bb9c9b7e1526958,row_diagonal_dominant_stochastic,32,0.005,float32,R2_C2,R0_C1,2000,2000,1.7315145947888608,2.3804481822525343,2.5874726543513127,1.298726379003548,1.6617767554105223,1.7889881902910396,0.9940002405345483,1.2479868847179765,1.3456916741821179,0.5645238645490557,0.5426590191647547,0.43777651461726647,0.9049560438522684,0.026
631,row_diagonal_dominant_stochastic:6bb9c9b7e1526958,row_diagonal_dominant_stochastic,32,0.005,float32,R0_C0,R0_C1,2000,2000,1.0,1.0,1.0,1.0,1.0,1.0,1.0,1.0,1.0,nan,nan,0.0,0.0,0.0
631,row_diagonal_dominant_stochastic:6bb9c9b7e1526958,row_diagonal_dominant_stochastic,32,0.005,float64,R1_C1,R0_C1,2000,2000,1.365593661946732,1.769692463845562,1.8921079633409492,1.16918844667256,1.476726345092562,1.5948005190843042,1.0050052427706135,1.2640958388125971,1.3676560173180354,0.5205969602569853,0.5060092445023111,0.24646774536499266,0.6826675752810565,0.004
631,row_diagonal_dominant_stochastic:6bb9c9b7e1526958,row_diagonal_dominant_stochastic,32,0.005,float64,R2_C2,R0_C1,2000,2000,1.3702446120576628,1.7869659309031842,1.9141680032977761,1.1744744973463934,1.5030569385607728,1.600784652047448,0.9973397361905507,1.2675624884487409,1.3580696854265295,0.538034850502616,0.5154217678554419,0.23310465421661508,0.6565841909088994,0.002
631,row_diagonal_dominant_stochastic:6bb9c9b7e1526958,row_diagonal_dominant_stochastic,32,0.005,float64,R0_C0,R0_C1,2000,2000,1.0,1.0,1.0,1.0,1.0,1.0,1.0,1.0,1.0,nan,nan,0.0,0.0,0.0
632,row_diagonal_dominant_stochastic:103e29b8022442fa,row_diagonal_dominant_stochastic,32,0.002,float32,R1_C1,R0_C1,2000,2000,1.6648427650497015,2.223668587330296,2.4241979477759625,1.2401509230182435,1.5809355096917326,1.6874580319122796,0.993837626166192,1.2650833169904694,1.341971950850771,0.500432100583153,0.47127611331902836,0.444483509563529,0.907086137762445,0.0255
632,row_diagonal_dominant_stochastic:103e29b8022442fa,row_diagonal_dominant_stochastic,32,0.002,float32,R2_C2,R0_C1,2000,2000,1.6655789701809935,2.267154482567952,2.4956628158890997,1.2362271420028854,1.5729468571500382,1.6919842076667433,0.9905311692437033,1.2651809828721543,1.3600577638366902,0.4992358695789641,0.4759485589871397,0.44699871804517816,0.9354842942442343,0.0315
632,row_diagonal_dominant_stochastic:103e29b8022442fa,row_diagonal_dominant_stochastic,32,0.002,float32,R0_C0,R0_C1,2000,2000,1.0,1.0,1.0,1.0,1.0,1.0,1.0,1.0,1.0,nan,nan,0.0,0.0,0.0
632,row_diagonal_dominant_stochastic:103e29b8022442fa,row_diagonal_dominant_stochastic,32,0.002,float64,R1_C1,R0_C1,2000,2000,1.3686491963199847,1.7483229615676625,1.8717628127194228,1.1509698775113293,1.4658480141007075,1.5731212625310542,1.0029649156335805,1.2740450461917858,1.3607273253703713,0.4661842553086317,0.44068699717174925,0.2659014763916724,0.7225980580219103,0.003
632,row_diagonal_dominant_stochastic:103e29b8022442fa,row_diagonal_dominant_stochastic,32,0.002,float64,R2_C2,R0_C1,2000,2000,1.36510475384712,1.7657158886107842,1.908909785100198,1.1463477270363802,1.4407711041990483,1.54370494188603,0.9941643937907183,1.2688370295897227,1.3563822463690225,0.45120969838608366,0.43699580074895017,0.2759286259445625,0.7395287581128991,0.0045
632,row_diagonal_dominant_stochastic:103e29b8022442fa,row_diagonal_dominant_stochastic,32,0.002,float64,R0_C0,R0_C1,2000,2000,1.0,1.0,1.0,1.0,1.0,1.0,1.0,1.0,1.0,nan,nan,0.0,0.0,0.0
633,row_diagonal_dominant_stochastic:3f149f338e70104c,row_diagonal_dominant_stochastic,32,0.001,float32,R1_C1,R0_C1,2000,2000,1.6128892649454178,2.1359460409424127,2.348111066421566,1.2109146186427895,1.5464190793295307,1.648968960572391,0.9915138874536498,1.2704641277595816,1.3670754724909373,0.47125578416067837,0.4535279213819803,0.43607141549080025,0.8987402879829901,0.0225
633,row_diagonal_dominant_stochastic:3f149f338e70104c,row_diagonal_dominant_stochastic,32,0.001,float32,R2_C2,R0_C1,2000,2000,1.6129812592705663,2.15948825370063,2.3519499519203695,1.2062311263426944,1.5459012583449412,1.6766085369876154,0.9929186169334017,1.2637740708983867,1.3473498626488654,0.462671161935328,0.4481036215259054,0.43309338029346445,0.9489784225601107,0.031
633,row_diagonal_dominant_stochastic:3f149f338e70104c,row_diagonal_dominant_stochastic,32,0.001,float32,R0_C0,R0_C1,2000,2000,1.0,1.0,1.0,1.0,1.0,1.0,1.0,1.0,1.0,nan,nan,0.0,0.0,0.0
633,row_diagonal_dominant_stochastic:3f149f338e70104c,row_diagonal_dominant_stochastic,32,0.001,float64,R1_C1,R0_C1,2000,2000,1.3714715902589192,1.782918970411725,1.8971741026329978,1.1275391624611915,1.4274901478966089,1.5283998659406617,0.9843194186169127,1.2633920927168303,1.352828182913262,0.4332351167990644,0.41840334710083676,0.3004299412382091,0.7777465246878571,0.008
633,row_diagonal_dominant_stochastic:3f149f338e70104c,row_diagonal_dominant_stochastic,32,0.001,float64,R2_C2,R0_C1,2000,2000,1.3748795414795802,1.7648273607970275,1.9045620380464836,1.1324149559544123,1.4163297821103034,1.5265415472413422,0.9863463568529947,1.2539135904128844,1.347493339593229,0.44637084765790935,0.4406556231639057,0.29215081775598706,0.7573873967261568,0.009
633,row_diagonal_dominant_stochastic:3f149f338e70104c,row_diagonal_dominant_stochastic,32,0.001,float64,R0_C0,R0_C1,2000,2000,1.0,1.0,1.0,1.0,1.0,1.0,1.0,1.0,1.0,nan,nan,0.0,0.0,0.0
723,row_diagonal_dominant_random:93e6f52ebdb3ac55,row_diagonal_dominant_random,45,0.5,float32,R1_C1,R0_C1,2000,2000,2.152307059602487,3.729093342325689,4.259363678849826,1.044029203510933,1.4954380624072032,1.6570793244523885,1.0011323813057385,1.4816857669007943,1.639025093494801,0.09910348022948712,0.086016428004107,1.0993484648259315,2.143502428725293,0.5575
723,row_diagonal_dominant_random:93e6f52ebdb3ac55,row_diagonal_dominant_random,45,0.5,float32,R2_C2,R0_C1,2000,2000,2.185720993453348,3.749693942287994,4.2087010449561,1.040125584535948,1.544318686223592,1.7034081384625943,0.9920222914801491,1.4838824196895803,1.6699622199730013,0.09017844171466978,0.0747649371912343,1.1194209079552935,2.1630848938268445,0.561
723,row_diagonal_dominant_random:93e6f52ebdb3ac55,row_diagonal_dominant_random,45,0.5,float32,R0_C0,R0_C1,2000,2000,1.0,1.0,1.0,1.0,1.0,1.0,1.0,1.0,1.0,nan,nan,0.0,0.0,0.0
723,row_diagonal_dominant_random:93e6f52ebdb3ac55,row_diagonal_dominant_random,45,0.5,float64,R1_C1,R0_C1,2000,2000,1.850531224989338,2.80741533309832,3.2194259420310285,1.040384009611567,1.5023966857525313,1.6850689210410166,1.007113686342551,1.4853958868403103,1.6407767890413065,0.048694077990792076,0.04614653953663488,0.854389293223357,1.8512604742564809,0.399
723,row_diagonal_dominant_random:93e6f52ebdb3ac55,row_diagonal_dominant_random,45,0.5,float64,R2_C2,R0_C1,2000,2000,1.8523193933421118,2.776055584599413,3.1946057728721087,1.0390795476169767,1.5010938451558355,1.6663945343457571,1.0018972551965006,1.491122559466042,1.6341547906202742,0.058814397799491915,0.04121254030313507,0.8647425017987654,1.8292189055526866,0.4205
723,row_diagonal_dominant_random:93e6f52ebdb3ac55,row_diagonal_dominant_random,45,0.5,float64,R0_C0,R0_C1,2000,2000,1.0,1.0,1.0,1.0,1.0,1.0,1.0,1.0,1.0,nan,nan,0.0,0.0,0.0
724,row_diagonal_dominant_random:03e59f7215597618,row_diagonal_dominant_random,45,0.3,float32,R1_C1,R0_C1,2000,2000,2.302209980617104,4.124000160861767,4.721433781324939,1.1079108117529675,1.6230641925316809,1.8051445791903373,0.9966531986914877,1.4731341434448628,1.6576402883538326,0.21965158998801432,0.1996405384101346,1.1267565103051718,2.113049571616183,0.5785
724,row_diagonal_dominant_random:03e59f7215597618,row_diagonal_dominant_random,45,0.3,float32,R2_C2,R0_C1,2000,2000,2.340146468734284,4.217839682364084,4.806277524516663,1.1085685068875892,1.5919019238467436,1.7729424449774875,1.0075850909816784,1.4503732387944959,1.6237621392040487,0.2570743160317325,0.22810642502660625,1.1420914709003245,2.124603544469903,0.577
724,row_diagonal_dominant_random:03e59f7215597618,row_diagonal_dominant_random,45,0.3,float32,R0_C0,R0_C1,2000,2000,1.0,1.0,1.0,1.0,1.0,1.0,1.0,1.0,1.0,nan,nan,0.0,0.0,0.0
724,row_diagonal_dominant_random:03e59f7215597618,row_diagonal_dominant_random,45,0.3,float64,R1_C1,R0_C1,2000,2000,1.9623193049682968,3.098777892369333,3.5129052309763997,1.0846985420768305,1.5518813277577386,1.7221373675405385,0.9947351366965015,1.4695549368272869,1.6657947691765305,0.17697331284240597,0.14638463459615864,0.9016769679811518,1.819404882062626,0.4255
724,row_diagonal_dominant_random:03e59f7215597618,row_diagonal_dominant_random,45,0.3,float64,R2_C2,R0_C1,2000,2000,1.9823302514726704,3.092522055946217,3.5014610536117003,1.0827351427031395,1.561223194498281,1.709794010840959,0.9980188076479994,1.448302751309243,1.5924822142555182,0.16823037131306767,0.1465367571341893,0.9076809179506887,1.8233873863172547,0.431
724,row_diagonal_dominant_random:03e59f7215597618,row_diagonal_dominant_random,45,0.3,float64,R0_C0,R0_C1,2000,2000,1.0,1.0,1.0,1.0,1.0,1.0,1.0,1.0,1.0,nan,nan,0.0,0.0,0.0
725,row_diagonal_dominant_random:c6616c01f005a03d,row_diagonal_dominant_random,45,0.2,float32,R1_C1,R0_C1,2000,2000,2.4345491531694345,4.317772663597365,4.9076400098707245,1.1564548981020621,1.6518199223414087,1.8407802589056044,0.9911676478415863,1.4209668142183005,1.6098529757296964,0.347953659894292,0.3240456990114247,1.1383653764646096,2.0865407954664144,0.5975
725,row_diagonal_dominant_random:c6616c01f005a03d,row_diagonal_dominant_random,45,0.2,float32,R2_C2,R0_C1,2000,2000,2.44413987221525,4.3033418985632625,4.92436628699178,1.1512787858405005,1.6599035198900156,1.8352355184521794,0.9906174071681992,1.4481410114245747,1.6237368072866398,0.34996039240959886,0.3339049029762257,1.1555746567516842,2.0467606487296988,0.6045
725,row_diagonal_dominant_random:c6616c01f005a03d,row_diagonal_dominant_random,45,0.2,float32,R0_C0,R0_C1,2000,2000,1.0,1.0,1.0,1.0,1.0,1.0,1.0,1.0,1.0,nan,nan,0.0,0.0,0.0
725,row_diagonal_dominant_random:c6616c01f005a03d,row_diagonal_dominant_random,45,0.2,float64,R1_C1,R0_C1,2000,2000,2.0552865304400734,3.114735098251563,3.5726372161048534,1.1239486683761974,1.6375109517694424,1.8034149887421078,0.9954028133592955,1.4652858521530523,1.6388162689951462,0.2548900727724802,0.22249552212388052,0.9002745061199018,1.7616891880248458,0.426
725,row_diagonal_dominant_random:c6616c01f005a03d,row_diagonal_dominant_random,45,0.2,float64,R2_C2,R0_C1,2000,2000,2.0825914552293505,3.093427262769774,3.4898707457669027,1.1241590250218887,1.615071874890616,1.7952093483843827,0.9965678111961856,1.4658744247373348,1.668208344458026,0.19821458372552195,0.17706049726512432,0.9017537278219325,1.7647092708407934,0.411
725,row_diagonal_dominant_random:c6616c01f005a03d,row_diagonal_dominant_random,45,0.2,float64,R0_C0,R0_C1,2000,2000,1.0,1.0,1.0,1.0,1.0,1.0,1.0,1.0,1.0,nan,nan,0.0,0.0,0.0
726,row_diagonal_dominant_random:85f3946f6e4679ec,row_diagonal_dominant_random,45,0.1,float32,R1_C1,R0_C1,2000,2000,2.5070029861405825,4.571699662705608,5.237237092358264,1.2002249254285706,1.7789932866978018,1.9995708869710898,0.9967910005083294,1.4379565477265093,1.6035517196301485,0.46585433991119096,0.44188490197122554,1.0953887253588126,1.9555296704504752,0.569
726,row_diagonal_dominant_random:85f3946f6e4679ec,row_diagonal_dominant_random,45,0.1,float32,R2_C2,R0_C1,2000,2000,2.512091573357532,4.610541911889219,5.258987951196379,1.2185398187779497,1.8323460362309272,2.051158447051522,0.99258359036781,1.446107295146059,1.6280230786932648,0.4721509809264214,0.4408810432202608,1.1128827112366273,1.9511242242600448,0.575
726,row_diagonal_dominant_random:85f3946f6e4679ec,row_diagonal_dominant_random,45,0.1,float32,R0_C0,R0_C1,2000,2000,1.0,1.0,1.0,1.0,1.0,1.0,1.0,1.0,1.0,nan,nan,0.0,0.0,0.0
726,row_diagonal_dominant_random:85f3946f6e4679ec,row_diagonal_dominant_random,45,0.1,float64,R1_C1,R0_C1,2000,2000,2.0761844743105877,3.158028073732464,3.691915952253296,1.1955265862775724,1.7033000314374107,1.890167823987502,0.9885211243367765,1.4402960719553024,1.6122338614825145,0.3291451908682125,0.28390466147616533,0.8493565797748677,1.6080407156553407,0.391
726,row_diagonal_dominant_random:85f3946f6e4679ec,row_diagonal_dominant_random,45,0.1,float64,R2_C2,R0_C1,2000,2000,2.075684634618539,3.207594360842678,3.654560062710251,1.186977055232191,1.7199490628430063,1.915141326678927,1.001677705411747,1.4740269383193252,1.6161659855219142,0.34313848647434136,0.2979941004985251,0.8488345566312769,1.6217594645393256,0.3765
726,row_diagonal_dominant_random:85f3946f6e4679ec,row_diagonal_dominant_random,45,0.1,float64,R0_C0,R0_C1,2000,2000,1.0,1.0,1.0,1.0,1.0,1.0,1.0,1.0,1.0,nan,nan,0.0,0.0,0.0
727,row_diagonal_dominant_random:2976d44433ad1387,row_diagonal_dominant_random,45,0.05,float32,R1_C1,R0_C1,2000,2000,2.473551128995612,4.56558131848232,5.151877206358078,1.2681510888693357,1.8708431743120648,2.088753081007208,0.9975120320207298,1.4575178070938424,1.6097275212945914,0.5233743181862003,0.48307819276954816,1.0452336503671127,1.8504417347677233,0.531
727,row_diagonal_dominant_random:2976d44433ad1387,row_diagonal_dominant_random,45,0.05,float32,R2_C2,R0_C1,2000,2000,2.5354560669191266,4.7253418256175515,5.368528730437965,1.275688566842415,1.8888736470399077,2.126680718650559,1.001307209874352,1.4406073680954834,1.592056464595751,0.5382439332826718,0.5117914744478685,1.0642651948607043,1.8377959548789047,0.5465
727,row_diagonal_dominant_random:2976d44433ad1387,row_diagonal_dominant_random,45,0.05,float32,R0_C0,R0_C1,2000,2000,1.0,1.0,1.0,1.0,1.0,1.0,1.0,1.0,1.0,nan,nan,0.0,0.0,0.0
727,row_diagonal_dominant_random:2976d44433ad1387,row_diagonal_dominant_random,45,0.05,float64,R1_C1,R0_C1,2000,2000,2.0569642566213693,3.189676827424178,3.6595291906360514,1.217574022716152,1.7500531462360256,1.9703340762683095,0.9966246540454025,1.4648175344720606,1.6147992327344989,0.40014506559841434,0.34791336297834075,0.7853703498228121,1.57208871986566,0.3315
727,row_diagonal_dominant_random:2976d44433ad1387,row_diagonal_dominant_random,45,0.05,float64,R2_C2,R0_C1,2000,2000,2.1109925871478588,3.2127510753559894,3.78355568655095,1.2240659170644599,1.7978049637768698,2.0103300054690103,0.9800215920100535,1.425992271303107,1.6313164756086613,0.3890240034487967,0.3341294425323606,0.8146059699907425,1.5425775137876598,0.348
727,row_diagonal_dominant_random:2976d44433ad1387,row_diagonal_dominant_random,45,0.05,float64,R0_C0,R0_C1,2000,2000,1.0,1.0,1.0,1.0,1.0,1.0,1.0,1.0,1.0,nan,nan,0.0,0.0,0.0
728,row_diagonal_dominant_random:8a85d76f30eb75a6,row_diagonal_dominant_random,45,0.02,float32,R1_C1,R0_C1,2000,2000,2.553788922088673,4.672220447633595,5.431185233188804,1.313580196908457,1.9527309100922965,2.211791775263658,1.0062214319074314,1.4443409507470895,1.5767756066325738,0.5472062956970859,0.5038782569695642,1.012578124704526,1.8232909524838654,0.512
728,row_diagonal_dominant_random:8a85d76f30eb75a6,row_diagonal_dominant_random,45,0.02,float32,R2_C2,R0_C1,2000,2000,2.5295548092099303,4.640128469221648,5.45205114629337,1.320474177694329,1.9650259074223928,2.1921149061728067,0.9917674142240345,1.3995817677524547,1.5681733982893273,0.5430233921704255,0.5187811971952992,1.0127244941769264,1.8163773013302986,0.506
728,row_diagonal_dominant_random:8a85d76f30eb75a6,row_diagonal_dominant_random,45,0.02,float32,R0_C0,R0_C1,2000,2000,1.0,1.0,1.0,1.0,1.0,1.0,1.0,1.0,1.0,nan,nan,0.0,0.0,0.0
728,row_diagonal_dominant_random:8a85d76f30eb75a6,row_diagonal_dominant_random,45,0.02,float64,R1_C1,R0_C1,2000,2000,2.0998314868270107,3.27637675815602,3.6535196790898894,1.2348284407484398,1.8258616294002314,2.050442114734867,0.9950356902030406,1.4502978169977512,1.6032007587995594,0.4152482010315812,0.3710784837696209,0.7896986925117229,1.526747393337547,0.3255
728,row_diagonal_dominant_random:8a85d76f30eb75a6,row_diagonal_dominant_random,45,0.02,float64,R2_C2,R0_C1,2000,2000,2.1457169774668348,3.251668714375034,3.7637918946002573,1.2522728272072912,1.8306487877183584,2.071099511526811,0.9924449868473343,1.4185204041387918,1.5991314180587186,0.442146122026695,0.37608205602051403,0.8029694577719793,1.5107748081982442,0.3275
728,row_diagonal_dominant_random:8a85d76f30eb75a6,row_diagonal_dominant_random,45,0.02,float64,R0_C0,R0_C1,2000,2000,1.0,1.0,1.0,1.0,1.0,1.0,1.0,1.0,1.0,nan,nan,0.0,0.0,0.0
729,row_diagonal_dominant_random:3cf57fa76b9a551c,row_diagonal_dominant_random,45,0.01,float32,R1_C1,R0_C1,2000,2000,2.530773442987041,4.663254174743832,5.307707914470907,1.2904542040770055,1.9534557373105905,2.208378789365205,0.9677816285803209,1.4011522803692278,1.5713909426487567,0.551090402812655,0.5162591820647955,1.0439051793000846,1.8192162441631545,0.534
729,row_diagonal_dominant_random:3cf57fa76b9a551c,row_diagonal_dominant_random,45,0.01,float32,R2_C2,R0_C1,2000,2000,2.5652577473707656,4.741259250572508,5.30778965874685,1.2960910267645915,1.9522022214594619,2.221244842325781,0.963160693306589,1.4136016053824914,1.5828624109461897,0.5671254842022827,0.542730255682564,1.0430930041601036,1.8274836392226237,0.539
729,row_diagonal_dominant_random:3cf57fa76b9a551c,row_diagonal_dominant_random,45,0.01,float32,R0_C0,R0_C1,2000,2000,1.0,1.0,1.0,1.0,1.0,1.0,1.0,1.0,1.0,nan,nan,0.0,0.0,0.0
729,row_diagonal_dominant_random:3cf57fa76b9a551c,row_diagonal_dominant_random,45,0.01,float64,R1_C1,R0_C1,2000,2000,2.092347716254575,3.1416179360794927,3.565055814640497,1.2271012850180745,1.7958488582025849,1.9938224352909764,0.9684347814468413,1.4097994227530235,1.5814485549800885,0.41493292712671903,0.3863466470866618,0.7771409349059331,1.5211831804879437,0.314
729,row_diagonal_dominant_random:3cf57fa76b9a551c,row_diagonal_dominant_random,45,0.01,float64,R2_C2,R0_C1,2000,2000,2.114341649139484,3.1801092412597614,3.666364368752418,1.2476878733900922,1.799243526645521,1.9752088241430803,0.9741349583281684,1.4117855073718566,1.552971786736191,0.4196082046113729,0.37457455114363775,0.7831141856090525,1.5474935554499405,0.3275
729,row_diagonal_dominant_random:3cf57fa76b9a551c,row_diagonal_dominant_random,45,0.01,float64,R0_C0,R0_C1,2000,2000,1.0,1.0,1.0,1.0,1.0,1.0,1.0,1.0,1.0,nan,nan,0.0,0.0,0.0
730,row_diagonal_dominant_random:4cbd4f5958f010f8,row_diagonal_dominant_random,45,0.005,float32,R1_C1,R0_C1,2000,2000,2.30287249465837,4.354248025340384,5.007015626856422,1.0964665573272623,1.640951991164849,1.8887870145120202,0.8282617661249102,1.2776971004415463,1.4433916930249249,0.4409505215970273,0.40265766466441616,1.168642999899082,2.094067347614526,0.6185
730,row_diagonal_dominant_random:4cbd4f5958f010f8,row_diagonal_dominant_random,45,0.005,float32,R2_C2,R0_C1,2000,2000,2.3904448035530788,4.467696813199422,5.040585419026079,1.112109450975041,1.7148641778819071,1.9390288056625284,0.8268028193829178,1.2595738541069619,1.4123716043892995,0.44810669256250885,0.4221605825401456,1.1750105022675945,2.1180859330799153,0.6255
730,row_diagonal_dominant_random:4cbd4f5958f010f8,row_diagonal_dominant_random,45,0.005,float32,R0_C0,R0_C1,2000,2000,1.0,1.0,1.0,1.0,1.0,1.0,1.0,1.0,1.0,nan,nan,0.0,0.0,0.0
730,row_diagonal_dominant_random:4cbd4f5958f010f8,row_diagonal_dominant_random,45,0.005,float64,R1_C1,R0_C1,2000,2000,1.9500408951425645,2.9226798581480526,3.2788780417703354,1.0621110895464647,1.5625822115512102,1.7468402026785683,0.8379129723370412,1.266540539989035,1.414060148009636,0.3602728398311829,0.32998982999745746,0.906448883886268,1.7264607267032719,0.419
730,row_diagonal_dominant_random:4cbd4f5958f010f8,row_diagonal_dominant_random,45,0.005,float64,R2_C2,R0_C1,2000,2000,1.9701199384973098,2.970226926304227,3.417929236460407,1.0760318682362642,1.5926527216969752,1.7856056508060798,0.8454850748409809,1.2847103107842541,1.4356745611943544,0.33818530648554407,0.30776792594198144,0.893812959972807,1.7220395119313125,0.4155
730,row_diagonal_dominant_random:4cbd4f5958f010f8,row_diagonal_dominant_random,45,0.005,float64,R0_C0,R0_C1,2000,2000,1.0,1.0,1.0,1.0,1.0,1.0,1.0,1.0,1.0,nan,nan,0.0,0.0,0.0
731,row_diagonal_dominant_random:9493eb0855127051,row_diagonal_dominant_random,45,0.002,float32,R1_C1,R0_C1,2000,2000,2.153710032953705,3.984307069434319,4.577138805490227,0.9439545883343385,1.4530167312440472,1.6360440834781609,0.7491552171204996,1.1404387405738783,1.2738383850482848,0.36458938082709963,0.3285240206310051,1.2634771597088008,2.2432257492449827,0.6675
731,row_diagonal_dominant_random:9493eb0855127051,row_diagonal_dominant_random,45,0.002,float32,R2_C2,R0_C1,2000,2000,2.1924282009311344,4.141553494709883,4.733990966813345,0.9869442936910808,1.5009874464921888,1.7008042118548676,0.7759229055173849,1.2148305021687036,1.3506305731179504,0.37266527214653233,0.33803486750871686,1.2535553698518085,2.2596664970810725,0.667
731,row_diagonal_dominant_random:9493eb0855127051,row_diagonal_dominant_random,45,0.002,float32,R0_C0,R0_C1,2000,2000,1.0,1.0,1.0,1.0,1.0,1.0,1.0,1.0,1.0,nan,nan,0.0,0.0,0.0
731,row_diagonal_dominant_random:9493eb0855127051,row_diagonal_dominant_random,45,0.002,float64,R1_C1,R0_C1,2000,2000,1.8131240216496038,2.668857840283235,2.943519941259311,0.91035032058933,1.3468476393659747,1.4786095076568713,0.7394483871863419,1.114047007536629,1.261889985194741,0.19853037931741882,0.18042962260740564,1.010329146144306,1.9352101172601002,0.5085
731,row_diagonal_dominant_random:9493eb0855127051,row_diagonal_dominant_random,45,0.002,float64,R2_C2,R0_C1,2000,2000,1.8718294031465672,2.735872345835481,3.137313410778219,0.9422502720066588,1.3975537284264903,1.5499056904763442,0.7636602102065764,1.1842283722533196,1.3290477676339774,0.23364645085310873,0.2101742250435563,1.0127307992880115,1.9338967040244672,0.5105
731,row_diagonal_dominant_random:9493eb0855127051,row_diagonal_dominant_random,45,0.002,float64,R0_C0,R0_C1,2000,2000,1.0,1.0,1.0,1.0,1.0,1.0,1.0,1.0,1.0,nan,nan,0.0,0.0,0.0
732,row_diagonal_dominant_random:c93186b88112adec,row_diagonal_dominant_random,45,0.001,float32,R1_C1,R0_C1,2000,2000,2.084648725541662,3.725221801729621,4.1810065833541,0.9056992937145336,1.3576572852559963,1.5037592379640425,0.7377374914237981,1.121304802623419,1.2563328189462002,0.29004033547532354,0.2748138177034544,1.2761742844762554,2.255578660647141,0.682
732,row_diagonal_dominant_random:c93186b88112adec,row_diagonal_dominant_random,45,0.001,float32,R2_C2,R0_C1,2000,2000,2.156715996090357,3.8425433147188195,4.384431725517247,0.939999997773804,1.393050143102423,1.5873010891785553,0.7766198433930145,1.1980864473620105,1.3578397527303527,0.26855092605976644,0.24571498642874662,1.2783390880479457,2.2568375612645957,0.6685
732,row_diagonal_dominant_random:c93186b88112adec,row_diagonal_dominant_random,45,0.001,float32,R0_C0,R0_C1,2000,2000,1.0,1.0,1.0,1.0,1.0,1.0,1.0,1.0,1.0,nan,nan,0.0,0.0,0.0
732,row_diagonal_dominant_random:c93186b88112adec,row_diagonal_dominant_random,45,0.001,float64,R1_C1,R0_C1,2000,2000,1.7673990905084547,2.5615620697862775,2.902922879696046,0.8668465446201972,1.2743891753024221,1.4232799205571522,0.7218735796426152,1.0748462956970029,1.190902869149533,0.19778856048825783,0.17209927452481866,1.057779746238951,1.9052462647317643,0.54
732,row_diagonal_dominant_random:c93186b88112adec,row_diagonal_dominant_random,45,0.001,float64,R2_C2,R0_C1,2000,2000,1.821456990410085,2.632692751124589,2.978988337671639,0.8962814004987242,1.3459060403366716,1.5056629357231583,0.7593449585912,1.1706347512412971,1.3317453557939474,0.17053854951872943,0.13822863005715752,1.0457401453196178,1.9697826808391323,0.5315
732,row_diagonal_dominant_random:c93186b88112adec,row_diagonal_dominant_random,45,0.001,float64,R0_C0,R0_C1,2000,2000,1.0,1.0,1.0,1.0,1.0,1.0,1.0,1.0,1.0,nan,nan,0.0,0.0,0.0
753,row_diagonal_dominant_stochastic:021519ee0a19df7c,row_diagonal_dominant_stochastic,45,0.5,float32,R1_C1,R0_C1,2000,2000,2.1350609019894016,3.668616561738453,4.074107043254546,1.0327758756527596,1.526288036812488,1.6716519239490248,0.9880389739111809,1.465335036321041,1.6429498152128432,0.12464265145975924,0.10833076808269203,1.0650226092057096,2.1169331390338355,0.5345
753,row_diagonal_dominant_stochastic:021519ee0a19df7c,row_diagonal_dominant_stochastic,45,0.5,float32,R2_C2,R0_C1,2000,2000,2.153050091405548,3.7055827315281977,4.27799235994385,1.044232452274883,1.5080308195783978,1.6615729909801424,0.9878950274982795,1.4602413054989238,1.6097476416741965,0.09512793458413359,0.09518510529627633,1.0823788458930852,2.157147717643165,0.5575
753,row_diagonal_dominant_stochastic:021519ee0a19df7c,row_diagonal_dominant_stochastic,45,0.5,float32,R0_C0,R0_C1,2000,2000,1.0,1.0,1.0,1.0,1.0,1.0,1.0,1.0,1.0,nan,nan,0.0,0.0,0.0
753,row_diagonal_dominant_stochastic:021519ee0a19df7c,row_diagonal_dominant_stochastic,45,0.5,float64,R1_C1,R0_C1,2000,2000,1.8850870004764806,2.8505132899797614,3.256803749485291,1.04239698366309,1.5048480636220594,1.6655411063275842,0.9972900180040427,1.4606305370157893,1.6502387521395703,0.03546368112219812,0.032557401639350406,0.8796151690996705,1.8544948593747983,0.4185
753,row_diagonal_dominant_stochastic:021519ee0a19df7c,row_diagonal_dominant_stochastic,45,0.5,float64,R2_C2,R0_C1,2000,2000,1.8801250854334566,2.8940333524798145,3.2480651477547293,1.043281225598375,1.5084195730230123,1.6727887569351656,0.9958898643495729,1.484874174287503,1.6582312728918016,0.06538852999696035,0.05303231525807881,0.8794503726730818,1.85497414324215,0.417
753,row_diagonal_dominant_stochastic:021519ee0a19df7c,row_diagonal_dominant_stochastic,45,0.5,float64,R0_C0,R0_C1,2000,2000,1.0,1.0,1.0,1.0,1.0,1.0,1.0,1.0,1.0,nan,nan,0.0,0.0,0.0
754,row_diagonal_dominant_stochastic:de30837b1853aaf8,row_diagonal_dominant_stochastic,45,0.3,float32,R1_C1,R0_C1,2000,2000,2.269560591932448,4.0451806685276,4.640869898213712,1.1100268273624545,1.5837505279765483,1.742791143850788,0.9980956249192954,1.4634119417375628,1.6108538999754125,0.283578063583808,0.2590232117558029,1.114244256797535,2.0572757617976634,0.5715
754,row_diagonal_dominant_stochastic:de30837b1853aaf8,row_diagonal_dominant_stochastic,45,0.3,float32,R2_C2,R0_C1,2000,2000,2.2935361261444696,4.01076469360876,4.587342789443576,1.1099616681165267,1.6224462019563104,1.7780589252166838,1.0072429731063104,1.4766885285581293,1.659402969678892,0.2761472730678536,0.2519670854917713,1.1228149757533497,2.008203594973535,0.5815
754,row_diagonal_dominant_stochastic:de30837b1853aaf8,row_diagonal_dominant_stochastic,45,0.3,float32,R0_C0,R0_C1,2000,2000,1.0,1.0,1.0,1.0,1.0,1.0,1.0,1.0,1.0,nan,nan,0.0,0.0,0.0
754,row_diagonal_dominant_stochastic:de30837b1853aaf8,row_diagonal_dominant_stochastic,45,0.3,float64,R1_C1,R0_C1,2000,2000,1.9597787936082207,2.836020056992378,3.2744306756196897,1.0834002973043617,1.5656417022611155,1.729322609565016,1.0014139827320787,1.458078891746449,1.6180744125699456,0.1815839104981112,0.15020055755013936,0.8725528851088984,1.735947609615581,0.413
754,row_diagonal_dominant_stochastic:de30837b1853aaf8,row_diagonal_dominant_stochastic,45,0.3,float64,R2_C2,R0_C1,2000,2000,1.9877776726092042,2.947496397356816,3.32332080455634,1.0972118139695501,1.5598909953941618,1.701858453065663,0.9946780315174976,1.4662207111579768,1.632724519889163,0.22135243349111797,0.19506111376527843,0.8803657955248766,1.7317210659575992,0.408
754,row_diagonal_dominant_stochastic:de30837b1853aaf8,row_diagonal_dominant_stochastic,45,0.3,float64,R0_C0,R0_C1,2000,2000,1.0,1.0,1.0,1.0,1.0,1.0,1.0,1.0,1.0,nan,nan,0.0,0.0,0.0
755,row_diagonal_dominant_stochastic:85d04ae4513fe85f,row_diagonal_dominant_stochastic,45,0.2,float32,R1_C1,R0_C1,2000,2000,2.2383678665280167,3.938999426243848,4.409755229529947,1.2439329130605976,1.7796168701437491,1.9447790402986325,0.9994212610845193,1.444322490381241,1.588215528632877,0.470451547194578,0.4439219804804951,0.9590719934389015,1.7162770874956146,0.461
755,row_diagonal_dominant_stochastic:85d04ae4513fe85f,row_diagonal_dominant_stochastic,45,0.2,float32,R2_C2,R0_C1,2000,2000,2.2577497842917498,3.9429934831525286,4.458508454549274,1.2469146732811498,1.8195845284075085,2.0087603013950432,0.9957851338187407,1.4479452202023404,1.6413989878115844,0.44562711428429225,0.4165735941433985,0.9460159914397188,1.7304106980764897,0.4545
755,row_diagonal_dominant_stochastic:85d04ae4513fe85f,row_diagonal_dominant_stochastic,45,0.2,float32,R0_C0,R0_C1,2000,2000,1.0,1.0,1.0,1.0,1.0,1.0,1.0,1.0,1.0,nan,nan,0.0,0.0,0.0
755,row_diagonal_dominant_stochastic:85d04ae4513fe85f,row_diagonal_dominant_stochastic,45,0.2,float64,R1_C1,R0_C1,2000,2000,1.9598542818416333,2.71090945513308,2.9812185776128257,1.1999738565142544,1.6413432243162103,1.7899482648546583,1.0073739450650931,1.4605040671410272,1.5970310622404242,0.3264584285641806,0.29951383037845764,0.7440887775000444,1.4505369618746566,0.2755
755,row_diagonal_dominant_stochastic:85d04ae4513fe85f,row_diagonal_dominant_stochastic,45,0.2,float64,R2_C2,R0_C1,2000,2000,1.9898965200326646,2.700609824007531,3.0569805068091265,1.2063992814430518,1.6863490894822106,1.8652188123745295,1.0084762078132004,1.4644922194460435,1.6235373876787198,0.36019262452029294,0.3379381849845462,0.748940235962824,1.3938448082186587,0.266
755,row_diagonal_dominant_stochastic:85d04ae4513fe85f,row_diagonal_dominant_stochastic,45,0.2,float64,R0_C0,R0_C1,2000,2000,1.0,1.0,1.0,1.0,1.0,1.0,1.0,1.0,1.0,nan,nan,0.0,0.0,0.0
756,row_diagonal_dominant_stochastic:0f7feef7c7880b20,row_diagonal_dominant_stochastic,45,0.1,float32,R1_C1,R0_C1,2000,2000,2.090285636030983,3.48821635489026,3.8635054635137034,1.700735799652914,2.4528314676068486,2.6735982696715053,0.9930326318641555,1.3920543710637225,1.5331613455946826,0.817722151739597,0.8130469177617294,0.33940503595482197,0.8024508085056518,0.0155
756,row_diagonal_dominant_stochastic:0f7feef7c7880b20,row_diagonal_dominant_stochastic,45,0.1,float32,R2_C2,R0_C1,2000,2000,2.09053552077712,3.543668413036315,3.9114069046756517,1.6988179244110964,2.481600500496505,2.7384754279639525,1.0052817020408429,1.3836282961879203,1.5112342015712625,0.8282055887076617,0.827655148413787,0.3405413433755903,0.8245258618754339,0.0125
756,row_diagonal_dominant_stochastic:0f7feef7c7880b20,row_diagonal_dominant_stochastic,45,0.1,float32,R0_C0,R0_C1,2000,2000,1.0,1.0,1.0,1.0,1.0,1.0,1.0,1.0,1.0,nan,nan,0.0,0.0,0.0
756,row_diagonal_dominant_stochastic:0f7feef7c7880b20,row_diagonal_dominant_stochastic,45,0.1,float64,R1_C1,R0_C1,2000,2000,1.8949007806127396,2.4082534776426185,2.5886105161369533,1.5934695923070898,2.015304893592064,2.1852844552210176,0.9869945245374022,1.3750381015984787,1.5236943620398078,0.7310687456381819,0.7211041892760474,0.2465847536159948,0.5966195344357618,0.0015
756,row_diagonal_dominant_stochastic:0f7feef7c7880b20,row_diagonal_dominant_stochastic,45,0.1,float64,R2_C2,R0_C1,2000,2000,1.9290088816222517,2.456597891207369,2.6703926320468794,1.6243052588616362,2.0742897771470923,2.2109596208300086,0.9837920457326166,1.3784237433986537,1.5161368498931873,0.7445388635190302,0.7338111994527997,0.24490736946230188,0.6082103167419511,0.001
756,row_diagonal_dominant_stochastic:0f7feef7c7880b20,row_diagonal_dominant_stochastic,45,0.1,float64,R0_C0,R0_C1,2000,2000,1.0,1.0,1.0,1.0,1.0,1.0,1.0,1.0,1.0,nan,nan,0.0,0.0,0.0
757,row_diagonal_dominant_stochastic:0530909e2322226a,row_diagonal_dominant_stochastic,45,0.05,float32,R1_C1,R0_C1,2000,2000,1.9225050215908852,3.2935394038357866,3.6414527332370827,1.6780146649331513,2.4884053947075917,2.740830365571915,0.9860432041652761,1.235996597958589,1.3291057893690759,0.9105572791487693,0.8973218078304519,0.24534604658704662,0.571743121950623,0.0005
757,row_diagonal_dominant_stochastic:0530909e2322226a,row_diagonal_dominant_stochastic,45,0.05,float32,R2_C2,R0_C1,2000,2000,1.9395474553908283,3.3971435540326507,3.69275164646768,1.69028323226114,2.5374935716895317,2.7980034765121755,0.9808303137259283,1.2349463280541975,1.3227021080913564,0.9113571367695725,0.9008771267192816,0.25273058591120723,0.5715871819297716,0.0005
757,row_diagonal_dominant_stochastic:0530909e2322226a,row_diagonal_dominant_stochastic,45,0.05,float32,R0_C0,R0_C1,2000,2000,1.0,1.0,1.0,1.0,1.0,1.0,1.0,1.0,1.0,nan,nan,0.0,0.0,0.0
757,row_diagonal_dominant_stochastic:0530909e2322226a,row_diagonal_dominant_stochastic,45,0.05,float64,R1_C1,R0_C1,2000,2000,1.772570286250565,2.227602130889735,2.3640062435898224,1.57486729069211,1.9286121302361081,2.0639235015448225,0.9837422495055845,1.234764897619217,1.3254453493382323,0.8088794269927936,0.7996494484123622,0.18003354594044935,0.42181436254968735,0.0
757,row_diagonal_dominant_stochastic:0530909e2322226a,row_diagonal_dominant_stochastic,45,0.05,float64,R2_C2,R0_C1,2000,2000,1.7966283387157693,2.254314663468075,2.410854798500145,1.5846104783350352,1.9670970123363054,2.0885667140594784,0.9847366246538608,1.2360769522727526,1.31114735768181,0.8126210388392622,0.8056542064135517,0.18596655688873187,0.4260206062122801,0.0
757,row_diagonal_dominant_stochastic:0530909e2322226a,row_diagonal_dominant_stochastic,45,0.05,float64,R0_C0,R0_C1,2000,2000,1.0,1.0,1.0,1.0,1.0,1.0,1.0,1.0,1.0,nan,nan,0.0,0.0,0.0
758,row_diagonal_dominant_stochastic:f5393029996d2c29,row_diagonal_dominant_stochastic,45,0.02,float32,R1_C1,R0_C1,2000,2000,1.8290657257518599,2.984986388433433,3.2921140630979306,1.5720413057585754,2.2153891342847887,2.406744421918206,1.033818110223343,1.2688846448222237,1.3423593407432437,0.8715373950228327,0.8548575112143777,0.269146081576066,0.6350047825348188,0.0005
758,row_diagonal_dominant_stochastic:f5393029996d2c29,row_diagonal_dominant_stochastic,45,0.02,float32,R2_C2,R0_C1,2000,2000,1.853320729082232,3.072270190213387,3.396656625437533,1.5887065553075317,2.2369783703552626,2.4231208250536276,1.0266348963878138,1.2661059693875307,1.3497008779826067,0.8710573287864963,0.8558824344706085,0.2693814456588532,0.6489035809290884,0.0
758,row_diagonal_dominant_stochastic:f5393029996d2c29,row_diagonal_dominant_stochastic,45,0.02,float32,R0_C0,R0_C1,2000,2000,1.0,1.0,1.0,1.0,1.0,1.0,1.0,1.0,1.0,nan,nan,0.0,0.0,0.0
758,row_diagonal_dominant_stochastic:f5393029996d2c29,row_diagonal_dominant_stochastic,45,0.02,float64,R1_C1,R0_C1,2000,2000,1.649377490040126,2.0635208294561345,2.199273055227354,1.4410406449888407,1.7851640763940417,1.9154791785659475,1.0251151107324947,1.256409686005071,1.3384493490149365,0.7894051792569587,0.7769219617304903,0.1876612020265155,0.44796477235640886,0.0
758,row_diagonal_dominant_stochastic:f5393029996d2c29,row_diagonal_dominant_stochastic,45,0.02,float64,R2_C2,R0_C1,2000,2000,1.6737015064942042,2.0885724680373547,2.2053882957189925,1.4710773702535107,1.801842985581779,1.9342903680587489,1.0241012695902556,1.2548597582658552,1.3169269339237126,0.7670352064386472,0.7565456941364235,0.18771235264126393,0.46183634758236847,0.0
758,row_diagonal_dominant_stochastic:f5393029996d2c29,row_diagonal_dominant_stochastic,45,0.02,float64,R0_C0,R0_C1,2000,2000,1.0,1.0,1.0,1.0,1.0,1.0,1.0,1.0,1.0,nan,nan,0.0,0.0,0.0
759,row_diagonal_dominant_stochastic:0d717c35c3b2f62d,row_diagonal_dominant_stochastic,45,0.01,float32,R1_C1,R0_C1,2000,2000,1.7594052955902102,2.779449312114002,3.017966353263261,1.4548379027682878,1.903191507754486,2.051141399308492,1.0263784141745755,1.2591648331959597,1.3319853770396743,0.7768069554903297,0.7571493317873329,0.33360919907592856,0.753059064437717,0.0025
759,row_diagonal_dominant_stochastic:0d717c35c3b2f62d,row_diagonal_dominant_stochastic,45,0.01,float32,R2_C2,R0_C1,2000,2000,1.7902927168445082,2.809596755346089,3.0721951835555026,1.4631537688956175,1.9471344136195283,2.0954615956086995,1.013512800432827,1.2643127718517229,1.3392526016084412,0.7818982581123789,0.7621885260471315,0.33399135678846364,0.7519396979265877,0.006
759,row_diagonal_dominant_stochastic:0d717c35c3b2f62d,row_diagonal_dominant_stochastic,45,0.01,float32,R0_C0,R0_C1,2000,2000,1.0,1.0,1.0,1.0,1.0,1.0,1.0,1.0,1.0,nan,nan,0.0,0.0,0.0
759,row_diagonal_dominant_stochastic:0d717c35c3b2f62d,row_diagonal_dominant_stochastic,45,0.01,float64,R1_C1,R0_C1,2000,2000,1.5531747041753299,1.9687512492153094,2.103626681145412,1.3408784578460153,1.6475869759370823,1.74469116298934,1.0253001017484915,1.2561210341132742,1.3233268900932902,0.678958940798541,0.6588524022131005,0.21692524752366044,0.5416744568066011,0.0
759,row_diagonal_dominant_stochastic:0d717c35c3b2f62d,row_diagonal_dominant_stochastic,45,0.01,float64,R2_C2,R0_C1,2000,2000,1.5764676159978643,1.9921101685859097,2.1110675255632887,1.356524026132232,1.6687231043362267,1.7646162537989045,1.0133870027753322,1.2471361874729352,1.3331042006413447,0.7092524249784126,0.6975461013865253,0.22283639437306094,0.5448638180159511,0.0
759,row_diagonal_dominant_stochastic:0d717c35c3b2f62d,row_diagonal_dominant_stochastic,45,0.01,float64,R0_C0,R0_C1,2000,2000,1.0,1.0,1.0,1.0,1.0,1.0,1.0,1.0,1.0,nan,nan,0.0,0.0,0.0
760,row_diagonal_dominant_stochastic:6bb9c9b7e1526958,row_diagonal_dominant_stochastic,45,0.005,float32,R1_C1,R0_C1,2000,2000,1.7296433561713132,2.5431285050247547,2.7871865930412225,1.358429832354393,1.7316112669846482,1.8686578613642666,1.0030893019357285,1.225994366051757,1.311111838368287,0.7081937926285333,0.6980205005051251,0.3762418991571519,0.8372900354444156,0.012
760,row_diagonal_dominant_stochastic:6bb9c9b7e1526958,row_diagonal_dominant_stochastic,45,0.005,float32,R2_C2,R0_C1,2000,2000,1.7465448403809263,2.565169445567973,2.809221993431189,1.3835918119548638,1.7426949110943908,1.856626054694424,0.9950209198026501,1.2313558267184248,1.2968104725379093,0.7020643349820205,0.6947571941892985,0.37866379931006683,0.8271449372866693,0.0105
760,row_diagonal_dominant_stochastic:6bb9c9b7e1526958,row_diagonal_dominant_stochastic,45,0.005,float32,R0_C0,R0_C1,2000,2000,1.0,1.0,1.0,1.0,1.0,1.0,1.0,1.0,1.0,nan,nan,0.0,0.0,0.0
760,row_diagonal_dominant_stochastic:6bb9c9b7e1526958,row_diagonal_dominant_stochastic,45,0.005,float64,R1_C1,R0_C1,2000,2000,1.4881537674899665,1.8671545514143009,1.9947389149269141,1.2679983279785105,1.551100731685656,1.6328114133189089,1.0072614713942358,1.2391129352903005,1.3105775459484676,0.6370773367191237,0.6215671733917933,0.2423399228636698,0.5776311449167325,0.0
760,row_diagonal_dominant_stochastic:6bb9c9b7e1526958,row_diagonal_dominant_stochastic,45,0.005,float64,R2_C2,R0_C1,2000,2000,1.5088033090770627,1.8946659715708143,2.0377522055901243,1.269217497250973,1.5559847590654554,1.654206961651415,1.0060446004517767,1.2286635533586312,1.2987999021910217,0.637548788359623,0.6306601591650398,0.2449575355450383,0.5916274544045312,0.0005
760,row_diagonal_dominant_stochastic:6bb9c9b7e1526958,row_diagonal_dominant_stochastic,45,0.005,float64,R0_C0,R0_C1,2000,2000,1.0,1.0,1.0,1.0,1.0,1.0,1.0,1.0,1.0,nan,nan,0.0,0.0,0.0
761,row_diagonal_dominant_stochastic:103e29b8022442fa,row_diagonal_dominant_stochastic,45,0.002,float32,R1_C1,R0_C1,2000,2000,1.6826816880735476,2.392845761212071,2.643920078481851,1.2977139889022906,1.6224387415940946,1.7298705794419964,0.9908464516095725,1.207899201906949,1.2855472309863267,0.6524022763057251,0.6350373837593458,0.3984672632453461,0.8460623226367919,0.014
761,row_diagonal_dominant_stochastic:103e29b8022442fa,row_diagonal_dominant_stochastic,45,0.002,float32,R2_C2,R0_C1,2000,2000,1.6918319040656151,2.4027754005051847,2.7096200818564946,1.3125432852131143,1.627799119160369,1.7417658420673636,0.9814589521128855,1.2048444603630526,1.2784051426838297,0.6616290315428041,0.6359505074876268,0.4102462500537435,0.8576084778590211,0.0145
761,row_diagonal_dominant_stochastic:103e29b8022442fa,row_diagonal_dominant_stochastic,45,0.002,float32,R0_C0,R0_C1,2000,2000,1.0,1.0,1.0,1.0,1.0,1.0,1.0,1.0,1.0,nan,nan,0.0,0.0,0.0
761,row_diagonal_dominant_stochastic:103e29b8022442fa,row_diagonal_dominant_stochastic,45,0.002,float64,R1_C1,R0_C1,2000,2000,1.4595609011736825,1.8658602735621037,1.9908992651662398,1.2129020325480515,1.4880647776606928,1.5846365311453856,0.9933212810131296,1.2048165743072445,1.2722903308487927,0.5855778003375569,0.5737271559317889,0.2780561051330798,0.6424352078864612,0.001
761,row_diagonal_dominant_stochastic:103e29b8022442fa,row_diagonal_dominant_stochastic,45,0.002,float64,R2_C2,R0_C1,2000,2000,1.4736511618326538,1.8935443596025865,2.0193697035638647,1.212414316655999,1.494937765596737,1.5845936569758792,0.998365142985994,1.2065384533230687,1.2789091118403957,0.5896355727296306,0.5659454824863707,0.29108179514007004,0.6557392117962076,0.001
761,row_diagonal_dominant_stochastic:103e29b8022442fa,row_diagonal_dominant_stochastic,45,0.002,float64,R0_C0,R0_C1,2000,2000,1.0,1.0,1.0,1.0,1.0,1.0,1.0,1.0,1.0,nan,nan,0.0,0.0,0.0
762,row_diagonal_dominant_stochastic:3f149f338e70104c,row_diagonal_dominant_stochastic,45,0.001,float32,R1_C1,R0_C1,2000,2000,1.6711512090079996,2.3452057687257577,2.567440523260882,1.26862189048072,1.5828100433594408,1.6967618414627779,0.9898793931128189,1.217354700024047,1.2842611807743591,0.6217836006438546,0.5950635017658754,0.4198280207378546,0.861212087110402,0.0155
762,row_diagonal_dominant_stochastic:3f149f338e70104c,row_diagonal_dominant_stochastic,45,0.001,float32,R2_C2,R0_C1,2000,2000,1.6799646415951857,2.376422431016526,2.615526647815075,1.2644713927923443,1.5733436506342033,1.6784868734049265,0.9831719188754275,1.2107478453462148,1.2683210209914162,0.6326602432089534,0.6158851464712867,0.4158953456626937,0.8939887650825449,0.0175
762,row_diagonal_dominant_stochastic:3f149f338e70104c,row_diagonal_dominant_stochastic,45,0.001,float32,R0_C0,R0_C1,2000,2000,1.0,1.0,1.0,1.0,1.0,1.0,1.0,1.0,1.0,nan,nan,0.0,0.0,0.0
762,row_diagonal_dominant_stochastic:3f149f338e70104c,row_diagonal_dominant_stochastic,45,0.001,float64,R1_C1,R0_C1,2000,2000,1.4703266392932473,1.884480008713382,1.993060146272456,1.198803572158103,1.4581483540833255,1.550045062482412,0.9911092937690064,1.2056297584794753,1.2720932090647101,0.5624924978951492,0.5449709607427401,0.3040391070660823,0.688022853539146,0.002
762,row_diagonal_dominant_stochastic:3f149f338e70104c,row_diagonal_dominant_stochastic,45,0.001,float64,R2_C2,R0_C1,2000,2000,1.4957365073717364,1.9172773046071134,2.048882352174221,1.204225566769006,1.4625776963624604,1.5346236778442341,0.9831014563421765,1.2072508959706034,1.2816505034237893,0.548300104831321,0.5353667868416967,0.31185782083747904,0.7105087129953632,0.005
762,row_diagonal_dominant_stochastic:3f149f338e70104c,row_diagonal_dominant_stochastic,45,0.001,float64,R0_C0,R0_C1,2000,2000,1.0,1.0,1.0,1.0,1.0,1.0,1.0,1.0,1.0,nan,nan,0.0,0.0,0.0
852,row_diagonal_dominant_random:93e6f52ebdb3ac55,row_diagonal_dominant_random,64,0.5,float32,R1_C1,R0_C1,2000,2000,1.799912373405756,2.397614534147473,2.609653758254321,1.0334302908536934,1.4600088099650403,1.591483828769233,1.0106700984853165,1.4187520953701762,1.5534119522401828,0.004771272754611024,0.006849021212255302,0.8119991542616052,1.6307962664635287,0.3525
852,row_diagonal_dominant_random:93e6f52ebdb3ac55,row_diagonal_dominant_random,64,0.5,float32,R2_C2,R0_C1,2000,2000,1.7764534225628954,2.3788767506371657,2.584005623665982,1.0320482299240248,1.4508572711419332,1.596265819347661,0.9908881738836133,1.413420417901333,1.5517694279553829,0.047288193648596,0.047729140432285114,0.8002378383168796,1.6618450573938373,0.3605
852,row_diagonal_dominant_random:93e6f52ebdb3ac55,row_diagonal_dominant_random,64,0.5,float32,R0_C0,R0_C1,2000,2000,1.0,1.0,1.0,1.0,1.0,1.0,1.0,1.0,1.0,nan,nan,0.0,0.0,0.0
852,row_diagonal_dominant_random:93e6f52ebdb3ac55,row_diagonal_dominant_random,64,0.5,float64,R1_C1,R0_C1,2000,2000,1.879852230981641,2.604056396789896,2.845768272056818,1.0238242051480402,1.4635943095273303,1.615329869902758,0.9908988215750124,1.4389550773491662,1.5961942345724842,-0.029016189173310766,-0.03171809892952473,0.8683021009268076,1.8054603790770232,0.411
852,row_diagonal_dominant_random:93e6f52ebdb3ac55,row_diagonal_dominant_random,64,0.5,float64,R2_C2,R0_C1,2000,2000,1.897866923966287,2.5930692998249008,2.8603618461861555,1.028674455529742,1.4761644151983568,1.6035813043535792,1.0040442978254687,1.4450087271728542,1.5913492041850101,-0.024785918766748963,-0.02868836367209092,0.8715002810968231,1.8153130727821596,0.402
852,row_diagonal_dominant_random:93e6f52ebdb3ac55,row_diagonal_dominant_random,64,0.5,float64,R0_C0,R0_C1,2000,2000,1.0,1.0,1.0,1.0,1.0,1.0,1.0,1.0,1.0,nan,nan,0.0,0.0,0.0
853,row_diagonal_dominant_random:03e59f7215597618,row_diagonal_dominant_random,64,0.3,float32,R1_C1,R0_C1,2000,2000,1.9039310827029952,2.616577879029455,2.8189333491018966,1.0336099091765736,1.4675496198480473,1.628825995020936,0.998616232235211,1.4082219266727602,1.5539109887031632,0.01724482587346729,0.01852923613230903,0.8820813687630036,1.7073855541980592,0.4025
853,row_diagonal_dominant_random:03e59f7215597618,row_diagonal_dominant_random,64,0.3,float32,R2_C2,R0_C1,2000,2000,1.8958642741746754,2.5952273115918314,2.8325168178585662,1.0302022664441501,1.4795133279356325,1.6210730129067763,0.9912282776063033,1.4204868248901852,1.559900103925133,-0.03538298082896893,-0.03122497380624345,0.8741643393046854,1.7551331121332767,0.401
853,row_diagonal_dominant_random:03e59f7215597618,row_diagonal_dominant_random,64,0.3,float32,R0_C0,R0_C1,2000,2000,1.0,1.0,1.0,1.0,1.0,1.0,1.0,1.0,1.0,nan,nan,0.0,0.0,0.0
853,row_diagonal_dominant_random:03e59f7215597618,row_diagonal_dominant_random,64,0.3,float64,R1_C1,R0_C1,2000,2000,2.0064864281794472,2.795012098645959,3.0615621599767717,1.0605245366172826,1.475962915178513,1.631089798462735,0.9849255225690545,1.403373563518535,1.5500088270862902,0.06831224828315442,0.07133570533392634,0.9362975030541438,1.74324537024242,0.4425
853,row_diagonal_dominant_random:03e59f7215597618,row_diagonal_dominant_random,64,0.3,float64,R2_C2,R0_C1,2000,2000,2.0050688863176354,2.8179921341515093,3.1063411567993655,1.0718672996754401,1.4876522151141975,1.6287150943201392,0.9960017228589856,1.411467223433858,1.584866394427391,0.05170084174248873,0.04088201822050456,0.9194047577168185,1.8079612660986066,0.4355
853,row_diagonal_dominant_random:03e59f7215597618,row_diagonal_dominant_random,64,0.3,float64,R0_C0,R0_C1,2000,2000,1.0,1.0,1.0,1.0,1.0,1.0,1.0,1.0,1.0,nan,nan,0.0,0.0,0.0
854,row_diagonal_dominant_random:c6616c01f005a03d,row_diagonal_dominant_random,64,0.2,float32,R1_C1,R0_C1,2000,2000,1.9554085700038628,2.6314687721479664,2.873550325713604,1.070520331744633,1.5170808382813161,1.681148404226221,1.0023142716380868,1.4251889887271207,1.573697256932157,0.07172531417029479,0.07048357612089402,0.8762853413592893,1.7085707030852706,0.3985
854,row_diagonal_dominant_random:c6616c01f005a03d,row_diagonal_dominant_random,64,0.2,float32,R2_C2,R0_C1,2000,2000,1.980624458212708,2.6612863036370706,2.8623046373068264,1.0625067102754202,1.506556417343982,1.6702510904798853,0.9972341837367946,1.4322926154659619,1.579720157463392,0.08045997828811688,0.0738744979686245,0.9080893705697828,1.6963007967049202,0.4255
854,row_diagonal_dominant_random:c6616c01f005a03d,row_diagonal_dominant_random,64,0.2,float32,R0_C0,R0_C1,2000,2000,1.0,1.0,1.0,1.0,1.0,1.0,1.0,1.0,1.0,nan,nan,0.0,0.0,0.0
854,row_diagonal_dominant_random:c6616c01f005a03d,row_diagonal_dominant_random,64,0.2,float64,R1_C1,R0_C1,2000,2000,2.0554949088633347,2.8332404025216054,3.085171834569072,1.1000861298565554,1.5675566382596082,1.72104166529234,1.0086075550903257,1.4487148803631358,1.6248284433316948,0.06569086688711313,0.056211434052858514,0.9088110476959772,1.7340447071201657,0.42
854,row_diagonal_dominant_random:c6616c01f005a03d,row_diagonal_dominant_random,64,0.2,float64,R2_C2,R0_C1,2000,2000,2.0754208371231297,2.8818680899153013,3.1689910220105166,1.105397792818531,1.5322523499222716,1.6692745192334564,1.0027176490926761,1.4304178893112829,1.579957399692284,0.09644849178991177,0.07859110514777629,0.9342709623198896,1.726087338111219,0.4415
854,row_diagonal_dominant_random:c6616c01f005a03d,row_diagonal_dominant_random,64,0.2,float64,R0_C0,R0_C1,2000,2000,1.0,1.0,1.0,1.0,1.0,1.0,1.0,1.0,1.0,nan,nan,0.0,0.0,0.0
855,row_diagonal_dominant_random:85f3946f6e4679ec,row_diagonal_dominant_random,64,0.1,float32,R1_C1,R0_C1,2000,2000,2.0062771829980433,2.696622862543432,2.9336965739841814,1.0871399572689635,1.5302294004626775,1.672963735914899,0.9985965346063425,1.4298648680357706,1.5780299742453427,0.09380265851294486,0.08653860513465127,0.8889493407260329,1.6643160678971827,0.4035
855,row_diagonal_dominant_random:85f3946f6e4679ec,row_diagonal_dominant_random,64,0.1,float32,R2_C2,R0_C1,2000,2000,2.032377875569958,2.6660537848986867,2.9033600060310802,1.0887536047645279,1.5001844910205269,1.648152220217529,0.9862741499491008,1.4156630637432233,1.562879829337973,0.13269046651627045,0.12417499304374825,0.9105380277772439,1.6250331110297969,0.4215
855,row_diagonal_dominant_random:85f3946f6e4679ec,row_diagonal_dominant_random,64,0.1,float32,R0_C0,R0_C1,2000,2000,1.0,1.0,1.0,1.0,1.0,1.0,1.0,1.0,1.0,nan,nan,0.0,0.0,0.0
855,row_diagonal_dominant_random:85f3946f6e4679ec,row_diagonal_dominant_random,64,0.1,float64,R1_C1,R0_C1,2000,2000,2.1048636980229722,2.8951720111169257,3.2263816675083605,1.119643479951637,1.5643069252428279,1.7191238602984176,0.9930715366452616,1.4066456724580896,1.5657262798462541,0.17825881079028813,0.16617442154360537,0.9067023127245297,1.6793007903489958,0.429
855,row_diagonal_dominant_random:85f3946f6e4679ec,row_diagonal_dominant_random,64,0.1,float64,R2_C2,R0_C1,2000,2000,2.1395417282115226,2.9484400330076745,3.246742615042365,1.1247853753939727,1.5597991478578648,1.716241739446496,0.9953217415881498,1.4244027455407597,1.5600774617626623,0.14544662801010907,0.14360686190171548,0.922553135732527,1.7264620461347577,0.4395
855,row_diagonal_dominant_random:85f3946f6e4679ec,row_diagonal_dominant_random,64,0.1,float64,R0_C0,R0_C1,2000,2000,1.0,1.0,1.0,1.0,1.0,1.0,1.0,1.0,1.0,nan,nan,0.0,0.0,0.0
856,row_diagonal_dominant_random:2976d44433ad1387,row_diagonal_dominant_random,64,0.05,float32,R1_C1,R0_C1,2000,2000,2.044880871584313,2.763463901959655,2.9711904778399516,1.1109591708342137,1.560416897018964,1.6969032912114421,0.9860353428699565,1.4242371630901276,1.5486704851006918,0.10608089513029624,0.10013487103371774,0.9003673277927136,1.6797974976323655,0.408
856,row_diagonal_dominant_random:2976d44433ad1387,row_diagonal_dominant_random,64,0.05,float32,R2_C2,R0_C1,2000,2000,2.04113879389711,2.7331272738449766,3.009603991737681,1.1153787656495617,1.574707404778372,1.7430115928144378,0.9949112424346016,1.4201263915605757,1.607159380392577,0.10834150697983871,0.09263828765957191,0.8897872153756938,1.6502726266672143,0.408
856,row_diagonal_dominant_random:2976d44433ad1387,row_diagonal_dominant_random,64,0.05,float32,R0_C0,R0_C1,2000,2000,1.0,1.0,1.0,1.0,1.0,1.0,1.0,1.0,1.0,nan,nan,0.0,0.0,0.0
856,row_diagonal_dominant_random:2976d44433ad1387,row_diagonal_dominant_random,64,0.05,float64,R1_C1,R0_C1,2000,2000,2.1085463666034876,2.925295694550943,3.2318131039381863,1.1641680979330165,1.6149718928551275,1.7461351216835759,0.9888144227294492,1.4134257588264103,1.568740237504554,0.19155597444870273,0.18525220781305193,0.8660120222361716,1.6174900351419477,0.38
856,row_diagonal_dominant_random:2976d44433ad1387,row_diagonal_dominant_random,64,0.05,float64,R2_C2,R0_C1,2000,2000,2.128079992330767,2.96535417443702,3.297919033562568,1.1662898474749128,1.6308641489580031,1.7784539188243882,1.0021097554518361,1.439280957547375,1.5762826011636852,0.2129487369017731,0.19990227347556835,0.8662281840063196,1.6161349644127065,0.378
856,row_diagonal_dominant_random:2976d44433ad1387,row_diagonal_dominant_random,64,0.05,float64,R0_C0,R0_C1,2000,2000,1.0,1.0,1.0,1.0,1.0,1.0,1.0,1.0,1.0,nan,nan,0.0,0.0,0.0
857,row_diagonal_dominant_random:8a85d76f30eb75a6,row_diagonal_dominant_random,64,0.02,float32,R1_C1,R0_C1,2000,2000,2.0720373485912593,2.737092443396845,2.947005268721781,1.1308269326399958,1.5799448871697226,1.734367137432173,1.0079264667388226,1.407779316364614,1.5802623646726788,0.09785852191492886,0.08685257771314442,0.874132240121908,1.637382831952109,0.3825
857,row_diagonal_dominant_random:8a85d76f30eb75a6,row_diagonal_dominant_random,64,0.02,float32,R2_C2,R0_C1,2000,2000,2.0786498424232187,2.7402958199660286,2.962749886738452,1.1324885747099105,1.5839283981614194,1.7290361306842608,0.9923317334456048,1.4172320145370263,1.5503983302276942,0.13631437338623448,0.12333647783411945,0.8813514718134288,1.5961261726319886,0.3995
857,row_diagonal_dominant_random:8a85d76f30eb75a6,row_diagonal_dominant_random,64,0.02,float32,R0_C0,R0_C1,2000,2000,1.0,1.0,1.0,1.0,1.0,1.0,1.0,1.0,1.0,nan,nan,0.0,0.0,0.0
857,row_diagonal_dominant_random:8a85d76f30eb75a6,row_diagonal_dominant_random,64,0.02,float64,R1_C1,R0_C1,2000,2000,2.1201183226326785,2.9440298161036065,3.2607154289302054,1.1716745461919609,1.632766213162905,1.7950907540809267,0.9969754769211507,1.4082998224878813,1.5642504852041024,0.1867037751754276,0.1680483180120795,0.8539063304504304,1.638374681819443,0.3765
857,row_diagonal_dominant_random:8a85d76f30eb75a6,row_diagonal_dominant_random,64,0.02,float64,R2_C2,R0_C1,2000,2000,2.1489356616906186,2.9500432181816647,3.2607522820710058,1.1904496113257839,1.6320802840472854,1.8092051705897216,1.0097316396815417,1.413057062635828,1.5605358850064062,0.22862757558545913,0.22149182987295749,0.8785627060283476,1.578088598856345,0.3885
857,row_diagonal_dominant_random:8a85d76f30eb75a6,row_diagonal_dominant_random,64,0.02,float64,R0_C0,R0_C1,2000,2000,1.0,1.0,1.0,1.0,1.0,1.0,1.0,1.0,1.0,nan,nan,0.0,0.0,0.0
858,row_diagonal_dominant_random:3cf57fa76b9a551c,row_diagonal_dominant_random,64,0.01,float32,R1_C1,R0_C1,2000,2000,2.0979274448976817,2.7758818361955484,3.005392392763375,1.1363334171820383,1.5629198530879373,1.6995170759863658,0.9975837315333901,1.4067272332477168,1.5603717222141833,0.12672010712202397,0.12368174792043699,0.8809774279525998,1.6208593660292017,0.4
858,row_diagonal_dominant_random:3cf57fa76b9a551c,row_diagonal_dominant_random,64,0.01,float32,R2_C2,R0_C1,2000,2000,2.082861921408938,2.8108383018699366,3.0651533145658685,1.1282401324847227,1.5520245632790237,1.7036770186277514,0.9946426358702567,1.3887386835494535,1.539352708071074,0.15623446652631937,0.13991543297885822,0.8984947705334447,1.6359812767914508,0.408
858,row_diagonal_dominant_random:3cf57fa76b9a551c,row_diagonal_dominant_random,64,0.01,float32,R0_C0,R0_C1,2000,2000,1.0,1.0,1.0,1.0,1.0,1.0,1.0,1.0,1.0,nan,nan,0.0,0.0,0.0
858,row_diagonal_dominant_random:3cf57fa76b9a551c,row_diagonal_dominant_random,64,0.01,float64,R1_C1,R0_C1,2000,2000,2.1474943805585074,2.9687544662711614,3.2860885081626634,1.1949469897795288,1.636760229515694,1.8057092765637746,1.003905883285498,1.423693694313883,1.5737494475749714,0.2006651009117327,0.18217841304460325,0.8686175217305814,1.6046316168805077,0.379
858,row_diagonal_dominant_random:3cf57fa76b9a551c,row_diagonal_dominant_random,64,0.01,float64,R2_C2,R0_C1,2000,2000,2.1459663369327227,2.9747928910658965,3.2649217593990243,1.1974058591274042,1.6404656739270391,1.791649672540694,0.997218011128457,1.4076978452564617,1.5522497577803704,0.1842814514951379,0.17731840432960108,0.8589911132246153,1.6031333764114646,0.381
858,row_diagonal_dominant_random:3cf57fa76b9a551c,row_diagonal_dominant_random,64,0.01,float64,R0_C0,R0_C1,2000,2000,1.0,1.0,1.0,1.0,1.0,1.0,1.0,1.0,1.0,nan,nan,0.0,0.0,0.0
859,row_diagonal_dominant_random:4cbd4f5958f010f8,row_diagonal_dominant_random,64,0.005,float32,R1_C1,R0_C1,2000,2000,2.055171011611326,2.796892918802335,3.0253669593622403,1.0869182351692943,1.522062051759976,1.6654681065879517,0.9515769245588431,1.3547942156427129,1.5100612161598337,0.13861771290231475,0.13734822733705684,0.9408727148363039,1.6709630259339416,0.441
859,row_diagonal_dominant_random:4cbd4f5958f010f8,row_diagonal_dominant_random,64,0.005,float32,R2_C2,R0_C1,2000,2000,2.0575865334458516,2.7397302267629176,2.9968109144382535,1.107409640736401,1.5324975533197978,1.6932296932547073,0.9602457692643013,1.3697830404419993,1.5044465621959842,0.1127393123763451,0.0972672288168072,0.9056394417775508,1.7057824792224916,0.426
859,row_diagonal_dominant_random:4cbd4f5958f010f8,row_diagonal_dominant_random,64,0.005,float32,R0_C0,R0_C1,2000,2000,1.0,1.0,1.0,1.0,1.0,1.0,1.0,1.0,1.0,nan,nan,0.0,0.0,0.0
859,row_diagonal_dominant_random:4cbd4f5958f010f8,row_diagonal_dominant_random,64,0.005,float64,R1_C1,R0_C1,2000,2000,2.1340410614543996,2.996205757932415,3.331866457498572,1.1235971652952967,1.5780219649909157,1.7361219778143482,0.951753101113677,1.3761866583262705,1.5151081346637782,0.20100316720890798,0.1830585247646312,0.9417125666017969,1.7141512676237465,0.454
859,row_diagonal_dominant_random:4cbd4f5958f010f8,row_diagonal_dominant_random,64,0.005,float64,R2_C2,R0_C1,2000,2000,2.129757111610414,2.95536256314338,3.224510676301662,1.1454668696929606,1.5623948852806593,1.7178967931206333,0.9466462450618794,1.332050470260362,1.4768991869692505,0.17158881752461996,0.16017671654417912,0.9123956478742148,1.7086889040377118,0.4315
859,row_diagonal_dominant_random:4cbd4f5958f010f8,row_diagonal_dominant_random,64,0.005,float64,R0_C0,R0_C1,2000,2000,1.0,1.0,1.0,1.0,1.0,1.0,1.0,1.0,1.0,nan,nan,0.0,0.0,0.0
860,row_diagonal_dominant_random:9493eb0855127051,row_diagonal_dominant_random,64,0.002,float32,R1_C1,R0_C1,2000,2000,1.9895145406508272,2.624985594481002,2.8616041583081557,0.8865988851342936,1.2897296648855865,1.4270260985225598,0.7676059154590918,1.1399238491544974,1.2834121222382324,0.1091624886538915,0.09820934605233651,1.1706420604592465,2.009449613591292,0.641
860,row_diagonal_dominant_random:9493eb0855127051,row_diagonal_dominant_random,64,0.002,float32,R2_C2,R0_C1,2000,2000,2.017026526760274,2.676376008212317,2.9353493887995534,0.9075454544715258,1.332210238578427,1.4768117101859204,0.7982468607201716,1.1945544357399274,1.3320889031783854,0.12147899895531034,0.10684089421022354,1.163470648265914,1.9766140434854624,0.6255
860,row_diagonal_dominant_random:9493eb0855127051,row_diagonal_dominant_random,64,0.002,float32,R0_C0,R0_C1,2000,2000,1.0,1.0,1.0,1.0,1.0,1.0,1.0,1.0,1.0,nan,nan,0.0,0.0,0.0
860,row_diagonal_dominant_random:9493eb0855127051,row_diagonal_dominant_random,64,0.002,float64,R1_C1,R0_C1,2000,2000,2.076577160309564,2.9166415268209462,3.22651301335234,0.933706515728385,1.3584682952514762,1.49368557821908,0.7742369775284937,1.1285329717732586,1.2513897332786064,0.13735708033054803,0.14367635991908997,1.15492293351,2.0226064012302665,0.619
860,row_diagonal_dominant_random:9493eb0855127051,row_diagonal_dominant_random,64,0.002,float64,R2_C2,R0_C1,2000,2000,2.0537216695786698,2.852265486835867,3.186165775136705,0.9444756210391365,1.3927216788240773,1.5126175909455686,0.7974002006509988,1.191255034227948,1.3208324656336365,0.1808997325270934,0.17979296244824058,1.1244591143090847,1.9837144629842445,0.6
860,row_diagonal_dominant_random:9493eb0855127051,row_diagonal_dominant_random,64,0.002,float64,R0_C0,R0_C1,2000,2000,1.0,1.0,1.0,1.0,1.0,1.0,1.0,1.0,1.0,nan,nan,0.0,0.0,0.0
861,row_diagonal_dominant_random:c93186b88112adec,row_diagonal_dominant_random,64,0.001,float32,R1_C1,R0_C1,2000,2000,1.9326191307255887,2.606623699198252,2.8178016004354487,0.8273607333915225,1.2084141508761468,1.3385089836251325,0.7309328391424079,1.0841788726820478,1.20309133445931,0.11315246485455734,0.1031569487892372,1.237335368576426,2.0249644145605874,0.6825
861,row_diagonal_dominant_random:c93186b88112adec,row_diagonal_dominant_random,64,0.001,float32,R2_C2,R0_C1,2000,2000,1.9434880628052076,2.620418840657154,2.8261580724185333,0.8642112571316762,1.2763953798695482,1.3923196301852874,0.7656909318017043,1.157749028825938,1.2978691581141744,0.0900343757509301,0.07079409569852392,1.1804480300958216,2.0082394914195016,0.645
861,row_diagonal_dominant_random:c93186b88112adec,row_diagonal_dominant_random,64,0.001,float32,R0_C0,R0_C1,2000,2000,1.0,1.0,1.0,1.0,1.0,1.0,1.0,1.0,1.0,nan,nan,0.0,0.0,0.0
861,row_diagonal_dominant_random:c93186b88112adec,row_diagonal_dominant_random,64,0.001,float64,R1_C1,R0_C1,2000,2000,1.9702223945920356,2.7577637290117627,3.0531558479144203,0.8608840991377655,1.245102874429473,1.3805525869396746,0.7173806568447177,1.0839011805875727,1.208521089266004,0.1673737092723361,0.16107890976972744,1.1938284173495775,2.0739315537201524,0.6545
861,row_diagonal_dominant_random:c93186b88112adec,row_diagonal_dominant_random,64,0.001,float64,R2_C2,R0_C1,2000,2000,1.9824086549209656,2.7968983586554064,3.050199838775761,0.8665468603830545,1.309791013338577,1.4561133373969153,0.7537529335853768,1.1417936260561785,1.2693673533237975,0.17311245778252132,0.15129227432306855,1.2042013407058345,2.011080310787102,0.656
861,row_diagonal_dominant_random:c93186b88112adec,row_diagonal_dominant_random,64,0.001,float64,R0_C0,R0_C1,2000,2000,1.0,1.0,1.0,1.0,1.0,1.0,1.0,1.0,1.0,nan,nan,0.0,0.0,0.0
882,row_diagonal_dominant_stochastic:021519ee0a19df7c,row_diagonal_dominant_stochastic,64,0.5,float32,R1_C1,R0_C1,2000,2000,1.7827821843328318,2.368465909726609,2.585080708829404,1.018186347305725,1.4722473293600544,1.620261496163267,0.9951799341759829,1.4319870947008426,1.587663908515272,0.0028909663624481145,0.005010490252622563,0.8094679636198816,1.6545824203624981,0.3535
882,row_diagonal_dominant_stochastic:021519ee0a19df7c,row_diagonal_dominant_stochastic,64,0.5,float32,R2_C2,R0_C1,2000,2000,1.7754543533049418,2.3553265836004362,2.58916913640853,1.030471586077229,1.4746126748098802,1.6234431567556369,0.995774698923116,1.4450761715415763,1.587728338679706,0.03262485792467187,0.03374972493743124,0.799441447801284,1.6042353782175471,0.3385
882,row_diagonal_dominant_stochastic:021519ee0a19df7c,row_diagonal_dominant_stochastic,64,0.5,float32,R0_C0,R0_C1,2000,2000,1.0,1.0,1.0,1.0,1.0,1.0,1.0,1.0,1.0,nan,nan,0.0,0.0,0.0
882,row_diagonal_dominant_stochastic:021519ee0a19df7c,row_diagonal_dominant_stochastic,64,0.5,float64,R1_C1,R0_C1,2000,2000,1.9026352073967354,2.607455573984924,2.849204840994831,1.033078657506759,1.4840329249394186,1.6774316076358324,1.0037820198263598,1.4433599503184547,1.6002857668364325,0.05350544893976307,0.05855326013831503,0.8754758510489633,1.7369595462288363,0.4085
882,row_diagonal_dominant_stochastic:021519ee0a19df7c,row_diagonal_dominant_stochastic,64,0.5,float64,R2_C2,R0_C1,2000,2000,1.8903917086887638,2.6251701599603248,2.874880710672149,1.0529785768722548,1.5009455515505548,1.6575010546498186,1.0175917689407372,1.4649265322440403,1.6055801148639033,0.007185605595176189,0.008532036633009157,0.8538851625947829,1.779813379019272,0.391
882,row_diagonal_dominant_stochastic:021519ee0a19df7c,row_diagonal_dominant_stochastic,64,0.5,float64,R0_C0,R0_C1,2000,2000,1.0,1.0,1.0,1.0,1.0,1.0,1.0,1.0,1.0,nan,nan,0.0,0.0,0.0
883,row_diagonal_dominant_stochastic:de30837b1853aaf8,row_diagonal_dominant_stochastic,64,0.3,float32,R1_C1,R0_C1,2000,2000,1.911527143796317,2.4501457608036965,2.6979626182239733,1.0521090272156988,1.4785004986658188,1.6345969367564597,1.0066939760671303,1.4230423819609423,1.564310374050837,0.019701062279344348,0.021189084797271197,0.8849556157320133,1.6398192660540596,0.404
883,row_diagonal_dominant_stochastic:de30837b1853aaf8,row_diagonal_dominant_stochastic,64,0.3,float32,R2_C2,R0_C1,2000,2000,1.9222942294339225,2.4945096933282933,2.7402429914248567,1.052590797913649,1.4964772914228341,1.6712781254102946,1.0013456731398884,1.4548872805309905,1.6142588870327899,0.06713248200577739,0.06711070077767518,0.8722853746580462,1.6300328059960243,0.4
883,row_diagonal_dominant_stochastic:de30837b1853aaf8,row_diagonal_dominant_stochastic,64,0.3,float32,R0_C0,R0_C1,2000,2000,1.0,1.0,1.0,1.0,1.0,1.0,1.0,1.0,1.0,nan,nan,0.0,0.0,0.0
883,row_diagonal_dominant_stochastic:de30837b1853aaf8,row_diagonal_dominant_stochastic,64,0.3,float64,R1_C1,R0_C1,2000,2000,2.030837688801552,2.750037391230242,3.022076566253665,1.0662420191551836,1.4910996704565607,1.6467909717478404,0.9979426819621365,1.3933595116972712,1.549333717541663,0.04968263554054308,0.04336907134226783,0.9477347199332364,1.749197124573134,0.456
883,row_diagonal_dominant_stochastic:de30837b1853aaf8,row_diagonal_dominant_stochastic,64,0.3,float64,R2_C2,R0_C1,2000,2000,2.0386419449458404,2.6950385297167316,2.96989426649802,1.0766531986450982,1.4823417356853847,1.634741437589372,0.997039112807148,1.4226581403746907,1.5863278790026651,0.035271722000896524,0.034505440126360025,0.9337805907736176,1.6897127960577443,0.4455
883,row_diagonal_dominant_stochastic:de30837b1853aaf8,row_diagonal_dominant_stochastic,64,0.3,float64,R0_C0,R0_C1,2000,2000,1.0,1.0,1.0,1.0,1.0,1.0,1.0,1.0,1.0,nan,nan,0.0,0.0,0.0
884,row_diagonal_dominant_stochastic:85d04ae4513fe85f,row_diagonal_dominant_stochastic,64,0.2,float32,R1_C1,R0_C1,2000,2000,1.9224154310996133,2.375649989270962,2.5602174503259096,1.0807028958857123,1.52711864343961,1.7024551486408486,1.0031152971228219,1.446364629522336,1.5996328650116036,0.0648331917027294,0.07246261661565416,0.8400730599651283,1.544742271515865,0.3575
884,row_diagonal_dominant_stochastic:85d04ae4513fe85f,row_diagonal_dominant_stochastic,64,0.2,float32,R2_C2,R0_C1,2000,2000,1.9448779029145293,2.390475089519725,2.5512148428915546,1.0706655703995054,1.4916229071833729,1.634178288274693,0.9924089047464997,1.4321230533193747,1.5680306893755198,0.09696162250644136,0.09450300262575065,0.8669361681616077,1.529650721229353,0.366
884,row_diagonal_dominant_stochastic:85d04ae4513fe85f,row_diagonal_dominant_stochastic,64,0.2,float32,R0_C0,R0_C1,2000,2000,1.0,1.0,1.0,1.0,1.0,1.0,1.0,1.0,1.0,nan,nan,0.0,0.0,0.0
884,row_diagonal_dominant_stochastic:85d04ae4513fe85f,row_diagonal_dominant_stochastic,64,0.2,float64,R1_C1,R0_C1,2000,2000,2.0219041547971823,2.57188046871202,2.7473509753721723,1.1253081794576705,1.5610591834088035,1.7075272543603406,1.0073463847910884,1.4338202241398939,1.5778971836183773,0.17324871707368422,0.16013184253296062,0.8509157523194574,1.520604787692134,0.35
884,row_diagonal_dominant_stochastic:85d04ae4513fe85f,row_diagonal_dominant_stochastic,64,0.2,float64,R2_C2,R0_C1,2000,2000,2.0211960441930295,2.5924871449860407,2.7660733259297596,1.1135936665311248,1.527514419616459,1.6847918695717856,0.9980228960919645,1.4368600262624691,1.5689000582864852,0.15931322784987317,0.1642137095534274,0.8569034209702799,1.5214240986333107,0.3655
884,row_diagonal_dominant_stochastic:85d04ae4513fe85f,row_diagonal_dominant_stochastic,64,0.2,float64,R0_C0,R0_C1,2000,2000,1.0,1.0,1.0,1.0,1.0,1.0,1.0,1.0,1.0,nan,nan,0.0,0.0,0.0
885,row_diagonal_dominant_stochastic:0f7feef7c7880b20,row_diagonal_dominant_stochastic,64,0.1,float32,R1_C1,R0_C1,2000,2000,1.8973613486786047,2.2471412175446646,2.3481264026466113,1.4365265541478582,1.7802872143861106,1.8945684625024926,0.9947871915977535,1.4037440200164604,1.5352037173142987,0.41841055736362626,0.40794238348559586,0.39847719362028766,0.8665190510014634,0.0175
885,row_diagonal_dominant_stochastic:0f7feef7c7880b20,row_diagonal_dominant_stochastic,64,0.1,float32,R2_C2,R0_C1,2000,2000,1.9121154356164243,2.235295617756915,2.3623189847501376,1.4515315704732799,1.7793264442228849,1.8901858674015346,0.9930309299712092,1.3961236950235425,1.538051168929022,0.4191534708826996,0.4050347782586946,0.4100407399293145,0.8527168468908108,0.014
885,row_diagonal_dominant_stochastic:0f7feef7c7880b20,row_diagonal_dominant_stochastic,64,0.1,float32,R0_C0,R0_C1,2000,2000,1.0,1.0,1.0,1.0,1.0,1.0,1.0,1.0,1.0,nan,nan,0.0,0.0,0.0
885,row_diagonal_dominant_stochastic:0f7feef7c7880b20,row_diagonal_dominant_stochastic,64,0.1,float64,R1_C1,R0_C1,2000,2000,1.9797126946155683,2.3857573902745335,2.5147968036982418,1.5374951833032742,1.8969758467413014,2.010739530770548,0.9823594185674804,1.4045121359349895,1.5165100967894256,0.5040547959138076,0.5027794931948733,0.35569884966080045,0.8155601632428747,0.014
885,row_diagonal_dominant_stochastic:0f7feef7c7880b20,row_diagonal_dominant_stochastic,64,0.1,float64,R2_C2,R0_C1,2000,2000,1.9910681833204347,2.3996186697529986,2.5183018096835377,1.548159919208524,1.9242755482353964,2.0242737048979333,0.9975584282163037,1.3816118998819966,1.5168981398413273,0.4993176057242527,0.49020092355023087,0.3460248162302689,0.8372904787391452,0.0175
885,row_diagonal_dominant_stochastic:0f7feef7c7880b20,row_diagonal_dominant_stochastic,64,0.1,float64,R0_C0,R0_C1,2000,2000,1.0,1.0,1.0,1.0,1.0,1.0,1.0,1.0,1.0,nan,nan,0.0,0.0,0.0
886,row_diagonal_dominant_stochastic:0530909e2322226a,row_diagonal_dominant_stochastic,64,0.05,float32,R1_C1,R0_C1,2000,2000,1.89129387299946,2.204693773842939,2.297012196055926,1.6174461530724775,1.9022391858263146,1.9974433291268014,0.9750902130587995,1.2481193311455565,1.3337323705559851,0.701224349742892,0.7000049350012336,0.22393845193976614,0.44025902497132036,0.0005
886,row_diagonal_dominant_stochastic:0530909e2322226a,row_diagonal_dominant_stochastic,64,0.05,float32,R2_C2,R0_C1,2000,2000,1.900174212302491,2.2116238159361736,2.308233023996696,1.6206905854825095,1.9060029387650415,1.996089185627556,0.9784822160705677,1.264068366790669,1.3600301478640726,0.6998186753656986,0.6999949974987494,0.22340404899760663,0.43512229423632803,0.0005
886,row_diagonal_dominant_stochastic:0530909e2322226a,row_diagonal_dominant_stochastic,64,0.05,float32,R0_C0,R0_C1,2000,2000,1.0,1.0,1.0,1.0,1.0,1.0,1.0,1.0,1.0,nan,nan,0.0,0.0,0.0
886,row_diagonal_dominant_stochastic:0530909e2322226a,row_diagonal_dominant_stochastic,64,0.05,float64,R1_C1,R0_C1,2000,2000,1.940805044637667,2.3374706436108266,2.4559250729456994,1.684484360180114,2.0250640303746037,2.1307527743829207,0.9738561393489333,1.2295505670574352,1.3030503866579264,0.8016919529406021,0.8071275442818862,0.20321938110466498,0.41035744491143855,0.0
886,row_diagonal_dominant_stochastic:0530909e2322226a,row_diagonal_dominant_stochastic,64,0.05,float64,R2_C2,R0_C1,2000,2000,1.9521133113055886,2.3567582937816387,2.4936375286472576,1.6961570968527788,2.0507035900806736,2.1697829227375753,0.9768407015064322,1.2485995238093244,1.350545116978228,0.795585386929951,0.7997502634375658,0.20283282405738878,0.41410306423380394,0.0
886,row_diagonal_dominant_stochastic:0530909e2322226a,row_diagonal_dominant_stochastic,64,0.05,float64,R0_C0,R0_C1,2000,2000,1.0,1.0,1.0,1.0,1.0,1.0,1.0,1.0,1.0,nan,nan,0.0,0.0,0.0
887,row_diagonal_dominant_stochastic:f5393029996d2c29,row_diagonal_dominant_stochastic,64,0.02,float32,R1_C1,R0_C1,2000,2000,1.869308563652512,2.184287945137561,2.2899717579026917,1.5859348574121443,1.848994166048859,1.9255902835453975,1.0346411324152247,1.232306208879876,1.2938679277854708,0.711137891166336,0.6981817505454375,0.23866258401598767,0.45323515635718387,0.0
887,row_diagonal_dominant_stochastic:f5393029996d2c29,row_diagonal_dominant_stochastic,64,0.02,float32,R2_C2,R0_C1,2000,2000,1.8827482290946151,2.2061948185183535,2.307568743506152,1.5961136723061555,1.8589133011946521,1.9428631931520124,1.0326178373823214,1.2255305859609666,1.2892921960174584,0.7212488146949804,0.6983537765884441,0.24077002357925567,0.46122241694101246,0.0
887,row_diagonal_dominant_stochastic:f5393029996d2c29,row_diagonal_dominant_stochastic,64,0.02,float32,R0_C0,R0_C1,2000,2000,1.0,1.0,1.0,1.0,1.0,1.0,1.0,1.0,1.0,nan,nan,0.0,0.0,0.0
887,row_diagonal_dominant_stochastic:f5393029996d2c29,row_diagonal_dominant_stochastic,64,0.02,float64,R1_C1,R0_C1,2000,2000,1.835918203274554,2.247970486688781,2.3596037058393806,1.5910578266564293,1.8884375729041862,1.9913642681670343,1.0285506956722772,1.2351518322919044,1.2894657320257334,0.7830825954212955,0.77376676044169,0.20865405394998884,0.45335660329838023,0.0
887,row_diagonal_dominant_stochastic:f5393029996d2c29,row_diagonal_dominant_stochastic,64,0.02,float64,R2_C2,R0_C1,2000,2000,1.8560821727700514,2.2955033361714623,2.417251004977567,1.6017112514295526,1.9295936900010915,2.0338109499143693,1.023536090539322,1.2276150279063212,1.2855830311754897,0.7893031499410496,0.7757883574470893,0.21533020153572358,0.4428267201660815,0.0
887,row_diagonal_dominant_stochastic:f5393029996d2c29,row_diagonal_dominant_stochastic,64,0.02,float64,R0_C0,R0_C1,2000,2000,1.0,1.0,1.0,1.0,1.0,1.0,1.0,1.0,1.0,nan,nan,0.0,0.0,0.0
888,row_diagonal_dominant_stochastic:0d717c35c3b2f62d,row_diagonal_dominant_stochastic,64,0.01,float32,R1_C1,R0_C1,2000,2000,1.8410063823893186,2.1616959539313694,2.24485344512245,1.500349921963887,1.7909170396036966,1.8825893872763118,1.0271695008893453,1.2236111644768473,1.2796932843185729,0.64862275586626,0.6345227636306908,0.293364763912163,0.5429586977508322,0.0
888,row_diagonal_dominant_stochastic:0d717c35c3b2f62d,row_diagonal_dominant_stochastic,64,0.01,float32,R2_C2,R0_C1,2000,2000,1.8573276377734842,2.1708037317509663,2.2783200409737563,1.5165624688189188,1.7777146202456633,1.8754628699220834,1.0287931953595248,1.2088790899784787,1.2692087192148376,0.6384043201327346,0.6128597957149489,0.2962654097769101,0.5482345796247716,0.0005
888,row_diagonal_dominant_stochastic:0d717c35c3b2f62d,row_diagonal_dominant_stochastic,64,0.01,float32,R0_C0,R0_C1,2000,2000,1.0,1.0,1.0,1.0,1.0,1.0,1.0,1.0,1.0,nan,nan,0.0,0.0,0.0
888,row_diagonal_dominant_stochastic:0d717c35c3b2f62d,row_diagonal_dominant_stochastic,64,0.01,float64,R1_C1,R0_C1,2000,2000,1.754353201057169,2.136415618471102,2.246903867845251,1.4935861834493587,1.7695146138219493,1.8727132999698555,1.0367384184184991,1.226183191071995,1.2926157108793697,0.7247497243342198,0.7092124038031009,0.23561696024091544,0.495756721461068,0.0
888,row_diagonal_dominant_stochastic:0d717c35c3b2f62d,row_diagonal_dominant_stochastic,64,0.01,float64,R2_C2,R0_C1,2000,2000,1.776795515936295,2.148331812238286,2.2783692481729654,1.5049294256105692,1.801677616071723,1.8923617101870989,1.037581582070683,1.2354361864688517,1.290612036369541,0.7374436455221041,0.7196678264169566,0.23706200899292568,0.4879319071391611,0.0
888,row_diagonal_dominant_stochastic:0d717c35c3b2f62d,row_diagonal_dominant_stochastic,64,0.01,float64,R0_C0,R0_C1,2000,2000,1.0,1.0,1.0,1.0,1.0,1.0,1.0,1.0,1.0,nan,nan,0.0,0.0,0.0
889,row_diagonal_dominant_stochastic:6bb9c9b7e1526958,row_diagonal_dominant_stochastic,64,0.005,float32,R1_C1,R0_C1,2000,2000,1.8079257980216215,2.113423766888313,2.2104503257143353,1.412842661028897,1.6598256048517526,1.7367136832630004,1.0294416340144914,1.2169231912159193,1.2756827825306,0.5566148092175504,0.5302497290624323,0.3506088078032681,0.6358445898536897,0.0
889,row_diagonal_dominant_stochastic:6bb9c9b7e1526958,row_diagonal_dominant_stochastic,64,0.005,float32,R2_C2,R0_C1,2000,2000,1.817780765989895,2.154040358643448,2.2502363544268302,1.4193186429076516,1.6840156958832089,1.7625965701737325,1.0359784518959088,1.2355329161010438,1.2912077689125456,0.5717943993423137,0.5537793514448378,0.36231173791797044,0.6362243543393667,0.0
889,row_diagonal_dominant_stochastic:6bb9c9b7e1526958,row_diagonal_dominant_stochastic,64,0.005,float32,R0_C0,R0_C1,2000,2000,1.0,1.0,1.0,1.0,1.0,1.0,1.0,1.0,1.0,nan,nan,0.0,0.0,0.0
889,row_diagonal_dominant_stochastic:6bb9c9b7e1526958,row_diagonal_dominant_stochastic,64,0.005,float64,R1_C1,R0_C1,2000,2000,1.658476259139018,2.0482731924045066,2.1607302251422733,1.3788594543724897,1.6452002167239306,1.7322064561006394,1.0378311380356713,1.2261124793541927,1.278832801560564,0.6710061913661808,0.6497996539499136,0.2709973032596696,0.5664977730274725,0.0
889,row_diagonal_dominant_stochastic:6bb9c9b7e1526958,row_diagonal_dominant_stochastic,64,0.005,float64,R2_C2,R0_C1,2000,2000,1.6804496063455634,2.077081741755901,2.210050302028715,1.3863796239215769,1.6643043293388255,1.7534704838235067,1.0425958636837351,1.2297676931225312,1.2835023451329384,0.6506025963805222,0.6382409750602438,0.2746022489024379,0.5732741225062724,0.0
889,row_diagonal_dominant_stochastic:6bb9c9b7e1526958,row_diagonal_dominant_stochastic,64,0.005,float64,R0_C0,R0_C1,2000,2000,1.0,1.0,1.0,1.0,1.0,1.0,1.0,1.0,1.0,nan,nan,0.0,0.0,0.0
890,row_diagonal_dominant_stochastic:103e29b8022442fa,row_diagonal_dominant_stochastic,64,0.002,float32,R1_C1,R0_C1,2000,2000,1.8125090476109427,2.1404848593120462,2.2384136744931147,1.3161332695786003,1.5616414479815606,1.6312378814912143,1.007024473414524,1.181900471929542,1.2337197416231274,0.5055490015799077,0.47577871394467847,0.4607278520075088,0.7628364483607707,0.0035
890,row_diagonal_dominant_stochastic:103e29b8022442fa,row_diagonal_dominant_stochastic,64,0.002,float32,R2_C2,R0_C1,2000,2000,1.822578915097731,2.146467783782205,2.256543496598416,1.3204305875481408,1.558737761719176,1.6382602278990874,0.9912839899622714,1.1756196189537051,1.2305915947167234,0.4963324741688847,0.47190844447711117,0.46596730879282067,0.7689011790174743,0.0005
890,row_diagonal_dominant_stochastic:103e29b8022442fa,row_diagonal_dominant_stochastic,64,0.002,float32,R0_C0,R0_C1,2000,2000,1.0,1.0,1.0,1.0,1.0,1.0,1.0,1.0,1.0,nan,nan,0.0,0.0,0.0
890,row_diagonal_dominant_stochastic:103e29b8022442fa,row_diagonal_dominant_stochastic,64,0.002,float64,R1_C1,R0_C1,2000,2000,1.57569927132404,1.9239074174520236,2.0337559389616824,1.261969698309053,1.5167547729082929,1.5871862265450294,0.9979141882820299,1.1788660893070604,1.2394946511941363,0.5801482859548682,0.5689712607428151,0.3106437112521133,0.6436440618312983,0.0
890,row_diagonal_dominant_stochastic:103e29b8022442fa,row_diagonal_dominant_stochastic,64,0.002,float64,R2_C2,R0_C1,2000,2000,1.5873481530855713,1.952233760010346,2.0552968660359356,1.27003706936323,1.5152477370671715,1.5810983204949463,0.9968302475408163,1.1887395254068862,1.2499046891452792,0.5559245810986,0.5420354825088706,0.31460968769750836,0.6578471350431923,0.0005
890,row_diagonal_dominant_stochastic:103e29b8022442fa,row_diagonal_dominant_stochastic,64,0.002,float64,R0_C0,R0_C1,2000,2000,1.0,1.0,1.0,1.0,1.0,1.0,1.0,1.0,1.0,nan,nan,0.0,0.0,0.0
891,row_diagonal_dominant_stochastic:3f149f338e70104c,row_diagonal_dominant_stochastic,64,0.001,float32,R1_C1,R0_C1,2000,2000,1.8101542446563372,2.1280658697379904,2.235808101392504,1.2630336599379484,1.4939036773903263,1.567790436141904,0.9854055704111403,1.1601575994725364,1.2284217310103016,0.3940594504503132,0.380182652045663,0.5167181866860133,0.8613416521581346,0.009
891,row_diagonal_dominant_stochastic:3f149f338e70104c,row_diagonal_dominant_stochastic,64,0.001,float32,R2_C2,R0_C1,2000,2000,1.820263877118636,2.138414527636275,2.226485287567204,1.2663228280702217,1.5023120312734772,1.5813023757763234,0.9902845152631733,1.1708930029669842,1.225094522237465,0.40970767324679624,0.3928700692175173,0.5167011779992002,0.8504291830892137,0.0075
891,row_diagonal_dominant_stochastic:3f149f338e70104c,row_diagonal_dominant_stochastic,64,0.001,float32,R0_C0,R0_C1,2000,2000,1.0,1.0,1.0,1.0,1.0,1.0,1.0,1.0,1.0,nan,nan,0.0,0.0,0.0
891,row_diagonal_dominant_stochastic:3f149f338e70104c,row_diagonal_dominant_stochastic,64,0.001,float64,R1_C1,R0_C1,2000,2000,1.570852831804861,1.9376091547053291,2.064364601807527,1.2355237429414896,1.4673687273324807,1.5476911178833122,0.9870813156001226,1.1794404724782928,1.233633223295881,0.5236006035740159,0.506101292025323,0.3488362228757809,0.6886987546631159,0.0
891,row_diagonal_dominant_stochastic:3f149f338e70104c,row_diagonal_dominant_stochastic,64,0.001,float64,R2_C2,R0_C1,2000,2000,1.5836992571626047,1.9425381263259076,2.0566349549952094,1.244152155931947,1.4685436684981739,1.5268032270700411,0.9941450886410581,1.1656757617235156,1.2209354685611695,0.5418936753465011,0.5271534552883638,0.3539507132480688,0.6878910446992456,0.0015
891,row_diagonal_dominant_stochastic:3f149f338e70104c,row_diagonal_dominant_stochastic,64,0.001,float64,R0_C0,R0_C1,2000,2000,1.0,1.0,1.0,1.0,1.0,1.0,1.0,1.0,1.0,nan,nan,0.0,0.0,0.0
981,row_diagonal_dominant_random:93e6f52ebdb3ac55,row_diagonal_dominant_random,91,0.5,float32,R1_C1,R0_C1,2000,2000,2.9848792483465916,4.52575980370622,5.032539372125675,1.0356429165045826,1.4448176523334184,1.5549042882431539,1.0040671973044395,1.383918610235838,1.5139089500134049,0.044811980306959535,0.025205253301313322,1.5430295470779245,2.4506173567567955,0.811
981,row_diagonal_dominant_random:93e6f52ebdb3ac55,row_diagonal_dominant_random,91,0.5,float32,R2_C2,R0_C1,2000,2000,2.951315194601859,4.6214070665759435,5.232108052303929,1.032622674408169,1.4285451006197365,1.584111257928822,0.9907021687202773,1.3951007535336408,1.5663302341247463,0.05881635247340034,0.045817034454258616,1.5318451632399457,2.4659466722293595,0.8265
981,row_diagonal_dominant_random:93e6f52ebdb3ac55,row_diagonal_dominant_random,91,0.5,float32,R0_C0,R0_C1,2000,2000,1.0,1.0,1.0,1.0,1.0,1.0,1.0,1.0,1.0,nan,nan,0.0,0.0,0.0
981,row_diagonal_dominant_random:93e6f52ebdb3ac55,row_diagonal_dominant_random,91,0.5,float64,R1_C1,R0_C1,2000,2000,2.863289894654387,4.277548428612758,4.86880505477224,1.0401970474591307,1.4337875596449683,1.5610345595258004,1.001142918263415,1.3947984103268236,1.5212477259730457,0.052697701684628805,0.04355001038750259,1.4909008602649498,2.3719755379986474,0.8185
981,row_diagonal_dominant_random:93e6f52ebdb3ac55,row_diagonal_dominant_random,91,0.5,float64,R2_C2,R0_C1,2000,2000,2.8823483117520095,4.397599059935535,4.976852271610708,1.0386903852618965,1.4386288746828897,1.5706124216118862,0.9989216939585288,1.3833386203116163,1.5331902453985606,0.06414982040732536,0.05941439835359959,1.5041733657276497,2.420096657786511,0.819
981,row_diagonal_dominant_random:93e6f52ebdb3ac55,row_diagonal_dominant_random,91,0.5,float64,R0_C0,R0_C1,2000,2000,1.0,1.0,1.0,1.0,1.0,1.0,1.0,1.0,1.0,nan,nan,0.0,0.0,0.0
982,row_diagonal_dominant_random:03e59f7215597618,row_diagonal_dominant_random,91,0.3,float32,R1_C1,R0_C1,2000,2000,3.2125860457552893,5.006709952876275,5.555837640397616,1.0744811877221971,1.486920465902969,1.6333507534109208,0.9987016630110714,1.4053978290777966,1.5273853262047392,0.1597519829537193,0.1320937065234266,1.60773392288927,2.432411449864108,0.855
982,row_diagonal_dominant_random:03e59f7215597618,row_diagonal_dominant_random,91,0.3,float32,R2_C2,R0_C1,2000,2000,3.24732655543158,4.970568232971695,5.615880067996055,1.093332214170373,1.5085158811065502,1.6455910470882207,1.004745822957553,1.396465880362257,1.530646370835299,0.20098488292418717,0.1791748032937008,1.617052476140917,2.4344143587421496,0.8745
982,row_diagonal_dominant_random:03e59f7215597618,row_diagonal_dominant_random,91,0.3,float32,R0_C0,R0_C1,2000,2000,1.0,1.0,1.0,1.0,1.0,1.0,1.0,1.0,1.0,nan,nan,0.0,0.0,0.0
982,row_diagonal_dominant_random:03e59f7215597618,row_diagonal_dominant_random,91,0.3,float64,R1_C1,R0_C1,2000,2000,3.045643374962493,4.620102820515805,5.190724135516795,1.078380620880429,1.497273519419459,1.6302519382981806,0.9867639471780336,1.393171458961693,1.5323239452880233,0.1729867665655761,0.13107454176863545,1.5294048417860422,2.3375515494114625,0.8285
982,row_diagonal_dominant_random:03e59f7215597618,row_diagonal_dominant_random,91,0.3,float64,R2_C2,R0_C1,2000,2000,3.068753590788887,4.543578011724041,5.088781997008521,1.1045302081980655,1.51752730831795,1.6576390683899849,1.0031783559531555,1.4020165722045832,1.5464013019542964,0.1622141826116033,0.1373578948394737,1.527721491133049,2.3000658044437245,0.826
982,row_diagonal_dominant_random:03e59f7215597618,row_diagonal_dominant_random,91,0.3,float64,R0_C0,R0_C1,2000,2000,1.0,1.0,1.0,1.0,1.0,1.0,1.0,1.0,1.0,nan,nan,0.0,0.0,0.0
983,row_diagonal_dominant_random:c6616c01f005a03d,row_diagonal_dominant_random,91,0.2,float32,R1_C1,R0_C1,2000,2000,3.351656520093626,5.104151757889298,5.711216352651013,1.1124679087086007,1.5457201265086409,1.7030576746856323,0.9927084805079391,1.3681402979467383,1.4880796050576341,0.3017222504829637,0.26432718308179576,1.6283250443515225,2.360507293817406,0.886
983,row_diagonal_dominant_random:c6616c01f005a03d,row_diagonal_dominant_random,91,0.2,float32,R2_C2,R0_C1,2000,2000,3.3943576136380456,5.232890605020154,5.829270726580787,1.11388415907521,1.5412408284896115,1.6944370770206767,0.987418044399814,1.3773726101943427,1.5165563600233423,0.3114402302600182,0.256313596078399,1.6555479949424434,2.375922284087487,0.895
983,row_diagonal_dominant_random:c6616c01f005a03d,row_diagonal_dominant_random,91,0.2,float32,R0_C0,R0_C1,2000,2000,1.0,1.0,1.0,1.0,1.0,1.0,1.0,1.0,1.0,nan,nan,0.0,0.0,0.0
983,row_diagonal_dominant_random:c6616c01f005a03d,row_diagonal_dominant_random,91,0.2,float64,R1_C1,R0_C1,2000,2000,3.1256141781040805,4.729446976542887,5.420351060359458,1.1463587115407414,1.5791938393608602,1.7437208940074889,0.9914710484177078,1.3942297251315239,1.5334748117329884,0.31736082186835624,0.2687574221893555,1.488214004684317,2.2230501183016504,0.8295
983,row_diagonal_dominant_random:c6616c01f005a03d,row_diagonal_dominant_random,91,0.2,float64,R2_C2,R0_C1,2000,2000,3.160022480250849,4.866798449182188,5.448519168877933,1.1405145892364787,1.5790006269895314,1.7135111553082738,0.9977593824538172,1.3995713146567434,1.5395067602973092,0.25862726042498746,0.23062420565605138,1.510931194864114,2.271435849635133,0.8445
983,row_diagonal_dominant_random:c6616c01f005a03d,row_diagonal_dominant_random,91,0.2,float64,R0_C0,R0_C1,2000,2000,1.0,1.0,1.0,1.0,1.0,1.0,1.0,1.0,1.0,nan,nan,0.0,0.0,0.0
984,row_diagonal_dominant_random:85f3946f6e4679ec,row_diagonal_dominant_random,91,0.1,float32,R1_C1,R0_C1,2000,2000,3.5025931698775206,5.2713987837429,5.920399321355854,1.1820627605110867,1.676602182204907,1.8326132269540036,0.9930286701178201,1.3717087090991804,1.5083602455543021,0.43522955648188516,0.3940707070176767,1.594606893042893,2.224559501150097,0.891
984,row_diagonal_dominant_random:85f3946f6e4679ec,row_diagonal_dominant_random,91,0.1,float32,R2_C2,R0_C1,2000,2000,3.5363188336645113,5.295648252198483,5.799006809738528,1.1814514612515654,1.6973393292095023,1.8717627370511958,0.9760587046967986,1.36440508183648,1.5176069120699374,0.45110186061871343,0.431471855867964,1.5974587892865704,2.2354928105898026,0.9105
984,row_diagonal_dominant_random:85f3946f6e4679ec,row_diagonal_dominant_random,91,0.1,float32,R0_C0,R0_C1,2000,2000,1.0,1.0,1.0,1.0,1.0,1.0,1.0,1.0,1.0,nan,nan,0.0,0.0,0.0
984,row_diagonal_dominant_random:85f3946f6e4679ec,row_diagonal_dominant_random,91,0.1,float64,R1_C1,R0_C1,2000,2000,3.201674435259597,4.740215265803045,5.388695706256237,1.2288260283847618,1.708913013713574,1.883214719331981,0.9959194176438748,1.3667641920681792,1.4787997263492845,0.4124556078540124,0.36800541950135485,1.4274271153705227,2.1209660729682462,0.8145
984,row_diagonal_dominant_random:85f3946f6e4679ec,row_diagonal_dominant_random,91,0.1,float64,R2_C2,R0_C1,2000,2000,3.266515876747907,4.912788822538459,5.513282343562751,1.2499003056572544,1.7514631389120145,1.9106694135466684,1.0019071543656324,1.3767845058368413,1.5211008765578589,0.42479877034503694,0.3961923690480923,1.419652592093688,2.076245335556236,0.825
984,row_diagonal_dominant_random:85f3946f6e4679ec,row_diagonal_dominant_random,91,0.1,float64,R0_C0,R0_C1,2000,2000,1.0,1.0,1.0,1.0,1.0,1.0,1.0,1.0,1.0,nan,nan,0.0,0.0,0.0
985,row_diagonal_dominant_random:2976d44433ad1387,row_diagonal_dominant_random,91,0.05,float32,R1_C1,R0_C1,2000,2000,3.5695999710701067,5.327867313316871,5.909330401545381,1.2565193349994963,1.7688793189333898,1.9739070905202925,1.0017077945675652,1.390151312821399,1.5441004764539688,0.4932490658123041,0.46407278901819726,1.5550582042330257,2.1462258570080506,0.8875
985,row_diagonal_dominant_random:2976d44433ad1387,row_diagonal_dominant_random,91,0.05,float32,R2_C2,R0_C1,2000,2000,3.530854334247966,5.393144934815576,6.041355307594827,1.2617458822457097,1.7739800641202086,1.989830028672593,1.003020884148064,1.4008356093769583,1.541881717426969,0.49790711153191697,0.45394935548733883,1.5258486837038294,2.1642720247865816,0.8835
985,row_diagonal_dominant_random:2976d44433ad1387,row_diagonal_dominant_random,91,0.05,float32,R0_C0,R0_C1,2000,2000,1.0,1.0,1.0,1.0,1.0,1.0,1.0,1.0,1.0,nan,nan,0.0,0.0,0.0
985,row_diagonal_dominant_random:2976d44433ad1387,row_diagonal_dominant_random,91,0.05,float64,R1_C1,R0_C1,2000,2000,3.292444548300711,4.970392989628152,5.69173991377274,1.283190672597681,1.8228713261631513,2.0449955158887496,0.9994646266831668,1.4011211262701535,1.541833839146112,0.4799801460385496,0.43055174213793557,1.3809844444742325,2.0642372168998637,0.8115
985,row_diagonal_dominant_random:2976d44433ad1387,row_diagonal_dominant_random,91,0.05,float64,R2_C2,R0_C1,2000,2000,3.3047336590735057,4.995120224760299,5.643131118420039,1.280542092298682,1.833298317209313,2.0212413056071044,0.996838110523758,1.3933100106888285,1.5274838125556625,0.45274774564693787,0.40319555729888934,1.3911901071987274,2.063057626640904,0.8
985,row_diagonal_dominant_random:2976d44433ad1387,row_diagonal_dominant_random,91,0.05,float64,R0_C0,R0_C1,2000,2000,1.0,1.0,1.0,1.0,1.0,1.0,1.0,1.0,1.0,nan,nan,0.0,0.0,0.0
986,row_diagonal_dominant_random:8a85d76f30eb75a6,row_diagonal_dominant_random,91,0.02,float32,R1_C1,R0_C1,2000,2000,3.5671499483449494,5.448208553430226,6.048001967403906,1.307534181372631,1.8469647000001366,2.049428758432853,0.9973035061156806,1.3715225824277286,1.5024352809845134,0.5335814821018086,0.497490323872581,1.4945938608821419,2.1020838981793246,0.8755
986,row_diagonal_dominant_random:8a85d76f30eb75a6,row_diagonal_dominant_random,91,0.02,float32,R2_C2,R0_C1,2000,2000,3.60273805854881,5.440894975162622,6.3159728902639705,1.2862965342642267,1.875683407813196,2.0807441232602866,0.9962773173108265,1.3826774737687457,1.5063431426275888,0.5673308006644363,0.5297344669336167,1.496364873279925,2.101458434160285,0.891
986,row_diagonal_dominant_random:8a85d76f30eb75a6,row_diagonal_dominant_random,91,0.02,float32,R0_C0,R0_C1,2000,2000,1.0,1.0,1.0,1.0,1.0,1.0,1.0,1.0,1.0,nan,nan,0.0,0.0,0.0
986,row_diagonal_dominant_random:8a85d76f30eb75a6,row_diagonal_dominant_random,91,0.02,float64,R1_C1,R0_C1,2000,2000,3.30550223832666,4.95297217509619,5.5814041113711514,1.3143002630158394,1.8559822620362574,2.079185035995883,1.0004854098795017,1.3852671755195245,1.513100532071383,0.5054085730762315,0.4578695284673821,1.3464154583504202,2.0017033741708974,0.8025
986,row_diagonal_dominant_random:8a85d76f30eb75a6,row_diagonal_dominant_random,91,0.02,float64,R2_C2,R0_C1,2000,2000,3.366131401467865,5.070943675805501,5.727022964258248,1.32926563671201,1.9047971489332294,2.1436473183039326,0.9994685174511283,1.371013745879941,1.5116138834143935,0.5127038493923863,0.4636964329241082,1.3499751285339943,1.9841677410501826,0.802
986,row_diagonal_dominant_random:8a85d76f30eb75a6,row_diagonal_dominant_random,91,0.02,float64,R0_C0,R0_C1,2000,2000,1.0,1.0,1.0,1.0,1.0,1.0,1.0,1.0,1.0,nan,nan,0.0,0.0,0.0
987,row_diagonal_dominant_random:3cf57fa76b9a551c,row_diagonal_dominant_random,91,0.01,float32,R1_C1,R0_C1,2000,2000,3.589486198829594,5.456273396722909,6.050938475318023,1.2933444051724514,1.845061387282891,2.1181284762435078,1.0021667098463647,1.3791865280720996,1.4917942310489027,0.5700158715507301,0.5373809378452344,1.4921119137116188,2.0935352940127117,0.8975
987,row_diagonal_dominant_random:3cf57fa76b9a551c,row_diagonal_dominant_random,91,0.01,float32,R2_C2,R0_C1,2000,2000,3.6434479298262206,5.6372394570272615,6.1994441852836575,1.3133459078689937,1.8879106285991434,2.1227830008458626,0.9899411001994163,1.373834828406643,1.5087740029345797,0.5938397603182873,0.5634810598702649,1.506893098010584,2.077566806511151,0.889
987,row_diagonal_dominant_random:3cf57fa76b9a551c,row_diagonal_dominant_random,91,0.01,float32,R0_C0,R0_C1,2000,2000,1.0,1.0,1.0,1.0,1.0,1.0,1.0,1.0,1.0,nan,nan,0.0,0.0,0.0
987,row_diagonal_dominant_random:3cf57fa76b9a551c,row_diagonal_dominant_random,91,0.01,float64,R1_C1,R0_C1,2000,2000,3.372319225627969,5.116633604587199,5.770692201368432,1.3559350035177793,1.9644493330805963,2.18214169122825,1.0004004877333554,1.4000107508812165,1.5568509202523082,0.524321482357309,0.491296571824143,1.3261389147714864,1.9754654285154003,0.772
987,row_diagonal_dominant_random:3cf57fa76b9a551c,row_diagonal_dominant_random,91,0.01,float64,R2_C2,R0_C1,2000,2000,3.3509121090923477,5.004425443534091,5.721316222731945,1.3566857428117594,1.9389370627701725,2.131479029199415,1.0019225510653171,1.4116564311824091,1.5638960786848104,0.5113749372779901,0.47725476531369126,1.3103420801013286,1.9954306596197784,0.78
987,row_diagonal_dominant_random:3cf57fa76b9a551c,row_diagonal_dominant_random,91,0.01,float64,R0_C0,R0_C1,2000,2000,1.0,1.0,1.0,1.0,1.0,1.0,1.0,1.0,1.0,nan,nan,0.0,0.0,0.0
988,row_diagonal_dominant_random:4cbd4f5958f010f8,row_diagonal_dominant_random,91,0.005,float32,R1_C1,R0_C1,2000,2000,3.586427497946145,5.420480822435099,6.171381287283696,1.3163702072175525,1.8678578997213922,2.121219300132993,0.9924786411102066,1.3740314830420912,1.5061630284200824,0.5570903490430815,0.5299035649758912,1.4737472185944034,2.093046041639449,0.88
988,row_diagonal_dominant_random:4cbd4f5958f010f8,row_diagonal_dominant_random,91,0.005,float32,R2_C2,R0_C1,2000,2000,3.647879187223241,5.460231728149686,6.0791216057263116,1.317001873054496,1.905017003711672,2.100878184342455,0.9962895626937684,1.393322352955447,1.5200960440737918,0.5575090292202497,0.539423267855817,1.4847477352995848,2.100490642595432,0.8785
988,row_diagonal_dominant_random:4cbd4f5958f010f8,row_diagonal_dominant_random,91,0.005,float32,R0_C0,R0_C1,2000,2000,1.0,1.0,1.0,1.0,1.0,1.0,1.0,1.0,1.0,nan,nan,0.0,0.0,0.0
988,row_diagonal_dominant_random:4cbd4f5958f010f8,row_diagonal_dominant_random,91,0.005,float64,R1_C1,R0_C1,2000,2000,3.3107483600215515,5.017125935603332,5.576389530434076,1.35242538303082,1.9077224416552219,2.140606521797017,0.9976619448874569,1.4012665576444134,1.5431497166312493,0.5065352040468754,0.4729664667416167,1.2925501860023567,1.9815535037574217,0.777
988,row_diagonal_dominant_random:4cbd4f5958f010f8,row_diagonal_dominant_random,91,0.005,float64,R2_C2,R0_C1,2000,2000,3.2786554128084697,5.041269306610184,5.626652500733867,1.3487411745873912,1.9469858503778357,2.143662063826459,0.9950550803557732,1.381494939615788,1.5011475610246727,0.5081633640601446,0.4702793585698396,1.3072525931702534,1.9566384629960591,0.7635
988,row_diagonal_dominant_random:4cbd4f5958f010f8,row_diagonal_dominant_random,91,0.005,float64,R0_C0,R0_C1,2000,2000,1.0,1.0,1.0,1.0,1.0,1.0,1.0,1.0,1.0,nan,nan,0.0,0.0,0.0
989,row_diagonal_dominant_random:9493eb0855127051,row_diagonal_dominant_random,91,0.002,float32,R1_C1,R0_C1,2000,2000,3.2273627798785007,4.816016957515781,5.4595561626705935,1.0921948105327361,1.6055602165730267,1.790434973693057,0.8625854448926478,1.246050853760166,1.3759209336898142,0.4172665733033926,0.3797158099289525,1.5812369066139773,2.3956818673121156,0.9
989,row_diagonal_dominant_random:9493eb0855127051,row_diagonal_dominant_random,91,0.002,float32,R2_C2,R0_C1,2000,2000,3.263161692926074,4.949899367254142,5.638137312727541,1.1083182743798208,1.618921511352302,1.8172254572237494,0.8641170543024688,1.2387415544877576,1.3739774919119747,0.45368598881769245,0.4143618165904541,1.5954479230364433,2.3443856312332554,0.907
989,row_diagonal_dominant_random:9493eb0855127051,row_diagonal_dominant_random,91,0.002,float32,R0_C0,R0_C1,2000,2000,1.0,1.0,1.0,1.0,1.0,1.0,1.0,1.0,1.0,nan,nan,0.0,0.0,0.0
989,row_diagonal_dominant_random:9493eb0855127051,row_diagonal_dominant_random,91,0.002,float64,R1_C1,R0_C1,2000,2000,3.0464235363616323,4.456218592406771,5.030427738174171,1.1279803394169328,1.6319258494609,1.824024294295018,0.8560315154195952,1.2286510068790353,1.38425789504923,0.34323397171510117,0.30646918361729586,1.4456816460705566,2.218681943825362,0.826
989,row_diagonal_dominant_random:9493eb0855127051,row_diagonal_dominant_random,91,0.002,float64,R2_C2,R0_C1,2000,2000,3.088735570849612,4.678268269471517,5.282938331164985,1.156490536132889,1.6502033471481017,1.8325387285854482,0.869866088998492,1.2484336761263441,1.3785363249279863,0.3947460054619568,0.36792811848202955,1.4433849505551484,2.2498914048242007,0.834
989,row_diagonal_dominant_random:9493eb0855127051,row_diagonal_dominant_random,91,0.002,float64,R0_C0,R0_C1,2000,2000,1.0,1.0,1.0,1.0,1.0,1.0,1.0,1.0,1.0,nan,nan,0.0,0.0,0.0
990,row_diagonal_dominant_random:c93186b88112adec,row_diagonal_dominant_random,91,0.001,float32,R1_C1,R0_C1,2000,2000,2.8637233572106577,4.2747574354546405,4.868950596292257,0.8922258480879642,1.309967955407815,1.4677013461114177,0.7339084856716467,1.0765926816461908,1.215427799962323,0.29239786489626945,0.24473646718411676,1.7345971032304028,2.5190582620079676,0.919
990,row_diagonal_dominant_random:c93186b88112adec,row_diagonal_dominant_random,91,0.001,float32,R2_C2,R0_C1,2000,2000,2.91730461284215,4.538775356052149,5.159239146313492,0.9250751420523617,1.365336720624324,1.5307080858287248,0.7656257381579468,1.1333586777120495,1.2781298614238947,0.28729200766954743,0.24086755671688914,1.7063445409499405,2.55940997745514,0.913
990,row_diagonal_dominant_random:c93186b88112adec,row_diagonal_dominant_random,91,0.001,float32,R0_C0,R0_C1,2000,2000,1.0,1.0,1.0,1.0,1.0,1.0,1.0,1.0,1.0,nan,nan,0.0,0.0,0.0
990,row_diagonal_dominant_random:c93186b88112adec,row_diagonal_dominant_random,91,0.001,float64,R1_C1,R0_C1,2000,2000,2.759761228507246,4.024066168930184,4.503053751886698,0.938094347046912,1.361189837692244,1.5211321169292804,0.7311893301021329,1.0683231146757786,1.1770602575336298,0.3200524779557693,0.2797107114276779,1.5730757706666758,2.3803743674960454,0.886
990,row_diagonal_dominant_random:c93186b88112adec,row_diagonal_dominant_random,91,0.001,float64,R2_C2,R0_C1,2000,2000,2.8529503366629716,4.257883089195862,4.924637841327107,0.9602031142987314,1.4131024469635198,1.5576631879290124,0.7674833085754116,1.146308919433756,1.257007649268308,0.2876115882713621,0.2647914556978639,1.5981492636270433,2.426851546698454,0.8815
990,row_diagonal_dominant_random:c93186b88112adec,row_diagonal_dominant_random,91,0.001,float64,R0_C0,R0_C1,2000,2000,1.0,1.0,1.0,1.0,1.0,1.0,1.0,1.0,1.0,nan,nan,0.0,0.0,0.0
1011,row_diagonal_dominant_stochastic:021519ee0a19df7c,row_diagonal_dominant_stochastic,91,0.5,float32,R1_C1,R0_C1,2000,2000,2.967928742081547,4.4866969867645246,4.983305245634614,1.0424026567110924,1.4356563869029946,1.5739501831139475,1.0108247511096478,1.404537518212002,1.5563200364953433,0.026888920645206933,0.024748815187203795,1.5320486457178437,2.4762933506047378,0.8255
1011,row_diagonal_dominant_stochastic:021519ee0a19df7c,row_diagonal_dominant_stochastic,91,0.5,float32,R2_C2,R0_C1,2000,2000,2.9775255149982893,4.467533550232758,5.104846885668916,1.0369170615780714,1.4343432279270525,1.5422339801312068,1.01222104377856,1.3971462902140717,1.524112944941403,0.03949529801854125,0.03532937683234421,1.547910477802792,2.4407732573933085,0.832
1011,row_diagonal_dominant_stochastic:021519ee0a19df7c,row_diagonal_dominant_stochastic,91,0.5,float32,R0_C0,R0_C1,2000,2000,1.0,1.0,1.0,1.0,1.0,1.0,1.0,1.0,1.0,nan,nan,0.0,0.0,0.0
1011,row_diagonal_dominant_stochastic:021519ee0a19df7c,row_diagonal_dominant_stochastic,91,0.5,float64,R1_C1,R0_C1,2000,2000,2.8401593365830253,4.276033170358734,4.861710057210907,1.0418980809396334,1.4205511607144086,1.5332234745791726,0.9932116641392181,1.3942157997085478,1.5126431922525332,0.03933390428908043,0.030294544573636145,1.4756377796010043,2.3714774735546027,0.797
1011,row_diagonal_dominant_stochastic:021519ee0a19df7c,row_diagonal_dominant_stochastic,91,0.5,float64,R2_C2,R0_C1,2000,2000,2.8808239770877746,4.277443134238454,4.755732981753288,1.0394948205431425,1.430977620932108,1.545438537977862,0.9967532844295439,1.3984849862330435,1.544897910637302,0.06166567877748134,0.04234886708721677,1.4859130419502913,2.3763839294798417,0.823
1011,row_diagonal_dominant_stochastic:021519ee0a19df7c,row_diagonal_dominant_stochastic,91,0.5,float64,R0_C0,R0_C1,2000,2000,1.0,1.0,1.0,1.0,1.0,1.0,1.0,1.0,1.0,nan,nan,0.0,0.0,0.0
1012,row_diagonal_dominant_stochastic:de30837b1853aaf8,row_diagonal_dominant_stochastic,91,0.3,float32,R1_C1,R0_C1,2000,2000,3.197590667968973,4.809184464028659,5.384354731285566,1.085158665444591,1.4928288898879523,1.6564967513443867,1.0070924105241799,1.4082528798080418,1.5497894993193497,0.20290000142016265,0.1760461565115391,1.5986650434516103,2.3557207077636737,0.8745
1012,row_diagonal_dominant_stochastic:de30837b1853aaf8,row_diagonal_dominant_stochastic,91,0.3,float32,R2_C2,R0_C1,2000,2000,3.248268519274574,4.8522957541123315,5.477669946097198,1.0850920542895746,1.50163302304151,1.638644099823317,1.0084066743488398,1.3966412743794558,1.5452398335845765,0.2054960322284868,0.17540547785136948,1.6211046088610463,2.3858335813632,0.882
1012,row_diagonal_dominant_stochastic:de30837b1853aaf8,row_diagonal_dominant_stochastic,91,0.3,float32,R0_C0,R0_C1,2000,2000,1.0,1.0,1.0,1.0,1.0,1.0,1.0,1.0,1.0,nan,nan,0.0,0.0,0.0
1012,row_diagonal_dominant_stochastic:de30837b1853aaf8,row_diagonal_dominant_stochastic,91,0.3,float64,R1_C1,R0_C1,2000,2000,3.0329560019169994,4.512561080051289,5.092406156860412,1.1000599005963232,1.502251817114181,1.6348511716787264,0.9938650759272174,1.3933093997116224,1.5222242761229208,0.17980714688901325,0.15092051573012893,1.5073432108670368,2.288185497501013,0.8355
1012,row_diagonal_dominant_stochastic:de30837b1853aaf8,row_diagonal_dominant_stochastic,91,0.3,float64,R2_C2,R0_C1,2000,2000,3.0596245546201657,4.439909922420729,4.983493179059795,1.0906674758070358,1.5160336514406973,1.658769942574911,1.004597797020399,1.394123725535839,1.5198800039985128,0.1848936413312689,0.14587636696909176,1.505256731328641,2.2772129251104696,0.849
1012,row_diagonal_dominant_stochastic:de30837b1853aaf8,row_diagonal_dominant_stochastic,91,0.3,float64,R0_C0,R0_C1,2000,2000,1.0,1.0,1.0,1.0,1.0,1.0,1.0,1.0,1.0,nan,nan,0.0,0.0,0.0
1013,row_diagonal_dominant_stochastic:85d04ae4513fe85f,row_diagonal_dominant_stochastic,91,0.2,float32,R1_C1,R0_C1,2000,2000,2.990999963007729,4.258401001059153,4.748460508946289,1.1474077863334915,1.5619645312875028,1.726430693177488,1.002411265267925,1.388161643509034,1.5095860413733908,0.3431019136872221,0.30457422264355566,1.4319685942096072,2.0697448330883312,0.8385
1013,row_diagonal_dominant_stochastic:85d04ae4513fe85f,row_diagonal_dominant_stochastic,91,0.2,float32,R2_C2,R0_C1,2000,2000,3.0241850949322653,4.28725582768618,4.835297647329042,1.1611362546138035,1.577028364352638,1.734418694451666,0.9885092783461025,1.3979515211684599,1.51612465142206,0.3530498123699104,0.31250616012654,1.4308733279410566,2.0746798002477007,0.858
1013,row_diagonal_dominant_stochastic:85d04ae4513fe85f,row_diagonal_dominant_stochastic,91,0.2,float32,R0_C0,R0_C1,2000,2000,1.0,1.0,1.0,1.0,1.0,1.0,1.0,1.0,1.0,nan,nan,0.0,0.0,0.0
1013,row_diagonal_dominant_stochastic:85d04ae4513fe85f,row_diagonal_dominant_stochastic,91,0.2,float64,R1_C1,R0_C1,2000,2000,2.927148500791184,4.114194708423105,4.610748280218599,1.1723782177324107,1.62487346930004,1.7742998139274868,1.0141860233377622,1.3952144050082815,1.5311110090119475,0.35066444607440467,0.30827162306790573,1.3451831809795016,1.9799275117556239,0.8085
1013,row_diagonal_dominant_stochastic:85d04ae4513fe85f,row_diagonal_dominant_stochastic,91,0.2,float64,R2_C2,R0_C1,2000,2000,2.9508026364910096,4.128317871410912,4.557654209875349,1.1942727253348562,1.6485281896116273,1.8420990182761352,1.0057481066172498,1.4012676216571611,1.5265682219275827,0.3436719862992117,0.30530684832671207,1.3371815050384632,1.9780299736731295,0.784
1013,row_diagonal_dominant_stochastic:85d04ae4513fe85f,row_diagonal_dominant_stochastic,91,0.2,float64,R0_C0,R0_C1,2000,2000,1.0,1.0,1.0,1.0,1.0,1.0,1.0,1.0,1.0,nan,nan,0.0,0.0,0.0
1014,row_diagonal_dominant_stochastic:0f7feef7c7880b20,row_diagonal_dominant_stochastic,91,0.1,float32,R1_C1,R0_C1,2000,2000,2.6446824675860796,3.2963942286636865,3.487092366311063,1.6665342999913837,2.1529728596024666,2.2865894389956862,1.0016000566561025,1.3715253404563972,1.4860523801084358,0.5635265692844647,0.5398944929736232,0.6639719798236202,1.1618065190334075,0.1195
1014,row_diagonal_dominant_stochastic:0f7feef7c7880b20,row_diagonal_dominant_stochastic,91,0.1,float32,R2_C2,R0_C1,2000,2000,2.655916254971274,3.3600361808454453,3.61397239725785,1.68082509707196,2.1693852178903232,2.361137895963746,1.0037193951622905,1.3595563412019822,1.4891464833625454,0.5878384925972422,0.5659721269930317,0.6674637327875522,1.117956057776293,0.1165
1014,row_diagonal_dominant_stochastic:0f7feef7c7880b20,row_diagonal_dominant_stochastic,91,0.1,float32,R0_C0,R0_C1,2000,2000,1.0,1.0,1.0,1.0,1.0,1.0,1.0,1.0,1.0,nan,nan,0.0,0.0,0.0
1014,row_diagonal_dominant_stochastic:0f7feef7c7880b20,row_diagonal_dominant_stochastic,91,0.1,float64,R1_C1,R0_C1,2000,2000,2.708946694556956,3.3399072600134874,3.580453129461745,1.769742262183816,2.271137911242342,2.434376075841392,0.9974124121351271,1.3685108435392155,1.487480655823507,0.5104660005944683,0.4792035478008869,0.6120429907967054,1.105024012363214,0.0935
1014,row_diagonal_dominant_stochastic:0f7feef7c7880b20,row_diagonal_dominant_stochastic,91,0.1,float64,R2_C2,R0_C1,2000,2000,2.721628580878879,3.3657624154649324,3.5674437770806673,1.7868732411944288,2.2779003511442037,2.422278260098189,0.9965626462381006,1.3785094228047965,1.5071718235804448,0.4963502984135102,0.4764857781214445,0.6043849834128519,1.1087781226339106,0.095
1014,row_diagonal_dominant_stochastic:0f7feef7c7880b20,row_diagonal_dominant_stochastic,91,0.1,float64,R0_C0,R0_C1,2000,2000,1.0,1.0,1.0,1.0,1.0,1.0,1.0,1.0,1.0,nan,nan,0.0,0.0,0.0
1015,row_diagonal_dominant_stochastic:0530909e2322226a,row_diagonal_dominant_stochastic,91,0.05,float32,R1_C1,R0_C1,2000,2000,2.4644993274475,2.9411098642288804,3.1000718695917184,2.041445798638332,2.456365545883135,2.637826180511435,0.9794543377026876,1.2888571821615409,1.382725758503645,0.7860620371443883,0.7893201173300293,0.269615011521186,0.46166681902318984,0.0
1015,row_diagonal_dominant_stochastic:0530909e2322226a,row_diagonal_dominant_stochastic,91,0.05,float32,R2_C2,R0_C1,2000,2000,2.474982179898926,2.972486416215638,3.133224509604803,2.056923797886264,2.5134161142809073,2.658603678376827,0.9822304796757517,1.2966602328630978,1.4025526483539275,0.7872845330078901,0.7817325064331266,0.2682432503969015,0.45817545943207877,0.0
1015,row_diagonal_dominant_stochastic:0530909e2322226a,row_diagonal_dominant_stochastic,91,0.05,float32,R0_C0,R0_C1,2000,2000,1.0,1.0,1.0,1.0,1.0,1.0,1.0,1.0,1.0,nan,nan,0.0,0.0,0.0
1015,row_diagonal_dominant_stochastic:0530909e2322226a,row_diagonal_dominant_stochastic,91,0.05,float64,R1_C1,R0_C1,2000,2000,2.539325402644634,3.0486434603303976,3.2201258143385703,2.1270309725514087,2.565527151960754,2.725021586578315,0.9842178257248604,1.2858018357777758,1.3815916598569453,0.7968986456564607,0.7979846924961731,0.24833869249628399,0.44257336975918854,0.0
1015,row_diagonal_dominant_stochastic:0530909e2322226a,row_diagonal_dominant_stochastic,91,0.05,float64,R2_C2,R0_C1,2000,2000,2.5476661384885064,3.078566652844451,3.2837605633112257,2.1408156063640718,2.59303769015372,2.731753387272798,0.9762673644449394,1.2890958774236294,1.3945047325141078,0.7975245210906309,0.805390507847627,0.24942672812862332,0.4499017090148253,0.0
1015,row_diagonal_dominant_stochastic:0530909e2322226a,row_diagonal_dominant_stochastic,91,0.05,float64,R0_C0,R0_C1,2000,2000,1.0,1.0,1.0,1.0,1.0,1.0,1.0,1.0,1.0,nan,nan,0.0,0.0,0.0
1016,row_diagonal_dominant_stochastic:f5393029996d2c29,row_diagonal_dominant_stochastic,91,0.02,float32,R1_C1,R0_C1,2000,2000,2.2155659426182717,2.5952943974727396,2.7285589787763582,1.8626532538390002,2.170716017275312,2.2603847949808373,1.0311668553167157,1.2037216677023943,1.269520408993558,0.8109792014212833,0.8023743010935751,0.25257340897853764,0.4263079323844723,0.0
1016,row_diagonal_dominant_stochastic:f5393029996d2c29,row_diagonal_dominant_stochastic,91,0.02,float32,R2_C2,R0_C1,2000,2000,2.2370405342647857,2.6299647872441856,2.7719528720455653,1.880109165655523,2.1934497829560726,2.3101230303763787,1.0312245975167518,1.2135465672808492,1.2703173243598085,0.8201911145103746,0.8016510819127703,0.25895721508612646,0.4313741019937438,0.0
1016,row_diagonal_dominant_stochastic:f5393029996d2c29,row_diagonal_dominant_stochastic,91,0.02,float32,R0_C0,R0_C1,2000,2000,1.0,1.0,1.0,1.0,1.0,1.0,1.0,1.0,1.0,nan,nan,0.0,0.0,0.0
1016,row_diagonal_dominant_stochastic:f5393029996d2c29,row_diagonal_dominant_stochastic,91,0.02,float64,R1_C1,R0_C1,2000,2000,2.298942772717986,2.748963755801882,2.889442418930858,1.9441359111781216,2.2749847657568414,2.383589161633051,1.0295136986290259,1.1943393368406492,1.255434105210946,0.8528689303648043,0.8432336903084225,0.2450734037193676,0.41352187480845076,0.0
1016,row_diagonal_dominant_stochastic:f5393029996d2c29,row_diagonal_dominant_stochastic,91,0.02,float64,R2_C2,R0_C1,2000,2000,2.3284636471364406,2.7641116722259276,2.8908073682770525,1.9761162447351583,2.2929728545689647,2.4005043986060923,1.025687623431374,1.1858359821278877,1.2451926402383182,0.8458304260321482,0.8330704137676035,0.24329165470658898,0.41100592853183543,0.0
1016,row_diagonal_dominant_stochastic:f5393029996d2c29,row_diagonal_dominant_stochastic,91,0.02,float64,R0_C0,R0_C1,2000,2000,1.0,1.0,1.0,1.0,1.0,1.0,1.0,1.0,1.0,nan,nan,0.0,0.0,0.0
1017,row_diagonal_dominant_stochastic:0d717c35c3b2f62d,row_diagonal_dominant_stochastic,91,0.01,float32,R1_C1,R0_C1,2000,2000,2.118875845438372,2.477120895386574,2.5960023115490034,1.7193464731391372,2.0061667351246864,2.1027159598885268,1.0220656494033773,1.1743876056403162,1.2267208072710905,0.7549274620209121,0.7337059369264841,0.3008357431366991,0.4995161037221444,0.0
1017,row_diagonal_dominant_stochastic:0d717c35c3b2f62d,row_diagonal_dominant_stochastic,91,0.01,float32,R2_C2,R0_C1,2000,2000,2.1425682848972007,2.493902026096318,2.5853592564476062,1.737440517944688,2.0191775475908815,2.1029318676015682,1.0124653728873025,1.175419112217082,1.2246143545009311,0.7479376179749732,0.7292651873162969,0.30680083917839407,0.5000549879617807,0.0
1017,row_diagonal_dominant_stochastic:0d717c35c3b2f62d,row_diagonal_dominant_stochastic,91,0.01,float32,R0_C0,R0_C1,2000,2000,1.0,1.0,1.0,1.0,1.0,1.0,1.0,1.0,1.0,nan,nan,0.0,0.0,0.0
1017,row_diagonal_dominant_stochastic:0d717c35c3b2f62d,row_diagonal_dominant_stochastic,91,0.01,float64,R1_C1,R0_C1,2000,2000,2.1433005056568,2.5555860443317644,2.683511713622798,1.7699320600206356,2.0783443223217395,2.1696015277755243,1.024217907642306,1.177101505436049,1.2221861791063375,0.8061270650383342,0.7952223008055751,0.27620312197927366,0.46781125921566613,0.0
1017,row_diagonal_dominant_stochastic:0d717c35c3b2f62d,row_diagonal_dominant_stochastic,91,0.01,float64,R2_C2,R0_C1,2000,2000,2.1634242211188406,2.5675046603666543,2.7122693765219856,1.7873343667194546,2.0858990088066474,2.1878426640794877,1.022700792700027,1.1730904982928316,1.220320982144486,0.8027183158595281,0.7899720414930104,0.2815604749673991,0.47651006478834695,0.0
1017,row_diagonal_dominant_stochastic:0d717c35c3b2f62d,row_diagonal_dominant_stochastic,91,0.01,float64,R0_C0,R0_C1,2000,2000,1.0,1.0,1.0,1.0,1.0,1.0,1.0,1.0,1.0,nan,nan,0.0,0.0,0.0
1018,row_diagonal_dominant_stochastic:6bb9c9b7e1526958,row_diagonal_dominant_stochastic,91,0.005,float32,R1_C1,R0_C1,2000,2000,2.014004143449486,2.360905646373395,2.4783560969572394,1.5718043368269,1.8380871980188338,1.9247852177103113,1.0258152724671965,1.185240270304285,1.2342876450683349,0.7035778215350468,0.6834753703688425,0.3577305385267807,0.5756388268348667,0.0
1018,row_diagonal_dominant_stochastic:6bb9c9b7e1526958,row_diagonal_dominant_stochastic,91,0.005,float32,R2_C2,R0_C1,2000,2000,2.032734343701094,2.3736385616154636,2.4987334069546607,1.5917363552260948,1.8298883198802343,1.9082609262436445,1.0261062963698326,1.1741974770182428,1.226733096029002,0.6805984192728701,0.6733014948253737,0.35724427219708477,0.5739933048268046,0.0
1018,row_diagonal_dominant_stochastic:6bb9c9b7e1526958,row_diagonal_dominant_stochastic,91,0.005,float32,R0_C0,R0_C1,2000,2000,1.0,1.0,1.0,1.0,1.0,1.0,1.0,1.0,1.0,nan,nan,0.0,0.0,0.0
1018,row_diagonal_dominant_stochastic:6bb9c9b7e1526958,row_diagonal_dominant_stochastic,91,0.005,float64,R1_C1,R0_C1,2000,2000,1.9877570055731446,2.367363288898402,2.492826421746857,1.5933391477683045,1.8553465548987962,1.9300978396569786,1.0258490470419415,1.1793657338106347,1.2321005599618535,0.739986523804924,0.7287119016779754,0.3165761967688662,0.5396499337644363,0.0
1018,row_diagonal_dominant_stochastic:6bb9c9b7e1526958,row_diagonal_dominant_stochastic,91,0.005,float64,R2_C2,R0_C1,2000,2000,2.0006660235494476,2.369379844287926,2.494214332093523,1.6054450364455433,1.8709215891730933,1.948786283428171,1.0230148809406272,1.1820159390969514,1.2267223045376765,0.7427468117070768,0.7293674993418748,0.3254945324696789,0.5338399975045865,0.0
1018,row_diagonal_dominant_stochastic:6bb9c9b7e1526958,row_diagonal_dominant_stochastic,91,0.005,float64,R0_C0,R0_C1,2000,2000,1.0,1.0,1.0,1.0,1.0,1.0,1.0,1.0,1.0,nan,nan,0.0,0.0,0.0
1019,row_diagonal_dominant_stochastic:103e29b8022442fa,row_diagonal_dominant_stochastic,91,0.002,float32,R1_C1,R0_C1,2000,2000,1.906398382240174,2.2318588095647534,2.3298387770712257,1.4356815156157277,1.6653660924864255,1.7356452402639615,1.0038778871387573,1.1546628069968723,1.2033761475926896,0.6496763451728353,0.6205372131343032,0.39930895220312557,0.6474707949677974,0.0
1019,row_diagonal_dominant_stochastic:103e29b8022442fa,row_diagonal_dominant_stochastic,91,0.002,float32,R2_C2,R0_C1,2000,2000,1.9102111211130453,2.26298673486788,2.3948081568742654,1.447630131942879,1.6816054106403346,1.7564130204403936,1.0067185906795348,1.1527876461439652,1.2029269994112926,0.6678002133091867,0.6468181992045497,0.39842667200237664,0.6426785419159744,0.0
1019,row_diagonal_dominant_stochastic:103e29b8022442fa,row_diagonal_dominant_stochastic,91,0.002,float32,R0_C0,R0_C1,2000,2000,1.0,1.0,1.0,1.0,1.0,1.0,1.0,1.0,1.0,nan,nan,0.0,0.0,0.0
1019,row_diagonal_dominant_stochastic:103e29b8022442fa,row_diagonal_dominant_stochastic,91,0.002,float64,R1_C1,R0_C1,2000,2000,1.8264672641760495,2.2006652715668684,2.3189501281552296,1.436424422214447,1.6707557279609293,1.7352085314508576,1.0042187595269119,1.151075155919397,1.1997522488700947,0.6911148472352231,0.6786954346738586,0.34830185240163836,0.5962288764505701,0.0
1019,row_diagonal_dominant_stochastic:103e29b8022442fa,row_diagonal_dominant_stochastic,91,0.002,float64,R2_C2,R0_C1,2000,2000,1.8449094209120198,2.2489539284427797,2.3469581652675937,1.4456610643725971,1.69164070565928,1.7685049560572754,1.0013367126928707,1.1435072523031193,1.1889200819222951,0.7028416169508924,0.6983431115857779,0.3512594939376818,0.6090912473547179,0.0
1019,row_diagonal_dominant_stochastic:103e29b8022442fa,row_diagonal_dominant_stochastic,91,0.002,float64,R0_C0,R0_C1,2000,2000,1.0,1.0,1.0,1.0,1.0,1.0,1.0,1.0,1.0,nan,nan,0.0,0.0,0.0
1020,row_diagonal_dominant_stochastic:3f149f338e70104c,row_diagonal_dominant_stochastic,91,0.001,float32,R1_C1,R0_C1,2000,2000,1.8950101824358927,2.2595646405683323,2.374505556988643,1.3943907326005263,1.616452674207324,1.684203341804609,0.9933319232030511,1.1508554223732688,1.1959769867499945,0.6371580585672517,0.6165818126454532,0.44544983426953033,0.7061204669340065,0.0
1020,row_diagonal_dominant_stochastic:3f149f338e70104c,row_diagonal_dominant_stochastic,91,0.001,float32,R2_C2,R0_C1,2000,2000,1.9125504664143596,2.29495347058068,2.397915111341763,1.4004304070577778,1.6339166096099336,1.7009131153427424,0.9923262039352989,1.141228188914342,1.185601056351446,0.6327033082639237,0.6151627117906779,0.44629364282364414,0.7141595818498748,0.0
1020,row_diagonal_dominant_stochastic:3f149f338e70104c,row_diagonal_dominant_stochastic,91,0.001,float32,R0_C0,R0_C1,2000,2000,1.0,1.0,1.0,1.0,1.0,1.0,1.0,1.0,1.0,nan,nan,0.0,0.0,0.0
1020,row_diagonal_dominant_stochastic:3f149f338e70104c,row_diagonal_dominant_stochastic,91,0.001,float64,R1_C1,R0_C1,2000,2000,1.7506525135389324,2.1567066129858534,2.2970332446154673,1.3704386075338195,1.6043584017619446,1.6670135638743808,0.9942960247663505,1.147975753319407,1.1980978943609404,0.6940955843546227,0.6816135654033914,0.35725785348445616,0.6239677852085699,0.0
1020,row_diagonal_dominant_stochastic:3f149f338e70104c,row_diagonal_dominant_stochastic,91,0.001,float64,R2_C2,R0_C1,2000,2000,1.7720697368359815,2.142193115634237,2.2827756659335687,1.3817723033997598,1.5988187695739888,1.676817030652763,0.9932237522878828,1.1446583589780888,1.1954035822752536,0.689186583026752,0.6718123889530971,0.3659887370785702,0.6357207205081978,0.0
1020,row_diagonal_dominant_stochastic:3f149f338e70104c,row_diagonal_dominant_stochastic,91,0.001,float64,R0_C0,R0_C1,2000,2000,1.0,1.0,1.0,1.0,1.0,1.0,1.0,1.0,1.0,nan,nan,0.0,0.0,0.0
1110,row_diagonal_dominant_random:93e6f52ebdb3ac55,row_diagonal_dominant_random,128,0.5,float32,R1_C1,R0_C1,2000,2000,2.3028305991191815,2.992799629022921,3.2114603058414652,1.025112153392426,1.4076208546521436,1.5184366557278652,0.9983841197776484,1.3621941093527792,1.4846378960543525,-0.014774424990201877,-0.017306357826589455,1.178392640074792,1.9098459461479442,0.649
1110,row_diagonal_dominant_random:93e6f52ebdb3ac55,row_diagonal_dominant_random,128,0.5,float32,R2_C2,R0_C1,2000,2000,2.3286038694522535,2.982016708659938,3.1959298489892567,1.020231504237398,1.375791173031518,1.4818530492026825,0.9963150916132382,1.3447054743441242,1.463320946771403,-0.030767465444649218,-0.03252934113233528,1.1811557461126378,1.9311834234257328,0.654
1110,row_diagonal_dominant_random:93e6f52ebdb3ac55,row_diagonal_dominant_random,128,0.5,float32,R0_C0,R0_C1,2000,2000,1.0,1.0,1.0,1.0,1.0,1.0,1.0,1.0,1.0,nan,nan,0.0,0.0,0.0
1110,row_diagonal_dominant_random:93e6f52ebdb3ac55,row_diagonal_dominant_random,128,0.5,float64,R1_C1,R0_C1,2000,2000,2.6364799141328676,3.5186646446858423,3.8059333481164175,1.0297154726593178,1.4137552602680947,1.5425279947046102,1.0031414759807813,1.3739928592897415,1.5193782400337454,-0.016278000732592206,-0.016222481555620387,1.357457737692408,2.1479772604627496,0.7665
1110,row_diagonal_dominant_random:93e6f52ebdb3ac55,row_diagonal_dominant_random,128,0.5,float64,R2_C2,R0_C1,2000,2000,2.6444599496019903,3.534809527828015,3.8145470308992047,1.0403919376374087,1.3841644983274703,1.515782869227185,1.0100821092269856,1.35419682398374,1.4808921203883256,0.02847254338065789,0.029277955319488833,1.3570348532398693,2.1147093097772593,0.7875
1110,row_diagonal_dominant_random:93e6f52ebdb3ac55,row_diagonal_dominant_random,128,0.5,float64,R0_C0,R0_C1,2000,2000,1.0,1.0,1.0,1.0,1.0,1.0,1.0,1.0,1.0,nan,nan,0.0,0.0,0.0
1111,row_diagonal_dominant_random:03e59f7215597618,row_diagonal_dominant_random,128,0.3,float32,R1_C1,R0_C1,2000,2000,2.5022952370598994,3.199925437231716,3.4600715772789017,1.0561021545540052,1.4123166761800605,1.5353312580709433,1.0142858081956105,1.3717232852191894,1.4824726186870893,0.05450513672904756,0.049486855871713975,1.2613116107505564,1.9669011454288132,0.725
1111,row_diagonal_dominant_random:03e59f7215597618,row_diagonal_dominant_random,128,0.3,float32,R2_C2,R0_C1,2000,2000,2.5075791960527987,3.231575305857851,3.5166770488424812,1.0398538623918876,1.4123813473185214,1.5181112061564843,1.0024306461960104,1.3495953697273435,1.4641352323793686,0.03376195836217921,0.030679531669882916,1.2711645233642068,2.007845557966271,0.7395
1111,row_diagonal_dominant_random:03e59f7215597618,row_diagonal_dominant_random,128,0.3,float32,R0_C0,R0_C1,2000,2000,1.0,1.0,1.0,1.0,1.0,1.0,1.0,1.0,1.0,nan,nan,0.0,0.0,0.0
1111,row_diagonal_dominant_random:03e59f7215597618,row_diagonal_dominant_random,128,0.3,float64,R1_C1,R0_C1,2000,2000,2.8193167579806193,3.788639472341939,4.080112215893561,1.0566264211761789,1.4354367187667856,1.561476399422406,0.9898723612280931,1.3827981461968497,1.5151026497641777,0.04031939723520826,0.04491795072948768,1.4090288381910117,2.1606065462988178,0.8125
1111,row_diagonal_dominant_random:03e59f7215597618,row_diagonal_dominant_random,128,0.3,float64,R2_C2,R0_C1,2000,2000,2.855967554336754,3.754361421837691,4.076394470371998,1.0682207142766005,1.446324777839594,1.5774576596223393,0.9957584305746503,1.367025886635969,1.4965342672432986,0.035695507072603855,0.029127409281852323,1.4337829927687515,2.1585328314349783,0.8155
1111,row_diagonal_dominant_random:03e59f7215597618,row_diagonal_dominant_random,128,0.3,float64,R0_C0,R0_C1,2000,2000,1.0,1.0,1.0,1.0,1.0,1.0,1.0,1.0,1.0,nan,nan,0.0,0.0,0.0
1112,row_diagonal_dominant_random:c6616c01f005a03d,row_diagonal_dominant_random,128,0.2,float32,R1_C1,R0_C1,2000,2000,2.575575195923256,3.3223105262561528,3.556659806332454,1.0601804046295242,1.41244492669488,1.5408118579219552,0.9934427375478361,1.3749208656301575,1.4762063038030528,0.04674728991576701,0.04370746392686598,1.2933360562412282,2.018546624560894,0.7375
1112,row_diagonal_dominant_random:c6616c01f005a03d,row_diagonal_dominant_random,128,0.2,float32,R2_C2,R0_C1,2000,2000,2.5654540180926606,3.3047176647437273,3.5681703843908825,1.0548824658923572,1.4230032219417905,1.5604691611755015,0.9935275602275799,1.3748972287342245,1.522270933344707,0.03154363975121763,0.021223601305900324,1.2917162190962177,1.9946916089167355,0.752
1112,row_diagonal_dominant_random:c6616c01f005a03d,row_diagonal_dominant_random,128,0.2,float32,R0_C0,R0_C1,2000,2000,1.0,1.0,1.0,1.0,1.0,1.0,1.0,1.0,1.0,nan,nan,0.0,0.0,0.0
1112,row_diagonal_dominant_random:c6616c01f005a03d,row_diagonal_dominant_random,128,0.2,float64,R1_C1,R0_C1,2000,2000,2.9037430504483703,3.9087900374699602,4.26595057334769,1.0971995963004717,1.4818689749990446,1.5921773607247334,1.0034918927610277,1.3660854108974425,1.4794542282403247,0.07039725851230799,0.05902852025713006,1.4123352276219587,2.1565486910588856,0.8065
1112,row_diagonal_dominant_random:c6616c01f005a03d,row_diagonal_dominant_random,128,0.2,float64,R2_C2,R0_C1,2000,2000,2.912539387224526,3.9195724903379117,4.281088262288882,1.1018788511984066,1.4832651569141604,1.6136255251682745,0.993852324526243,1.382661699091735,1.4933214100202319,0.05647370593415324,0.048145813536453384,1.4203894590788475,2.173108133223312,0.8215
1112,row_diagonal_dominant_random:c6616c01f005a03d,row_diagonal_dominant_random,128,0.2,float64,R0_C0,R0_C1,2000,2000,1.0,1.0,1.0,1.0,1.0,1.0,1.0,1.0,1.0,nan,nan,0.0,0.0,0.0
1113,row_diagonal_dominant_random:85f3946f6e4679ec,row_diagonal_dominant_random,128,0.1,float32,R1_C1,R0_C1,2000,2000,2.656989723417299,3.3869987565533872,3.6453981438306347,1.0919219266609885,1.4692895292810293,1.5994819757628655,1.0064055008920296,1.366410182264775,1.5019329721547272,0.07221979258718987,0.07520887580221895,1.2959891233460974,1.9790691478208196,0.7545
1113,row_diagonal_dominant_random:85f3946f6e4679ec,row_diagonal_dominant_random,128,0.1,float32,R2_C2,R0_C1,2000,2000,2.668278362500314,3.39482727880483,3.7105422750867088,1.0946338711744845,1.4766153243082965,1.603976898443738,1.0100695372278348,1.3837076174915561,1.4986261792199205,0.04967492849872134,0.03280798570199643,1.2882959046143982,1.997297234610713,0.7445
1113,row_diagonal_dominant_random:85f3946f6e4679ec,row_diagonal_dominant_random,128,0.1,float32,R0_C0,R0_C1,2000,2000,1.0,1.0,1.0,1.0,1.0,1.0,1.0,1.0,1.0,nan,nan,0.0,0.0,0.0
1113,row_diagonal_dominant_random:85f3946f6e4679ec,row_diagonal_dominant_random,128,0.1,float64,R1_C1,R0_C1,2000,2000,2.9548581992350744,3.9574177594005797,4.3422321088006175,1.1403189079393679,1.5605440321595825,1.698583012548307,1.0078206344654954,1.3817940287616375,1.498265070063434,0.07271747378608508,0.07244595461148866,1.3703469835480167,2.1012817162635207,0.8045
1113,row_diagonal_dominant_random:85f3946f6e4679ec,row_diagonal_dominant_random,128,0.1,float64,R2_C2,R0_C1,2000,2000,2.9893208912174805,4.000689637810667,4.345490086459684,1.1444499039492486,1.5248549515908865,1.654546539968234,1.0219371527888224,1.3822543409340016,1.5250902526119765,0.09736835599350438,0.08663064065766016,1.3938537895571481,2.1188119780030417,0.808
1113,row_diagonal_dominant_random:85f3946f6e4679ec,row_diagonal_dominant_random,128,0.1,float64,R0_C0,R0_C1,2000,2000,1.0,1.0,1.0,1.0,1.0,1.0,1.0,1.0,1.0,nan,nan,0.0,0.0,0.0
1114,row_diagonal_dominant_random:2976d44433ad1387,row_diagonal_dominant_random,128,0.05,float32,R1_C1,R0_C1,2000,2000,2.694976659013105,3.478526942733934,3.740612706789699,1.1153654963830177,1.4937774878206531,1.6378847960636809,0.9962221211192773,1.3705505310642918,1.501462075948708,0.10587437413452205,0.10431839307959827,1.302267669170844,1.984908552237079,0.7585
1114,row_diagonal_dominant_random:2976d44433ad1387,row_diagonal_dominant_random,128,0.05,float32,R2_C2,R0_C1,2000,2000,2.7331692470289397,3.487853928491283,3.7718984468723704,1.1012625941982948,1.4776498445324688,1.59375209765173,1.0017788529987026,1.3470609245396332,1.490669566959358,0.07355602813084414,0.06595507648876911,1.3191278293039304,1.9681652639590832,0.78
1114,row_diagonal_dominant_random:2976d44433ad1387,row_diagonal_dominant_random,128,0.05,float32,R0_C0,R0_C1,2000,2000,1.0,1.0,1.0,1.0,1.0,1.0,1.0,1.0,1.0,nan,nan,0.0,0.0,0.0
1114,row_diagonal_dominant_random:2976d44433ad1387,row_diagonal_dominant_random,128,0.05,float64,R1_C1,R0_C1,2000,2000,2.9961766193663353,4.059234682680928,4.365927382536913,1.1642183862817346,1.5662972078838473,1.7100999431740176,0.9927671052446917,1.366998783253865,1.4846830007103553,0.15426038587222898,0.14381339545334884,1.3748067900705943,2.047706846887368,0.807
1114,row_diagonal_dominant_random:2976d44433ad1387,row_diagonal_dominant_random,128,0.05,float64,R2_C2,R0_C1,2000,2000,3.054359021378783,4.092748025703661,4.462968002269767,1.168175791758351,1.5738225772833188,1.7436057428729848,0.9996451342702353,1.3319483281646998,1.4453609325338175,0.14900212951391328,0.13834223708555926,1.3682077421654715,2.117565713047511,0.8075
1114,row_diagonal_dominant_random:2976d44433ad1387,row_diagonal_dominant_random,128,0.05,float64,R0_C0,R0_C1,2000,2000,1.0,1.0,1.0,1.0,1.0,1.0,1.0,1.0,1.0,nan,nan,0.0,0.0,0.0
1115,row_diagonal_dominant_random:8a85d76f30eb75a6,row_diagonal_dominant_random,128,0.02,float32,R1_C1,R0_C1,2000,2000,2.722228418724265,3.556437657046751,3.827675873290461,1.1075622343253737,1.4865447576256219,1.6256725471805964,0.9888005960897663,1.3408758056504202,1.4909179876010101,0.055288139949831366,0.046272736068184016,1.3251775927205618,1.9893943618802383,0.7735
1115,row_diagonal_dominant_random:8a85d76f30eb75a6,row_diagonal_dominant_random,128,0.02,float32,R2_C2,R0_C1,2000,2000,2.7691808740855968,3.53373548599887,3.7954946034296495,1.1197730992437829,1.4963235142434939,1.632307154942941,1.0013899983372534,1.3488175007673338,1.487815549203168,0.1045692444203841,0.0962854155713539,1.3183034670157234,1.975344237120175,0.7735
1115,row_diagonal_dominant_random:8a85d76f30eb75a6,row_diagonal_dominant_random,128,0.02,float32,R0_C0,R0_C1,2000,2000,1.0,1.0,1.0,1.0,1.0,1.0,1.0,1.0,1.0,nan,nan,0.0,0.0,0.0
1115,row_diagonal_dominant_random:8a85d76f30eb75a6,row_diagonal_dominant_random,128,0.02,float64,R1_C1,R0_C1,2000,2000,3.015777661949256,4.117702459894282,4.542657857800347,1.2006261852512594,1.6158138851246668,1.7650489769906084,1.0051113657755444,1.3756394788337531,1.5036254295369196,0.1907491193369403,0.19245917111479277,1.3323784803351915,2.0653879892448614,0.796
1115,row_diagonal_dominant_random:8a85d76f30eb75a6,row_diagonal_dominant_random,128,0.02,float64,R2_C2,R0_C1,2000,2000,3.0610709699596423,4.078446969356237,4.452244445010611,1.2004488657917136,1.6324675387708558,1.7691924062255233,1.0101942102867107,1.3634343890292733,1.4817085222554198,0.17890327779463003,0.16596066699016673,1.3515732411169026,2.0151234475650255,0.7875
1115,row_diagonal_dominant_random:8a85d76f30eb75a6,row_diagonal_dominant_random,128,0.02,float64,R0_C0,R0_C1,2000,2000,1.0,1.0,1.0,1.0,1.0,1.0,1.0,1.0,1.0,nan,nan,0.0,0.0,0.0
1116,row_diagonal_dominant_random:3cf57fa76b9a551c,row_diagonal_dominant_random,128,0.01,float32,R1_C1,R0_C1,2000,2000,2.7358831765883265,3.538801287175883,3.808915699773284,1.1193913990934505,1.5133371904192867,1.6410346662492337,0.9934070880790306,1.3407907253715408,1.4634156126480178,0.1145730228205361,0.11401778550444638,1.3028981670823976,1.992879652748212,0.769
1116,row_diagonal_dominant_random:3cf57fa76b9a551c,row_diagonal_dominant_random,128,0.01,float32,R2_C2,R0_C1,2000,2000,2.7526136020057086,3.5457699210223224,3.802699709161494,1.1221343851232772,1.5329541543951672,1.665515116216448,0.9924692411001834,1.3641576108900002,1.5029809722627867,0.07178689551586172,0.06911566577891644,1.3138433990645084,2.0000847480480477,0.767
1116,row_diagonal_dominant_random:3cf57fa76b9a551c,row_diagonal_dominant_random,128,0.01,float32,R0_C0,R0_C1,2000,2000,1.0,1.0,1.0,1.0,1.0,1.0,1.0,1.0,1.0,nan,nan,0.0,0.0,0.0
1116,row_diagonal_dominant_random:3cf57fa76b9a551c,row_diagonal_dominant_random,128,0.01,float64,R1_C1,R0_C1,2000,2000,3.031457544643608,4.048656725842547,4.43506884384814,1.2138069317135687,1.6123702915859315,1.7661281004740745,0.9894422537124541,1.3556098813927102,1.4649392189642219,0.14994496556766512,0.13985187196296797,1.3331712882473497,2.0311314257731943,0.7785
1116,row_diagonal_dominant_random:3cf57fa76b9a551c,row_diagonal_dominant_random,128,0.01,float64,R2_C2,R0_C1,2000,2000,3.0180430673494456,4.141887943686322,4.462573985998894,1.2106844728392119,1.6099237442039331,1.7392461827935823,1.0024105572873514,1.3610569712796017,1.471476792550002,0.14651611718501253,0.13055015963753988,1.347507837806174,2.0331390948573627,0.7845
1116,row_diagonal_dominant_random:3cf57fa76b9a551c,row_diagonal_dominant_random,128,0.01,float64,R0_C0,R0_C1,2000,2000,1.0,1.0,1.0,1.0,1.0,1.0,1.0,1.0,1.0,nan,nan,0.0,0.0,0.0
1117,row_diagonal_dominant_random:4cbd4f5958f010f8,row_diagonal_dominant_random,128,0.005,float32,R1_C1,R0_C1,2000,2000,2.7310106014631867,3.5239734943949452,3.7673128186080045,1.125400799107499,1.5114095448712987,1.6439786706249806,0.9988502199502558,1.3612321108984897,1.4731500562447,0.09804637159568821,0.09560171090042771,1.2807988936632237,1.9376782257939658,0.761
1117,row_diagonal_dominant_random:4cbd4f5958f010f8,row_diagonal_dominant_random,128,0.005,float32,R2_C2,R0_C1,2000,2000,2.7399235274814595,3.500536583121049,3.7762192308029046,1.1303857580777767,1.5220229961537852,1.6346937468064968,1.0019807473295925,1.348278269455307,1.4820696516036007,0.10492848220797703,0.0932753048188262,1.289851773390046,1.9710398136515335,0.758
1117,row_diagonal_dominant_random:4cbd4f5958f010f8,row_diagonal_dominant_random,128,0.005,float32,R0_C0,R0_C1,2000,2000,1.0,1.0,1.0,1.0,1.0,1.0,1.0,1.0,1.0,nan,nan,0.0,0.0,0.0
1117,row_diagonal_dominant_random:4cbd4f5958f010f8,row_diagonal_dominant_random,128,0.005,float64,R1_C1,R0_C1,2000,2000,3.0337280662994632,4.0617524557792875,4.367330191672055,1.2073303966944195,1.6143434812361623,1.7790183977013005,1.016660888174537,1.3653861038578439,1.4803091007013272,0.16777803634182104,0.15161046940261735,1.324827938912395,2.0259633297353137,0.7885
1117,row_diagonal_dominant_random:4cbd4f5958f010f8,row_diagonal_dominant_random,128,0.005,float64,R2_C2,R0_C1,2000,2000,3.052473582240057,4.141672779717123,4.447339126895087,1.2114284091182874,1.6203324869992362,1.7556149053914385,0.9996008302464602,1.3621330268984395,1.4705653620972174,0.15008387360535852,0.15015694503923627,1.350347592526787,2.061735987188808,0.8045
1117,row_diagonal_dominant_random:4cbd4f5958f010f8,row_diagonal_dominant_random,128,0.005,float64,R0_C0,R0_C1,2000,2000,1.0,1.0,1.0,1.0,1.0,1.0,1.0,1.0,1.0,nan,nan,0.0,0.0,0.0
1118,row_diagonal_dominant_random:9493eb0855127051,row_diagonal_dominant_random,128,0.002,float32,R1_C1,R0_C1,2000,2000,2.739352276756314,3.5047273943029826,3.7933493197564383,1.1004411112044732,1.4696647777403404,1.6119020133057747,0.9773691860786108,1.3446837480268097,1.4709133800965508,0.07032602901159994,0.06927285231821309,1.3257661451760634,2.0171104900963264,0.7805
1118,row_diagonal_dominant_random:9493eb0855127051,row_diagonal_dominant_random,128,0.002,float32,R2_C2,R0_C1,2000,2000,2.7501052564657438,3.539586961956163,3.8136457753158832,1.1031517120860306,1.4729354333420794,1.5910190621865947,0.9757493722436431,1.336262970784344,1.4818724251214395,0.10217960179193905,0.09395801498950374,1.3351549854715565,2.046733783046812,0.795
1118,row_diagonal_dominant_random:9493eb0855127051,row_diagonal_dominant_random,128,0.002,float32,R0_C0,R0_C1,2000,2000,1.0,1.0,1.0,1.0,1.0,1.0,1.0,1.0,1.0,nan,nan,0.0,0.0,0.0
1118,row_diagonal_dominant_random:9493eb0855127051,row_diagonal_dominant_random,128,0.002,float64,R1_C1,R0_C1,2000,2000,3.0386117640877313,4.093323763878852,4.4481519466914685,1.1747441032575199,1.5813725425438738,1.7158227938526098,0.9668213889999848,1.3290814627498868,1.4275230861644983,0.15073367238950577,0.13409380552345138,1.3876066124023887,2.0911021550698554,0.811
1118,row_diagonal_dominant_random:9493eb0855127051,row_diagonal_dominant_random,128,0.002,float64,R2_C2,R0_C1,2000,2000,3.059265498552861,4.127508381290982,4.421638060393785,1.1629522839662774,1.56741444871248,1.708238148917386,0.9663374354822889,1.340263084414229,1.4505336963766167,0.18458591483273343,0.1608333417083354,1.4050545939111994,2.109856182993974,0.828
1118,row_diagonal_dominant_random:9493eb0855127051,row_diagonal_dominant_random,128,0.002,float64,R0_C0,R0_C1,2000,2000,1.0,1.0,1.0,1.0,1.0,1.0,1.0,1.0,1.0,nan,nan,0.0,0.0,0.0
1119,row_diagonal_dominant_random:c93186b88112adec,row_diagonal_dominant_random,128,0.001,float32,R1_C1,R0_C1,2000,2000,2.6828300555796405,3.4415090689349483,3.715255448754136,0.9139644171134784,1.2760434318324934,1.3968137122960669,0.8015586655266371,1.1558071881327188,1.2609279194799867,0.08987017618449918,0.08010166852541713,1.5659190559221388,2.3272577522318563,0.8855
1119,row_diagonal_dominant_random:c93186b88112adec,row_diagonal_dominant_random,128,0.001,float32,R2_C2,R0_C1,2000,2000,2.6971485845506677,3.4791305990447956,3.7702714071565486,0.9321209839238769,1.290226719608919,1.3933612000231825,0.8180891606035048,1.1628000676500103,1.2951707249393993,0.057505738396496635,0.04292276423069105,1.540729633857902,2.3379444583895954,0.8955
1119,row_diagonal_dominant_random:c93186b88112adec,row_diagonal_dominant_random,128,0.001,float32,R0_C0,R0_C1,2000,2000,1.0,1.0,1.0,1.0,1.0,1.0,1.0,1.0,1.0,nan,nan,0.0,0.0,0.0
1119,row_diagonal_dominant_random:c93186b88112adec,row_diagonal_dominant_random,128,0.001,float64,R1_C1,R0_C1,2000,2000,2.936052689214021,3.9493039640584664,4.34172338763705,0.9760095486599986,1.3506139573562694,1.4954297012878417,0.7877603618361813,1.1351874985165926,1.258122473967788,0.134720495768479,0.13657830864457715,1.5974589286748597,2.415895358555854,0.907
1119,row_diagonal_dominant_random:c93186b88112adec,row_diagonal_dominant_random,128,0.001,float64,R2_C2,R0_C1,2000,2000,2.971998508602753,3.9816332929057587,4.322531553475412,0.9901012515757459,1.3540264342436052,1.4830997668772556,0.8181850983955521,1.1711210284385993,1.2756581924522106,0.1296685812850571,0.1296766764191691,1.598916426858777,2.3859980246840817,0.9045
1119,row_diagonal_dominant_random:c93186b88112adec,row_diagonal_dominant_random,128,0.001,float64,R0_C0,R0_C1,2000,2000,1.0,1.0,1.0,1.0,1.0,1.0,1.0,1.0,1.0,nan,nan,0.0,0.0,0.0
1140,row_diagonal_dominant_stochastic:021519ee0a19df7c,row_diagonal_dominant_stochastic,128,0.5,float32,R1_C1,R0_C1,2000,2000,2.3073190984761616,2.957706721694381,3.2057480417745596,1.0241314617797137,1.394721886553014,1.527192017042167,1.0060753982460353,1.3741072927087414,1.4839544033714138,0.040083059142556346,0.04045247811311953,1.1925957272810233,1.9150247996637428,0.6615
1140,row_diagonal_dominant_stochastic:021519ee0a19df7c,row_diagonal_dominant_stochastic,128,0.5,float32,R2_C2,R0_C1,2000,2000,2.3167115561028933,2.9606538084062737,3.2000605567588662,1.0376767287990267,1.416864975782063,1.5630833429159992,1.0184349583830827,1.3836030523604197,1.5115386624889278,0.0009252276511328057,0.003479046869761717,1.171892574540224,1.891730178214772,0.649
1140,row_diagonal_dominant_stochastic:021519ee0a19df7c,row_diagonal_dominant_stochastic,128,0.5,float32,R0_C0,R0_C1,2000,2000,1.0,1.0,1.0,1.0,1.0,1.0,1.0,1.0,1.0,nan,nan,0.0,0.0,0.0
1140,row_diagonal_dominant_stochastic:021519ee0a19df7c,row_diagonal_dominant_stochastic,128,0.5,float64,R1_C1,R0_C1,2000,2000,2.6184051670330835,3.5194223467182573,3.870272200988146,1.038300260827888,1.4170355533180667,1.548466613429847,1.0091658236816796,1.3673152102436457,1.4915667107713528,0.010190773928385554,0.019605841901460475,1.3404124002218523,2.1317037834623664,0.7675
1140,row_diagonal_dominant_stochastic:021519ee0a19df7c,row_diagonal_dominant_stochastic,128,0.5,float64,R2_C2,R0_C1,2000,2000,2.598764038240252,3.5001595208744027,3.850186907942892,1.0309482086408224,1.4122172649957465,1.5380041670129305,0.9967328573128903,1.3747860751618546,1.4977343869607513,0.03707540571371808,0.03359216339804085,1.3450006985912617,2.118628701567878,0.7715
1140,row_diagonal_dominant_stochastic:021519ee0a19df7c,row_diagonal_dominant_stochastic,128,0.5,float64,R0_C0,R0_C1,2000,2000,1.0,1.0,1.0,1.0,1.0,1.0,1.0,1.0,1.0,nan,nan,0.0,0.0,0.0
1141,row_diagonal_dominant_stochastic:de30837b1853aaf8,row_diagonal_dominant_stochastic,128,0.3,float32,R1_C1,R0_C1,2000,2000,2.4837742234403306,3.1583265340227578,3.4511885555142525,1.0424735439554096,1.4221489088392645,1.5531540948839873,0.9966295587407905,1.3781826980720306,1.5163470808047148,0.06836855463687927,0.05775392943848236,1.2786964165098174,1.9576419540463028,0.727
1141,row_diagonal_dominant_stochastic:de30837b1853aaf8,row_diagonal_dominant_stochastic,128,0.3,float32,R2_C2,R0_C1,2000,2000,2.499626639126102,3.152090973190669,3.4092447188733144,1.0510984627290068,1.412496115639605,1.5455868178853227,0.9988762289000872,1.359852046527355,1.4978566895993835,0.015305198376035242,0.005432470358117589,1.2472200342293291,1.9695390514969573,0.731
1141,row_diagonal_dominant_stochastic:de30837b1853aaf8,row_diagonal_dominant_stochastic,128,0.3,float32,R0_C0,R0_C1,2000,2000,1.0,1.0,1.0,1.0,1.0,1.0,1.0,1.0,1.0,nan,nan,0.0,0.0,0.0
1141,row_diagonal_dominant_stochastic:de30837b1853aaf8,row_diagonal_dominant_stochastic,128,0.3,float64,R1_C1,R0_C1,2000,2000,2.7977899753826536,3.72765119009902,3.9897577848246017,1.0581467115838419,1.4375807332386952,1.5565239027237678,1.0005388488626514,1.3514369114859017,1.4786820766538584,0.04390560747721483,0.04275800718950179,1.4120278895029892,2.156620948232967,0.827
1141,row_diagonal_dominant_stochastic:de30837b1853aaf8,row_diagonal_dominant_stochastic,128,0.3,float64,R2_C2,R0_C1,2000,2000,2.8111795627590466,3.729918595203983,4.021941771387293,1.058380812410064,1.428269993961405,1.5476028785126033,0.9927977470694425,1.3560030632097513,1.477846907083785,0.03309478195444366,0.039737793934448484,1.4103538434663725,2.167350231395823,0.822
1141,row_diagonal_dominant_stochastic:de30837b1853aaf8,row_diagonal_dominant_stochastic,128,0.3,float64,R0_C0,R0_C1,2000,2000,1.0,1.0,1.0,1.0,1.0,1.0,1.0,1.0,1.0,nan,nan,0.0,0.0,0.0
1142,row_diagonal_dominant_stochastic:85d04ae4513fe85f,row_diagonal_dominant_stochastic,128,0.2,float32,R1_C1,R0_C1,2000,2000,2.4458716525742914,2.9905667744452575,3.1692739617942154,1.052875851980616,1.4120758780053875,1.5400218580411271,0.998004280594893,1.3457234563538476,1.4667058365200396,0.049036214950238334,0.05567843141960785,1.239546302406486,1.889392748482548,0.727
1142,row_diagonal_dominant_stochastic:85d04ae4513fe85f,row_diagonal_dominant_stochastic,128,0.2,float32,R2_C2,R0_C1,2000,2000,2.479076379437255,2.9906287887968714,3.160133528407853,1.056527980762266,1.4318936468320924,1.5435592790094974,0.9968468693055714,1.3501377468651554,1.4917740031457885,0.05090900392941469,0.057551091887772965,1.2434445399847358,1.8672845256555144,0.73
1142,row_diagonal_dominant_stochastic:85d04ae4513fe85f,row_diagonal_dominant_stochastic,128,0.2,float32,R0_C0,R0_C1,2000,2000,1.0,1.0,1.0,1.0,1.0,1.0,1.0,1.0,1.0,nan,nan,0.0,0.0,0.0
1142,row_diagonal_dominant_stochastic:85d04ae4513fe85f,row_diagonal_dominant_stochastic,128,0.2,float64,R1_C1,R0_C1,2000,2000,2.8006431162786964,3.5466154537423478,3.795174865091357,1.1027207429259327,1.4700743312209257,1.5909174009780533,1.0013797267294027,1.3635623609205054,1.481400030050515,0.09681276390299526,0.08780268395067098,1.3552292835565996,2.0111388134257577,0.818
1142,row_diagonal_dominant_stochastic:85d04ae4513fe85f,row_diagonal_dominant_stochastic,128,0.2,float64,R2_C2,R0_C1,2000,2000,2.7995934857466085,3.5090348236381796,3.7453586541029265,1.0915269228962727,1.470918617357866,1.6056816277083725,0.9990573343962277,1.3436391719483323,1.4844399207837957,0.049812499909090105,0.04895890223972556,1.353819777338677,2.0328963458172438,0.8255
1142,row_diagonal_dominant_stochastic:85d04ae4513fe85f,row_diagonal_dominant_stochastic,128,0.2,float64,R0_C0,R0_C1,2000,2000,1.0,1.0,1.0,1.0,1.0,1.0,1.0,1.0,1.0,nan,nan,0.0,0.0,0.0
1143,row_diagonal_dominant_stochastic:0f7feef7c7880b20,row_diagonal_dominant_stochastic,128,0.1,float32,R1_C1,R0_C1,2000,2000,2.3592556471382724,2.626161934395772,2.7213129207860587,1.2739959662504035,1.6248245848404321,1.7371128595051575,0.9899393251942121,1.3527284115143627,1.4711333093716308,0.2730170992458972,0.2862362830590708,0.8820093181644051,1.36594139350646,0.3395
1143,row_diagonal_dominant_stochastic:0f7feef7c7880b20,row_diagonal_dominant_stochastic,128,0.1,float32,R2_C2,R0_C1,2000,2000,2.3635858507050607,2.6730506578145863,2.7567311457243653,1.281845581341706,1.6264929877774004,1.7397172772065077,1.000640943815772,1.3619019426353824,1.4688146012214174,0.24826239912977038,0.24263501615875402,0.8845910182014769,1.3598399969373047,0.345
1143,row_diagonal_dominant_stochastic:0f7feef7c7880b20,row_diagonal_dominant_stochastic,128,0.1,float32,R0_C0,R0_C1,2000,2000,1.0,1.0,1.0,1.0,1.0,1.0,1.0,1.0,1.0,nan,nan,0.0,0.0,0.0
1143,row_diagonal_dominant_stochastic:0f7feef7c7880b20,row_diagonal_dominant_stochastic,128,0.1,float64,R1_C1,R0_C1,2000,2000,2.6667250598470478,3.1068563467221124,3.22987581396745,1.4951509260391231,1.8327136301093323,1.9612240735476265,0.9915481208369409,1.3733534114334258,1.4794063302293363,0.25854477801111453,0.24930501682625417,0.8400166043963051,1.327389837691272,0.29
1143,row_diagonal_dominant_stochastic:0f7feef7c7880b20,row_diagonal_dominant_stochastic,128,0.1,float64,R2_C2,R0_C1,2000,2000,2.6586644248539724,3.09812619012407,3.23745018129732,1.493792479057397,1.8580679903896988,1.9692257197477254,0.9910169168412034,1.3453886366741046,1.4636646448280726,0.2794779084635672,0.2826990706747677,0.842959825256211,1.3308900872959735,0.2845
1143,row_diagonal_dominant_stochastic:0f7feef7c7880b20,row_diagonal_dominant_stochastic,128,0.1,float64,R0_C0,R0_C1,2000,2000,1.0,1.0,1.0,1.0,1.0,1.0,1.0,1.0,1.0,nan,nan,0.0,0.0,0.0
1144,row_diagonal_dominant_stochastic:0530909e2322226a,row_diagonal_dominant_stochastic,128,0.05,float32,R1_C1,R0_C1,2000,2000,2.338376335564997,2.613443454588589,2.68222842540255,1.9256491106162341,2.220523563060964,2.343726735553459,0.9917953987909571,1.3042471899604577,1.4086672693932056,0.5694999384001603,0.5966178231544558,0.27322660753446293,0.5055730243833714,0.0
1144,row_diagonal_dominant_stochastic:0530909e2322226a,row_diagonal_dominant_stochastic,128,0.05,float32,R2_C2,R0_C1,2000,2000,2.3393994375257074,2.6276681332058547,2.722465166531302,1.9336419804053104,2.2295518387789626,2.343194168519744,0.9882240522926872,1.3137412573188143,1.4224618475271247,0.5816163509810464,0.6021589325397332,0.27558813434454255,0.5168775777162012,0.0005
1144,row_diagonal_dominant_stochastic:0530909e2322226a,row_diagonal_dominant_stochastic,128,0.05,float32,R0_C0,R0_C1,2000,2000,1.0,1.0,1.0,1.0,1.0,1.0,1.0,1.0,1.0,nan,nan,0.0,0.0,0.0
1144,row_diagonal_dominant_stochastic:0530909e2322226a,row_diagonal_dominant_stochastic,128,0.05,float64,R1_C1,R0_C1,2000,2000,2.6345990876591543,3.025949942103437,3.148565724988257,2.1826038140205464,2.527312658689977,2.6432054164626777,0.9831929724836519,1.306045496664793,1.4130416357919733,0.665167045882133,0.6711645192911299,0.2643353632766413,0.4801128661114004,0.0
1144,row_diagonal_dominant_stochastic:0530909e2322226a,row_diagonal_dominant_stochastic,128,0.05,float64,R2_C2,R0_C1,2000,2000,2.6328965231030135,3.0526177161814916,3.167721858067673,2.190190609262241,2.5429013486445626,2.6671354260849554,0.9717709702039885,1.2765925699831404,1.3777111024332651,0.663025303216781,0.6714196588549147,0.26609052706162867,0.48380943405821014,0.0
1144,row_diagonal_dominant_stochastic:0530909e2322226a,row_diagonal_dominant_stochastic,128,0.05,float64,R0_C0,R0_C1,2000,2000,1.0,1.0,1.0,1.0,1.0,1.0,1.0,1.0,1.0,nan,nan,0.0,0.0,0.0
1145,row_diagonal_dominant_stochastic:f5393029996d2c29,row_diagonal_dominant_stochastic,128,0.02,float32,R1_C1,R0_C1,2000,2000,2.307163760175656,2.564178620662261,2.654303775996388,1.9055575611328193,2.148521032665538,2.2209058999487525,1.0218680681332954,1.1809803038876974,1.2415359187008344,0.7415007696937345,0.7469050867262718,0.27400888955708,0.41158991749828994,0.0
1145,row_diagonal_dominant_stochastic:f5393029996d2c29,row_diagonal_dominant_stochastic,128,0.02,float32,R2_C2,R0_C1,2000,2000,2.314395647396318,2.5774938364748587,2.658145570665252,1.9161618987825124,2.155296862883057,2.2187064039080457,1.023220349684014,1.1867925690664598,1.2409423864221554,0.7424428746840639,0.74933435983359,0.27248468160964323,0.414125612125976,0.0
1145,row_diagonal_dominant_stochastic:f5393029996d2c29,row_diagonal_dominant_stochastic,128,0.02,float32,R0_C0,R0_C1,2000,2000,1.0,1.0,1.0,1.0,1.0,1.0,1.0,1.0,1.0,nan,nan,0.0,0.0,0.0
1145,row_diagonal_dominant_stochastic:f5393029996d2c29,row_diagonal_dominant_stochastic,128,0.02,float64,R1_C1,R0_C1,2000,2000,2.515120223884449,2.9402796502311,3.0857961400895193,2.1126459170151524,2.4232744599505356,2.517862141724573,1.02124215100431,1.1795963832290612,1.2424215721477976,0.8392721439383265,0.8329233192308297,0.2552732674802398,0.4082536192088463,0.0
1145,row_diagonal_dominant_stochastic:f5393029996d2c29,row_diagonal_dominant_stochastic,128,0.02,float64,R2_C2,R0_C1,2000,2000,2.5334202382178828,2.9561451306919158,3.090455680706989,2.1267152208288103,2.4253887849377658,2.5226070600276533,1.0245226500866966,1.1768755409625398,1.2358757980159105,0.8303987729314679,0.8206109891527472,0.25612266765385117,0.41235853962181607,0.0
1145,row_diagonal_dominant_stochastic:f5393029996d2c29,row_diagonal_dominant_stochastic,128,0.02,float64,R0_C0,R0_C1,2000,2000,1.0,1.0,1.0,1.0,1.0,1.0,1.0,1.0,1.0,nan,nan,0.0,0.0,0.0
1146,row_diagonal_dominant_stochastic:0d717c35c3b2f62d,row_diagonal_dominant_stochastic,128,0.01,float32,R1_C1,R0_C1,2000,2000,2.2653502789169,2.533471064289965,2.6088916503691717,1.8108914755973435,2.024834401458954,2.092325226265967,1.0183685617016562,1.1528741846369792,1.1806349665816196,0.7078132549837743,0.6866255331563833,0.3282253410538549,0.4844558728505294,0.0
1146,row_diagonal_dominant_stochastic:0d717c35c3b2f62d,row_diagonal_dominant_stochastic,128,0.01,float32,R2_C2,R0_C1,2000,2000,2.281827734515144,2.54577104833907,2.6451051308540356,1.8161126802774112,2.047958179850597,2.101525994010251,1.0165590143999477,1.1499615363272522,1.1931404291543366,0.7177544375583473,0.7007201216800304,0.32268908513668765,0.4883931786483126,0.0
1146,row_diagonal_dominant_stochastic:0d717c35c3b2f62d,row_diagonal_dominant_stochastic,128,0.01,float32,R0_C0,R0_C1,2000,2000,1.0,1.0,1.0,1.0,1.0,1.0,1.0,1.0,1.0,nan,nan,0.0,0.0,0.0
1146,row_diagonal_dominant_stochastic:0d717c35c3b2f62d,row_diagonal_dominant_stochastic,128,0.01,float64,R1_C1,R0_C1,2000,2000,2.4050428103446926,2.8169400743762028,2.977747495841274,1.9663125242363497,2.233940808530507,2.31848654599226,1.0223593417522143,1.1467846149825847,1.1856814862837697,0.7941006595007694,0.7826431611607902,0.29342941064178096,0.47814450753472637,0.0
1146,row_diagonal_dominant_stochastic:0d717c35c3b2f62d,row_diagonal_dominant_stochastic,128,0.01,float64,R2_C2,R0_C1,2000,2000,2.4176396029045844,2.83524001576295,2.9622444123150875,1.9719132807462003,2.2467907808177676,2.343416061736803,1.0197663221899864,1.1432091771101325,1.1857493059247723,0.8075548449172022,0.796935940233985,0.29357244175003194,0.4642001054530497,0.0
1146,row_diagonal_dominant_stochastic:0d717c35c3b2f62d,row_diagonal_dominant_stochastic,128,0.01,float64,R0_C0,R0_C1,2000,2000,1.0,1.0,1.0,1.0,1.0,1.0,1.0,1.0,1.0,nan,nan,0.0,0.0,0.0
1147,row_diagonal_dominant_stochastic:6bb9c9b7e1526958,row_diagonal_dominant_stochastic,128,0.005,float32,R1_C1,R0_C1,2000,2000,2.1910402130996327,2.4714280031400864,2.5458829748049934,1.683704838378817,1.8938254046545913,1.9672211888166602,1.011039610418577,1.1409471469367758,1.1770387089061416,0.6624197816823562,0.6425084536271134,0.3813876495487729,0.5665382582184212,0.0
1147,row_diagonal_dominant_stochastic:6bb9c9b7e1526958,row_diagonal_dominant_stochastic,128,0.005,float32,R2_C2,R0_C1,2000,2000,2.2137583585247294,2.479862848656267,2.5621060249618255,1.6920988107927792,1.9143717313283841,1.9707931505998466,1.0124463110498083,1.148693856348996,1.1817102133298099,0.6582774027571359,0.6359181869795467,0.38543258986327067,0.5685029189547322,0.0
1147,row_diagonal_dominant_stochastic:6bb9c9b7e1526958,row_diagonal_dominant_stochastic,128,0.005,float32,R0_C0,R0_C1,2000,2000,1.0,1.0,1.0,1.0,1.0,1.0,1.0,1.0,1.0,nan,nan,0.0,0.0,0.0
1147,row_diagonal_dominant_stochastic:6bb9c9b7e1526958,row_diagonal_dominant_stochastic,128,0.005,float64,R1_C1,R0_C1,2000,2000,2.251852156642944,2.6593864326656798,2.7933659885432394,1.780574131642643,2.037405202994625,2.108425769446134,1.0159679114726696,1.1400933713909638,1.182857325344718,0.7641681013831966,0.758206724051681,0.3466491455810461,0.5440072018440057,0.0
1147,row_diagonal_dominant_stochastic:6bb9c9b7e1526958,row_diagonal_dominant_stochastic,128,0.005,float64,R2_C2,R0_C1,2000,2000,2.2771761237532058,2.6958583569496533,2.8235147438282504,1.7959376098671118,2.0560303527519364,2.1314987204740694,1.0125591510635674,1.1412682198235815,1.1834984323148534,0.7685486892796252,0.7537986384496596,0.3498789967311743,0.5426113972310259,0.0
1147,row_diagonal_dominant_stochastic:6bb9c9b7e1526958,row_diagonal_dominant_stochastic,128,0.005,float64,R0_C0,R0_C1,2000,2000,1.0,1.0,1.0,1.0,1.0,1.0,1.0,1.0,1.0,nan,nan,0.0,0.0,0.0
1148,row_diagonal_dominant_stochastic:103e29b8022442fa,row_diagonal_dominant_stochastic,128,0.002,float32,R1_C1,R0_C1,2000,2000,2.09846936654934,2.3611545521473682,2.4457192940255816,1.5018947272796725,1.6876470837638187,1.7441553947872814,1.0103203277666357,1.1315858305681274,1.1715905852818436,0.5530403476901036,0.5345392036348009,0.4785008429806553,0.6810653571212262,0.0
1148,row_diagonal_dominant_stochastic:103e29b8022442fa,row_diagonal_dominant_stochastic,128,0.002,float32,R2_C2,R0_C1,2000,2000,2.1129886372551563,2.3575079402833037,2.432452385482552,1.5083006741889853,1.700851235944711,1.7639940949417785,1.0066786353223423,1.1299184361472008,1.163513697351016,0.552122572504788,0.5293674918418729,0.48103951589272975,0.6876323137483626,0.0
1148,row_diagonal_dominant_stochastic:103e29b8022442fa,row_diagonal_dominant_stochastic,128,0.002,float32,R0_C0,R0_C1,2000,2000,1.0,1.0,1.0,1.0,1.0,1.0,1.0,1.0,1.0,nan,nan,0.0,0.0,0.0
1148,row_diagonal_dominant_stochastic:103e29b8022442fa,row_diagonal_dominant_stochastic,128,0.002,float64,R1_C1,R0_C1,2000,2000,2.0551825949774467,2.4403345471867803,2.5526105075559977,1.5471174338667861,1.762425469727895,1.8353036354416896,1.004846429350793,1.1399248683547432,1.1746350154741203,0.6918098243593727,0.6777175889293972,0.41153382390878973,0.6434239463057179,0.0
1148,row_diagonal_dominant_stochastic:103e29b8022442fa,row_diagonal_dominant_stochastic,128,0.002,float64,R2_C2,R0_C1,2000,2000,2.0500380853902698,2.4387011327581636,2.578004381351059,1.54343757894679,1.7673964146679402,1.8305842921048059,1.006071352451527,1.1254562836612476,1.1629361256497202,0.6786155906708953,0.6512219153054788,0.41152025880827825,0.6471131330417705,0.0
1148,row_diagonal_dominant_stochastic:103e29b8022442fa,row_diagonal_dominant_stochastic,128,0.002,float64,R0_C0,R0_C1,2000,2000,1.0,1.0,1.0,1.0,1.0,1.0,1.0,1.0,1.0,nan,nan,0.0,0.0,0.0
1149,row_diagonal_dominant_stochastic:3f149f338e70104c,row_diagonal_dominant_stochastic,128,0.001,float32,R1_C1,R0_C1,2000,2000,2.0336607184380857,2.3022978802407716,2.3687528405117213,1.4292681497269202,1.6093298168992718,1.6616378946361638,0.9998817912888343,1.121026749388986,1.1576596343991565,0.5295921476878929,0.5176968934242233,0.5158463515083567,0.725526470283612,0.0
1149,row_diagonal_dominant_stochastic:3f149f338e70104c,row_diagonal_dominant_stochastic,128,0.001,float32,R2_C2,R0_C1,2000,2000,2.0586498129747657,2.3107041666326498,2.3849476078792353,1.428385426110075,1.6201493485372382,1.677598059446975,1.0010945043915922,1.1204262765900803,1.1607163404566128,0.565619823483493,0.554352428088107,0.5193341173505557,0.7166857135277821,0.0
1149,row_diagonal_dominant_stochastic:3f149f338e70104c,row_diagonal_dominant_stochastic,128,0.001,float32,R0_C0,R0_C1,2000,2000,1.0,1.0,1.0,1.0,1.0,1.0,1.0,1.0,1.0,nan,nan,0.0,0.0,0.0
1149,row_diagonal_dominant_stochastic:3f149f338e70104c,row_diagonal_dominant_stochastic,128,0.001,float64,R1_C1,R0_C1,2000,2000,1.9273529815631318,2.2876830195236217,2.398874990019946,1.450369789623954,1.6471514785767396,1.7112104199768046,1.0011624632508642,1.1318784133978297,1.1715716446016924,0.6107434195600118,0.6009972632493158,0.4166284116113752,0.6550038735293485,0.0
1149,row_diagonal_dominant_stochastic:3f149f338e70104c,row_diagonal_dominant_stochastic,128,0.001,float64,R2_C2,R0_C1,2000,2000,1.9483347614537685,2.3194861044657076,2.417885232695534,1.4569874258397792,1.6587682423259438,1.721617659373185,0.9978161735752424,1.1246603364294858,1.1641354856901005,0.6368852940414316,0.6180967785241946,0.4240256286322087,0.6610410251416345,0.0
1149,row_diagonal_dominant_stochastic:3f149f338e70104c,row_diagonal_dominant_stochastic,128,0.001,float64,R0_C0,R0_C1,2000,2000,1.0,1.0,1.0,1.0,1.0,1.0,1.0,1.0,1.0,nan,nan,0.0,0.0,0.0
1239,row_diagonal_dominant_random:93e6f52ebdb3ac55,row_diagonal_dominant_random,181,0.5,float32,R1_C1,R0_C1,2000,2000,3.3381912644657143,5.3667341261314245,6.144797244056394,1.0294315012521862,1.3982745721535836,1.5320995355932572,1.0116346820663036,1.361008259947429,1.4920046135611602,0.02063025773846465,0.0088327192081798,1.7337367410722238,2.69237352285733,0.923
1239,row_diagonal_dominant_random:93e6f52ebdb3ac55,row_diagonal_dominant_random,181,0.5,float32,R2_C2,R0_C1,2000,2000,3.405824969585466,5.444661408475809,6.18971217821915,1.0278024923588123,1.3763875290379182,1.4957598133937298,1.0025179990102078,1.3563342808995367,1.4701292834113293,0.03471467086622802,0.0316834324208581,1.744970019658762,2.7185520435154253,0.941
1239,row_diagonal_dominant_random:93e6f52ebdb3ac55,row_diagonal_dominant_random,181,0.5,float32,R0_C0,R0_C1,2000,2000,1.0,1.0,1.0,1.0,1.0,1.0,1.0,1.0,1.0,nan,nan,0.0,0.0,0.0
1239,row_diagonal_dominant_random:93e6f52ebdb3ac55,row_diagonal_dominant_random,181,0.5,float64,R1_C1,R0_C1,2000,2000,3.5125455697168313,5.075200944953787,5.673585707595823,1.035560174843692,1.3859945903751405,1.4801648989129002,1.0044366284389747,1.3358058921322078,1.4498509841539844,-0.00451534827123642,-0.008151539037884759,1.7625557364310906,2.6545795517358184,0.952
1239,row_diagonal_dominant_random:93e6f52ebdb3ac55,row_diagonal_dominant_random,181,0.5,float64,R2_C2,R0_C1,2000,2000,3.547414788490532,5.251516971854118,5.883247292866122,1.0421306907457062,1.3939785935345401,1.490447161100674,1.00646003218103,1.348914820828288,1.4767611147511899,0.04237444758704702,0.03847098661774665,1.7799299533301132,2.6519353031615873,0.9545
1239,row_diagonal_dominant_random:93e6f52ebdb3ac55,row_diagonal_dominant_random,181,0.5,float64,R0_C0,R0_C1,2000,2000,1.0,1.0,1.0,1.0,1.0,1.0,1.0,1.0,1.0,nan,nan,0.0,0.0,0.0
1240,row_diagonal_dominant_random:03e59f7215597618,row_diagonal_dominant_random,181,0.3,float32,R1_C1,R0_C1,2000,2000,3.6007145759549735,5.654499547129232,6.508762170062485,1.046595771253806,1.4065330637785587,1.5255647933770409,1.0019406223461886,1.3463086040692829,1.476760228634385,0.05509183585625509,0.03464090816022704,1.8347992627047256,2.7588611903768907,0.9455
1240,row_diagonal_dominant_random:03e59f7215597618,row_diagonal_dominant_random,181,0.3,float32,R2_C2,R0_C1,2000,2000,3.655943453678049,6.040252108933566,6.866396444624453,1.0556114957422476,1.3830206327014594,1.5019866991821833,0.9996895186896204,1.3333639573295175,1.443682248566497,0.11537716053738455,0.07276731919182979,1.838717873742798,2.7569080151717578,0.96
1240,row_diagonal_dominant_random:03e59f7215597618,row_diagonal_dominant_random,181,0.3,float32,R0_C0,R0_C1,2000,2000,1.0,1.0,1.0,1.0,1.0,1.0,1.0,1.0,1.0,nan,nan,0.0,0.0,0.0
1240,row_diagonal_dominant_random:03e59f7215597618,row_diagonal_dominant_random,181,0.3,float64,R1_C1,R0_C1,2000,2000,3.728542545676209,5.32760151757687,5.949380177449737,1.0705965028342008,1.424838653945583,1.5459580962890516,1.0119336302672686,1.3445075950713865,1.4604565455896137,0.12657026991936296,0.08506189376547343,1.8146264018963771,2.6318627535877654,0.9645
1240,row_diagonal_dominant_random:03e59f7215597618,row_diagonal_dominant_random,181,0.3,float64,R2_C2,R0_C1,2000,2000,3.7326189718751914,5.400259040583404,6.179537565782575,1.0729501129622874,1.430731028919265,1.5413042030931225,1.0029315025884182,1.3336938530117326,1.4448638106142,0.11298141008094331,0.0956087744021936,1.8161906567045296,2.628702677678346,0.9675
1240,row_diagonal_dominant_random:03e59f7215597618,row_diagonal_dominant_random,181,0.3,float64,R0_C0,R0_C1,2000,2000,1.0,1.0,1.0,1.0,1.0,1.0,1.0,1.0,1.0,nan,nan,0.0,0.0,0.0
1241,row_diagonal_dominant_random:c6616c01f005a03d,row_diagonal_dominant_random,181,0.2,float32,R1_C1,R0_C1,2000,2000,3.8140851851562636,6.178907438617797,7.037929453892754,1.0763096544271413,1.441843137101198,1.567205765681136,1.0024162026590413,1.340900509980859,1.4405978566994262,0.1357957416154275,0.08164936591234147,1.8797148887233623,2.730287663396565,0.959
1241,row_diagonal_dominant_random:c6616c01f005a03d,row_diagonal_dominant_random,181,0.2,float32,R2_C2,R0_C1,2000,2000,3.7939528227669923,5.944869214856204,6.805456071051146,1.0807728363093436,1.43540280123431,1.5747727492163905,1.004394835816066,1.3435855256503748,1.4616420882675814,0.16843897876357436,0.11638379609594902,1.863192042524834,2.6967388423677825,0.966
1241,row_diagonal_dominant_random:c6616c01f005a03d,row_diagonal_dominant_random,181,0.2,float32,R0_C0,R0_C1,2000,2000,1.0,1.0,1.0,1.0,1.0,1.0,1.0,1.0,1.0,nan,nan,0.0,0.0,0.0
1241,row_diagonal_dominant_random:c6616c01f005a03d,row_diagonal_dominant_random,181,0.2,float64,R1_C1,R0_C1,2000,2000,3.8860838907234374,5.607131917459282,6.363513323960516,1.0994550207895408,1.4785152976204154,1.5852434823522428,0.9931647818167131,1.33768429947552,1.4539990118732622,0.14030118707989422,0.09928149982037494,1.8308190483720552,2.5926477365458442,0.96
1241,row_diagonal_dominant_random:c6616c01f005a03d,row_diagonal_dominant_random,181,0.2,float64,R2_C2,R0_C1,2000,2000,3.813547764767084,5.613147594698278,6.353550777514039,1.1014496129180598,1.457264509211485,1.6053542749066159,1.0061364872239023,1.326704082037433,1.4544066285332693,0.1469128269990884,0.09920954030238506,1.8242522027133536,2.5802727388658644,0.97
1241,row_diagonal_dominant_random:c6616c01f005a03d,row_diagonal_dominant_random,181,0.2,float64,R0_C0,R0_C1,2000,2000,1.0,1.0,1.0,1.0,1.0,1.0,1.0,1.0,1.0,nan,nan,0.0,0.0,0.0
1242,row_diagonal_dominant_random:85f3946f6e4679ec,row_diagonal_dominant_random,181,0.1,float32,R1_C1,R0_C1,2000,2000,3.938798553856629,6.306025510422307,7.248975718346589,1.1301438354904665,1.5204658214543236,1.6571186929596058,1.0004683655752982,1.317193352348901,1.4405787176700133,0.2943673167781795,0.2354982723745681,1.8786090787416383,2.630794687929583,0.966
1242,row_diagonal_dominant_random:85f3946f6e4679ec,row_diagonal_dominant_random,181,0.1,float32,R2_C2,R0_C1,2000,2000,3.883141461687109,6.2350846552733366,7.191527136193154,1.1212805931424696,1.5295355812503302,1.6614862363718081,0.9979333702755893,1.320930887549781,1.4363140642400702,0.30588001504634876,0.2324351636087909,1.8696162434906234,2.593278457203251,0.9665
1242,row_diagonal_dominant_random:85f3946f6e4679ec,row_diagonal_dominant_random,181,0.1,float32,R0_C0,R0_C1,2000,2000,1.0,1.0,1.0,1.0,1.0,1.0,1.0,1.0,1.0,nan,nan,0.0,0.0,0.0
1242,row_diagonal_dominant_random:85f3946f6e4679ec,row_diagonal_dominant_random,181,0.1,float64,R1_C1,R0_C1,2000,2000,3.9947310643452507,5.811316653864159,6.558806183276056,1.168950719058606,1.5816259412355864,1.7256144801638034,0.9949431328716687,1.3589751445144038,1.4644513391858929,0.2547577002464518,0.21186803596700898,1.811642347237718,2.518092108205049,0.959
1242,row_diagonal_dominant_random:85f3946f6e4679ec,row_diagonal_dominant_random,181,0.1,float64,R2_C2,R0_C1,2000,2000,3.9940973152368566,5.8280908480773395,6.71999328357464,1.1724919409194619,1.5552670621186495,1.6907978122834735,1.004568682441076,1.323318857417722,1.4463126904548935,0.23957820210439687,0.18803649050912263,1.7978095665615075,2.5234535411555674,0.9655
1242,row_diagonal_dominant_random:85f3946f6e4679ec,row_diagonal_dominant_random,181,0.1,float64,R0_C0,R0_C1,2000,2000,1.0,1.0,1.0,1.0,1.0,1.0,1.0,1.0,1.0,nan,nan,0.0,0.0,0.0
1243,row_diagonal_dominant_random:2976d44433ad1387,row_diagonal_dominant_random,181,0.05,float32,R1_C1,R0_C1,2000,2000,3.9793856781178256,6.547235846383975,7.378945093472791,1.1502600203590756,1.5918972020726574,1.74978318497264,0.9968397970361955,1.350903699260762,1.4449456709359019,0.3907828545645739,0.3008147972036993,1.8618004503779257,2.5344568306527293,0.967
1243,row_diagonal_dominant_random:2976d44433ad1387,row_diagonal_dominant_random,181,0.05,float32,R2_C2,R0_C1,2000,2000,4.055916749619939,6.57614901653932,7.494822398626122,1.1540946737868567,1.5881985647965364,1.735069222168799,1.0081173628030435,1.3409787285769559,1.4577264345921923,0.3876924651635904,0.3190350497587624,1.8762103102805492,2.5727779328583775,0.9715
1243,row_diagonal_dominant_random:2976d44433ad1387,row_diagonal_dominant_random,181,0.05,float32,R0_C0,R0_C1,2000,2000,1.0,1.0,1.0,1.0,1.0,1.0,1.0,1.0,1.0,nan,nan,0.0,0.0,0.0
1243,row_diagonal_dominant_random:2976d44433ad1387,row_diagonal_dominant_random,181,0.05,float64,R1_C1,R0_C1,2000,2000,4.034834925208244,5.839189998630643,6.774669979329697,1.2065575723560653,1.6316460353973865,1.7962132139664035,0.9949752125564915,1.3233236611601475,1.4369792300116269,0.3230012839413166,0.24937132434283105,1.766534674462275,2.4276245931975513,0.958
1243,row_diagonal_dominant_random:2976d44433ad1387,row_diagonal_dominant_random,181,0.05,float64,R2_C2,R0_C1,2000,2000,4.00311175048139,5.781999825705448,6.592294263828178,1.2169682232920622,1.6343326358326018,1.7572677475331122,0.9892799886315804,1.3298526496818692,1.4457266467248668,0.30929615420007034,0.25585383696345926,1.7461246798797778,2.44772580993439,0.966
1243,row_diagonal_dominant_random:2976d44433ad1387,row_diagonal_dominant_random,181,0.05,float64,R0_C0,R0_C1,2000,2000,1.0,1.0,1.0,1.0,1.0,1.0,1.0,1.0,1.0,nan,nan,0.0,0.0,0.0
1244,row_diagonal_dominant_random:8a85d76f30eb75a6,row_diagonal_dominant_random,181,0.02,float32,R1_C1,R0_C1,2000,2000,4.013722746471048,6.460597964888018,7.292661963529006,1.1687079263080968,1.6169885774401773,1.7779651688793938,0.9925482739993088,1.3052443047419293,1.4264154540057323,0.4456655298989722,0.3576817629204407,1.844210982276222,2.4753860516249797,0.974
1244,row_diagonal_dominant_random:8a85d76f30eb75a6,row_diagonal_dominant_random,181,0.02,float32,R2_C2,R0_C1,2000,2000,4.054580871289842,6.386818061981327,7.295684410357943,1.1791718106991622,1.6118386486281098,1.7738500969581952,0.9951970940044101,1.3344786706725236,1.4474446375501417,0.4157528657406497,0.32277991769497943,1.8388723254632104,2.4825494504393464,0.9755
1244,row_diagonal_dominant_random:8a85d76f30eb75a6,row_diagonal_dominant_random,181,0.02,float32,R0_C0,R0_C1,2000,2000,1.0,1.0,1.0,1.0,1.0,1.0,1.0,1.0,1.0,nan,nan,0.0,0.0,0.0
1244,row_diagonal_dominant_random:8a85d76f30eb75a6,row_diagonal_dominant_random,181,0.02,float64,R1_C1,R0_C1,2000,2000,4.02774910842669,5.87046025890078,6.6598455466204385,1.2508917276479612,1.680820296342189,1.8792421712029317,0.9964276644275771,1.3535199330808108,1.4648653308338986,0.3520183454903255,0.2961037415259354,1.7223706089131214,2.394094340937688,0.9565
1244,row_diagonal_dominant_random:8a85d76f30eb75a6,row_diagonal_dominant_random,181,0.02,float64,R2_C2,R0_C1,2000,2000,4.052609061845623,5.854613224266401,6.599853363248552,1.2588018833488719,1.6995134202771756,1.8573061965599782,1.003124585539854,1.3576321262578939,1.4770707302905657,0.3227224496482434,0.264605664151416,1.715873329071978,2.368882443689123,0.9465
1244,row_diagonal_dominant_random:8a85d76f30eb75a6,row_diagonal_dominant_random,181,0.02,float64,R0_C0,R0_C1,2000,2000,1.0,1.0,1.0,1.0,1.0,1.0,1.0,1.0,1.0,nan,nan,0.0,0.0,0.0
1245,row_diagonal_dominant_random:3cf57fa76b9a551c,row_diagonal_dominant_random,181,0.01,float32,R1_C1,R0_C1,2000,2000,4.12015182679413,6.5525648101054195,7.489826475689486,1.2057178098149053,1.6292241720397302,1.7656940166936141,0.9971960088979728,1.33218748024459,1.455220196239568,0.4553128639773358,0.37100951675237914,1.8539553875779193,2.4747701916654328,0.9785
1245,row_diagonal_dominant_random:3cf57fa76b9a551c,row_diagonal_dominant_random,181,0.01,float32,R2_C2,R0_C1,2000,2000,4.107005951637568,6.644506270601262,7.518102219574173,1.2043187009158438,1.6377386845206445,1.8203377823593385,0.9988477759518244,1.3364319449015438,1.4564611043647582,0.4553188812043645,0.37193802448450614,1.8549254407674711,2.4781789429115,0.967
1245,row_diagonal_dominant_random:3cf57fa76b9a551c,row_diagonal_dominant_random,181,0.01,float32,R0_C0,R0_C1,2000,2000,1.0,1.0,1.0,1.0,1.0,1.0,1.0,1.0,1.0,nan,nan,0.0,0.0,0.0
1245,row_diagonal_dominant_random:3cf57fa76b9a551c,row_diagonal_dominant_random,181,0.01,float64,R1_C1,R0_C1,2000,2000,4.093445250423191,6.012729930700386,6.960843163109034,1.2571474215329697,1.70169702961647,1.8637439613946285,0.9940838384268109,1.3334074703102012,1.4496599521306939,0.3928268696363163,0.3125760856440214,1.7194658195603743,2.3572659484965275,0.965
1245,row_diagonal_dominant_random:3cf57fa76b9a551c,row_diagonal_dominant_random,181,0.01,float64,R2_C2,R0_C1,2000,2000,4.094172743712577,5.995904869835486,6.745427123093997,1.2623582283702097,1.7022413493320032,1.8713099773150206,0.9894664574074361,1.3428395456063629,1.4500167764075476,0.3852647664421297,0.3267992151998038,1.725764354172679,2.378607621403913,0.959
1245,row_diagonal_dominant_random:3cf57fa76b9a551c,row_diagonal_dominant_random,181,0.01,float64,R0_C0,R0_C1,2000,2000,1.0,1.0,1.0,1.0,1.0,1.0,1.0,1.0,1.0,nan,nan,0.0,0.0,0.0
1246,row_diagonal_dominant_random:4cbd4f5958f010f8,row_diagonal_dominant_random,181,0.005,float32,R1_C1,R0_C1,2000,2000,4.033039416919716,6.607708015344481,7.586679277844629,1.1937814655944856,1.6701140464093862,1.8694145434715959,0.9861748679935609,1.3207269876373413,1.4486063749393885,0.45992431769161785,0.37417711104427775,1.831089631692152,2.4778285589882483,0.9665
1246,row_diagonal_dominant_random:4cbd4f5958f010f8,row_diagonal_dominant_random,181,0.005,float32,R2_C2,R0_C1,2000,2000,4.07892849369771,6.517244061463135,7.593781094050066,1.1902621936800648,1.6282789952966934,1.823311233589198,0.9938136754137618,1.311456941190877,1.4269691898339287,0.4655937761839175,0.38337431834357955,1.8418129393096632,2.453222877394067,0.9725
1246,row_diagonal_dominant_random:4cbd4f5958f010f8,row_diagonal_dominant_random,181,0.005,float32,R0_C0,R0_C1,2000,2000,1.0,1.0,1.0,1.0,1.0,1.0,1.0,1.0,1.0,nan,nan,0.0,0.0,0.0
1246,row_diagonal_dominant_random:4cbd4f5958f010f8,row_diagonal_dominant_random,181,0.005,float64,R1_C1,R0_C1,2000,2000,4.089325720035795,6.1042362055055275,6.888658315442302,1.2726204714239748,1.7327135417052117,1.9094109775818504,0.9863821601317255,1.349358275988373,1.4788637472545458,0.40664858227877126,0.35591711447927865,1.7110698476004704,2.3593656076864455,0.9585
1246,row_diagonal_dominant_random:4cbd4f5958f010f8,row_diagonal_dominant_random,181,0.005,float64,R2_C2,R0_C1,2000,2000,4.061036434686936,5.9273323037880905,6.661503265511439,1.2531608271923949,1.6979283880113427,1.89106573948177,0.9929965520361976,1.3297305466936011,1.4594984933171455,0.37721245337806286,0.3248177222044305,1.740114482279896,2.368791571259684,0.953
1246,row_diagonal_dominant_random:4cbd4f5958f010f8,row_diagonal_dominant_random,181,0.005,float64,R0_C0,R0_C1,2000,2000,1.0,1.0,1.0,1.0,1.0,1.0,1.0,1.0,1.0,nan,nan,0.0,0.0,0.0
1247,row_diagonal_dominant_random:9493eb0855127051,row_diagonal_dominant_random,181,0.002,float32,R1_C1,R0_C1,2000,2000,4.045882967138033,6.5762333694745445,7.402520042411198,1.2050675792570051,1.6438346025211994,1.8234790610077887,0.9974370857144768,1.3318354580380056,1.449087337999371,0.45250928108124544,0.3627425436856359,1.83083055512498,2.4689218736717593,0.9675
1247,row_diagonal_dominant_random:9493eb0855127051,row_diagonal_dominant_random,181,0.002,float32,R2_C2,R0_C1,2000,2000,4.000963843264967,6.481214969338743,7.53088565358949,1.1993130550027424,1.6220851812848047,1.8342799047756653,1.00000050749269,1.3406887980487103,1.4661174888722739,0.4571628526884093,0.3666957541739385,1.8234878759038713,2.4593738629876785,0.9605
1247,row_diagonal_dominant_random:9493eb0855127051,row_diagonal_dominant_random,181,0.002,float32,R0_C0,R0_C1,2000,2000,1.0,1.0,1.0,1.0,1.0,1.0,1.0,1.0,1.0,nan,nan,0.0,0.0,0.0
1247,row_diagonal_dominant_random:9493eb0855127051,row_diagonal_dominant_random,181,0.002,float64,R1_C1,R0_C1,2000,2000,4.103994954352904,5.9367437199939435,6.57457795910455,1.2627816310278588,1.712466715613219,1.8817989307428342,0.9969301410491012,1.322231337705972,1.4525239560634382,0.37940211508698973,0.318682932170733,1.7219954667896384,2.3810412230707274,0.964
1247,row_diagonal_dominant_random:9493eb0855127051,row_diagonal_dominant_random,181,0.002,float64,R2_C2,R0_C1,2000,2000,4.060524236207264,6.009909363212738,6.917488641819655,1.2656425484898324,1.7249581870246733,1.9115722414932876,0.9950057253261086,1.328576060060107,1.448120768533172,0.4508162226043608,0.37244740361185086,1.710052346278222,2.34795212733143,0.955
1247,row_diagonal_dominant_random:9493eb0855127051,row_diagonal_dominant_random,181,0.002,float64,R0_C0,R0_C1,2000,2000,1.0,1.0,1.0,1.0,1.0,1.0,1.0,1.0,1.0,nan,nan,0.0,0.0,0.0
1248,row_diagonal_dominant_random:c93186b88112adec,row_diagonal_dominant_random,181,0.001,float32,R1_C1,R0_C1,2000,2000,3.793898793204649,6.02289456697824,6.998883158246812,1.0932337533893628,1.5190983739869965,1.649326062671166,0.9297170837597221,1.2527810094511707,1.3645775858459135,0.3263270864695693,0.23291214272803568,1.869583824213271,2.6197444769328295,0.973
1248,row_diagonal_dominant_random:c93186b88112adec,row_diagonal_dominant_random,181,0.001,float32,R2_C2,R0_C1,2000,2000,3.8598545751734763,6.041123729056434,6.882793580403826,1.0997495812515115,1.5054268930866939,1.679938101108644,0.9220513914823617,1.2517650780483993,1.353014606194406,0.3475410977068743,0.25110049627512404,1.8976344511012424,2.604489207976877,0.9695
1248,row_diagonal_dominant_random:c93186b88112adec,row_diagonal_dominant_random,181,0.001,float32,R0_C0,R0_C1,2000,2000,1.0,1.0,1.0,1.0,1.0,1.0,1.0,1.0,1.0,nan,nan,0.0,0.0,0.0
1248,row_diagonal_dominant_random:c93186b88112adec,row_diagonal_dominant_random,181,0.001,float64,R1_C1,R0_C1,2000,2000,3.9066981500809046,5.532494101539533,6.277607849842277,1.1594147802967778,1.5520115220565456,1.7010311796730373,0.9234438028102382,1.2567321290402904,1.3584983343278154,0.32555148815242274,0.2969676592419148,1.7658972421948949,2.4732247535429797,0.9755
1248,row_diagonal_dominant_random:c93186b88112adec,row_diagonal_dominant_random,181,0.001,float64,R2_C2,R0_C1,2000,2000,3.9023111453484103,5.526954224797154,6.322562120056275,1.166931982311319,1.612007868452966,1.7886182237923918,0.9312119232595921,1.257327606227616,1.3718397404537968,0.3058253989942288,0.2537190754297689,1.7822742118455124,2.5058850078895145,0.965
1248,row_diagonal_dominant_random:c93186b88112adec,row_diagonal_dominant_random,181,0.001,float64,R0_C0,R0_C1,2000,2000,1.0,1.0,1.0,1.0,1.0,1.0,1.0,1.0,1.0,nan,nan,0.0,0.0,0.0
1269,row_diagonal_dominant_stochastic:021519ee0a19df7c,row_diagonal_dominant_stochastic,181,0.5,float32,R1_C1,R0_C1,2000,2000,3.3219373550158164,5.377454939433423,6.183813360333482,1.0251817676499795,1.359087314188293,1.4713456278865393,0.9989117473685234,1.3333127814194612,1.4482332823445774,0.0027858008531757962,0.009976973494243374,1.7368574005774096,2.7324301339870676,0.9365
1269,row_diagonal_dominant_stochastic:021519ee0a19df7c,row_diagonal_dominant_stochastic,181,0.5,float32,R2_C2,R0_C1,2000,2000,3.4203437432804664,5.461851431176798,6.078392521008172,1.025462329982834,1.349712407800607,1.4623929841283396,0.997600954995095,1.3342294730304036,1.4552142982893617,0.03292969785090621,0.021083991770997942,1.7631107867635911,2.710894529217574,0.936
1269,row_diagonal_dominant_stochastic:021519ee0a19df7c,row_diagonal_dominant_stochastic,181,0.5,float32,R0_C0,R0_C1,2000,2000,1.0,1.0,1.0,1.0,1.0,1.0,1.0,1.0,1.0,nan,nan,0.0,0.0,0.0
1269,row_diagonal_dominant_stochastic:021519ee0a19df7c,row_diagonal_dominant_stochastic,181,0.5,float64,R1_C1,R0_C1,2000,2000,3.4906118985638566,5.070913920319475,5.733377103050836,1.034457425806479,1.390440785396405,1.5138818114503083,0.992271977154757,1.358265279818321,1.4682346561776283,0.025575135677446077,0.014548215637053908,1.762178758604959,2.6181235302641386,0.949
1269,row_diagonal_dominant_stochastic:021519ee0a19df7c,row_diagonal_dominant_stochastic,181,0.5,float64,R2_C2,R0_C1,2000,2000,3.475136852134522,4.993040310410919,5.724156465977248,1.0350056380034993,1.3808005772503844,1.483770644932437,1.0096967167429542,1.3488860758331847,1.4629229102897814,0.04233907576709431,0.03366579991644998,1.7576065041835516,2.61993122139824,0.956
1269,row_diagonal_dominant_stochastic:021519ee0a19df7c,row_diagonal_dominant_stochastic,181,0.5,float64,R0_C0,R0_C1,2000,2000,1.0,1.0,1.0,1.0,1.0,1.0,1.0,1.0,1.0,nan,nan,0.0,0.0,0.0
1270,row_diagonal_dominant_stochastic:de30837b1853aaf8,row_diagonal_dominant_stochastic,181,0.3,float32,R1_C1,R0_C1,2000,2000,3.567546827511534,5.741057032368575,6.486126015427447,1.057203743737777,1.4044665325167083,1.5179713772818173,0.9938177341689127,1.3389142495755564,1.4444233733259533,0.12305361582640667,0.09807819201954801,1.813148172870633,2.6918753236941995,0.9595
1270,row_diagonal_dominant_stochastic:de30837b1853aaf8,row_diagonal_dominant_stochastic,181,0.3,float32,R2_C2,R0_C1,2000,2000,3.6045015498595174,5.575840552794786,6.426806084137542,1.0565141775626812,1.3917134623427427,1.50844671126627,0.9991236540974732,1.3279857895279266,1.4496263718793299,0.09072327921547808,0.05590786397696599,1.828630218351814,2.672893823363267,0.9575
1270,row_diagonal_dominant_stochastic:de30837b1853aaf8,row_diagonal_dominant_stochastic,181,0.3,float32,R0_C0,R0_C1,2000,2000,1.0,1.0,1.0,1.0,1.0,1.0,1.0,1.0,1.0,nan,nan,0.0,0.0,0.0
1270,row_diagonal_dominant_stochastic:de30837b1853aaf8,row_diagonal_dominant_stochastic,181,0.3,float64,R1_C1,R0_C1,2000,2000,3.742652916876853,5.355947509697812,5.982786544644583,1.0750557501763756,1.4210594722514889,1.5671372410806295,0.997736721298418,1.3514555686231495,1.4748586101951437,0.11012267546068885,0.09642971860742965,1.8127022702028137,2.6102114125273643,0.969
1270,row_diagonal_dominant_stochastic:de30837b1853aaf8,row_diagonal_dominant_stochastic,181,0.3,float64,R2_C2,R0_C1,2000,2000,3.751738462184038,5.468888699206993,6.141658867395051,1.078265106020572,1.4184833803970955,1.5294510263976833,1.0048321860845877,1.3383720185398056,1.4573573449329216,0.0720011791977573,0.05564743841185961,1.8159247920841497,2.6707790168364327,0.97
1270,row_diagonal_dominant_stochastic:de30837b1853aaf8,row_diagonal_dominant_stochastic,181,0.3,float64,R0_C0,R0_C1,2000,2000,1.0,1.0,1.0,1.0,1.0,1.0,1.0,1.0,1.0,nan,nan,0.0,0.0,0.0
1271,row_diagonal_dominant_stochastic:85d04ae4513fe85f,row_diagonal_dominant_stochastic,181,0.2,float32,R1_C1,R0_C1,2000,2000,3.440411651833239,5.399648295909409,6.069032546000111,1.0815666651078697,1.426533365798644,1.5572288373872563,0.9944418490230948,1.3199184802992177,1.44800808433703,0.2329941637522733,0.16380080895020221,1.738248362482905,2.5075699234010167,0.966
1271,row_diagonal_dominant_stochastic:85d04ae4513fe85f,row_diagonal_dominant_stochastic,181,0.2,float32,R2_C2,R0_C1,2000,2000,3.4317300728170435,5.4389312901093465,6.121047127643798,1.0820829508797731,1.4428610397715507,1.572462841603943,0.9944756480542604,1.3240666419497993,1.4344160703037818,0.21589974389347105,0.15339034134758534,1.7346162189815697,2.4810696485843446,0.9485
1271,row_diagonal_dominant_stochastic:85d04ae4513fe85f,row_diagonal_dominant_stochastic,181,0.2,float32,R0_C0,R0_C1,2000,2000,1.0,1.0,1.0,1.0,1.0,1.0,1.0,1.0,1.0,nan,nan,0.0,0.0,0.0
1271,row_diagonal_dominant_stochastic:85d04ae4513fe85f,row_diagonal_dominant_stochastic,181,0.2,float64,R1_C1,R0_C1,2000,2000,3.6134971091017247,5.025217549192658,5.606036875624803,1.1115966723839428,1.478308785468377,1.5867063700929527,0.9982429037237137,1.3409812438552546,1.4575611666978332,0.21643702699684347,0.15990108847527212,1.7474592969707725,2.39465975552409,0.9675
1271,row_diagonal_dominant_stochastic:85d04ae4513fe85f,row_diagonal_dominant_stochastic,181,0.2,float64,R2_C2,R0_C1,2000,2000,3.6422654399053123,5.147578726833191,5.753946494194554,1.1069296104697615,1.4860717776235322,1.6126647723170706,0.9949038389482716,1.3441283500644499,1.4686153197686014,0.20246484789884667,0.15819902304975575,1.7623933880701201,2.4181143452677984,0.9675
1271,row_diagonal_dominant_stochastic:85d04ae4513fe85f,row_diagonal_dominant_stochastic,181,0.2,float64,R0_C0,R0_C1,2000,2000,1.0,1.0,1.0,1.0,1.0,1.0,1.0,1.0,1.0,nan,nan,0.0,0.0,0.0
1272,row_diagonal_dominant_stochastic:0f7feef7c7880b20,row_diagonal_dominant_stochastic,181,0.1,float32,R1_C1,R0_C1,2000,2000,2.960236409229659,3.600524780309083,3.9630290704795708,1.3103962755791376,1.6817290026250082,1.8197437331902486,0.9893190962086051,1.3314108394605617,1.4451213530148241,0.4859702784671724,0.41102289375572343,1.198702327141775,1.6787977619073737,0.7875
1272,row_diagonal_dominant_stochastic:0f7feef7c7880b20,row_diagonal_dominant_stochastic,181,0.1,float32,R2_C2,R0_C1,2000,2000,2.979103924762419,3.6312506593110694,3.9388596761495105,1.3159749307670885,1.698955036010983,1.8602133673941859,0.9965087537547337,1.3232170147367555,1.44680321307559,0.49998720065990315,0.40277994919498733,1.2013647703395378,1.6743030908549106,0.789
1272,row_diagonal_dominant_stochastic:0f7feef7c7880b20,row_diagonal_dominant_stochastic,181,0.1,float32,R0_C0,R0_C1,2000,2000,1.0,1.0,1.0,1.0,1.0,1.0,1.0,1.0,1.0,nan,nan,0.0,0.0,0.0
1272,row_diagonal_dominant_stochastic:0f7feef7c7880b20,row_diagonal_dominant_stochastic,181,0.1,float64,R1_C1,R0_C1,2000,2000,3.294958611126016,3.9230864630540716,4.124627260591875,1.4920021922520987,1.8648586656292376,1.9898863663262816,0.9918120224381404,1.3392297590928373,1.4441052822044413,0.3480114819433641,0.29242024760506186,1.154627747421392,1.602320243333869,0.721
1272,row_diagonal_dominant_stochastic:0f7feef7c7880b20,row_diagonal_dominant_stochastic,181,0.1,float64,R2_C2,R0_C1,2000,2000,3.28426570448487,3.9156769311822726,4.169274072828692,1.495747534973269,1.89036963833151,2.0027363148161643,0.9969800928417264,1.3157336312648975,1.439013123248438,0.3596013045868663,0.3209931307482827,1.1511564974189286,1.6157135266558182,0.707
1272,row_diagonal_dominant_stochastic:0f7feef7c7880b20,row_diagonal_dominant_stochastic,181,0.1,float64,R0_C0,R0_C1,2000,2000,1.0,1.0,1.0,1.0,1.0,1.0,1.0,1.0,1.0,nan,nan,0.0,0.0,0.0
1273,row_diagonal_dominant_stochastic:0530909e2322226a,row_diagonal_dominant_stochastic,181,0.05,float32,R1_C1,R0_C1,2000,2000,2.880033287998339,3.3135307164245065,3.5028041976510633,2.2493608400235625,2.646965513743591,2.806777400308865,0.9872008483119545,1.3077467860072827,1.4139174933493317,0.6075222256118024,0.5991863142965785,0.35361326120480724,0.6911866744468617,0.002
1273,row_diagonal_dominant_stochastic:0530909e2322226a,row_diagonal_dominant_stochastic,181,0.05,float32,R2_C2,R0_C1,2000,2000,2.8918699030792645,3.3225034286472566,3.478584238654506,2.2522135874482316,2.677925715663094,2.838499605122959,0.9949466594658156,1.2965834010885915,1.4218836144680531,0.5824984227810116,0.5788928977232245,0.3535488055884234,0.6955960416104244,0.0035
1273,row_diagonal_dominant_stochastic:0530909e2322226a,row_diagonal_dominant_stochastic,181,0.05,float32,R0_C0,R0_C1,2000,2000,1.0,1.0,1.0,1.0,1.0,1.0,1.0,1.0,1.0,nan,nan,0.0,0.0,0.0
1273,row_diagonal_dominant_stochastic:0530909e2322226a,row_diagonal_dominant_stochastic,181,0.05,float64,R1_C1,R0_C1,2000,2000,3.1971642651533063,3.6944516356269856,3.839213095981495,2.5689029869181157,2.998453400982076,3.1367672153447876,0.9832049763419273,1.3099808607593362,1.419851235333935,0.5487669119247831,0.5502022240505561,0.31177061033072373,0.639572078299833,0.0025
1273,row_diagonal_dominant_stochastic:0530909e2322226a,row_diagonal_dominant_stochastic,181,0.05,float64,R2_C2,R0_C1,2000,2000,3.221348701895308,3.7310574261398277,3.8907413808331395,2.5796877390172215,3.039540511403811,3.185239372548919,0.999449555320436,1.3099244106603984,1.4133472380429462,0.5782137456534421,0.5862924055731014,0.3095353712907781,0.639674094995598,0.002
1273,row_diagonal_dominant_stochastic:0530909e2322226a,row_diagonal_dominant_stochastic,181,0.05,float64,R0_C0,R0_C1,2000,2000,1.0,1.0,1.0,1.0,1.0,1.0,1.0,1.0,1.0,nan,nan,0.0,0.0,0.0
1274,row_diagonal_dominant_stochastic:f5393029996d2c29,row_diagonal_dominant_stochastic,181,0.02,float32,R1_C1,R0_C1,2000,2000,2.733959412808046,3.0406093359020536,3.1304230648394022,2.2283329225079918,2.486899755628017,2.574220904434935,1.0199046637100286,1.1762800231201225,1.2337663359481894,0.7857548704373684,0.789190364297591,0.2938394171755282,0.40733318970645527,0.0
1274,row_diagonal_dominant_stochastic:f5393029996d2c29,row_diagonal_dominant_stochastic,181,0.02,float32,R2_C2,R0_C1,2000,2000,2.7460390834325086,3.0525853801847047,3.1686453099551315,2.237877810668436,2.4993020703400823,2.5846065223183703,1.0098008479034455,1.1642154528271456,1.2163082211483869,0.7959095578550598,0.8027010731752683,0.293239215748398,0.4098820407319022,0.0
1274,row_diagonal_dominant_stochastic:f5393029996d2c29,row_diagonal_dominant_stochastic,181,0.02,float32,R0_C0,R0_C1,2000,2000,1.0,1.0,1.0,1.0,1.0,1.0,1.0,1.0,1.0,nan,nan,0.0,0.0,0.0
1274,row_diagonal_dominant_stochastic:f5393029996d2c29,row_diagonal_dominant_stochastic,181,0.02,float64,R1_C1,R0_C1,2000,2000,3.038825531400045,3.4815605634246336,3.612781593012041,2.5207584575605244,2.8361058876107084,2.9337218036141213,1.0200904706606342,1.1779462646733603,1.2397690098893968,0.8396996624440165,0.8473204188301047,0.270697433011182,0.39802197754937385,0.0
1274,row_diagonal_dominant_stochastic:f5393029996d2c29,row_diagonal_dominant_stochastic,181,0.02,float64,R2_C2,R0_C1,2000,2000,3.0566489430248898,3.514830797206913,3.6588335150596167,2.5237624230925526,2.856638401043015,2.9723713228231983,1.014529008900554,1.1729612670920415,1.2359802009164826,0.8494902132633944,0.8560697155174289,0.27330692549243774,0.3969089990761581,0.0
1274,row_diagonal_dominant_stochastic:f5393029996d2c29,row_diagonal_dominant_stochastic,181,0.02,float64,R0_C0,R0_C1,2000,2000,1.0,1.0,1.0,1.0,1.0,1.0,1.0,1.0,1.0,nan,nan,0.0,0.0,0.0
1275,row_diagonal_dominant_stochastic:0d717c35c3b2f62d,row_diagonal_dominant_stochastic,181,0.01,float32,R1_C1,R0_C1,2000,2000,2.6523005361069574,2.93719245755543,3.0390539332195163,2.1046760147366883,2.3381511950447798,2.414825432995308,1.0185512715382121,1.1247288577169234,1.156805934612389,0.8030093988038614,0.7860032835008208,0.33305271419314775,0.4594393452570183,0.0
1275,row_diagonal_dominant_stochastic:0d717c35c3b2f62d,row_diagonal_dominant_stochastic,181,0.01,float32,R2_C2,R0_C1,2000,2000,2.678286903224639,2.9692439726366353,3.055273050876876,2.11670664961031,2.362055678163776,2.428537464623608,1.0162572724089058,1.12144541773931,1.1565003916840702,0.7967696012758679,0.7893023288255822,0.3346281241506577,0.46292672507835864,0.0
1275,row_diagonal_dominant_stochastic:0d717c35c3b2f62d,row_diagonal_dominant_stochastic,181,0.01,float32,R0_C0,R0_C1,2000,2000,1.0,1.0,1.0,1.0,1.0,1.0,1.0,1.0,1.0,nan,nan,0.0,0.0,0.0
1275,row_diagonal_dominant_stochastic:0d717c35c3b2f62d,row_diagonal_dominant_stochastic,181,0.01,float64,R1_C1,R0_C1,2000,2000,2.8992912204796744,3.352044300579485,3.4745810054730772,2.3370635980947276,2.6225714853001736,2.72000053237017,1.017447807982903,1.125574124779091,1.15455869791958,0.8373315278561586,0.831582188395547,0.31073525181313044,0.4579167235324968,0.0
1275,row_diagonal_dominant_stochastic:0d717c35c3b2f62d,row_diagonal_dominant_stochastic,181,0.01,float64,R2_C2,R0_C1,2000,2000,2.904389291016143,3.3538738296856407,3.5002174418165635,2.338562523349556,2.634703512662709,2.746400485314455,1.0157600126507609,1.1243178962059537,1.1485678189184356,0.8365772411506333,0.8287343116835779,0.3143342358683696,0.4586930357461873,0.0
1275,row_diagonal_dominant_stochastic:0d717c35c3b2f62d,row_diagonal_dominant_stochastic,181,0.01,float64,R0_C0,R0_C1,2000,2000,1.0,1.0,1.0,1.0,1.0,1.0,1.0,1.0,1.0,nan,nan,0.0,0.0,0.0
1276,row_diagonal_dominant_stochastic:6bb9c9b7e1526958,row_diagonal_dominant_stochastic,181,0.005,float32,R1_C1,R0_C1,2000,2000,2.544116530594412,2.823831998242588,2.900574938322429,1.9350494600236594,2.147973838065238,2.212246475997798,1.0164848410573266,1.1240883582968537,1.1587053933004214,0.7336510645276181,0.7232610293152574,0.39573860481158607,0.5370120240911348,0.0
1276,row_diagonal_dominant_stochastic:6bb9c9b7e1526958,row_diagonal_dominant_stochastic,181,0.005,float32,R2_C2,R0_C1,2000,2000,2.557726534842252,2.8323357075700435,2.9157183880667947,1.9397525374209161,2.1493052368334102,2.2151464985148928,1.0118214778768357,1.1201763318717115,1.1473066132413716,0.7308806359943631,0.7149198047299512,0.3957655529120424,0.5361335581526306,0.0
1276,row_diagonal_dominant_stochastic:6bb9c9b7e1526958,row_diagonal_dominant_stochastic,181,0.005,float32,R0_C0,R0_C1,2000,2000,1.0,1.0,1.0,1.0,1.0,1.0,1.0,1.0,1.0,nan,nan,0.0,0.0,0.0
1276,row_diagonal_dominant_stochastic:6bb9c9b7e1526958,row_diagonal_dominant_stochastic,181,0.005,float64,R1_C1,R0_C1,2000,2000,2.708334918670352,3.1318543556298213,3.255990002734113,2.1008681216499996,2.3659535256146804,2.4400508639841716,1.0156479248990933,1.1205915091065388,1.151488851284523,0.801017080137843,0.7843520050880013,0.3643545082589569,0.5280422925648237,0.0
1276,row_diagonal_dominant_stochastic:6bb9c9b7e1526958,row_diagonal_dominant_stochastic,181,0.005,float64,R2_C2,R0_C1,2000,2000,2.7189057660028544,3.182127659657585,3.312924099509557,2.116513342401329,2.387000156891279,2.4635976567721203,1.0150101204833717,1.1223681714090508,1.1532425903090258,0.8094464699514248,0.79805995951499,0.3637782769151626,0.524398004869906,0.0
1276,row_diagonal_dominant_stochastic:6bb9c9b7e1526958,row_diagonal_dominant_stochastic,181,0.005,float64,R0_C0,R0_C1,2000,2000,1.0,1.0,1.0,1.0,1.0,1.0,1.0,1.0,1.0,nan,nan,0.0,0.0,0.0
1277,row_diagonal_dominant_stochastic:103e29b8022442fa,row_diagonal_dominant_stochastic,181,0.002,float32,R1_C1,R0_C1,2000,2000,2.359873538771601,2.62670682982648,2.6983365743856025,1.6949200065067394,1.878377292799553,1.9393300722705986,1.0035030146041337,1.1094752349993449,1.1469994856273933,0.6606243644494704,0.6387555546888887,0.47909415054778265,0.6464907187131568,0.0
1277,row_diagonal_dominant_stochastic:103e29b8022442fa,row_diagonal_dominant_stochastic,181,0.002,float32,R2_C2,R0_C1,2000,2000,2.3807590455914447,2.6478086484973615,2.728281090339471,1.701780788907009,1.8882446768256664,1.9469395454478042,1.0025869745606255,1.1078734744758567,1.1386125228286428,0.6798089702207912,0.6596404589101147,0.48050296423263433,0.6375395875757315,0.0
1277,row_diagonal_dominant_stochastic:103e29b8022442fa,row_diagonal_dominant_stochastic,181,0.002,float32,R0_C0,R0_C1,2000,2000,1.0,1.0,1.0,1.0,1.0,1.0,1.0,1.0,1.0,nan,nan,0.0,0.0,0.0
1277,row_diagonal_dominant_stochastic:103e29b8022442fa,row_diagonal_dominant_stochastic,181,0.002,float64,R1_C1,R0_C1,2000,2000,2.4147083198739745,2.8156258420255806,2.93209516094627,1.7896343361590366,2.0164127195105856,2.071201969858378,1.0068251153705998,1.114721751654871,1.1416707026759523,0.7476359368267719,0.7361580895395224,0.4325423369597723,0.6155427184347224,0.0
1277,row_diagonal_dominant_stochastic:103e29b8022442fa,row_diagonal_dominant_stochastic,181,0.002,float64,R2_C2,R0_C1,2000,2000,2.4238916778547104,2.8452375495476656,2.986945388822675,1.801441551265762,2.0196995050795974,2.0807050287748177,1.006008324567807,1.1072976954474272,1.140205147742234,0.7474616576882526,0.733862971965743,0.43053019094724465,0.623282603225974,0.0
1277,row_diagonal_dominant_stochastic:103e29b8022442fa,row_diagonal_dominant_stochastic,181,0.002,float64,R0_C0,R0_C1,2000,2000,1.0,1.0,1.0,1.0,1.0,1.0,1.0,1.0,1.0,nan,nan,0.0,0.0,0.0
1278,row_diagonal_dominant_stochastic:3f149f338e70104c,row_diagonal_dominant_stochastic,181,0.001,float32,R1_C1,R0_C1,2000,2000,2.240974235542116,2.498834008832773,2.5887622467278275,1.5723883847501459,1.74349451075361,1.7908811388616277,1.0064283644312304,1.1091388043632702,1.142517895857239,0.6439891841987145,0.615635492408873,0.5060411264134661,0.6826404842330343,0.0
1278,row_diagonal_dominant_stochastic:3f149f338e70104c,row_diagonal_dominant_stochastic,181,0.001,float32,R2_C2,R0_C1,2000,2000,2.2479177387332365,2.5245630373739902,2.6038033209872786,1.5769990044369344,1.7497890307840407,1.798470782976272,1.004698154329569,1.1106613035942248,1.1422529778869999,0.6382456484428819,0.621971787992947,0.5047687257408333,0.6820357775988886,0.0
1278,row_diagonal_dominant_stochastic:3f149f338e70104c,row_diagonal_dominant_stochastic,181,0.001,float32,R0_C0,R0_C1,2000,2000,1.0,1.0,1.0,1.0,1.0,1.0,1.0,1.0,1.0,nan,nan,0.0,0.0,0.0
1278,row_diagonal_dominant_stochastic:3f149f338e70104c,row_diagonal_dominant_stochastic,181,0.001,float64,R1_C1,R0_C1,2000,2000,2.2192556978497384,2.609919719299552,2.7195014686168535,1.6366605346538523,1.8233604489721005,1.8758034839941626,1.0084546326324166,1.1092277576149896,1.143416402694531,0.7127777349882147,0.7002411010602753,0.4475797598903445,0.6538136294515344,0.0
1278,row_diagonal_dominant_stochastic:3f149f338e70104c,row_diagonal_dominant_stochastic,181,0.001,float64,R2_C2,R0_C1,2000,2000,2.2327942167786734,2.645356994557157,2.7662746395645965,1.6407294135055244,1.8345288081803965,1.896276733875133,1.0090435936992779,1.1081162049846083,1.1373871887657672,0.7119456688447504,0.6977255224313805,0.4496444823629774,0.6542003194132281,0.0
1278,row_diagonal_dominant_stochastic:3f149f338e70104c,row_diagonal_dominant_stochastic,181,0.001,float64,R0_C0,R0_C1,2000,2000,1.0,1.0,1.0,1.0,1.0,1.0,1.0,1.0,1.0,nan,nan,0.0,0.0,0.0
1368,row_diagonal_dominant_random:93e6f52ebdb3ac55,row_diagonal_dominant_random,256,0.5,float32,R1_C1,R0_C1,2000,2000,3.2025848040099016,3.995118471712803,4.354400131103432,1.0308781502822655,1.3600412796949326,1.4599943164461442,1.0039665984860011,1.3264388012615187,1.4394692453980409,0.005218878884325256,0.003499104874776218,1.6395073528933124,2.3058076864595165,0.953
1368,row_diagonal_dominant_random:93e6f52ebdb3ac55,row_diagonal_dominant_random,256,0.5,float32,R2_C2,R0_C1,2000,2000,3.175605142901879,4.007201404860764,4.30255378554282,1.0188180484946234,1.354887467348664,1.4532044192385754,0.994009022660395,1.3221020244765807,1.4317539314915688,0.01604815091356734,0.011622473905618476,1.6601642458718744,2.276975424685946,0.947
1368,row_diagonal_dominant_random:93e6f52ebdb3ac55,row_diagonal_dominant_random,256,0.5,float32,R0_C0,R0_C1,2000,2000,1.0,1.0,1.0,1.0,1.0,1.0,1.0,1.0,1.0,nan,nan,0.0,0.0,0.0
1368,row_diagonal_dominant_random:93e6f52ebdb3ac55,row_diagonal_dominant_random,256,0.5,float64,R1_C1,R0_C1,2000,2000,3.9010207122935316,5.091647392332672,5.431992684016582,1.038096438428005,1.360896473824593,1.473052509951525,1.0060448367064785,1.325235759645111,1.4302151224648916,0.014110287964238815,0.010718539179634796,1.9240541269990734,2.6016366812291767,0.9865
1368,row_diagonal_dominant_random:93e6f52ebdb3ac55,row_diagonal_dominant_random,256,0.5,float64,R2_C2,R0_C1,2000,2000,3.944554905261361,5.133178899333091,5.476378773605394,1.0263017302794848,1.376380542849761,1.49554110506977,0.999710297486312,1.3452951908571695,1.4559680324506727,-0.011908375791873782,-0.008644692661173166,1.9400293256061372,2.614871077563342,0.983
1368,row_diagonal_dominant_random:93e6f52ebdb3ac55,row_diagonal_dominant_random,256,0.5,float64,R0_C0,R0_C1,2000,2000,1.0,1.0,1.0,1.0,1.0,1.0,1.0,1.0,1.0,nan,nan,0.0,0.0,0.0
1369,row_diagonal_dominant_random:03e59f7215597618,row_diagonal_dominant_random,256,0.3,float32,R1_C1,R0_C1,2000,2000,3.4502727616840714,4.309432470548268,4.613186170802226,1.0447046905758597,1.362700771724878,1.4558542370351333,1.0099687513398252,1.3252538704982855,1.436179956582075,0.011029503179748426,0.011080291270072817,1.735461737349837,2.3880464751294785,0.975
1369,row_diagonal_dominant_random:03e59f7215597618,row_diagonal_dominant_random,256,0.3,float32,R2_C2,R0_C1,2000,2000,3.448879086191093,4.357175477657655,4.637426170786357,1.0404503095883908,1.3588671807411357,1.4600013592543302,1.0082090806474404,1.306373947575225,1.4111681254408264,-0.008951394435832411,-0.01024649956162489,1.7439745824133182,2.3999449576911767,0.976
1369,row_diagonal_dominant_random:03e59f7215597618,row_diagonal_dominant_random,256,0.3,float32,R0_C0,R0_C1,2000,2000,1.0,1.0,1.0,1.0,1.0,1.0,1.0,1.0,1.0,nan,nan,0.0,0.0,0.0
1369,row_diagonal_dominant_random:03e59f7215597618,row_diagonal_dominant_random,256,0.3,float64,R1_C1,R0_C1,2000,2000,4.27926921361388,5.553658990735631,5.983824566045931,1.0622573816997,1.389557562184564,1.5037399680373353,0.9996798111513892,1.3342133787655863,1.4558699165771007,0.08065312881200448,0.07017113654278415,2.000064153820203,2.666744438315666,0.995
1369,row_diagonal_dominant_random:03e59f7215597618,row_diagonal_dominant_random,256,0.3,float64,R2_C2,R0_C1,2000,2000,4.244347683611732,5.5551804474212165,6.042027790790005,1.0599869307998655,1.391992961345785,1.4917381472109914,1.0074107146344948,1.3370979353588701,1.433779454248117,0.05563297332987642,0.053245267311316825,2.011441991549794,2.6808715746471425,0.9955
1369,row_diagonal_dominant_random:03e59f7215597618,row_diagonal_dominant_random,256,0.3,float64,R0_C0,R0_C1,2000,2000,1.0,1.0,1.0,1.0,1.0,1.0,1.0,1.0,1.0,nan,nan,0.0,0.0,0.0
1370,row_diagonal_dominant_random:c6616c01f005a03d,row_diagonal_dominant_random,256,0.2,float32,R1_C1,R0_C1,2000,2000,3.6039999976600012,4.4593596833331315,4.766994007111295,1.043950602932383,1.3569312665398425,1.448492046557721,0.9943342676943805,1.2918777442592306,1.3992718117984244,0.044690889841598976,0.039857958964489744,1.779062598011185,2.418612887642383,0.984
1370,row_diagonal_dominant_random:c6616c01f005a03d,row_diagonal_dominant_random,256,0.2,float32,R2_C2,R0_C1,2000,2000,3.570951769611349,4.521740562460329,4.837286973055898,1.0439418348856435,1.3853020047220255,1.4742884740624804,0.9881847898430811,1.3023369831571139,1.4069879157351555,0.0009757702251902771,-0.01495204123801031,1.7750988934328829,2.4239815893529166,0.9825
1370,row_diagonal_dominant_random:c6616c01f005a03d,row_diagonal_dominant_random,256,0.2,float32,R0_C0,R0_C1,2000,2000,1.0,1.0,1.0,1.0,1.0,1.0,1.0,1.0,1.0,nan,nan,0.0,0.0,0.0
1370,row_diagonal_dominant_random:c6616c01f005a03d,row_diagonal_dominant_random,256,0.2,float64,R1_C1,R0_C1,2000,2000,4.383763290246546,5.736785245672902,6.1953674322517935,1.0911750033528564,1.4450522309491183,1.5650583958382698,0.9927513494309947,1.3151327958210597,1.447803182458104,0.04805603613741443,0.03386598096649524,2.001847726896009,2.687986625401073,0.992
1370,row_diagonal_dominant_random:c6616c01f005a03d,row_diagonal_dominant_random,256,0.2,float64,R2_C2,R0_C1,2000,2000,4.417763700276446,5.71694466484873,6.208915804027471,1.0921117049648115,1.411120441532901,1.5207004857843862,0.9984525262893167,1.3241066030633588,1.4507559067137128,0.0627486508608835,0.05522993280748321,2.017872882610428,2.6912593625917878,0.9945
1370,row_diagonal_dominant_random:c6616c01f005a03d,row_diagonal_dominant_random,256,0.2,float64,R0_C0,R0_C1,2000,2000,1.0,1.0,1.0,1.0,1.0,1.0,1.0,1.0,1.0,nan,nan,0.0,0.0,0.0
1371,row_diagonal_dominant_random:85f3946f6e4679ec,row_diagonal_dominant_random,256,0.1,float32,R1_C1,R0_C1,2000,2000,3.716602759020439,4.666129588352082,4.929201375143895,1.0859510983372815,1.4144534694435549,1.5037019374790996,1.0114767282803407,1.3322127230267584,1.4231658715938842,0.02347980897504988,0.012004423501105874,1.7827866997004875,2.423691026452095,0.986
1371,row_diagonal_dominant_random:85f3946f6e4679ec,row_diagonal_dominant_random,256,0.1,float32,R2_C2,R0_C1,2000,2000,3.7452198012750757,4.704743479725285,5.001083664941819,1.0979155140536767,1.4301607697942014,1.5366738617551245,1.0116008891191313,1.3324263273242307,1.4310636718862062,0.01844632964212979,0.021828446457111614,1.7838198307907216,2.440623031145876,0.984
1371,row_diagonal_dominant_random:85f3946f6e4679ec,row_diagonal_dominant_random,256,0.1,float32,R0_C0,R0_C1,2000,2000,1.0,1.0,1.0,1.0,1.0,1.0,1.0,1.0,1.0,nan,nan,0.0,0.0,0.0
1371,row_diagonal_dominant_random:85f3946f6e4679ec,row_diagonal_dominant_random,256,0.1,float64,R1_C1,R0_C1,2000,2000,4.596388785977133,6.0426411724079525,6.49657014205795,1.1441640473608974,1.4896530391448708,1.5913978324280842,0.9947912260296495,1.3168740265635046,1.4191969490856207,0.12219049591206353,0.11687780471945118,2.0166893642507544,2.661036113605552,0.992
1371,row_diagonal_dominant_random:85f3946f6e4679ec,row_diagonal_dominant_random,256,0.1,float64,R2_C2,R0_C1,2000,2000,4.578362863029142,5.947258657812835,6.401102207926098,1.1387496952852696,1.4812028133377342,1.5672910157856845,0.9989910841591976,1.2947230395805753,1.3924492798173047,0.044086706320602166,0.0332549768137442,2.0026211898934516,2.683486285130906,0.996
1371,row_diagonal_dominant_random:85f3946f6e4679ec,row_diagonal_dominant_random,256,0.1,float64,R0_C0,R0_C1,2000,2000,1.0,1.0,1.0,1.0,1.0,1.0,1.0,1.0,1.0,nan,nan,0.0,0.0,0.0
1372,row_diagonal_dominant_random:2976d44433ad1387,row_diagonal_dominant_random,256,0.05,float32,R1_C1,R0_C1,2000,2000,3.794545425105133,4.76164376182531,5.108313911962532,1.102706171557357,1.4345832482890526,1.548786231519098,0.9927801381648571,1.33421001598107,1.4384600939961933,-0.015114576118725187,-0.01780413595103399,1.783890967710065,2.44066518953075,0.985
1372,row_diagonal_dominant_random:2976d44433ad1387,row_diagonal_dominant_random,256,0.05,float32,R2_C2,R0_C1,2000,2000,3.7610074259849684,4.722443339797234,5.102483576909219,1.1036950746772856,1.439364540513285,1.5399295539877034,0.9995206737357076,1.3257399265747336,1.4258083851453163,0.06460195787128213,0.053706629926657486,1.780916087840029,2.4169508128577717,0.986
1372,row_diagonal_dominant_random:2976d44433ad1387,row_diagonal_dominant_random,256,0.05,float32,R0_C0,R0_C1,2000,2000,1.0,1.0,1.0,1.0,1.0,1.0,1.0,1.0,1.0,nan,nan,0.0,0.0,0.0
1372,row_diagonal_dominant_random:2976d44433ad1387,row_diagonal_dominant_random,256,0.05,float64,R1_C1,R0_C1,2000,2000,4.651668242004511,6.021836223816066,6.4764794864910895,1.166974419748982,1.537900481762702,1.6571162616275534,0.9896024612313361,1.3324035719679046,1.4383817309713387,0.0984625498231067,0.0923033735758434,2.0015959756429376,2.6350636884483114,0.9945
1372,row_diagonal_dominant_random:2976d44433ad1387,row_diagonal_dominant_random,256,0.05,float64,R2_C2,R0_C1,2000,2000,4.600431829769933,5.988524372353766,6.573237204738351,1.1731241430152854,1.5451671301243002,1.6541473237600597,1.0079677765241724,1.3095596280634816,1.4209191844865956,0.11883606459955628,0.10174430843607711,1.978614796449881,2.6070272558313605,0.992
1372,row_diagonal_dominant_random:2976d44433ad1387,row_diagonal_dominant_random,256,0.05,float64,R0_C0,R0_C1,2000,2000,1.0,1.0,1.0,1.0,1.0,1.0,1.0,1.0,1.0,nan,nan,0.0,0.0,0.0
1373,row_diagonal_dominant_random:8a85d76f30eb75a6,row_diagonal_dominant_random,256,0.02,float32,R1_C1,R0_C1,2000,2000,3.819322672220924,4.806148134225391,5.112968055318834,1.094916368827807,1.4317367195473862,1.5547891176636182,0.9939507387049422,1.2915204769094313,1.4101579831893345,0.026653026509799845,0.0179812139953035,1.8011375420123388,2.431885210397314,0.9835
1373,row_diagonal_dominant_random:8a85d76f30eb75a6,row_diagonal_dominant_random,256,0.02,float32,R2_C2,R0_C1,2000,2000,3.8324029042989456,4.743129423079126,5.0622324464571795,1.1006135787650644,1.4564798208821623,1.6015272819977524,0.9922241031093618,1.295607164905049,1.4222511964934386,0.018755851067522564,0.00416268104067026,1.8049575505328446,2.414695837971942,0.9845
1373,row_diagonal_dominant_random:8a85d76f30eb75a6,row_diagonal_dominant_random,256,0.02,float32,R0_C0,R0_C1,2000,2000,1.0,1.0,1.0,1.0,1.0,1.0,1.0,1.0,1.0,nan,nan,0.0,0.0,0.0
1373,row_diagonal_dominant_random:8a85d76f30eb75a6,row_diagonal_dominant_random,256,0.02,float64,R1_C1,R0_C1,2000,2000,4.615452091164677,5.994879304587798,6.481091226322516,1.1876253575745763,1.5434145560482675,1.6730562374161542,0.9972763851187718,1.3138259813450084,1.4100948114817493,0.10177053832196072,0.0905522656380664,1.9439927245273672,2.600411313794514,0.993
1373,row_diagonal_dominant_random:8a85d76f30eb75a6,row_diagonal_dominant_random,256,0.02,float64,R2_C2,R0_C1,2000,2000,4.642579715726399,6.041528302736437,6.506789645836842,1.20905756310517,1.5527180570882917,1.6690163404263296,0.9951013459973752,1.3170058723929983,1.414177200395196,0.10199441465983491,0.09311520227880056,1.9635692889998966,2.61806320842273,0.9915
1373,row_diagonal_dominant_random:8a85d76f30eb75a6,row_diagonal_dominant_random,256,0.02,float64,R0_C0,R0_C1,2000,2000,1.0,1.0,1.0,1.0,1.0,1.0,1.0,1.0,1.0,nan,nan,0.0,0.0,0.0
1374,row_diagonal_dominant_random:3cf57fa76b9a551c,row_diagonal_dominant_random,256,0.01,float32,R1_C1,R0_C1,2000,2000,3.8427749721187805,4.796048955395658,5.125098672946563,1.1274819031164824,1.4687874468223077,1.5981040460498446,1.0000411873094701,1.3208478088124995,1.418887348774975,0.04757798065171764,0.04213590903397726,1.7830798608637148,2.4051794131022795,0.9835
1374,row_diagonal_dominant_random:3cf57fa76b9a551c,row_diagonal_dominant_random,256,0.01,float32,R2_C2,R0_C1,2000,2000,3.8328118821747017,4.773561605796522,5.107694949379945,1.1183371900853245,1.466046167391134,1.578556407783744,1.0001954916351656,1.3184978358466155,1.4058981092349245,0.0313617800686868,0.00943354735838684,1.7897131215295254,2.391079643114944,0.9825
1374,row_diagonal_dominant_random:3cf57fa76b9a551c,row_diagonal_dominant_random,256,0.01,float32,R0_C0,R0_C1,2000,2000,1.0,1.0,1.0,1.0,1.0,1.0,1.0,1.0,1.0,nan,nan,0.0,0.0,0.0
1374,row_diagonal_dominant_random:3cf57fa76b9a551c,row_diagonal_dominant_random,256,0.01,float64,R1_C1,R0_C1,2000,2000,4.66998766364118,6.1605649946364185,6.65996011575343,1.2126310021561577,1.6058572942205924,1.7357919071665004,0.9977701959041243,1.322415491583693,1.4139984088515503,0.14362155611512142,0.12645075911268974,1.950990981032497,2.598755385648488,0.9925
1374,row_diagonal_dominant_random:3cf57fa76b9a551c,row_diagonal_dominant_random,256,0.01,float64,R2_C2,R0_C1,2000,2000,4.716138407234248,6.141954614722462,6.620550485125351,1.212773604187812,1.585279267985958,1.7131961385680727,1.0003905765833971,1.3192363272415075,1.4409008253003646,0.17133809771608655,0.16973712643428163,1.969886403862676,2.5851877672829735,0.9885
1374,row_diagonal_dominant_random:3cf57fa76b9a551c,row_diagonal_dominant_random,256,0.01,float64,R0_C0,R0_C1,2000,2000,1.0,1.0,1.0,1.0,1.0,1.0,1.0,1.0,1.0,nan,nan,0.0,0.0,0.0
1375,row_diagonal_dominant_random:4cbd4f5958f010f8,row_diagonal_dominant_random,256,0.005,float32,R1_C1,R0_C1,2000,2000,3.836627101710671,4.786167029885821,5.165772615101996,1.1091484691054974,1.4759311114925175,1.6069715708204648,0.9930519652014194,1.3021308231995383,1.4053937149754474,0.06344191544988109,0.04159402489850622,1.7915856592188129,2.408137847160323,0.982
1375,row_diagonal_dominant_random:4cbd4f5958f010f8,row_diagonal_dominant_random,256,0.005,float32,R2_C2,R0_C1,2000,2000,3.8451902934945172,4.7926811705024255,5.151930121924596,1.113777864527857,1.4777795869216066,1.5938836561191345,0.9865371029201127,1.3357022823622438,1.4543848718840802,0.060548784368890864,0.053492830373207595,1.789817606547159,2.412273143315187,0.98
1375,row_diagonal_dominant_random:4cbd4f5958f010f8,row_diagonal_dominant_random,256,0.005,float32,R0_C0,R0_C1,2000,2000,1.0,1.0,1.0,1.0,1.0,1.0,1.0,1.0,1.0,nan,nan,0.0,0.0,0.0
1375,row_diagonal_dominant_random:4cbd4f5958f010f8,row_diagonal_dominant_random,256,0.005,float64,R1_C1,R0_C1,2000,2000,4.678352678519614,6.065522188584834,6.576797081200032,1.2263612496532215,1.6002769675860384,1.6953985726428593,1.0063310990646883,1.3155973684877331,1.4175769784586014,0.17463749485090715,0.14639580809895203,1.9210224117428045,2.5643563126360265,0.992
1375,row_diagonal_dominant_random:4cbd4f5958f010f8,row_diagonal_dominant_random,256,0.005,float64,R2_C2,R0_C1,2000,2000,4.675228019935408,6.238915449553217,6.801195618516834,1.2277605921696944,1.5887274565247027,1.6943446327245595,1.0120358268521048,1.3177976959137605,1.4353361239629985,0.15876071948460807,0.14815902853975713,1.9387671565336806,2.597676617833518,0.99
1375,row_diagonal_dominant_random:4cbd4f5958f010f8,row_diagonal_dominant_random,256,0.005,float64,R0_C0,R0_C1,2000,2000,1.0,1.0,1.0,1.0,1.0,1.0,1.0,1.0,1.0,nan,nan,0.0,0.0,0.0
1376,row_diagonal_dominant_random:9493eb0855127051,row_diagonal_dominant_random,256,0.002,float32,R1_C1,R0_C1,2000,2000,3.837707639529972,4.782707298894871,5.145949807183441,1.1195881124392617,1.4821477270296803,1.6013720227822483,1.0054255147326718,1.3155253985194615,1.4272587918834494,0.036198138483422994,0.028308035577008894,1.7963207517538815,2.3973917177513284,0.9755
1376,row_diagonal_dominant_random:9493eb0855127051,row_diagonal_dominant_random,256,0.002,float32,R2_C2,R0_C1,2000,2000,3.8315041165023986,4.853856902063178,5.190953604044773,1.1161789417873882,1.4786502951610092,1.5886094360120244,0.9993638425047349,1.3154953755039018,1.4214346093916606,0.04636654597793832,0.041072974268243564,1.796575546619103,2.40215709643348,0.984
1376,row_diagonal_dominant_random:9493eb0855127051,row_diagonal_dominant_random,256,0.002,float32,R0_C0,R0_C1,2000,2000,1.0,1.0,1.0,1.0,1.0,1.0,1.0,1.0,1.0,nan,nan,0.0,0.0,0.0
1376,row_diagonal_dominant_random:9493eb0855127051,row_diagonal_dominant_random,256,0.002,float64,R1_C1,R0_C1,2000,2000,4.685360180458066,6.076599096989257,6.552927369064471,1.2186439254758976,1.5952074146731983,1.7361261161818362,0.9964843044377676,1.3153852665953942,1.4294619922808462,0.1403197795165159,0.12424543606135903,1.941351807804141,2.5583419981250373,0.992
1376,row_diagonal_dominant_random:9493eb0855127051,row_diagonal_dominant_random,256,0.002,float64,R2_C2,R0_C1,2000,2000,4.676626376432058,6.089479057884561,6.506470713904774,1.2251781771724026,1.5996159260405516,1.7235672285151837,0.9971789054679202,1.3299316071101877,1.454997239479489,0.1595869561735236,0.15404629151157287,1.935467901577129,2.5631731170069902,0.991
1376,row_diagonal_dominant_random:9493eb0855127051,row_diagonal_dominant_random,256,0.002,float64,R0_C0,R0_C1,2000,2000,1.0,1.0,1.0,1.0,1.0,1.0,1.0,1.0,1.0,nan,nan,0.0,0.0,0.0
1377,row_diagonal_dominant_random:c93186b88112adec,row_diagonal_dominant_random,256,0.001,float32,R1_C1,R0_C1,2000,2000,3.8338082996052165,4.835230780558909,5.090618085708917,1.1274754135655132,1.4511773144806603,1.577036607783706,1.0000985617550957,1.2941641338915926,1.4007120522154464,0.08825116375324446,0.08599952149988038,1.7714346854572804,2.4112715801110487,0.988
1377,row_diagonal_dominant_random:c93186b88112adec,row_diagonal_dominant_random,256,0.001,float32,R2_C2,R0_C1,2000,2000,3.8419372581888966,4.805046579551299,5.118869479213633,1.1248985954973332,1.447409893070141,1.5557236117598743,0.9958613349055849,1.290921665756019,1.3943330818064512,0.08065880773051212,0.0818544684636171,1.782523138136632,2.408468031739912,0.9865
1377,row_diagonal_dominant_random:c93186b88112adec,row_diagonal_dominant_random,256,0.001,float32,R0_C0,R0_C1,2000,2000,1.0,1.0,1.0,1.0,1.0,1.0,1.0,1.0,1.0,nan,nan,0.0,0.0,0.0
1377,row_diagonal_dominant_random:c93186b88112adec,row_diagonal_dominant_random,256,0.001,float64,R1_C1,R0_C1,2000,2000,4.660929346834774,6.0681447114903415,6.477979629618119,1.2207067373894236,1.5783639577898394,1.724111557718359,0.9880857516777943,1.3150362119735852,1.4353256946009492,0.16323495172438665,0.14930559882639968,1.9489418470737891,2.5808102730796083,0.993
1377,row_diagonal_dominant_random:c93186b88112adec,row_diagonal_dominant_random,256,0.001,float64,R2_C2,R0_C1,2000,2000,4.68387287624442,6.189576483108842,6.613173495689167,1.2167040204532849,1.601183720680968,1.7380768308564114,1.0006178469062732,1.3253289717235814,1.4464710896847088,0.14399363689606723,0.14113911978477994,1.953045162559383,2.604077508245418,0.992
1377,row_diagonal_dominant_random:c93186b88112adec,row_diagonal_dominant_random,256,0.001,float64,R0_C0,R0_C1,2000,2000,1.0,1.0,1.0,1.0,1.0,1.0,1.0,1.0,1.0,nan,nan,0.0,0.0,0.0
1398,row_diagonal_dominant_stochastic:021519ee0a19df7c,row_diagonal_dominant_stochastic,256,0.5,float32,R1_C1,R0_C1,2000,2000,3.157393349696539,3.9364454065893772,4.232107303802411,1.0204335898582455,1.345696697752193,1.4375451640321826,1.0010740747574962,1.3281117971239225,1.4301638811018136,0.019074394899143712,0.021543297885824472,1.6591055168860915,2.297870337929466,0.944
1398,row_diagonal_dominant_stochastic:021519ee0a19df7c,row_diagonal_dominant_stochastic,256,0.5,float32,R2_C2,R0_C1,2000,2000,3.1833647401073932,4.008258575248552,4.265263359973565,1.0212187919187008,1.3272312099568417,1.4464676880576826,0.9984959455456821,1.3074930914711416,1.4211617570015314,0.032593465887302456,0.030323172080793017,1.6746551089374266,2.2631247191142716,0.9505
1398,row_diagonal_dominant_stochastic:021519ee0a19df7c,row_diagonal_dominant_stochastic,256,0.5,float32,R0_C0,R0_C1,2000,2000,1.0,1.0,1.0,1.0,1.0,1.0,1.0,1.0,1.0,nan,nan,0.0,0.0,0.0
1398,row_diagonal_dominant_stochastic:021519ee0a19df7c,row_diagonal_dominant_stochastic,256,0.5,float64,R1_C1,R0_C1,2000,2000,3.939494278774094,5.097572937573337,5.490181527063544,1.0184411589857716,1.3437441239205805,1.4521242208043066,0.9827921728222233,1.3204789028573134,1.4341286596297067,0.01596262174097169,0.0216295284073821,1.9506680108419465,2.632088075907514,0.9895
1398,row_diagonal_dominant_stochastic:021519ee0a19df7c,row_diagonal_dominant_stochastic,256,0.5,float64,R2_C2,R0_C1,2000,2000,3.9229250531136524,5.050125471171114,5.407744049437836,1.0146220080785198,1.3581950391791286,1.4635788786304067,0.9851045882348257,1.313216184888968,1.4187036160932978,0.043150811916753386,0.04740757635189408,1.9420270851781254,2.6150779089647878,0.99
1398,row_diagonal_dominant_stochastic:021519ee0a19df7c,row_diagonal_dominant_stochastic,256,0.5,float64,R0_C0,R0_C1,2000,2000,1.0,1.0,1.0,1.0,1.0,1.0,1.0,1.0,1.0,nan,nan,0.0,0.0,0.0
1399,row_diagonal_dominant_stochastic:de30837b1853aaf8,row_diagonal_dominant_stochastic,256,0.3,float32,R1_C1,R0_C1,2000,2000,3.4285263026176684,4.266704179793785,4.547464466845115,1.0380722614024511,1.344917763073543,1.4523652118119517,0.9925084958819134,1.3117141390806537,1.3987817094333959,0.040590900656909755,0.027975203493800872,1.730946839633785,2.3605972158806754,0.9785
1399,row_diagonal_dominant_stochastic:de30837b1853aaf8,row_diagonal_dominant_stochastic,256,0.3,float32,R2_C2,R0_C1,2000,2000,3.4035815250988106,4.276319560397732,4.575724014051294,1.03793993118084,1.3571611894030042,1.4637734486093141,0.9950990930442205,1.3102213780977339,1.4201565847940198,0.006660305659734369,-0.0015221943805485952,1.7238362789542028,2.3701090896700747,0.971
1399,row_diagonal_dominant_stochastic:de30837b1853aaf8,row_diagonal_dominant_stochastic,256,0.3,float32,R0_C0,R0_C1,2000,2000,1.0,1.0,1.0,1.0,1.0,1.0,1.0,1.0,1.0,nan,nan,0.0,0.0,0.0
1399,row_diagonal_dominant_stochastic:de30837b1853aaf8,row_diagonal_dominant_stochastic,256,0.3,float64,R1_C1,R0_C1,2000,2000,4.232104007916764,5.407976534548288,5.8289620906063035,1.0632184967683782,1.394491644699116,1.4981086094687874,0.9957964125342373,1.3155821705910657,1.4398146990680534,0.02594018335764687,0.013733511433377858,1.9915475798568165,2.654152261000969,0.9935
1399,row_diagonal_dominant_stochastic:de30837b1853aaf8,row_diagonal_dominant_stochastic,256,0.3,float64,R2_C2,R0_C1,2000,2000,4.21869661889181,5.469791872060071,5.884811526932384,1.065066010961115,1.3898994650590495,1.5225669798636337,1.0000409510619153,1.314633673814866,1.4204121529311124,0.02282686486023491,0.023955695988923997,1.9950340097660308,2.6738428445449065,0.9905
1399,row_diagonal_dominant_stochastic:de30837b1853aaf8,row_diagonal_dominant_stochastic,256,0.3,float64,R0_C0,R0_C1,2000,2000,1.0,1.0,1.0,1.0,1.0,1.0,1.0,1.0,1.0,nan,nan,0.0,0.0,0.0
1400,row_diagonal_dominant_stochastic:85d04ae4513fe85f,row_diagonal_dominant_stochastic,256,0.2,float32,R1_C1,R0_C1,2000,2000,3.3725627292213405,4.067794140500448,4.312439013450839,1.060103650415061,1.3898928545453224,1.5176612077869311,1.0063180448178282,1.33845074459805,1.4381066501277495,0.04035707696628081,0.042998304249576055,1.6787626711169208,2.308178275333947,0.973
1400,row_diagonal_dominant_stochastic:85d04ae4513fe85f,row_diagonal_dominant_stochastic,256,0.2,float32,R2_C2,R0_C1,2000,2000,3.356507467834151,4.060355341497921,4.300623546511387,1.069387541195029,1.4048615152810124,1.5154712452624368,1.0078766011793108,1.3381746883226742,1.445768219299303,0.016478315287236017,0.020645181661295413,1.6669656504199093,2.263339277065987,0.9685
1400,row_diagonal_dominant_stochastic:85d04ae4513fe85f,row_diagonal_dominant_stochastic,256,0.2,float32,R0_C0,R0_C1,2000,2000,1.0,1.0,1.0,1.0,1.0,1.0,1.0,1.0,1.0,nan,nan,0.0,0.0,0.0
1400,row_diagonal_dominant_stochastic:85d04ae4513fe85f,row_diagonal_dominant_stochastic,256,0.2,float64,R1_C1,R0_C1,2000,2000,4.174473432853949,5.177438924784624,5.57577544030216,1.091704222583079,1.4243081512183502,1.536446874286154,1.0118288283675172,1.3063972786628408,1.413348980984074,0.02388306626981708,0.010584892146223036,1.9414327018100632,2.5601505311162804,0.993
1400,row_diagonal_dominant_stochastic:85d04ae4513fe85f,row_diagonal_dominant_stochastic,256,0.2,float64,R2_C2,R0_C1,2000,2000,4.187295299812686,5.227590898671009,5.572952681250633,1.1011061574028491,1.419297269638232,1.5322763108790771,0.9954223286017827,1.322011432249661,1.424264389744382,0.047695621518629466,0.05043556710889177,1.9355283500686262,2.5492983370253324,0.993
1400,row_diagonal_dominant_stochastic:85d04ae4513fe85f,row_diagonal_dominant_stochastic,256,0.2,float64,R0_C0,R0_C1,2000,2000,1.0,1.0,1.0,1.0,1.0,1.0,1.0,1.0,1.0,nan,nan,0.0,0.0,0.0
1401,row_diagonal_dominant_stochastic:0f7feef7c7880b20,row_diagonal_dominant_stochastic,256,0.1,float32,R1_C1,R0_C1,2000,2000,3.0819349953244695,3.3637809947941966,3.447373838302451,1.1603563516847941,1.4672925192037964,1.5685549343415255,0.9974586652469204,1.3176368930752882,1.4208547451084934,0.1492404078561396,0.1513637013409253,1.4075766625698414,1.860119070991217,0.9295
1401,row_diagonal_dominant_stochastic:0f7feef7c7880b20,row_diagonal_dominant_stochastic,256,0.1,float32,R2_C2,R0_C1,2000,2000,3.0860091733326476,3.3733049721668897,3.4509514140312056,1.1572503683095685,1.4539582399865691,1.5691069791381467,0.9987828810615862,1.3114313165736209,1.4298644075577738,0.10793555209370444,0.13123001380750346,1.4228780011469866,1.8643871491566537,0.941
1401,row_diagonal_dominant_stochastic:0f7feef7c7880b20,row_diagonal_dominant_stochastic,256,0.1,float32,R0_C0,R0_C1,2000,2000,1.0,1.0,1.0,1.0,1.0,1.0,1.0,1.0,1.0,nan,nan,0.0,0.0,0.0
1401,row_diagonal_dominant_stochastic:0f7feef7c7880b20,row_diagonal_dominant_stochastic,256,0.1,float64,R1_C1,R0_C1,2000,2000,3.8176556493482994,4.2892137670847905,4.434850470513855,1.3603232471208075,1.6759602153620923,1.7737757333428994,0.9899112853455005,1.3034618996337781,1.4179268935191018,0.17193908086725032,0.1588884997221249,1.4878238643871275,1.9626989467551783,0.9775
1401,row_diagonal_dominant_stochastic:0f7feef7c7880b20,row_diagonal_dominant_stochastic,256,0.1,float64,R2_C2,R0_C1,2000,2000,3.822776905879993,4.3243283140595805,4.459646342385688,1.364238201837996,1.6645368564593588,1.760603961479971,0.9949805037576791,1.30896121219506,1.4113543788380096,0.1818742353741042,0.16672794868198718,1.4917048572682594,1.968826564992973,0.979
1401,row_diagonal_dominant_stochastic:0f7feef7c7880b20,row_diagonal_dominant_stochastic,256,0.1,float64,R0_C0,R0_C1,2000,2000,1.0,1.0,1.0,1.0,1.0,1.0,1.0,1.0,1.0,nan,nan,0.0,0.0,0.0
1402,row_diagonal_dominant_stochastic:0530909e2322226a,row_diagonal_dominant_stochastic,256,0.05,float32,R1_C1,R0_C1,2000,2000,3.0300020652335853,3.2900045173236663,3.35287519433475,2.085652172152402,2.435612002557756,2.525235702050272,1.0030403235622436,1.3124426995343699,1.4064986547542024,0.27980802437109176,0.27745853736463433,0.5396842223014691,0.9319887777492686,0.03
1402,row_diagonal_dominant_stochastic:0530909e2322226a,row_diagonal_dominant_stochastic,256,0.05,float32,R2_C2,R0_C1,2000,2000,3.048039353113846,3.311405262959105,3.3882699380875416,2.1012746709105903,2.4539851876032315,2.5345197896090315,0.9955441165333743,1.309428829748773,1.3987873112364135,0.27972821594757397,0.2731099462774865,0.5368979828852511,0.9320428681971301,0.031
1402,row_diagonal_dominant_stochastic:0530909e2322226a,row_diagonal_dominant_stochastic,256,0.05,float32,R0_C0,R0_C1,2000,2000,1.0,1.0,1.0,1.0,1.0,1.0,1.0,1.0,1.0,nan,nan,0.0,0.0,0.0
1402,row_diagonal_dominant_stochastic:0530909e2322226a,row_diagonal_dominant_stochastic,256,0.05,float64,R1_C1,R0_C1,2000,2000,3.7408135991411777,4.207711128442393,4.330370702658794,2.563430722017884,3.0153569939556504,3.131649164946958,0.9994137901106637,1.3001793188789172,1.3877490812122888,0.26385364279864726,0.26556069039017255,0.5361199676476001,0.9361103725431905,0.029
1402,row_diagonal_dominant_stochastic:0530909e2322226a,row_diagonal_dominant_stochastic,256,0.05,float64,R2_C2,R0_C1,2000,2000,3.754665940119817,4.198725830426665,4.32558758066578,2.5842153421615683,3.0269040282689597,3.152092604164857,0.9931762655422878,1.3044482523704142,1.3963011505007723,0.2654723819094022,0.2593718028429507,0.5387117524016927,0.939674205406319,0.03
1402,row_diagonal_dominant_stochastic:0530909e2322226a,row_diagonal_dominant_stochastic,256,0.05,float64,R0_C0,R0_C1,2000,2000,1.0,1.0,1.0,1.0,1.0,1.0,1.0,1.0,1.0,nan,nan,0.0,0.0,0.0
1403,row_diagonal_dominant_stochastic:f5393029996d2c29,row_diagonal_dominant_stochastic,256,0.02,float32,R1_C1,R0_C1,2000,2000,3.0004277111932156,3.2655649299001026,3.3337193081964847,2.4371520347172675,2.6632288600949345,2.736073469637756,1.0062114210052437,1.1761661409456319,1.2362595211025704,0.698082706803437,0.7632737988184496,0.3026882555236099,0.399181016225724,0.0
1403,row_diagonal_dominant_stochastic:f5393029996d2c29,row_diagonal_dominant_stochastic,256,0.02,float32,R2_C2,R0_C1,2000,2000,3.0136404550722817,3.2731863106917896,3.348884973123557,2.4498914979491095,2.6780285777264443,2.76429119741842,1.0092000573426385,1.1641278981431793,1.2201896671462784,0.6835844943188266,0.7577991349497838,0.3027379999350641,0.3966285223435253,0.0
1403,row_diagonal_dominant_stochastic:f5393029996d2c29,row_diagonal_dominant_stochastic,256,0.02,float32,R0_C0,R0_C1,2000,2000,1.0,1.0,1.0,1.0,1.0,1.0,1.0,1.0,1.0,nan,nan,0.0,0.0,0.0
1403,row_diagonal_dominant_stochastic:f5393029996d2c29,row_diagonal_dominant_stochastic,256,0.02,float64,R1_C1,R0_C1,2000,2000,3.6762946555756586,4.122235502670108,4.235665814588136,2.964362425595593,3.3002926573857527,3.3921141779157247,1.0024291520822421,1.1785515746254964,1.2367817735514295,0.8128492722256949,0.8520888150222038,0.30591749094317644,0.41676177180502605,0.0
1403,row_diagonal_dominant_stochastic:f5393029996d2c29,row_diagonal_dominant_stochastic,256,0.02,float64,R2_C2,R0_C1,2000,2000,3.6830695346042948,4.140450833735654,4.2628023795480905,2.968293004903961,3.3070717116660777,3.4119929857767937,1.0077768263834956,1.1731555725681113,1.2429083857414247,0.8290398008912369,0.8665317786329445,0.30647385696222357,0.41538513306607655,0.0
1403,row_diagonal_dominant_stochastic:f5393029996d2c29,row_diagonal_dominant_stochastic,256,0.02,float64,R0_C0,R0_C1,2000,2000,1.0,1.0,1.0,1.0,1.0,1.0,1.0,1.0,1.0,nan,nan,0.0,0.0,0.0
1404,row_diagonal_dominant_stochastic:0d717c35c3b2f62d,row_diagonal_dominant_stochastic,256,0.01,float32,R1_C1,R0_C1,2000,2000,2.9561726133122384,3.2047009740907244,3.2883913434518357,2.32723756915336,2.535090276598576,2.5999463225929285,1.0212874676612003,1.114104256573034,1.1367169287987042,0.7634986481475228,0.7458551164637791,0.34560079207418976,0.4514584832349928,0.0
1404,row_diagonal_dominant_stochastic:0d717c35c3b2f62d,row_diagonal_dominant_stochastic,256,0.01,float32,R2_C2,R0_C1,2000,2000,2.9705145096164807,3.2342422830486326,3.3008632030796186,2.3363108262011756,2.5482046158673337,2.6144727475486826,1.0232579977728686,1.1145837208604625,1.1398735469086212,0.7749005299518489,0.7665927536481884,0.34482494522446294,0.45002447699655507,0.0
1404,row_diagonal_dominant_stochastic:0d717c35c3b2f62d,row_diagonal_dominant_stochastic,256,0.01,float32,R0_C0,R0_C1,2000,2000,1.0,1.0,1.0,1.0,1.0,1.0,1.0,1.0,1.0,nan,nan,0.0,0.0,0.0
1404,row_diagonal_dominant_stochastic:0d717c35c3b2f62d,row_diagonal_dominant_stochastic,256,0.01,float64,R1_C1,R0_C1,2000,2000,3.561616002959302,4.010146247825724,4.122521579920905,2.78344095733628,3.0877130698038933,3.170907390513102,1.0189688705040014,1.106759971842541,1.1375533552440147,0.8470032932395577,0.8344745296186322,0.3518813649994771,0.4695969382003085,0.0
1404,row_diagonal_dominant_stochastic:0d717c35c3b2f62d,row_diagonal_dominant_stochastic,256,0.01,float64,R2_C2,R0_C1,2000,2000,3.589308588093686,4.037792688592868,4.1462664690613495,2.80661703163163,3.101550122247099,3.1824894238694443,1.0221072175280193,1.109792151685784,1.1370328992012542,0.8459454758016925,0.8289327137331786,0.35133702302343234,0.470872707208331,0.0
1404,row_diagonal_dominant_stochastic:0d717c35c3b2f62d,row_diagonal_dominant_stochastic,256,0.01,float64,R0_C0,R0_C1,2000,2000,1.0,1.0,1.0,1.0,1.0,1.0,1.0,1.0,1.0,nan,nan,0.0,0.0,0.0
1405,row_diagonal_dominant_stochastic:6bb9c9b7e1526958,row_diagonal_dominant_stochastic,256,0.005,float32,R1_C1,R0_C1,2000,2000,2.882328803337172,3.1280462470481125,3.194939817258925,2.1609869288666546,2.353428791217329,2.4041133056785053,1.0133565786669894,1.0974375847468814,1.1251948471747493,0.7352005729802149,0.7209524342381086,0.41883174855759936,0.5301490464068614,0.0
1405,row_diagonal_dominant_stochastic:6bb9c9b7e1526958,row_diagonal_dominant_stochastic,256,0.005,float32,R2_C2,R0_C1,2000,2000,2.902336324361786,3.1427724646507036,3.2151932648895722,2.170854905105572,2.3626421991236906,2.4248193741992448,1.0111194993679473,1.0979247470782731,1.1287236608942621,0.7160569004194736,0.6950005962501491,0.4200159633658917,0.5315709679344113,0.0
1405,row_diagonal_dominant_stochastic:6bb9c9b7e1526958,row_diagonal_dominant_stochastic,256,0.005,float32,R0_C0,R0_C1,2000,2000,1.0,1.0,1.0,1.0,1.0,1.0,1.0,1.0,1.0,nan,nan,0.0,0.0,0.0
1405,row_diagonal_dominant_stochastic:6bb9c9b7e1526958,row_diagonal_dominant_stochastic,256,0.005,float64,R1_C1,R0_C1,2000,2000,3.3874274842041783,3.830851975167473,3.945429783461135,2.537531271814224,2.7923004115680894,2.876637587605978,1.0103315002538498,1.0976608524826972,1.1259920038996,0.804429604056158,0.7999314814828704,0.40972181655085343,0.55024736845643,0.0
1405,row_diagonal_dominant_stochastic:6bb9c9b7e1526958,row_diagonal_dominant_stochastic,256,0.005,float64,R2_C2,R0_C1,2000,2000,3.4010662286466156,3.8358659407372198,3.944700050706572,2.5466267977240378,2.8156999699118233,2.8819958347961547,1.010225526408022,1.0982030943843186,1.121517584226083,0.8168258994080413,0.8038559954639989,0.411420834898525,0.5495630215179551,0.0
1405,row_diagonal_dominant_stochastic:6bb9c9b7e1526958,row_diagonal_dominant_stochastic,256,0.005,float64,R0_C0,R0_C1,2000,2000,1.0,1.0,1.0,1.0,1.0,1.0,1.0,1.0,1.0,nan,nan,0.0,0.0,0.0
1406,row_diagonal_dominant_stochastic:103e29b8022442fa,row_diagonal_dominant_stochastic,256,0.002,float32,R1_C1,R0_C1,2000,2000,2.7272081191684454,2.9850468810122686,3.042444470826619,1.9218773365404913,2.096770088413695,2.148239585061001,1.0514153994990139,1.1424410053318947,1.1691547600153402,0.6595459405127296,0.6401603050400761,0.5062396451945841,0.6392816260158078,0.0
1406,row_diagonal_dominant_stochastic:103e29b8022442fa,row_diagonal_dominant_stochastic,256,0.002,float32,R2_C2,R0_C1,2000,2000,2.745366295132475,2.9940009037365907,3.07079975339971,1.9284243014358595,2.1085290525511655,2.1605103513695543,1.0498272617594677,1.1426323084682868,1.1763741408284203,0.6732876445166213,0.6474685648671412,0.510505745728362,0.6423967310570673,0.0
1406,row_diagonal_dominant_stochastic:103e29b8022442fa,row_diagonal_dominant_stochastic,256,0.002,float32,R0_C0,R0_C1,2000,2000,1.0,1.0,1.0,1.0,1.0,1.0,1.0,1.0,1.0,nan,nan,0.0,0.0,0.0
1406,row_diagonal_dominant_stochastic:103e29b8022442fa,row_diagonal_dominant_stochastic,256,0.002,float64,R1_C1,R0_C1,2000,2000,3.070625422719555,3.4982082497823614,3.613912601771887,2.16742677985611,2.394118258076348,2.45743035294735,1.0529145226905543,1.1485427734560185,1.18093250955663,0.746564517716965,0.7321540215385054,0.5002255991209167,0.6680485061436453,0.0
1406,row_diagonal_dominant_stochastic:103e29b8022442fa,row_diagonal_dominant_stochastic,256,0.002,float64,R2_C2,R0_C1,2000,2000,3.0834013487375342,3.529899099432303,3.6427547657791157,2.1768728260040566,2.405477466730371,2.4791946497899637,1.0558095394429632,1.1487435029529458,1.1759796672338674,0.7460473116148826,0.7354099523524881,0.501133363366762,0.6669823700731913,0.0
1406,row_diagonal_dominant_stochastic:103e29b8022442fa,row_diagonal_dominant_stochastic,256,0.002,float64,R0_C0,R0_C1,2000,2000,1.0,1.0,1.0,1.0,1.0,1.0,1.0,1.0,1.0,nan,nan,0.0,0.0,0.0
1407,row_diagonal_dominant_stochastic:3f149f338e70104c,row_diagonal_dominant_stochastic,256,0.001,float32,R1_C1,R0_C1,2000,2000,2.5838304444808307,2.8035619605733157,2.8693659027013703,1.718045776794283,1.872307208666516,1.9176143375065833,1.002234028852961,1.096672936874124,1.1200560029114277,0.6106631230924457,0.5949155342288835,0.5861298178035695,0.7225976522018537,0.0
1407,row_diagonal_dominant_stochastic:3f149f338e70104c,row_diagonal_dominant_stochastic,256,0.001,float32,R2_C2,R0_C1,2000,2000,2.602194194531341,2.829940151386907,2.8953929843896384,1.7264503611125979,1.8817714342365117,1.9316807200190655,1.0049936998825977,1.0911283711757804,1.1133328641727467,0.6087718715727131,0.5822194950548737,0.5892708303549308,0.7343777285418083,0.0
1407,row_diagonal_dominant_stochastic:3f149f338e70104c,row_diagonal_dominant_stochastic,256,0.001,float32,R0_C0,R0_C1,2000,2000,1.0,1.0,1.0,1.0,1.0,1.0,1.0,1.0,1.0,nan,nan,0.0,0.0,0.0
1407,row_diagonal_dominant_stochastic:3f149f338e70104c,row_diagonal_dominant_stochastic,256,0.001,float64,R1_C1,R0_C1,2000,2000,2.8074572650489227,3.214352059401657,3.3299054373961603,1.8942991024560398,2.089794235942954,2.1526801643955307,1.0070326343697462,1.0933803118807839,1.117417608396426,0.712207456051186,0.6923348735837185,0.5676984779909178,0.741718485165685,0.0
1407,row_diagonal_dominant_stochastic:3f149f338e70104c,row_diagonal_dominant_stochastic,256,0.001,float64,R2_C2,R0_C1,2000,2000,2.840877739638449,3.249293676432311,3.3510094367258083,1.9088742493916377,2.10418015854057,2.16326084631893,1.003353536650319,1.089554044077751,1.1178671343888553,0.7200208934073106,0.700329875582469,0.5660702879716497,0.7462228653712076,0.0
1407,row_diagonal_dominant_stochastic:3f149f338e70104c,row_diagonal_dominant_stochastic,256,0.001,float64,R0_C0,R0_C1,2000,2000,1.0,1.0,1.0,1.0,1.0,1.0,1.0,1.0,1.0,nan,nan,0.0,0.0,0.0
1497,row_diagonal_dominant_random:93e6f52ebdb3ac55,row_diagonal_dominant_random,362,0.5,float32,R1_C1,R0_C1,2000,2000,5.452291746182425,8.349367552812579,9.215952619989531,1.0197040927812053,1.3177745831651202,1.4211978709098396,1.0044903773517424,1.2928621140068741,1.392882716140626,0.024483341560844602,0.018493335123333784,2.436644676802437,3.3071883221760405,1.0
1497,row_diagonal_dominant_random:93e6f52ebdb3ac55,row_diagonal_dominant_random,362,0.5,float32,R2_C2,R0_C1,2000,2000,5.44379316968236,8.255050728512986,9.165161466068138,1.0270480967736089,1.3239835890294518,1.4354021999390936,0.9971588535748088,1.3098126402552766,1.3994740894308948,0.03498537439047261,0.03772772293193073,2.43900080520929,3.30530211527314,0.9995
1497,row_diagonal_dominant_random:93e6f52ebdb3ac55,row_diagonal_dominant_random,362,0.5,float32,R0_C0,R0_C1,2000,2000,1.0,1.0,1.0,1.0,1.0,1.0,1.0,1.0,1.0,nan,nan,0.0,0.0,0.0
1497,row_diagonal_dominant_random:93e6f52ebdb3ac55,row_diagonal_dominant_random,362,0.5,float64,R1_C1,R0_C1,2000,2000,5.491701481747613,7.9602981274336235,8.896184682224717,1.038431837907066,1.352131137065407,1.4486849239523913,1.002209328631557,1.2970699757321007,1.3972080287188466,-0.00825277254847789,-0.007508349377087343,2.406228645125623,3.2235715347541984,0.9995
1497,row_diagonal_dominant_random:93e6f52ebdb3ac55,row_diagonal_dominant_random,362,0.5,float64,R2_C2,R0_C1,2000,2000,5.5147437948305775,7.888250782214171,8.844339273764783,1.0396878530511016,1.3295957768216182,1.4348772259616631,1.0024592744009762,1.2983862929482717,1.4131142083181403,0.040376335044122635,0.0284560076140019,2.426524038914804,3.2157556966078973,1.0
1497,row_diagonal_dominant_random:93e6f52ebdb3ac55,row_diagonal_dominant_random,362,0.5,float64,R0_C0,R0_C1,2000,2000,1.0,1.0,1.0,1.0,1.0,1.0,1.0,1.0,1.0,nan,nan,0.0,0.0,0.0
1498,row_diagonal_dominant_random:03e59f7215597618,row_diagonal_dominant_random,362,0.3,float32,R1_C1,R0_C1,2000,2000,5.896865418444036,9.120708315852069,10.178472493537862,1.0478491755127197,1.345022625499959,1.4677729651329958,1.004492040014504,1.2988249381543837,1.403092789068318,0.08694072812135392,0.0549787532446883,2.52288568926802,3.3440357886032466,1.0
1498,row_diagonal_dominant_random:03e59f7215597618,row_diagonal_dominant_random,362,0.3,float32,R2_C2,R0_C1,2000,2000,5.824131953808486,9.082778412645006,10.001661348112581,1.0444844099714943,1.3475386234585036,1.4503130447254584,1.0068196481726346,1.3101839192043538,1.4007015961483515,0.06731955918453963,0.050613579653394906,2.4921286143130374,3.3663981949140678,1.0
1498,row_diagonal_dominant_random:03e59f7215597618,row_diagonal_dominant_random,362,0.3,float32,R0_C0,R0_C1,2000,2000,1.0,1.0,1.0,1.0,1.0,1.0,1.0,1.0,1.0,nan,nan,0.0,0.0,0.0
1498,row_diagonal_dominant_random:03e59f7215597618,row_diagonal_dominant_random,362,0.3,float64,R1_C1,R0_C1,2000,2000,5.879667744040509,8.545699961728275,9.791796607698684,1.0687827662757556,1.3628017317613215,1.4650684822964097,1.0031822992183228,1.2775671618520403,1.37257724415279,0.06853832168678366,0.049274379318594824,2.4903181520126285,3.257620767296119,1.0
1498,row_diagonal_dominant_random:03e59f7215597618,row_diagonal_dominant_random,362,0.3,float64,R2_C2,R0_C1,2000,2000,5.9801642479950825,8.624735011547843,9.860378792273778,1.0675536197782707,1.370151873671802,1.4683214746945614,0.9974478397656148,1.2892935552367975,1.3891188384876862,0.07930900423455316,0.07959004989751248,2.4994873544896445,3.2540809621191884,0.999
1498,row_diagonal_dominant_random:03e59f7215597618,row_diagonal_dominant_random,362,0.3,float64,R0_C0,R0_C1,2000,2000,1.0,1.0,1.0,1.0,1.0,1.0,1.0,1.0,1.0,nan,nan,0.0,0.0,0.0
1499,row_diagonal_dominant_random:c6616c01f005a03d,row_diagonal_dominant_random,362,0.2,float32,R1_C1,R0_C1,2000,2000,6.2244599320888625,9.340518204113177,10.404890645185112,1.0797295409432643,1.3919738417509009,1.514050786205513,0.9971788193076038,1.3087482644133732,1.404915261810026,0.19024833515124143,0.15125809831452455,2.5516835371977633,3.3043217473280673,0.9995
1499,row_diagonal_dominant_random:c6616c01f005a03d,row_diagonal_dominant_random,362,0.2,float32,R2_C2,R0_C1,2000,2000,6.092444932452469,9.624730847656668,10.865722823389781,1.0820183416916782,1.398281882477431,1.5110681537225699,1.0047051771346953,1.2891560416307608,1.3971091248274434,0.21467475904743305,0.17046491461622865,2.540445671929821,3.294745434804102,1.0
1499,row_diagonal_dominant_random:c6616c01f005a03d,row_diagonal_dominant_random,362,0.2,float32,R0_C0,R0_C1,2000,2000,1.0,1.0,1.0,1.0,1.0,1.0,1.0,1.0,1.0,nan,nan,0.0,0.0,0.0
1499,row_diagonal_dominant_random:c6616c01f005a03d,row_diagonal_dominant_random,362,0.2,float64,R1_C1,R0_C1,2000,2000,6.191338862244085,9.103709625926571,10.407647536268277,1.1042041712672377,1.4331404022887848,1.5456118074295024,1.0017598163562729,1.2835613801343018,1.4054406469544556,0.15813401949542907,0.11211333552833387,2.528090388495463,3.234425554425152,1.0
1499,row_diagonal_dominant_random:c6616c01f005a03d,row_diagonal_dominant_random,362,0.2,float64,R2_C2,R0_C1,2000,2000,6.170671549592981,9.142054323303194,10.128805247816276,1.1127628404500531,1.447224271747709,1.5720461913485422,1.00531221016045,1.2931777677815504,1.3956846677873462,0.17903747840497136,0.13946819586704895,2.5068152873238976,3.231064491787692,1.0
1499,row_diagonal_dominant_random:c6616c01f005a03d,row_diagonal_dominant_random,362,0.2,float64,R0_C0,R0_C1,2000,2000,1.0,1.0,1.0,1.0,1.0,1.0,1.0,1.0,1.0,nan,nan,0.0,0.0,0.0
1500,row_diagonal_dominant_random:85f3946f6e4679ec,row_diagonal_dominant_random,362,0.1,float32,R1_C1,R0_C1,2000,2000,6.483016748713707,9.925902729083509,11.176009468667122,1.1286494002656264,1.4911803678898656,1.6232936638791184,0.997252310523147,1.2988267469648387,1.389891012679442,0.39778303885483757,0.3252449628112407,2.5790802290389143,3.1681188651534544,1.0
1500,row_diagonal_dominant_random:85f3946f6e4679ec,row_diagonal_dominant_random,362,0.1,float32,R2_C2,R0_C1,2000,2000,6.528059230200685,9.832551769126766,11.02779031196911,1.1218212435591814,1.4950882314985796,1.6224836928184905,1.0095835629289862,1.311880683195452,1.4181919343054883,0.3455217066103896,0.28497255374313846,2.5737326562195255,3.2012305914603707,1.0
1500,row_diagonal_dominant_random:85f3946f6e4679ec,row_diagonal_dominant_random,362,0.1,float32,R0_C0,R0_C1,2000,2000,1.0,1.0,1.0,1.0,1.0,1.0,1.0,1.0,1.0,nan,nan,0.0,0.0,0.0
1500,row_diagonal_dominant_random:85f3946f6e4679ec,row_diagonal_dominant_random,362,0.1,float64,R1_C1,R0_C1,2000,2000,6.498795178426574,9.298172226046054,10.536895807604353,1.1786347081383286,1.5498207223935132,1.7019244825458055,1.0064074073117524,1.303348676157381,1.3921951922225928,0.2845795608905807,0.24316292179073043,2.4885491223511114,3.1131338769424213,0.9995
1500,row_diagonal_dominant_random:85f3946f6e4679ec,row_diagonal_dominant_random,362,0.1,float64,R2_C2,R0_C1,2000,2000,6.354650298747048,9.456150073712946,10.644095876027524,1.1849430994721788,1.5494429279728656,1.683558208577221,0.9934303734285566,1.3053816127830176,1.4153071474109944,0.3041633878215794,0.22948330987082743,2.4762215379297654,3.1203350287009837,1.0
1500,row_diagonal_dominant_random:85f3946f6e4679ec,row_diagonal_dominant_random,362,0.1,float64,R0_C0,R0_C1,2000,2000,1.0,1.0,1.0,1.0,1.0,1.0,1.0,1.0,1.0,nan,nan,0.0,0.0,0.0
1501,row_diagonal_dominant_random:2976d44433ad1387,row_diagonal_dominant_random,362,0.05,float32,R1_C1,R0_C1,2000,2000,6.52584255584936,9.953225793266727,11.009249720125393,1.172572846160714,1.5643652634049305,1.7219237768484035,1.0069471620903734,1.3065833516058882,1.4086800264777815,0.4430242780768813,0.3635531393882848,2.535349375431165,3.098898121353845,0.9995
1501,row_diagonal_dominant_random:2976d44433ad1387,row_diagonal_dominant_random,362,0.05,float32,R2_C2,R0_C1,2000,2000,6.5704481750558275,10.013269111049924,11.192430519125296,1.175310458188024,1.573330300135998,1.764473305778635,1.0106826665156812,1.299259904041383,1.4039821072959875,0.4534817492950911,0.3888194292048573,2.511415987121612,3.1089592905688237,1.0
1501,row_diagonal_dominant_random:2976d44433ad1387,row_diagonal_dominant_random,362,0.05,float32,R0_C0,R0_C1,2000,2000,1.0,1.0,1.0,1.0,1.0,1.0,1.0,1.0,1.0,nan,nan,0.0,0.0,0.0
1501,row_diagonal_dominant_random:2976d44433ad1387,row_diagonal_dominant_random,362,0.05,float64,R1_C1,R0_C1,2000,2000,6.571724484305606,9.434594577392522,10.600667753459192,1.2213485535748674,1.5860448021356965,1.7146788916007336,0.9980674244018727,1.2908681651911766,1.3893593714724426,0.39725680689938975,0.3313724868431217,2.4571571208962313,3.0471092625124787,0.999
1501,row_diagonal_dominant_random:2976d44433ad1387,row_diagonal_dominant_random,362,0.05,float64,R2_C2,R0_C1,2000,2000,6.5161966844385475,9.556622598486863,10.810666537534205,1.2257491455058442,1.6149055824945535,1.7518735007169846,0.9941488238387908,1.2907880015959519,1.384609846866535,0.38262850016726896,0.3144562071140518,2.4518228383507608,3.0774734093195626,0.9995
1501,row_diagonal_dominant_random:2976d44433ad1387,row_diagonal_dominant_random,362,0.05,float64,R0_C0,R0_C1,2000,2000,1.0,1.0,1.0,1.0,1.0,1.0,1.0,1.0,1.0,nan,nan,0.0,0.0,0.0
1502,row_diagonal_dominant_random:8a85d76f30eb75a6,row_diagonal_dominant_random,362,0.02,float32,R1_C1,R0_C1,2000,2000,6.694301074490959,10.231432324094532,11.601262866360814,1.1985694325510288,1.6363890631998255,1.8350600179756411,0.9990524835556794,1.2940516662023502,1.4026881193108738,0.5343217666637211,0.4498973414743353,2.5218056957011985,3.0669635507616375,1.0
1502,row_diagonal_dominant_random:8a85d76f30eb75a6,row_diagonal_dominant_random,362,0.02,float32,R2_C2,R0_C1,2000,2000,6.701492654042418,9.950247741825745,10.962096074256964,1.2011394370539628,1.6155358839203087,1.7685856492413248,0.9939071136420441,1.3054792239015773,1.4129498857385823,0.46296004701833426,0.4030245527561382,2.519829816599012,3.0724998313929537,1.0
1502,row_diagonal_dominant_random:8a85d76f30eb75a6,row_diagonal_dominant_random,362,0.02,float32,R0_C0,R0_C1,2000,2000,1.0,1.0,1.0,1.0,1.0,1.0,1.0,1.0,1.0,nan,nan,0.0,0.0,0.0
1502,row_diagonal_dominant_random:8a85d76f30eb75a6,row_diagonal_dominant_random,362,0.02,float64,R1_C1,R0_C1,2000,2000,6.582004483537058,9.414185192498111,10.53649427411408,1.2651429199733977,1.689798118490082,1.82693444687918,0.9985867550719627,1.2936039370988692,1.3900921904279375,0.4508467618643146,0.3828473187118297,2.408310899419428,2.9682148810346236,1.0
1502,row_diagonal_dominant_random:8a85d76f30eb75a6,row_diagonal_dominant_random,362,0.02,float64,R2_C2,R0_C1,2000,2000,6.575187009059354,9.529410665515353,10.677596093328416,1.2775051072360184,1.6719262486466746,1.8089527731865398,0.9986075661765406,1.3000501174058445,1.4144293760754953,0.4169926474686287,0.36125556631389155,2.3927988491342713,2.9909985455902444,1.0
1502,row_diagonal_dominant_random:8a85d76f30eb75a6,row_diagonal_dominant_random,362,0.02,float64,R0_C0,R0_C1,2000,2000,1.0,1.0,1.0,1.0,1.0,1.0,1.0,1.0,1.0,nan,nan,0.0,0.0,0.0
1503,row_diagonal_dominant_random:3cf57fa76b9a551c,row_diagonal_dominant_random,362,0.01,float32,R1_C1,R0_C1,2000,2000,6.705658785802742,10.34603156238865,11.593214177772596,1.21743703506097,1.6725292769043205,1.8488080680328183,1.0102274736270958,1.3047176222016652,1.4123795449917682,0.5394617404914499,0.4715281508820377,2.5000337186660113,3.052626639432963,1.0
1503,row_diagonal_dominant_random:3cf57fa76b9a551c,row_diagonal_dominant_random,362,0.01,float32,R2_C2,R0_C1,2000,2000,6.649732663457501,9.948645804298062,11.323080705130094,1.2127145218182298,1.6412848266889617,1.8266994581265072,0.9983854418868063,1.2987022650694318,1.3954421611717331,0.5395820572958983,0.474723684180921,2.514199230781596,3.0355879310569964,1.0
1503,row_diagonal_dominant_random:3cf57fa76b9a551c,row_diagonal_dominant_random,362,0.01,float32,R0_C0,R0_C1,2000,2000,1.0,1.0,1.0,1.0,1.0,1.0,1.0,1.0,1.0,nan,nan,0.0,0.0,0.0
1503,row_diagonal_dominant_random:3cf57fa76b9a551c,row_diagonal_dominant_random,362,0.01,float64,R1_C1,R0_C1,2000,2000,6.565610087697385,9.451827972188912,10.55373528607417,1.2663929422257136,1.6794163586595199,1.868506052605513,1.0007119496985166,1.2905915352386066,1.388991130990007,0.4197721082969667,0.3440149130037282,2.3917913727256934,2.9968071225819437,1.0
1503,row_diagonal_dominant_random:3cf57fa76b9a551c,row_diagonal_dominant_random,362,0.01,float64,R2_C2,R0_C1,2000,2000,6.58501962462899,9.64499219074178,10.801014948302186,1.2888560595745862,1.6847497469578943,1.8336846223098562,1.0075422723331977,1.2963630375106545,1.3845013804455224,0.40290095953532923,0.3443621630905408,2.3874834767970317,2.993194116002303,1.0
1503,row_diagonal_dominant_random:3cf57fa76b9a551c,row_diagonal_dominant_random,362,0.01,float64,R0_C0,R0_C1,2000,2000,1.0,1.0,1.0,1.0,1.0,1.0,1.0,1.0,1.0,nan,nan,0.0,0.0,0.0
1504,row_diagonal_dominant_random:4cbd4f5958f010f8,row_diagonal_dominant_random,362,0.005,float32,R1_C1,R0_C1,2000,2000,6.826785809307852,10.071958401447304,11.387752874130944,1.214624046724357,1.6650639542266032,1.826951034474261,1.0022902532356308,1.305881973935382,1.4039478376617,0.5225224066500472,0.47630522007630505,2.5066930847819746,3.0455409691876,1.0
1504,row_diagonal_dominant_random:4cbd4f5958f010f8,row_diagonal_dominant_random,362,0.005,float32,R2_C2,R0_C1,2000,2000,6.731845949545686,10.083257536325572,11.217665733528225,1.215801532108204,1.6532810077812148,1.8205654598075993,0.9829191257554997,1.290953764811515,1.3817113170599205,0.5314868260443809,0.4778674734668683,2.513271081782978,3.0493431075317856,1.0
1504,row_diagonal_dominant_random:4cbd4f5958f010f8,row_diagonal_dominant_random,362,0.005,float32,R0_C0,R0_C1,2000,2000,1.0,1.0,1.0,1.0,1.0,1.0,1.0,1.0,1.0,nan,nan,0.0,0.0,0.0
1504,row_diagonal_dominant_random:4cbd4f5958f010f8,row_diagonal_dominant_random,362,0.005,float64,R1_C1,R0_C1,2000,2000,6.495059048562022,9.433302648573791,10.678374785166607,1.276966118577524,1.7126976484293999,1.8699598091558967,1.0049057211584214,1.3036039475774197,1.4129839181234978,0.4431672082412052,0.3536953034238258,2.389610299856578,2.958625628555801,1.0
1504,row_diagonal_dominant_random:4cbd4f5958f010f8,row_diagonal_dominant_random,362,0.005,float64,R2_C2,R0_C1,2000,2000,6.599396701991274,9.521893169488173,10.779348015585228,1.2857198969846855,1.714203051973931,1.8783532639140845,1.0029736294795404,1.3034497478832818,1.3948291470089755,0.4518411676236804,0.37454782563695643,2.379644786728573,2.9700754017991353,1.0
1504,row_diagonal_dominant_random:4cbd4f5958f010f8,row_diagonal_dominant_random,362,0.005,float64,R0_C0,R0_C1,2000,2000,1.0,1.0,1.0,1.0,1.0,1.0,1.0,1.0,1.0,nan,nan,0.0,0.0,0.0
1505,row_diagonal_dominant_random:9493eb0855127051,row_diagonal_dominant_random,362,0.002,float32,R1_C1,R0_C1,2000,2000,6.669426794782581,10.408813739396617,11.547318775582873,1.2184076695988613,1.6603613181441104,1.8463568866307034,0.9967669858371182,1.2806411982224302,1.37671389223828,0.5592460864258173,0.5036810804202702,2.497727571725446,3.0180023953534074,1.0
1505,row_diagonal_dominant_random:9493eb0855127051,row_diagonal_dominant_random,362,0.002,float32,R2_C2,R0_C1,2000,2000,6.6685601951072835,10.224888080667029,11.345241188184318,1.2109113394098014,1.6433183731608982,1.8075885042547601,0.9964484250034162,1.2797084073477527,1.380581174620143,0.5352865581608931,0.47684251421062857,2.5137966674201477,3.034434917870122,1.0
1505,row_diagonal_dominant_random:9493eb0855127051,row_diagonal_dominant_random,362,0.002,float32,R0_C0,R0_C1,2000,2000,1.0,1.0,1.0,1.0,1.0,1.0,1.0,1.0,1.0,nan,nan,0.0,0.0,0.0
1505,row_diagonal_dominant_random:9493eb0855127051,row_diagonal_dominant_random,362,0.002,float64,R1_C1,R0_C1,2000,2000,6.579947399370059,9.636009142487374,10.78486274529261,1.2918366810135282,1.7228666099969816,1.8739004146175198,0.9936193959847255,1.2937312718138958,1.394017354914504,0.43052322324553255,0.3795602103900526,2.381299490990034,2.9937654865340173,0.9995
1505,row_diagonal_dominant_random:9493eb0855127051,row_diagonal_dominant_random,362,0.002,float64,R2_C2,R0_C1,2000,2000,6.537238743902787,9.536067565200803,10.517405265915526,1.2822794972649414,1.7469807343616208,1.8720415213260315,1.0008587106083735,1.288197972746937,1.3764188598273395,0.4293671332610805,0.37242553660638417,2.368047226137371,2.9571875425348964,0.9995
1505,row_diagonal_dominant_random:9493eb0855127051,row_diagonal_dominant_random,362,0.002,float64,R0_C0,R0_C1,2000,2000,1.0,1.0,1.0,1.0,1.0,1.0,1.0,1.0,1.0,nan,nan,0.0,0.0,0.0
1506,row_diagonal_dominant_random:c93186b88112adec,row_diagonal_dominant_random,362,0.001,float32,R1_C1,R0_C1,2000,2000,6.656858421403543,10.273106803448123,11.47979487861855,1.2225036299509595,1.6933334307335859,1.873833750334225,0.9933967707939007,1.2934135370989563,1.3976711641641204,0.5417110027143945,0.46914379378594845,2.498393532916397,3.0196317155634467,0.9995
1506,row_diagonal_dominant_random:c93186b88112adec,row_diagonal_dominant_random,362,0.001,float32,R2_C2,R0_C1,2000,2000,6.718447764006726,10.399486539814445,11.541207879098554,1.2310150260772148,1.6764214475406543,1.8694516171545676,1.0045217862180573,1.2960877867575995,1.403268882922212,0.5507297201807315,0.4969990812497702,2.5011095181734126,3.0426121423983528,1.0
1506,row_diagonal_dominant_random:c93186b88112adec,row_diagonal_dominant_random,362,0.001,float32,R0_C0,R0_C1,2000,2000,1.0,1.0,1.0,1.0,1.0,1.0,1.0,1.0,1.0,nan,nan,0.0,0.0,0.0
1506,row_diagonal_dominant_random:c93186b88112adec,row_diagonal_dominant_random,362,0.001,float64,R1_C1,R0_C1,2000,2000,6.568781907472955,9.422751889561336,10.7904276421587,1.282548472814092,1.7149761777544514,1.8677814829359993,1.0028475386747864,1.298985196972166,1.4002418621663217,0.44140945558665967,0.37313691478422867,2.3891468428947964,2.972817373542673,0.9985
1506,row_diagonal_dominant_random:c93186b88112adec,row_diagonal_dominant_random,362,0.001,float64,R2_C2,R0_C1,2000,2000,6.636839229353782,9.682995688125603,10.857986719339888,1.2848575776375482,1.70814311684115,1.8984748872680635,1.0051514144712788,1.3178052905189057,1.4117805731724045,0.44460098944735293,0.38366746341686586,2.379852419918497,2.972272182001579,0.9995
1506,row_diagonal_dominant_random:c93186b88112adec,row_diagonal_dominant_random,362,0.001,float64,R0_C0,R0_C1,2000,2000,1.0,1.0,1.0,1.0,1.0,1.0,1.0,1.0,1.0,nan,nan,0.0,0.0,0.0
1527,row_diagonal_dominant_stochastic:021519ee0a19df7c,row_diagonal_dominant_stochastic,362,0.5,float32,R1_C1,R0_C1,2000,2000,5.411258367969332,8.296290876660768,9.396679646437281,1.0212688210397651,1.3354733725188377,1.4298999919528568,1.0041126287329485,1.3052016240622202,1.4268106415003055,0.016399847080869952,0.016870576217644057,2.391946757156104,3.341566226084023,0.9995
1527,row_diagonal_dominant_stochastic:021519ee0a19df7c,row_diagonal_dominant_stochastic,362,0.5,float32,R2_C2,R0_C1,2000,2000,5.440377876862183,8.238688933398688,9.163396777791299,1.0290403417037934,1.3310065276438072,1.4297481164485495,1.00388204609211,1.2971460431360597,1.400768280883371,0.03984142421651909,0.02863031215757804,2.418897219507432,3.2970118926856653,0.999
1527,row_diagonal_dominant_stochastic:021519ee0a19df7c,row_diagonal_dominant_stochastic,362,0.5,float32,R0_C0,R0_C1,2000,2000,1.0,1.0,1.0,1.0,1.0,1.0,1.0,1.0,1.0,nan,nan,0.0,0.0,0.0
1527,row_diagonal_dominant_stochastic:021519ee0a19df7c,row_diagonal_dominant_stochastic,362,0.5,float64,R1_C1,R0_C1,2000,2000,5.5309461045819,7.890699147754659,8.987634732296186,1.0459452159842895,1.3383437127040112,1.4523829088456808,1.0078245366270835,1.2961030701789156,1.4335398195405105,0.00925846811392578,0.011310017827504456,2.4228029415941092,3.2585000990205883,0.999
1527,row_diagonal_dominant_stochastic:021519ee0a19df7c,row_diagonal_dominant_stochastic,362,0.5,float64,R2_C2,R0_C1,2000,2000,5.5625870855032495,7.979351632021475,8.861781353223641,1.032749103754318,1.3256184011312497,1.4176511954334052,1.002685685402092,1.2983125745942896,1.3914186813764102,0.002440515389180645,0.0025880571470142865,2.420841653843693,3.277093820951007,0.9995
1527,row_diagonal_dominant_stochastic:021519ee0a19df7c,row_diagonal_dominant_stochastic,362,0.5,float64,R0_C0,R0_C1,2000,2000,1.0,1.0,1.0,1.0,1.0,1.0,1.0,1.0,1.0,nan,nan,0.0,0.0,0.0
1528,row_diagonal_dominant_stochastic:de30837b1853aaf8,row_diagonal_dominant_stochastic,362,0.3,float32,R1_C1,R0_C1,2000,2000,5.9238999447008425,9.234441719914111,10.238737938695069,1.050989936395144,1.3411545659769872,1.4654427328968114,0.9960426199019596,1.2748778445113491,1.3876193225214328,0.0993968005579268,0.07430937807734452,2.516188277662958,3.346341684982185,1.0
1528,row_diagonal_dominant_stochastic:de30837b1853aaf8,row_diagonal_dominant_stochastic,362,0.3,float32,R2_C2,R0_C1,2000,2000,5.898604069819719,8.980369925244114,10.011519757883013,1.053178315540937,1.3690142059612107,1.464259091359677,1.0026264931561397,1.3031544023978787,1.4109259891079997,0.07256411877918913,0.038840853710213424,2.5322658134232423,3.340571640750434,0.9995
1528,row_diagonal_dominant_stochastic:de30837b1853aaf8,row_diagonal_dominant_stochastic,362,0.3,float32,R0_C0,R0_C1,2000,2000,1.0,1.0,1.0,1.0,1.0,1.0,1.0,1.0,1.0,nan,nan,0.0,0.0,0.0
1528,row_diagonal_dominant_stochastic:de30837b1853aaf8,row_diagonal_dominant_stochastic,362,0.3,float64,R1_C1,R0_C1,2000,2000,5.991255569056785,8.582521357060525,9.508015287597033,1.070042489425286,1.3869613478343557,1.498028410878998,1.0027884256734925,1.2841240169730535,1.4031681390182356,0.13181830327179328,0.11642425860606463,2.509191651157483,3.236578978898524,1.0
1528,row_diagonal_dominant_stochastic:de30837b1853aaf8,row_diagonal_dominant_stochastic,362,0.3,float64,R2_C2,R0_C1,2000,2000,5.947976611779625,8.53546616659149,9.575348158119734,1.0610074345436868,1.3662598592787372,1.483895422247852,0.9954804439355067,1.291738310407018,1.3862541724411845,0.07834428170979986,0.047746714436678606,2.498998211854646,3.2543567564635447,0.999
1528,row_diagonal_dominant_stochastic:de30837b1853aaf8,row_diagonal_dominant_stochastic,362,0.3,float64,R0_C0,R0_C1,2000,2000,1.0,1.0,1.0,1.0,1.0,1.0,1.0,1.0,1.0,nan,nan,0.0,0.0,0.0
1529,row_diagonal_dominant_stochastic:85d04ae4513fe85f,row_diagonal_dominant_stochastic,362,0.2,float32,R1_C1,R0_C1,2000,2000,5.53810283933595,8.444314716659973,9.497591129891555,1.0837286702938438,1.3836217212384083,1.4792087251120565,1.0006717504184826,1.2875869966705604,1.3928144346441478,0.25099246453399005,0.20039639009909754,2.3919656329251753,3.094793273207628,0.999
1529,row_diagonal_dominant_stochastic:85d04ae4513fe85f,row_diagonal_dominant_stochastic,362,0.2,float32,R2_C2,R0_C1,2000,2000,5.656469684359713,8.642227635485378,9.602897258452083,1.0844578013553074,1.4001153809788607,1.5087746659862673,0.9961500079384915,1.2824332518894208,1.383809204180479,0.21481371796729462,0.16099453774863443,2.4245805212154856,3.157615932252882,0.9995
1529,row_diagonal_dominant_stochastic:85d04ae4513fe85f,row_diagonal_dominant_stochastic,362,0.2,float32,R0_C0,R0_C1,2000,2000,1.0,1.0,1.0,1.0,1.0,1.0,1.0,1.0,1.0,nan,nan,0.0,0.0,0.0
1529,row_diagonal_dominant_stochastic:85d04ae4513fe85f,row_diagonal_dominant_stochastic,362,0.2,float64,R1_C1,R0_C1,2000,2000,5.734289111152389,8.234239719418161,9.33091472899226,1.0973861467997068,1.4077949434321897,1.520049145998538,0.9964310955024971,1.2796334796212632,1.3650772016295434,0.21532347016357753,0.15756814089203522,2.4251226567831594,3.062096248123405,1.0
1529,row_diagonal_dominant_stochastic:85d04ae4513fe85f,row_diagonal_dominant_stochastic,362,0.2,float64,R2_C2,R0_C1,2000,2000,5.806394777920714,8.305795400435814,9.345438417615098,1.1082850856437851,1.4526115167453881,1.5571899122153425,0.991379108481727,1.2977941603698344,1.3907802987541664,0.17883635463207653,0.13893844973461242,2.415338947294991,3.1048778222043523,1.0
1529,row_diagonal_dominant_stochastic:85d04ae4513fe85f,row_diagonal_dominant_stochastic,362,0.2,float64,R0_C0,R0_C1,2000,2000,1.0,1.0,1.0,1.0,1.0,1.0,1.0,1.0,1.0,nan,nan,0.0,0.0,0.0
1530,row_diagonal_dominant_stochastic:0f7feef7c7880b20,row_diagonal_dominant_stochastic,362,0.1,float32,R1_C1,R0_C1,2000,2000,4.062487088360067,5.21017011274253,5.8472357253678675,1.2061940426773043,1.5795891132336348,1.6979616778799413,1.0049914821365311,1.306970000426278,1.3932816779765742,0.506442710461977,0.4249219647304912,1.781633181682182,2.21047236170298,0.9965
1530,row_diagonal_dominant_stochastic:0f7feef7c7880b20,row_diagonal_dominant_stochastic,362,0.1,float32,R2_C2,R0_C1,2000,2000,4.069142618301629,5.190074219804054,5.769736211996127,1.211372430272975,1.5524234864537527,1.6931370582623957,1.005657998392507,1.281563318456743,1.3803858284727548,0.5057023199295674,0.43308357777089446,1.777740533131564,2.207700116996595,0.9955
1530,row_diagonal_dominant_stochastic:0f7feef7c7880b20,row_diagonal_dominant_stochastic,362,0.1,float32,R0_C0,R0_C1,2000,2000,1.0,1.0,1.0,1.0,1.0,1.0,1.0,1.0,1.0,nan,nan,0.0,0.0,0.0
1530,row_diagonal_dominant_stochastic:0f7feef7c7880b20,row_diagonal_dominant_stochastic,362,0.1,float64,R1_C1,R0_C1,2000,2000,4.797478108025294,5.549137155993499,5.914059833846804,1.3720310220285366,1.7081257176158273,1.8215698610529134,0.9994038048851859,1.2860884239302717,1.3746217746151843,0.32424378837280793,0.28106999826749957,1.8085521337822907,2.2381540371292754,0.998
1530,row_diagonal_dominant_stochastic:0f7feef7c7880b20,row_diagonal_dominant_stochastic,362,0.1,float64,R2_C2,R0_C1,2000,2000,4.8295564692122035,5.608950526999019,6.0025013594341186,1.377517303900523,1.719891635424473,1.847228618623138,0.9961176611139919,1.2958222217697182,1.3959813237981147,0.3416360997806234,0.2799554019888505,1.8044081227146145,2.2511457222626987,0.9975
1530,row_diagonal_dominant_stochastic:0f7feef7c7880b20,row_diagonal_dominant_stochastic,362,0.1,float64,R0_C0,R0_C1,2000,2000,1.0,1.0,1.0,1.0,1.0,1.0,1.0,1.0,1.0,nan,nan,0.0,0.0,0.0
1531,row_diagonal_dominant_stochastic:0530909e2322226a,row_diagonal_dominant_stochastic,362,0.05,float32,R1_C1,R0_C1,2000,2000,3.860003633955468,4.3622902276723545,4.534379101106352,2.1607638203480386,2.6223882586643406,2.7536683535832625,1.0016264111683622,1.2955981329903652,1.398281760063792,0.4461034552607784,0.42130134182533546,0.8416239449142011,1.2096847404155087,0.232
1531,row_diagonal_dominant_stochastic:0530909e2322226a,row_diagonal_dominant_stochastic,362,0.05,float32,R2_C2,R0_C1,2000,2000,3.874448775162776,4.341457066066892,4.540210815366049,2.171051446516599,2.628778852460474,2.787084736630599,1.0032665024084286,1.3070374973605159,1.396485848851843,0.4379112685954409,0.40395668748917185,0.8422349064020106,1.1974706500391228,0.226
1531,row_diagonal_dominant_stochastic:0530909e2322226a,row_diagonal_dominant_stochastic,362,0.05,float32,R0_C0,R0_C1,2000,2000,1.0,1.0,1.0,1.0,1.0,1.0,1.0,1.0,1.0,nan,nan,0.0,0.0,0.0
1531,row_diagonal_dominant_stochastic:0530909e2322226a,row_diagonal_dominant_stochastic,362,0.05,float64,R1_C1,R0_C1,2000,2000,4.625998924285515,5.194011890506041,5.378801412895676,2.643523594678509,3.147317404550139,3.287369134730422,1.0032052981845976,1.2912395825642926,1.395538990302021,0.25259779601751214,0.24941428135357033,0.8107258745935082,1.2054452041843648,0.2135
1531,row_diagonal_dominant_stochastic:0530909e2322226a,row_diagonal_dominant_stochastic,362,0.05,float64,R2_C2,R0_C1,2000,2000,4.647344336711668,5.215002819114656,5.371419249461531,2.6335712160928493,3.140578308612088,3.3091148754186537,1.0009461164403968,1.288206044876984,1.3783229989918067,0.23141885312461555,0.22354742138685535,0.8114199256391119,1.209123827060019,0.213
1531,row_diagonal_dominant_stochastic:0530909e2322226a,row_diagonal_dominant_stochastic,362,0.05,float64,R0_C0,R0_C1,2000,2000,1.0,1.0,1.0,1.0,1.0,1.0,1.0,1.0,1.0,nan,nan,0.0,0.0,0.0
1532,row_diagonal_dominant_stochastic:f5393029996d2c29,row_diagonal_dominant_stochastic,362,0.02,float32,R1_C1,R0_C1,2000,2000,3.6603871115689435,3.9849492145088945,4.0955768627154185,2.944175496862968,3.2611947480770342,3.4156091410542144,0.9890637806569231,1.2105935060885726,1.303686670484177,0.6880140823486522,0.7842205660551415,0.31781734054627514,0.40265474646937893,0.0
1532,row_diagonal_dominant_stochastic:f5393029996d2c29,row_diagonal_dominant_stochastic,362,0.02,float32,R2_C2,R0_C1,2000,2000,3.6810924936914997,4.013347601921669,4.124151378245815,2.9553065139113217,3.2824528260952857,3.4107989534804095,1.0003210726745082,1.2065994643042168,1.2722291230645486,0.6958842679476073,0.7843824610956153,0.319090564144504,0.4029270136510576,0.0
1532,row_diagonal_dominant_stochastic:f5393029996d2c29,row_diagonal_dominant_stochastic,362,0.02,float32,R0_C0,R0_C1,2000,2000,1.0,1.0,1.0,1.0,1.0,1.0,1.0,1.0,1.0,nan,nan,0.0,0.0,0.0
1532,row_diagonal_dominant_stochastic:f5393029996d2c29,row_diagonal_dominant_stochastic,362,0.02,float64,R1_C1,R0_C1,2000,2000,4.456547580482963,4.97903019944894,5.102688125787569,3.593408527341738,4.006605917169731,4.203787187250067,0.9947359093689898,1.2141841574135352,1.3060084154113514,0.7309082980561387,0.8293263618315905,0.3084012838022868,0.4129434235586186,0.0
1532,row_diagonal_dominant_stochastic:f5393029996d2c29,row_diagonal_dominant_stochastic,362,0.02,float64,R2_C2,R0_C1,2000,2000,4.471454706641478,4.989193053445858,5.130351664464371,3.5893487754027515,4.018488763472374,4.2039778027206545,0.9928205632126285,1.203722757476265,1.2698830534924552,0.7341085454306477,0.824639091659773,0.31040753702168455,0.4127211560103063,0.0
1532,row_diagonal_dominant_stochastic:f5393029996d2c29,row_diagonal_dominant_stochastic,362,0.02,float64,R0_C0,R0_C1,2000,2000,1.0,1.0,1.0,1.0,1.0,1.0,1.0,1.0,1.0,nan,nan,0.0,0.0,0.0
1533,row_diagonal_dominant_stochastic:0d717c35c3b2f62d,row_diagonal_dominant_stochastic,362,0.01,float32,R1_C1,R0_C1,2000,2000,3.543854965364866,3.82740463479088,3.925043964344574,2.7768160134257642,3.0212330847671236,3.0909943439944523,1.0189684291927192,1.1008654809994813,1.1306352423230874,0.832256917626102,0.8196331059082763,0.35330297256497745,0.43693049098338704,0.0
1533,row_diagonal_dominant_stochastic:0d717c35c3b2f62d,row_diagonal_dominant_stochastic,362,0.01,float32,R2_C2,R0_C1,2000,2000,3.5738367650053204,3.8480600262912277,3.936430843047314,2.7901728871710905,3.0211343339885968,3.0903086724549538,1.0177092282226556,1.0969840812325076,1.1278664389835085,0.826625403235614,0.8089964097491025,0.3529246868738452,0.43827447384393625,0.0
1533,row_diagonal_dominant_stochastic:0d717c35c3b2f62d,row_diagonal_dominant_stochastic,362,0.01,float32,R0_C0,R0_C1,2000,2000,1.0,1.0,1.0,1.0,1.0,1.0,1.0,1.0,1.0,nan,nan,0.0,0.0,0.0
1533,row_diagonal_dominant_stochastic:0d717c35c3b2f62d,row_diagonal_dominant_stochastic,362,0.01,float64,R1_C1,R0_C1,2000,2000,4.314126544042148,4.79440755423604,4.930555094130243,3.3659763981405804,3.6969942130333746,3.793828181935452,1.0166043824072601,1.0979208933931268,1.1238955918600215,0.874040047831206,0.8658128734532183,0.3521470206425665,0.4505235537428958,0.0
1533,row_diagonal_dominant_stochastic:0d717c35c3b2f62d,row_diagonal_dominant_stochastic,362,0.01,float64,R2_C2,R0_C1,2000,2000,4.33800217842211,4.804476671959233,4.915182467760683,3.379301379684879,3.680187095909378,3.774757856897822,1.014027287700415,1.0960648328160882,1.1207216713566583,0.8705931804671806,0.8606533026633256,0.35326113358934996,0.4498899607099274,0.0
1533,row_diagonal_dominant_stochastic:0d717c35c3b2f62d,row_diagonal_dominant_stochastic,362,0.01,float64,R0_C0,R0_C1,2000,2000,1.0,1.0,1.0,1.0,1.0,1.0,1.0,1.0,1.0,nan,nan,0.0,0.0,0.0
1534,row_diagonal_dominant_stochastic:6bb9c9b7e1526958,row_diagonal_dominant_stochastic,362,0.005,float32,R1_C1,R0_C1,2000,2000,3.429125355972958,3.6973339450941887,3.7957714753946648,2.5734967271587976,2.7876110301752064,2.8447335245581122,1.0106512978540951,1.085422839592781,1.1043145257398155,0.794989287103693,0.781901292475323,0.4122138694948893,0.5053553423839026,0.0
1534,row_diagonal_dominant_stochastic:6bb9c9b7e1526958,row_diagonal_dominant_stochastic,362,0.005,float32,R2_C2,R0_C1,2000,2000,3.443613054967231,3.7283533266916784,3.8125351568676376,2.5821464202995177,2.7919478194689753,2.859843261752995,1.0095833567999013,1.0827420805370789,1.1042894771936118,0.8006750495488766,0.7848300777075194,0.4143693724908758,0.5022249479594497,0.0
1534,row_diagonal_dominant_stochastic:6bb9c9b7e1526958,row_diagonal_dominant_stochastic,362,0.005,float32,R0_C0,R0_C1,2000,2000,1.0,1.0,1.0,1.0,1.0,1.0,1.0,1.0,1.0,nan,nan,0.0,0.0,0.0
1534,row_diagonal_dominant_stochastic:6bb9c9b7e1526958,row_diagonal_dominant_stochastic,362,0.005,float64,R1_C1,R0_C1,2000,2000,4.107470814653061,4.580437776924276,4.6967704518042,3.0649017236303346,3.358791237203609,3.4572146966284993,1.0054542041316479,1.0802525742758675,1.1022043147351386,0.8566914252871919,0.8505843386460847,0.4130176906044457,0.5236634135275362,0.0
1534,row_diagonal_dominant_stochastic:6bb9c9b7e1526958,row_diagonal_dominant_stochastic,362,0.005,float64,R2_C2,R0_C1,2000,2000,4.128524206402462,4.596571056346438,4.714291324911955,3.088743482293242,3.374330497692709,3.46513512964667,1.0082114502134942,1.08314436917236,1.1041953145518302,0.8600981164034502,0.8511908112977027,0.41279245010535026,0.5244764051213442,0.0
1534,row_diagonal_dominant_stochastic:6bb9c9b7e1526958,row_diagonal_dominant_stochastic,362,0.005,float64,R0_C0,R0_C1,2000,2000,1.0,1.0,1.0,1.0,1.0,1.0,1.0,1.0,1.0,nan,nan,0.0,0.0,0.0
1535,row_diagonal_dominant_stochastic:103e29b8022442fa,row_diagonal_dominant_stochastic,362,0.002,float32,R1_C1,R0_C1,2000,2000,3.1895659929488045,3.461134063366539,3.5324830395332536,2.2617423280613487,2.451580651738344,2.5024916058355027,1.010164083377369,1.0853131453579488,1.105216627122256,0.7643334687927145,0.7534282568570642,0.49745866252742604,0.6005350868141452,0.0
1535,row_diagonal_dominant_stochastic:103e29b8022442fa,row_diagonal_dominant_stochastic,362,0.002,float32,R2_C2,R0_C1,2000,2000,3.2039935958476136,3.480360501568319,3.557374615345241,2.2670683286223023,2.4540620579963575,2.510215603386227,1.0107231123496287,1.0843820715085193,1.1084332311685394,0.7683672734908555,0.7539013734753434,0.4973195069816041,0.597958046672491,0.0
1535,row_diagonal_dominant_stochastic:103e29b8022442fa,row_diagonal_dominant_stochastic,362,0.002,float32,R0_C0,R0_C1,2000,2000,1.0,1.0,1.0,1.0,1.0,1.0,1.0,1.0,1.0,nan,nan,0.0,0.0,0.0
1535,row_diagonal_dominant_stochastic:103e29b8022442fa,row_diagonal_dominant_stochastic,362,0.002,float64,R1_C1,R0_C1,2000,2000,3.6972215970714974,4.1967008574056175,4.321744096706316,2.619853573047385,2.881299511084428,2.9571376546890615,1.0118827876633896,1.0824001601330537,1.1061358880367806,0.8240722520720506,0.8163277515819377,0.4976122607384346,0.6259702875619266,0.0
1535,row_diagonal_dominant_stochastic:103e29b8022442fa,row_diagonal_dominant_stochastic,362,0.002,float64,R2_C2,R0_C1,2000,2000,3.7196833509757985,4.187976457392891,4.285963837257808,2.6290051719191982,2.87635423457184,2.949369829403776,1.013822602250456,1.088222920375763,1.110204928331117,0.814187935939627,0.8065234281308571,0.49467642470632595,0.6269367103730722,0.0
1535,row_diagonal_dominant_stochastic:103e29b8022442fa,row_diagonal_dominant_stochastic,362,0.002,float64,R0_C0,R0_C1,2000,2000,1.0,1.0,1.0,1.0,1.0,1.0,1.0,1.0,1.0,nan,nan,0.0,0.0,0.0
1536,row_diagonal_dominant_stochastic:3f149f338e70104c,row_diagonal_dominant_stochastic,362,0.001,float32,R1_C1,R0_C1,2000,2000,2.9545756879112353,3.2225586961213075,3.2932711411914655,1.9994298974578668,2.1593734559857545,2.203103267242927,1.0064122062815537,1.0762867252652222,1.101149315149748,0.729800244020298,0.714091060522765,0.5630885182837537,0.6813670147871613,0.0
1536,row_diagonal_dominant_stochastic:3f149f338e70104c,row_diagonal_dominant_stochastic,362,0.001,float32,R2_C2,R0_C1,2000,2000,2.963363478122538,3.2448513407277346,3.3237316127848797,2.0043034388327596,2.1670044794995817,2.2268995307615165,1.0045078703734016,1.079968283552308,1.1045693262672436,0.7374701785016795,0.7200601275150319,0.5647514173265358,0.6791908563104333,0.0
1536,row_diagonal_dominant_stochastic:3f149f338e70104c,row_diagonal_dominant_stochastic,362,0.001,float32,R0_C0,R0_C1,2000,2000,1.0,1.0,1.0,1.0,1.0,1.0,1.0,1.0,1.0,nan,nan,0.0,0.0,0.0
1536,row_diagonal_dominant_stochastic:3f149f338e70104c,row_diagonal_dominant_stochastic,362,0.001,float64,R1_C1,R0_C1,2000,2000,3.3571111853557665,3.7906971195253987,3.8935012391791077,2.264247516695007,2.459594173286884,2.515548395768623,1.0023064248695528,1.072767125751826,1.0964698691690846,0.7661192823607328,0.7570789382697345,0.5641363396715351,0.7137349037430583,0.0
1536,row_diagonal_dominant_stochastic:3f149f338e70104c,row_diagonal_dominant_stochastic,362,0.001,float64,R2_C2,R0_C1,2000,2000,3.370934746656185,3.820246109435836,3.9432653839964322,2.2726857520025616,2.472981203427735,2.5309346415386433,1.00309078708873,1.0734241910610178,1.0961740311076773,0.777619612009743,0.7584629256157314,0.563336445796006,0.7194161343549461,0.0
1536,row_diagonal_dominant_stochastic:3f149f338e70104c,row_diagonal_dominant_stochastic,362,0.001,float64,R0_C0,R0_C1,2000,2000,1.0,1.0,1.0,1.0,1.0,1.0,1.0,1.0,1.0,nan,nan,0.0,0.0,0.0
1626,row_diagonal_dominant_random:93e6f52ebdb3ac55,row_diagonal_dominant_random,512,0.5,float32,R1_C1,R0_C1,2000,2000,4.5472195584586945,5.563205734443776,5.956242348940982,1.023217294744271,1.3070660595867032,1.3925838552856868,1.0044734614120294,1.2911162456938987,1.3733807526061284,0.04199705187585578,0.05171945792986449,2.1616361645940083,2.743310287863239,0.9995
1626,row_diagonal_dominant_random:93e6f52ebdb3ac55,row_diagonal_dominant_random,512,0.5,float32,R2_C2,R0_C1,2000,2000,4.554257328476327,5.605977242038662,5.958680467001606,1.0189395745154783,1.29387388437645,1.3777937117532668,0.9983412604397944,1.272132145932741,1.3612032187956689,-0.0008784423526056703,-0.014719668679917168,2.167070953941086,2.739294844301167,1.0
1626,row_diagonal_dominant_random:93e6f52ebdb3ac55,row_diagonal_dominant_random,512,0.5,float32,R0_C0,R0_C1,2000,2000,1.0,1.0,1.0,1.0,1.0,1.0,1.0,1.0,1.0,nan,nan,0.0,0.0,0.0
1626,row_diagonal_dominant_random:93e6f52ebdb3ac55,row_diagonal_dominant_random,512,0.5,float64,R1_C1,R0_C1,2000,2000,5.9756430765867385,7.398804540445503,8.047310828630575,1.0272098911979768,1.3317134464446547,1.4208446520905902,0.9965446981389507,1.2888000946171903,1.3825213721304719,-0.006019523487820878,-0.011339639834909957,2.5343211710951645,3.147892309780375,1.0
1626,row_diagonal_dominant_random:93e6f52ebdb3ac55,row_diagonal_dominant_random,512,0.5,float64,R2_C2,R0_C1,2000,2000,5.999001417725477,7.50793303943791,7.977837789230686,1.0390278746141317,1.3148028023583966,1.4171669358246624,1.0030605714104834,1.2876136774146005,1.378173871521857,0.004149435011668359,-0.0009189197297299324,2.533972472893794,3.150626805212604,1.0
1626,row_diagonal_dominant_random:93e6f52ebdb3ac55,row_diagonal_dominant_random,512,0.5,float64,R0_C0,R0_C1,2000,2000,1.0,1.0,1.0,1.0,1.0,1.0,1.0,1.0,1.0,nan,nan,0.0,0.0,0.0
1627,row_diagonal_dominant_random:03e59f7215597618,row_diagonal_dominant_random,512,0.3,float32,R1_C1,R0_C1,2000,2000,4.931820872387158,6.092062598395258,6.459132343773133,1.0364180768359295,1.3260501062398817,1.4180336486121154,0.9997587337032104,1.2823243499251353,1.3828024703148625,0.014565346528607968,0.011557634889408723,2.248262579463176,2.8357622050449995,1.0
1627,row_diagonal_dominant_random:03e59f7215597618,row_diagonal_dominant_random,512,0.3,float32,R2_C2,R0_C1,2000,2000,4.989135660212558,6.076949038488219,6.563940645175096,1.0326289112223639,1.3226342614447621,1.420371429755735,1.0037023385222286,1.2933281134916002,1.3932802036749168,0.04833487086635268,0.057988502497125616,2.2671341793434348,2.833787290821509,1.0
1627,row_diagonal_dominant_random:03e59f7215597618,row_diagonal_dominant_random,512,0.3,float32,R0_C0,R0_C1,2000,2000,1.0,1.0,1.0,1.0,1.0,1.0,1.0,1.0,1.0,nan,nan,0.0,0.0,0.0
1627,row_diagonal_dominant_random:03e59f7215597618,row_diagonal_dominant_random,512,0.3,float64,R1_C1,R0_C1,2000,2000,6.549211479946056,8.148371278528943,8.743733448358634,1.0600290885849009,1.3565070845673484,1.4610565172726835,0.9947902043074779,1.2741599589742367,1.3742242162669842,0.040657121995906056,0.0324368916092229,2.6256741257613494,3.225949495108625,1.0
1627,row_diagonal_dominant_random:03e59f7215597618,row_diagonal_dominant_random,512,0.3,float64,R2_C2,R0_C1,2000,2000,6.60895581131739,8.187398614359733,8.779337047329648,1.059314730458878,1.3615615552666702,1.468616441402902,0.9920982847383575,1.2948893561490262,1.408458417880824,0.012577976900043364,0.012649570662392666,2.6275593000542976,3.256294047969417,1.0
1627,row_diagonal_dominant_random:03e59f7215597618,row_diagonal_dominant_random,512,0.3,float64,R0_C0,R0_C1,2000,2000,1.0,1.0,1.0,1.0,1.0,1.0,1.0,1.0,1.0,nan,nan,0.0,0.0,0.0
1628,row_diagonal_dominant_random:c6616c01f005a03d,row_diagonal_dominant_random,512,0.2,float32,R1_C1,R0_C1,2000,2000,5.144970311083539,6.350933332140477,6.821007390521382,1.0572535881338467,1.3426492577814253,1.4361365829231256,1.0074744972365934,1.2768689194218286,1.3758903558300906,0.008258214163426312,0.008728103182025795,2.2773990134741293,2.8877134834504674,1.0
1628,row_diagonal_dominant_random:c6616c01f005a03d,row_diagonal_dominant_random,512,0.2,float32,R2_C2,R0_C1,2000,2000,5.154758811794482,6.30798422814938,6.690668901137587,1.053877699379718,1.3419311499224025,1.4384188214301632,1.004453517723476,1.2677836961050448,1.3853348803643593,0.0014424068055350445,0.005027405756851439,2.283598014877329,2.88671550577375,1.0
1628,row_diagonal_dominant_random:c6616c01f005a03d,row_diagonal_dominant_random,512,0.2,float32,R0_C0,R0_C1,2000,2000,1.0,1.0,1.0,1.0,1.0,1.0,1.0,1.0,1.0,nan,nan,0.0,0.0,0.0
1628,row_diagonal_dominant_random:c6616c01f005a03d,row_diagonal_dominant_random,512,0.2,float64,R1_C1,R0_C1,2000,2000,6.869488502018908,8.609280870388965,9.26507362600978,1.09424318607252,1.3793678932664524,1.468469997826678,1.0024845845049275,1.285687030155361,1.3795101280588997,0.033755228794288196,0.03869303617325904,2.653717426023463,3.2856945917570957,1.0
1628,row_diagonal_dominant_random:c6616c01f005a03d,row_diagonal_dominant_random,512,0.2,float64,R2_C2,R0_C1,2000,2000,6.826503606013604,8.539575007242206,9.104561470981759,1.0899664528823232,1.3884924787158055,1.479694228319271,0.9977717718204673,1.2834315800684077,1.379650577080869,0.03686627566591785,0.029081929270482317,2.6439604251200453,3.2450076729380566,1.0
1628,row_diagonal_dominant_random:c6616c01f005a03d,row_diagonal_dominant_random,512,0.2,float64,R0_C0,R0_C1,2000,2000,1.0,1.0,1.0,1.0,1.0,1.0,1.0,1.0,1.0,nan,nan,0.0,0.0,0.0
1629,row_diagonal_dominant_random:85f3946f6e4679ec,row_diagonal_dominant_random,512,0.1,float32,R1_C1,R0_C1,2000,2000,5.339577186568876,6.55679840955591,6.969917781182579,1.0749831892906394,1.366534892569298,1.4760530090900008,0.9973079088836978,1.2787167951340692,1.359095082529799,-0.002968228191737316,-0.002677143669285917,2.3151698975765163,2.912312340854628,1.0
1629,row_diagonal_dominant_random:85f3946f6e4679ec,row_diagonal_dominant_random,512,0.1,float32,R2_C2,R0_C1,2000,2000,5.354467686518673,6.644225410547847,7.009005396852358,1.0755008046285417,1.3534616291123018,1.4598228844575283,0.9961400543628688,1.262868703919432,1.357287778744037,0.01958328355074422,0.007642110410527603,2.3351078430870604,2.915557509327038,1.0
1629,row_diagonal_dominant_random:85f3946f6e4679ec,row_diagonal_dominant_random,512,0.1,float32,R0_C0,R0_C1,2000,2000,1.0,1.0,1.0,1.0,1.0,1.0,1.0,1.0,1.0,nan,nan,0.0,0.0,0.0
1629,row_diagonal_dominant_random:85f3946f6e4679ec,row_diagonal_dominant_random,512,0.1,float64,R1_C1,R0_C1,2000,2000,7.074819878225206,8.835561986656582,9.48218474423659,1.1314649242848343,1.4522335513410138,1.5576380119687534,0.9992901976521225,1.280706264981199,1.3785862047097988,0.09554333498127852,0.08208590952147737,2.6601204990122413,3.2121101273180033,1.0
1629,row_diagonal_dominant_random:85f3946f6e4679ec,row_diagonal_dominant_random,512,0.1,float64,R2_C2,R0_C1,2000,2000,7.101263509126179,8.749567842814482,9.350439091934003,1.1335949411202533,1.4458988222000448,1.5634009146282966,0.9980381959339542,1.269726798753684,1.3646993296759826,0.09175551445477409,0.07823662805915702,2.653328135750251,3.2210400370118037,1.0
1629,row_diagonal_dominant_random:85f3946f6e4679ec,row_diagonal_dominant_random,512,0.1,float64,R0_C0,R0_C1,2000,2000,1.0,1.0,1.0,1.0,1.0,1.0,1.0,1.0,1.0,nan,nan,0.0,0.0,0.0
1630,row_diagonal_dominant_random:2976d44433ad1387,row_diagonal_dominant_random,512,0.05,float32,R1_C1,R0_C1,2000,2000,5.468595380824112,6.636972601668006,7.073075250572521,1.0928042641760758,1.4129575000596701,1.5106087388882694,0.9992718305446464,1.2821130142587798,1.3705780347160539,0.046823949620381715,0.0400741180185295,2.3254953834796295,2.883093279930232,1.0
1630,row_diagonal_dominant_random:2976d44433ad1387,row_diagonal_dominant_random,512,0.05,float32,R2_C2,R0_C1,2000,2000,5.49708400550899,6.72802115431554,7.108220857857386,1.0923085279580718,1.391128285862685,1.497817294813335,1.0024323599458884,1.2826075546157159,1.383719681670353,0.05523820709655478,0.05373508943377235,2.3391873935891816,2.923812142171523,1.0
1630,row_diagonal_dominant_random:2976d44433ad1387,row_diagonal_dominant_random,512,0.05,float32,R0_C0,R0_C1,2000,2000,1.0,1.0,1.0,1.0,1.0,1.0,1.0,1.0,1.0,nan,nan,0.0,0.0,0.0
1630,row_diagonal_dominant_random:2976d44433ad1387,row_diagonal_dominant_random,512,0.05,float64,R1_C1,R0_C1,2000,2000,7.183193808759834,9.000272598766832,9.683329669050966,1.168776330802253,1.4797861144774567,1.5833329270557086,0.9986806671781547,1.2708785912080578,1.3613693742780595,0.11222808828647438,0.10439271509817878,2.6356056240117933,3.20698004066499,1.0
1630,row_diagonal_dominant_random:2976d44433ad1387,row_diagonal_dominant_random,512,0.05,float64,R2_C2,R0_C1,2000,2000,7.220419809117157,9.015875570711376,9.574456980714986,1.1731775697623927,1.4796789594851758,1.5797609698761885,0.9963907706061028,1.2875079212741334,1.380648881135958,0.1109805136116485,0.11361439190359797,2.621896163067153,3.1948239775648988,1.0
1630,row_diagonal_dominant_random:2976d44433ad1387,row_diagonal_dominant_random,512,0.05,float64,R0_C0,R0_C1,2000,2000,1.0,1.0,1.0,1.0,1.0,1.0,1.0,1.0,1.0,nan,nan,0.0,0.0,0.0
1631,row_diagonal_dominant_random:8a85d76f30eb75a6,row_diagonal_dominant_random,512,0.02,float32,R1_C1,R0_C1,2000,2000,5.52716722797569,6.765809119129586,7.141942165485166,1.1160841742831804,1.4089819546628077,1.5228899592065168,0.9996147678055352,1.2761191040632203,1.3845696855990584,0.014861644866789795,0.008974737743684435,2.32610437480304,2.888974439940345,1.0
1631,row_diagonal_dominant_random:8a85d76f30eb75a6,row_diagonal_dominant_random,512,0.02,float32,R2_C2,R0_C1,2000,2000,5.535880191479065,6.767652183826119,7.20563650419957,1.1176046283069205,1.4151289646068788,1.505357400324748,1.002077824261667,1.286965933440395,1.3882809093279715,0.04579345925670418,0.03809095702273926,2.321163359385608,2.8811588326964235,1.0
1631,row_diagonal_dominant_random:8a85d76f30eb75a6,row_diagonal_dominant_random,512,0.02,float32,R0_C0,R0_C1,2000,2000,1.0,1.0,1.0,1.0,1.0,1.0,1.0,1.0,1.0,nan,nan,0.0,0.0,0.0
1631,row_diagonal_dominant_random:8a85d76f30eb75a6,row_diagonal_dominant_random,512,0.02,float64,R1_C1,R0_C1,2000,2000,7.281155046186592,9.14703265547089,9.808683771409251,1.2030173711887686,1.5266523192037595,1.6420044049948412,0.9986417848385931,1.276489261850463,1.3805186598738826,0.1560347730122384,0.1528509112127278,2.6068542995014736,3.157233282465083,1.0
1631,row_diagonal_dominant_random:8a85d76f30eb75a6,row_diagonal_dominant_random,512,0.02,float64,R2_C2,R0_C1,2000,2000,7.356676750317345,9.144288841313609,9.798088607632602,1.208306607005646,1.511745733567864,1.6068854867011082,0.9999479536639309,1.287278550038043,1.37227048195868,0.10845149094471382,0.1049578672394668,2.606353716771036,3.166658938422847,1.0
1631,row_diagonal_dominant_random:8a85d76f30eb75a6,row_diagonal_dominant_random,512,0.02,float64,R0_C0,R0_C1,2000,2000,1.0,1.0,1.0,1.0,1.0,1.0,1.0,1.0,1.0,nan,nan,0.0,0.0,0.0
1632,row_diagonal_dominant_random:3cf57fa76b9a551c,row_diagonal_dominant_random,512,0.01,float32,R1_C1,R0_C1,2000,2000,5.503766313346089,6.801640307581527,7.2581296600209395,1.1252753714660635,1.4449204688401833,1.5629664979883808,1.0126019297089601,1.2928388236011237,1.39799646508331,0.05169948027339181,0.05032327858081964,2.294908658533299,2.899276549407741,1.0
1632,row_diagonal_dominant_random:3cf57fa76b9a551c,row_diagonal_dominant_random,512,0.01,float32,R2_C2,R0_C1,2000,2000,5.541921125508539,6.807988939243315,7.26516667263811,1.1301485442291672,1.4424176608614223,1.5461851235784756,1.0046883849233956,1.3025036353273503,1.4050657330497205,0.04758200154076809,0.04619414504853626,2.3031837848543826,2.89758933345156,1.0
1632,row_diagonal_dominant_random:3cf57fa76b9a551c,row_diagonal_dominant_random,512,0.01,float32,R0_C0,R0_C1,2000,2000,1.0,1.0,1.0,1.0,1.0,1.0,1.0,1.0,1.0,nan,nan,0.0,0.0,0.0
1632,row_diagonal_dominant_random:3cf57fa76b9a551c,row_diagonal_dominant_random,512,0.01,float64,R1_C1,R0_C1,2000,2000,7.289731904193556,9.279080608642811,9.838254872064006,1.2078734895647338,1.5216971988195223,1.6342762245412084,0.995309580884004,1.2762197038017544,1.3864546800300879,0.14581731078931667,0.13619508554877136,2.608582319494426,3.1657009683716044,1.0
1632,row_diagonal_dominant_random:3cf57fa76b9a551c,row_diagonal_dominant_random,512,0.01,float64,R2_C2,R0_C1,2000,2000,7.306401385157005,9.082905196587136,9.786543315100145,1.1961283877868167,1.5158412660257536,1.6338314939612244,0.9944289224842324,1.2631417369796736,1.3584541893464896,0.13368657263165595,0.11624943356235837,2.6176187978896666,3.1566705037173612,1.0
1632,row_diagonal_dominant_random:3cf57fa76b9a551c,row_diagonal_dominant_random,512,0.01,float64,R0_C0,R0_C1,2000,2000,1.0,1.0,1.0,1.0,1.0,1.0,1.0,1.0,1.0,nan,nan,0.0,0.0,0.0
1633,row_diagonal_dominant_random:4cbd4f5958f010f8,row_diagonal_dominant_random,512,0.005,float32,R1_C1,R0_C1,2000,2000,5.5603629847546365,6.848124324544153,7.371037616289305,1.112160303907953,1.4171289669825793,1.5126973567843724,0.9919495936773806,1.2872483031971278,1.3766290755748962,0.005495747358244755,0.02011211752802938,2.314291629219981,2.924192437043398,1.0
1633,row_diagonal_dominant_random:4cbd4f5958f010f8,row_diagonal_dominant_random,512,0.005,float32,R2_C2,R0_C1,2000,2000,5.588251245276203,6.8175183087082205,7.222554453813193,1.118742202278904,1.418983974158643,1.5266668784730215,0.9934883311400784,1.2705533542961363,1.3613897665683339,0.04203068819082402,0.024901542225385556,2.3307165627589055,2.922116936547256,1.0
1633,row_diagonal_dominant_random:4cbd4f5958f010f8,row_diagonal_dominant_random,512,0.005,float32,R0_C0,R0_C1,2000,2000,1.0,1.0,1.0,1.0,1.0,1.0,1.0,1.0,1.0,nan,nan,0.0,0.0,0.0
1633,row_diagonal_dominant_random:4cbd4f5958f010f8,row_diagonal_dominant_random,512,0.005,float64,R1_C1,R0_C1,2000,2000,7.315384605175284,9.189818909684536,9.913303728437965,1.2163766131704494,1.5429692554378232,1.6591017182536378,0.9950564016086617,1.2721719314340392,1.3755109198373705,0.11514309152530508,0.11794431998607999,2.6027201197595957,3.1580741285700475,1.0
1633,row_diagonal_dominant_random:4cbd4f5958f010f8,row_diagonal_dominant_random,512,0.005,float64,R2_C2,R0_C1,2000,2000,7.392910642501709,9.125007172399354,9.714081343950392,1.2096905682254615,1.5647208392470184,1.6901170794975615,1.006561986614336,1.282161911894823,1.3727538552965708,0.13463322664889765,0.12007767751941938,2.6148581683428844,3.126544143796172,1.0
1633,row_diagonal_dominant_random:4cbd4f5958f010f8,row_diagonal_dominant_random,512,0.005,float64,R0_C0,R0_C1,2000,2000,1.0,1.0,1.0,1.0,1.0,1.0,1.0,1.0,1.0,nan,nan,0.0,0.0,0.0
1634,row_diagonal_dominant_random:9493eb0855127051,row_diagonal_dominant_random,512,0.002,float32,R1_C1,R0_C1,2000,2000,5.546436427579771,6.793225889777867,7.157407377197405,1.120433784087688,1.419566320942498,1.525517594257234,0.9960030948915031,1.2736981693017455,1.3775256698120415,0.041793342042419954,0.039101225275306316,2.328940488706378,2.876643433717241,1.0
1634,row_diagonal_dominant_random:9493eb0855127051,row_diagonal_dominant_random,512,0.002,float32,R2_C2,R0_C1,2000,2000,5.545893432051618,6.759639833004899,7.2148980037712365,1.1083257003170308,1.4009081777602506,1.490770150293053,0.9900075078367504,1.2697933358688809,1.3707676841682257,0.038398345655097414,0.038743476685869166,2.336671956420564,2.8827639680415955,1.0
1634,row_diagonal_dominant_random:9493eb0855127051,row_diagonal_dominant_random,512,0.002,float32,R0_C0,R0_C1,2000,2000,1.0,1.0,1.0,1.0,1.0,1.0,1.0,1.0,1.0,nan,nan,0.0,0.0,0.0
1634,row_diagonal_dominant_random:9493eb0855127051,row_diagonal_dominant_random,512,0.002,float64,R1_C1,R0_C1,2000,2000,7.322029825784809,9.026432138857341,9.681927024392847,1.2215361363416748,1.545769598926458,1.6342751361207382,1.0014898225680842,1.2854680762276511,1.3779750965622584,0.10979667202538589,0.10516967179241794,2.58082175752554,3.1727655775195234,1.0
1634,row_diagonal_dominant_random:9493eb0855127051,row_diagonal_dominant_random,512,0.002,float64,R2_C2,R0_C1,2000,2000,7.338823288577482,9.107275433456557,9.742504643383747,1.2295670267305892,1.544221102733661,1.6580301453571855,1.0022977486802063,1.2886720179420648,1.3757513990874775,0.11631418327233752,0.11654475663618914,2.5786731202570365,3.1557395831667576,1.0
1634,row_diagonal_dominant_random:9493eb0855127051,row_diagonal_dominant_random,512,0.002,float64,R0_C0,R0_C1,2000,2000,1.0,1.0,1.0,1.0,1.0,1.0,1.0,1.0,1.0,nan,nan,0.0,0.0,0.0
1635,row_diagonal_dominant_random:c93186b88112adec,row_diagonal_dominant_random,512,0.001,float32,R1_C1,R0_C1,2000,2000,5.5837407924840186,6.894700009435085,7.360888017999445,1.109428038259686,1.4320840965908337,1.5113439058966929,0.9943417871805726,1.2810491690793666,1.3758336512533196,0.06788925344323439,0.06748771687192923,2.3248093919672854,2.8957056369037093,1.0
1635,row_diagonal_dominant_random:c93186b88112adec,row_diagonal_dominant_random,512,0.001,float32,R2_C2,R0_C1,2000,2000,5.553625024412653,6.856080122322353,7.317294659457751,1.1177660437602803,1.4051439750948858,1.4988829497036265,1.0022224297891689,1.2602987429765655,1.3527603999478546,0.05293801378312222,0.04734283933570983,2.3182655009163584,2.883814490549313,1.0
1635,row_diagonal_dominant_random:c93186b88112adec,row_diagonal_dominant_random,512,0.001,float32,R0_C0,R0_C1,2000,2000,1.0,1.0,1.0,1.0,1.0,1.0,1.0,1.0,1.0,nan,nan,0.0,0.0,0.0
1635,row_diagonal_dominant_random:c93186b88112adec,row_diagonal_dominant_random,512,0.001,float64,R1_C1,R0_C1,2000,2000,7.338095289773099,9.07764270460025,9.737251405739002,1.2220982692069264,1.5327892718881873,1.637725027089771,1.0004139903887137,1.2703557131793919,1.3577225209851174,0.13428495278743818,0.10085851171462792,2.6041153624550732,3.155363429944837,1.0
1635,row_diagonal_dominant_random:c93186b88112adec,row_diagonal_dominant_random,512,0.001,float64,R2_C2,R0_C1,2000,2000,7.248285556779502,9.042311325951212,9.624823495275473,1.2115992493651861,1.5345099389517831,1.6447205376905494,0.9968939439326572,1.27624596340289,1.3780398461241614,0.11894768284324801,0.10507949926987481,2.5888860915025345,3.1522354720520243,1.0
1635,row_diagonal_dominant_random:c93186b88112adec,row_diagonal_dominant_random,512,0.001,float64,R0_C0,R0_C1,2000,2000,1.0,1.0,1.0,1.0,1.0,1.0,1.0,1.0,1.0,nan,nan,0.0,0.0,0.0
1656,row_diagonal_dominant_stochastic:021519ee0a19df7c,row_diagonal_dominant_stochastic,512,0.5,float32,R1_C1,R0_C1,2000,2000,4.5567856054878515,5.52688588334455,5.882563307152815,1.0337161352515922,1.323688877288061,1.4115539252678937,1.0162526028706538,1.2990395890344273,1.4047410301535321,0.00017544370110455208,-0.0008729612182403045,2.1396770347763665,2.717303180845585,1.0
1656,row_diagonal_dominant_stochastic:021519ee0a19df7c,row_diagonal_dominant_stochastic,512,0.5,float32,R2_C2,R0_C1,2000,2000,4.531383187137063,5.5530926803562775,5.9036116830954635,1.0286882165946243,1.3114989382117075,1.40364129778405,1.006523269189413,1.2957236304339357,1.3851820334130285,-0.0027276494066760405,0.000304645576161394,2.1456362642338838,2.724179602978785,1.0
1656,row_diagonal_dominant_stochastic:021519ee0a19df7c,row_diagonal_dominant_stochastic,512,0.5,float32,R0_C0,R0_C1,2000,2000,1.0,1.0,1.0,1.0,1.0,1.0,1.0,1.0,1.0,nan,nan,0.0,0.0,0.0
1656,row_diagonal_dominant_stochastic:021519ee0a19df7c,row_diagonal_dominant_stochastic,512,0.5,float64,R1_C1,R0_C1,2000,2000,5.9459226192438495,7.382199503638891,7.920010001067666,1.0439714659071042,1.3254473860262133,1.4234736659176612,1.006921508119587,1.2886758721321616,1.3816886528918935,-0.05210203298818059,-0.04428939507234877,2.528750137187815,3.151005314193795,1.0
1656,row_diagonal_dominant_stochastic:021519ee0a19df7c,row_diagonal_dominant_stochastic,512,0.5,float64,R2_C2,R0_C1,2000,2000,5.9323311903069325,7.3841034481941765,7.853779530989431,1.0304920826387136,1.3308012825793307,1.4187654083302046,1.003437851061086,1.292958249767604,1.4003203244448286,0.009330103366459036,0.025583670395917597,2.5303621546251818,3.1380522533140174,1.0
1656,row_diagonal_dominant_stochastic:021519ee0a19df7c,row_diagonal_dominant_stochastic,512,0.5,float64,R0_C0,R0_C1,2000,2000,1.0,1.0,1.0,1.0,1.0,1.0,1.0,1.0,1.0,nan,nan,0.0,0.0,0.0
1657,row_diagonal_dominant_stochastic:de30837b1853aaf8,row_diagonal_dominant_stochastic,512,0.3,float32,R1_C1,R0_C1,2000,2000,4.75180681990864,5.723361039536288,6.106824364065727,1.0362953848906509,1.3285930716265704,1.4213958615314495,1.0024395065353506,1.2843180060384214,1.3698480943433875,0.01505870959017004,0.013706587926646982,2.204734775314626,2.778428760441506,1.0
1657,row_diagonal_dominant_stochastic:de30837b1853aaf8,row_diagonal_dominant_stochastic,512,0.3,float32,R2_C2,R0_C1,2000,2000,4.785729101593198,5.800010087527562,6.099975539668032,1.045257648021917,1.3385883111974903,1.435723587725365,1.0083732253634943,1.2944274753918013,1.4067168437227655,0.024869120567150637,0.026448441612110404,2.191338220872381,2.787364179079867,1.0
1657,row_diagonal_dominant_stochastic:de30837b1853aaf8,row_diagonal_dominant_stochastic,512,0.3,float32,R0_C0,R0_C1,2000,2000,1.0,1.0,1.0,1.0,1.0,1.0,1.0,1.0,1.0,nan,nan,0.0,0.0,0.0
1657,row_diagonal_dominant_stochastic:de30837b1853aaf8,row_diagonal_dominant_stochastic,512,0.3,float64,R1_C1,R0_C1,2000,2000,6.284431950573742,7.783800298660899,8.341573773088967,1.0570630798226424,1.347016349264342,1.4496521446730777,1.0045893293152557,1.2776595448208508,1.3697462254514043,0.029951232145775476,0.020183028545757136,2.5715817307802604,3.1467333101274932,1.0
1657,row_diagonal_dominant_stochastic:de30837b1853aaf8,row_diagonal_dominant_stochastic,512,0.3,float64,R2_C2,R0_C1,2000,2000,6.326234953141905,7.805071354687885,8.385979530428902,1.06330813231923,1.339585590449483,1.4437070522521005,1.0047300104773136,1.2753097836549727,1.36569657802456,0.05628326113216308,0.05201837650459412,2.579355038308436,3.1417950822399825,1.0
1657,row_diagonal_dominant_stochastic:de30837b1853aaf8,row_diagonal_dominant_stochastic,512,0.3,float64,R0_C0,R0_C1,2000,2000,1.0,1.0,1.0,1.0,1.0,1.0,1.0,1.0,1.0,nan,nan,0.0,0.0,0.0
1658,row_diagonal_dominant_stochastic:85d04ae4513fe85f,row_diagonal_dominant_stochastic,512,0.2,float32,R1_C1,R0_C1,2000,2000,4.663088193451324,5.612810593680733,6.021804087104042,1.0348898884214908,1.3341472897818685,1.4398049185626132,0.9928954880735238,1.2808623271553252,1.3798427561150672,0.05096741832289783,0.05337262784315697,2.1831775196552923,2.7327303954619495,0.9995
1658,row_diagonal_dominant_stochastic:85d04ae4513fe85f,row_diagonal_dominant_stochastic,512,0.2,float32,R2_C2,R0_C1,2000,2000,4.6578148785326405,5.626342961152101,5.966664608078864,1.0529782030481019,1.338264337496152,1.4453807379287302,0.9946776506397911,1.296070457412234,1.3772365921691332,0.03959261232900064,0.0447683811920953,2.148948281371397,2.7543357617716535,1.0
1658,row_diagonal_dominant_stochastic:85d04ae4513fe85f,row_diagonal_dominant_stochastic,512,0.2,float32,R0_C0,R0_C1,2000,2000,1.0,1.0,1.0,1.0,1.0,1.0,1.0,1.0,1.0,nan,nan,0.0,0.0,0.0
1658,row_diagonal_dominant_stochastic:85d04ae4513fe85f,row_diagonal_dominant_stochastic,512,0.2,float64,R1_C1,R0_C1,2000,2000,6.218125409091103,7.483469123243987,7.962827200214917,1.1030961477035608,1.4007082682910228,1.4903246263193557,1.0038192779857216,1.2895616312746603,1.3795150733524484,0.08327705884237854,0.0788297552074388,2.5216423969284163,3.0565701244395735,1.0
1658,row_diagonal_dominant_stochastic:85d04ae4513fe85f,row_diagonal_dominant_stochastic,512,0.2,float64,R2_C2,R0_C1,2000,2000,6.2086767934816205,7.5401209149581225,8.060601903187226,1.0911628638343034,1.3848158258803451,1.474106717982922,1.0099498359282566,1.2857539445454298,1.3870295570014717,0.0318865886109229,0.03660365415091353,2.5192700277256517,3.0734563885007726,1.0
1658,row_diagonal_dominant_stochastic:85d04ae4513fe85f,row_diagonal_dominant_stochastic,512,0.2,float64,R0_C0,R0_C1,2000,2000,1.0,1.0,1.0,1.0,1.0,1.0,1.0,1.0,1.0,nan,nan,0.0,0.0,0.0
1659,row_diagonal_dominant_stochastic:0f7feef7c7880b20,row_diagonal_dominant_stochastic,512,0.1,float32,R1_C1,R0_C1,2000,2000,4.161186058247587,4.447743224853405,4.523740281196237,1.0812385354013911,1.3587957092583085,1.467612700455526,0.9959378916870849,1.2681866128444441,1.3594947656067073,0.06299448199973012,0.06121442580360645,1.9378277345172945,2.369357565193349,0.9985
1659,row_diagonal_dominant_stochastic:0f7feef7c7880b20,row_diagonal_dominant_stochastic,512,0.1,float32,R2_C2,R0_C1,2000,2000,4.1812708432099335,4.455636857045589,4.549440102189597,1.0859441985374718,1.368066900090587,1.4724347093261265,0.9863033631406352,1.2729789974863621,1.3937136418372709,0.024964642093903287,0.023001983750495936,1.9419428325006591,2.3908741249222287,0.999
1659,row_diagonal_dominant_stochastic:0f7feef7c7880b20,row_diagonal_dominant_stochastic,512,0.1,float32,R0_C0,R0_C1,2000,2000,1.0,1.0,1.0,1.0,1.0,1.0,1.0,1.0,1.0,nan,nan,0.0,0.0,0.0
1659,row_diagonal_dominant_stochastic:0f7feef7c7880b20,row_diagonal_dominant_stochastic,512,0.1,float64,R1_C1,R0_C1,2000,2000,5.546682089698688,5.986303741121224,6.128856825563318,1.2624931453937416,1.5293929746265553,1.6057785832284237,1.003544011727346,1.280884665577479,1.381684223045827,0.09197811507103923,0.1109578672394668,2.120625181353498,2.5411690910803526,1.0
1659,row_diagonal_dominant_stochastic:0f7feef7c7880b20,row_diagonal_dominant_stochastic,512,0.1,float64,R2_C2,R0_C1,2000,2000,5.5366551881866135,5.9730356292283995,6.100024327592785,1.2684169085355432,1.5219275801835748,1.6115167400220711,1.0120725986538643,1.2878601715973497,1.3827204698198807,0.10950479472408862,0.12281894770473692,2.1222179744730596,2.563759134220975,1.0
1659,row_diagonal_dominant_stochastic:0f7feef7c7880b20,row_diagonal_dominant_stochastic,512,0.1,float64,R0_C0,R0_C1,2000,2000,1.0,1.0,1.0,1.0,1.0,1.0,1.0,1.0,1.0,nan,nan,0.0,0.0,0.0
1660,row_diagonal_dominant_stochastic:0530909e2322226a,row_diagonal_dominant_stochastic,512,0.05,float32,R1_C1,R0_C1,2000,2000,4.093993334654469,4.346055025023547,4.419580254625505,1.8795710746680456,2.2076103833114775,2.309516440810954,1.0008925173814214,1.2807551995893127,1.3725406699478468,0.16727211231765904,0.16961124790281196,1.1280458849046509,1.4962983884140544,0.753
1660,row_diagonal_dominant_stochastic:0530909e2322226a,row_diagonal_dominant_stochastic,512,0.05,float32,R2_C2,R0_C1,2000,2000,4.113355297215914,4.348172382639087,4.418838512018272,1.8753437204630037,2.2215012670030623,2.327355265964481,1.0007573799780456,1.2823650378133142,1.372270279439057,0.18146090006521556,0.19125014081253522,1.1281555630732016,1.5122912804441615,0.76
1660,row_diagonal_dominant_stochastic:0530909e2322226a,row_diagonal_dominant_stochastic,512,0.05,float32,R0_C0,R0_C1,2000,2000,1.0,1.0,1.0,1.0,1.0,1.0,1.0,1.0,1.0,nan,nan,0.0,0.0,0.0
1660,row_diagonal_dominant_stochastic:0530909e2322226a,row_diagonal_dominant_stochastic,512,0.05,float64,R1_C1,R0_C1,2000,2000,5.430022912697651,5.829169080737497,5.9170169712819645,2.417781858565708,2.8728125720812727,2.993118732566722,0.998278657531788,1.278730392812407,1.3660089293062454,0.15587338984479507,0.16206893251723312,1.159650725101062,1.5488269081062258,0.7705
1660,row_diagonal_dominant_stochastic:0530909e2322226a,row_diagonal_dominant_stochastic,512,0.05,float64,R2_C2,R0_C1,2000,2000,5.448698969511836,5.831997253057769,5.929468561805624,2.4264194180858665,2.8793683562721135,3.0198272668720474,0.9961236646135669,1.283980800075396,1.3656503159353228,0.1442284106983102,0.15736169584042395,1.1634217210673043,1.5477374456205575,0.7715
1660,row_diagonal_dominant_stochastic:0530909e2322226a,row_diagonal_dominant_stochastic,512,0.05,float64,R0_C0,R0_C1,2000,2000,1.0,1.0,1.0,1.0,1.0,1.0,1.0,1.0,1.0,nan,nan,0.0,0.0,0.0
1661,row_diagonal_dominant_stochastic:f5393029996d2c29,row_diagonal_dominant_stochastic,512,0.02,float32,R1_C1,R0_C1,2000,2000,4.072646718935321,4.312966388671886,4.379805254303378,3.2661083150876333,3.658511996940489,3.889008359369374,0.9826102591228087,1.2434887276847792,1.3389750913889553,0.4839087139875973,0.5729616427404107,0.32225048303752746,0.4103861080714595,0.0
1661,row_diagonal_dominant_stochastic:f5393029996d2c29,row_diagonal_dominant_stochastic,512,0.02,float32,R2_C2,R0_C1,2000,2000,4.083767348857147,4.319643580128504,4.382934774705169,3.2758210902815823,3.6628112636408208,3.896757747002118,0.9876280953570811,1.241690952134985,1.33850231913014,0.4773539470013692,0.552386544096636,0.32422268404408605,0.40997721808867416,0.0
1661,row_diagonal_dominant_stochastic:f5393029996d2c29,row_diagonal_dominant_stochastic,512,0.02,float32,R0_C0,R0_C1,2000,2000,1.0,1.0,1.0,1.0,1.0,1.0,1.0,1.0,1.0,nan,nan,0.0,0.0,0.0
1661,row_diagonal_dominant_stochastic:f5393029996d2c29,row_diagonal_dominant_stochastic,512,0.02,float64,R1_C1,R0_C1,2000,2000,5.3543353363490365,5.733106733772363,5.832161113050388,4.222790883595039,4.758775784368809,5.016070597991323,0.9934866104529794,1.2381111585568683,1.3343217995575343,0.5890927015202286,0.6585283031320758,0.33829103865179416,0.43184379744035356,0.0
1661,row_diagonal_dominant_stochastic:f5393029996d2c29,row_diagonal_dominant_stochastic,512,0.02,float64,R2_C2,R0_C1,2000,2000,5.364666381730888,5.75221678736879,5.8538286980452625,4.236290539758144,4.7606189433289305,5.045686860101703,0.9990856963774268,1.263723846952461,1.3469736057999733,0.6075388967454542,0.6674712213678053,0.33870288628936085,0.4321058599997081,0.0
1661,row_diagonal_dominant_stochastic:f5393029996d2c29,row_diagonal_dominant_stochastic,512,0.02,float64,R0_C0,R0_C1,2000,2000,1.0,1.0,1.0,1.0,1.0,1.0,1.0,1.0,1.0,nan,nan,0.0,0.0,0.0
1662,row_diagonal_dominant_stochastic:0d717c35c3b2f62d,row_diagonal_dominant_stochastic,512,0.01,float32,R1_C1,R0_C1,2000,2000,4.025772018456511,4.2698779246859795,4.343058814398026,3.11788740395013,3.31599398418546,3.3771955634026516,1.0151155758768056,1.0943866704808438,1.1447218648246915,0.7830973432143538,0.7729558437389609,0.3680338526298126,0.4365078061280995,0.0
1662,row_diagonal_dominant_stochastic:0d717c35c3b2f62d,row_diagonal_dominant_stochastic,512,0.01,float32,R2_C2,R0_C1,2000,2000,4.03491286746412,4.281650508615866,4.3575652359257395,3.1287260279444276,3.3186670806928533,3.3992919380652347,1.0147342761081952,1.1006987285083114,1.1434460247219835,0.7832260363440005,0.7864239166059791,0.36629724540488057,0.4396224722667704,0.0
1662,row_diagonal_dominant_stochastic:0d717c35c3b2f62d,row_diagonal_dominant_stochastic,512,0.01,float32,R0_C0,R0_C1,2000,2000,1.0,1.0,1.0,1.0,1.0,1.0,1.0,1.0,1.0,nan,nan,0.0,0.0,0.0
1662,row_diagonal_dominant_stochastic:0d717c35c3b2f62d,row_diagonal_dominant_stochastic,512,0.01,float64,R1_C1,R0_C1,2000,2000,5.262680740780615,5.651326994318233,5.76009328355993,4.009859694221737,4.312710192567088,4.411721475578569,1.01511626502707,1.092661324841093,1.1323486391677682,0.8363089336150441,0.8408862617215654,0.38351638734118665,0.4611044279759395,0.0
1662,row_diagonal_dominant_stochastic:0d717c35c3b2f62d,row_diagonal_dominant_stochastic,512,0.01,float64,R2_C2,R0_C1,2000,2000,5.272812005054224,5.651987908718323,5.750246008268832,4.0221712144215065,4.312540702064035,4.397395088343607,1.0116748967531501,1.0918315005569248,1.1324113858367304,0.8379744589691105,0.8451038997759749,0.3829854948074036,0.4615004605138833,0.0
1662,row_diagonal_dominant_stochastic:0d717c35c3b2f62d,row_diagonal_dominant_stochastic,512,0.01,float64,R0_C0,R0_C1,2000,2000,1.0,1.0,1.0,1.0,1.0,1.0,1.0,1.0,1.0,nan,nan,0.0,0.0,0.0
1663,row_diagonal_dominant_stochastic:6bb9c9b7e1526958,row_diagonal_dominant_stochastic,512,0.005,float32,R1_C1,R0_C1,2000,2000,3.9505086875735973,4.186626860792904,4.26451388325158,2.932863741015056,3.1204160715410896,3.1706051715311934,1.0156756900280959,1.078811608647562,1.1008239780042035,0.7825195134450219,0.7703441315860328,0.42857713349520377,0.5052229916206563,0.0
1663,row_diagonal_dominant_stochastic:6bb9c9b7e1526958,row_diagonal_dominant_stochastic,512,0.005,float32,R2_C2,R0_C1,2000,2000,3.957659950496801,4.20348124016056,4.285852320304272,2.943447071384861,3.130220905781359,3.1915403152068875,1.015179476073588,1.073897740329587,1.092078734888943,0.7793584592770592,0.7636404544101135,0.4306210724323933,0.5034101216601758,0.0
1663,row_diagonal_dominant_stochastic:6bb9c9b7e1526958,row_diagonal_dominant_stochastic,512,0.005,float32,R0_C0,R0_C1,2000,2000,1.0,1.0,1.0,1.0,1.0,1.0,1.0,1.0,1.0,nan,nan,0.0,0.0,0.0
1663,row_diagonal_dominant_stochastic:6bb9c9b7e1526958,row_diagonal_dominant_stochastic,512,0.005,float64,R1_C1,R0_C1,2000,2000,5.110933145064432,5.466848237495124,5.567199737563154,3.723993608239917,3.992155256546926,4.076662630491918,1.0190067213234917,1.079171158629171,1.0956481481814109,0.842497505363963,0.8342349075587268,0.44804431106590026,0.5298912028771906,0.0
1663,row_diagonal_dominant_stochastic:6bb9c9b7e1526958,row_diagonal_dominant_stochastic,512,0.005,float64,R2_C2,R0_C1,2000,2000,5.122636636505868,5.498516844804579,5.604409095369181,3.737015025605838,4.008208126993199,4.090036494087691,1.015612246285907,1.0795001116253544,1.0972109161677224,0.8396119217233282,0.8231915912978979,0.4484856995614491,0.5278228986959672,0.0
1663,row_diagonal_dominant_stochastic:6bb9c9b7e1526958,row_diagonal_dominant_stochastic,512,0.005,float64,R0_C0,R0_C1,2000,2000,1.0,1.0,1.0,1.0,1.0,1.0,1.0,1.0,1.0,nan,nan,0.0,0.0,0.0
1664,row_diagonal_dominant_stochastic:103e29b8022442fa,row_diagonal_dominant_stochastic,512,0.002,float32,R1_C1,R0_C1,2000,2000,3.7691847750810314,4.004752331885908,4.072164769718357,2.5981841620931174,2.768169688223689,2.812021431998608,1.0238244378421175,1.0889065704553416,1.1059010102785547,0.728955946732351,0.712995755748939,0.5344001530416619,0.6209178118763375,0.0
1664,row_diagonal_dominant_stochastic:103e29b8022442fa,row_diagonal_dominant_stochastic,512,0.002,float32,R2_C2,R0_C1,2000,2000,3.788447605714333,4.037134155008993,4.106796128225657,2.6160493117238763,2.7928468404981466,2.8449668114984044,1.0252321868519403,1.0880436740547341,1.106030550856405,0.7371623628056737,0.7261716810429203,0.5354698104946818,0.6213320906745499,0.0
1664,row_diagonal_dominant_stochastic:103e29b8022442fa,row_diagonal_dominant_stochastic,512,0.002,float32,R0_C0,R0_C1,2000,2000,1.0,1.0,1.0,1.0,1.0,1.0,1.0,1.0,1.0,nan,nan,0.0,0.0,0.0
1664,row_diagonal_dominant_stochastic:103e29b8022442fa,row_diagonal_dominant_stochastic,512,0.002,float64,R1_C1,R0_C1,2000,2000,4.769856295511415,5.1351333215778725,5.243128639383234,3.222870458608056,3.4631483143610167,3.520211244192446,1.0248085393188833,1.0869602496111612,1.1045705758435822,0.8008187224469645,0.7904840696210174,0.5595856587458631,0.6500037938176629,0.0
1664,row_diagonal_dominant_stochastic:103e29b8022442fa,row_diagonal_dominant_stochastic,512,0.002,float64,R2_C2,R0_C1,2000,2000,4.786896440546481,5.137588953444659,5.242025344246377,3.2308697452891586,3.4601110895513187,3.514604183489936,1.02485174435756,1.0857405349706235,1.1034191691290265,0.791929752293684,0.7830992707748177,0.5600650016425102,0.650726588619109,0.0
1664,row_diagonal_dominant_stochastic:103e29b8022442fa,row_diagonal_dominant_stochastic,512,0.002,float64,R0_C0,R0_C1,2000,2000,1.0,1.0,1.0,1.0,1.0,1.0,1.0,1.0,1.0,nan,nan,0.0,0.0,0.0
1665,row_diagonal_dominant_stochastic:3f149f338e70104c,row_diagonal_dominant_stochastic,512,0.001,float32,R1_C1,R0_C1,2000,2000,3.5668910742275757,3.799104937094354,3.8635289151004133,2.33581833709706,2.489305801381226,2.5372350096459337,1.0503472687717874,1.117554273633854,1.1341514146409937,0.7008302190821859,0.6809799112449778,0.6113697984073461,0.7023157649848093,0.0
1665,row_diagonal_dominant_stochastic:3f149f338e70104c,row_diagonal_dominant_stochastic,512,0.001,float32,R2_C2,R0_C1,2000,2000,3.5830300899668037,3.8171888773534945,3.884320786600419,2.3435227608059943,2.505526082491496,2.5431043780196676,1.0489410070611562,1.1144644373715442,1.132649464376519,0.6990444350633505,0.6859947994986998,0.6111436225884213,0.7057553801369849,0.0
1665,row_diagonal_dominant_stochastic:3f149f338e70104c,row_diagonal_dominant_stochastic,512,0.001,float32,R0_C0,R0_C1,2000,2000,1.0,1.0,1.0,1.0,1.0,1.0,1.0,1.0,1.0,nan,nan,0.0,0.0,0.0
1665,row_diagonal_dominant_stochastic:3f149f338e70104c,row_diagonal_dominant_stochastic,512,0.001,float64,R1_C1,R0_C1,2000,2000,4.404706770815302,4.73875703784467,4.824219454275038,2.8062374625101034,3.01474025957114,3.070731693634849,1.0464290569119208,1.112225118919605,1.1337637297316485,0.7592802958789305,0.7511379542844886,0.6423185750959433,0.7378517578017156,0.0
1665,row_diagonal_dominant_stochastic:3f149f338e70104c,row_diagonal_dominant_stochastic,512,0.001,float64,R2_C2,R0_C1,2000,2000,4.415116709032035,4.756430086817293,4.850823951688821,2.8203147042269743,3.0234655837243087,3.080320782643434,1.0493698893159062,1.1139195444996157,1.1318055514571403,0.749192569079585,0.7325902216475554,0.6411138111195613,0.7430368750268717,0.0
1665,row_diagonal_dominant_stochastic:3f149f338e70104c,row_diagonal_dominant_stochastic,512,0.001,float64,R0_C0,R0_C1,2000,2000,1.0,1.0,1.0,1.0,1.0,1.0,1.0,1.0,1.0,nan,nan,0.0,0.0,0.0
