dtype_name,block_index,family,n,attempts,successes,failures,failure_rate,rR2_over_u_q50,rR2_over_u_q90,rR2_over_u_q95,rR2_over_u_q99,rRinf_over_u_q50,rRinf_over_u_q90,rRinf_over_u_q95,rRinf_over_u_q99,rL2_over_u_q50,rL2_over_u_q90,rL2_over_u_q95,rL2_over_u_q99,rLinf_over_u_q50,rLinf_over_u_q90,rLinf_over_u_q95,rLinf_over_u_q99
float32,0,random_conditioned,8,2000,2000,0,0.0,0.5773902745245133,0.9904694895725484,1.172165212548382,1.6685930884693536,0.36836697096511767,0.6674244356556921,0.7783770606034754,1.1464896691304818,0.3033657916163286,0.48790021484062746,0.5567561546339943,0.7323682116490773,0.2043049516881874,0.33312948869727127,0.388692036596456,0.5144785541778836
float32,1,random_conditioned,8,2000,2000,0,0.0,1.0893523523045188,1.67746059214146,1.8496417829557483,2.2177242566427133,0.4604923507854136,0.7694823353976075,0.8929920274634225,1.1347726182564335,0.8540177697366657,1.3268951951489114,1.5340990973089752,1.9997162541005549,0.3892112882956341,0.5777413837914112,0.6430796468524006,0.8132118325477901
float32,2,random_conditioned,8,2000,2000,0,0.0,1.1041603572517062,1.8368737982131107,2.2227335750087134,3.0809865515260912,0.4743683795888102,0.8283107772498455,0.9752744636241727,1.4085417596261889,0.5171549408068061,0.7530122903771116,0.8455872787033986,1.0808652103511953,0.22955144786956905,0.35844890967081816,0.4082372439391623,0.5557246829952613
float32,3,random_conditioned,8,2000,2000,0,0.0,0.5017136502456017,1.2172257929489527,1.5087044371323712,2.4245084192356607,0.3365281003018123,0.8293671997403457,1.0447461714932882,1.6505217279445143,0.21330597346155178,0.3564761143632473,0.41621969459353836,0.5248247433180867,0.14938092042049467,0.26388434620171614,0.3102205179574329,0.4065403710341581
float32,4,random_conditioned,8,2000,2000,0,0.0,1.1073534694831284,1.6396279259293236,1.8272855262443457,2.2114459988750825,0.4597580014149134,0.772252003204626,0.8668553267052952,1.1365867301854544,0.8549782573931741,1.332583444976112,1.5414171458313732,1.948456861094636,0.3820347977136008,0.5706231298835734,0.6585454601458186,0.826224060759948
float32,5,random_conditioned,8,2000,2000,0,0.0,1.355510895331396,3.4876825512492,5.113929200013142,9.730086932900766,0.5921087969363513,1.4970881697847196,2.1860554280631397,4.305019585954103,0.49200528896363344,0.7241920517324909,0.8135808918896827,0.9915774229685483,0.2221245980877844,0.3476069803327511,0.3973776768634609,0.5247963645838711
float32,6,random_conditioned,8,2000,2000,0,0.0,0.5036518792026018,1.4596467564013564,2.097996672357956,4.220759194548236,0.3510538000665947,1.0457709237168948,1.4744975937786275,2.927450262659815,0.19525640297998015,0.34040212313158463,0.39964159335881816,0.5105394523182577,0.1350747294519154,0.2555746966021883,0.3046782927876247,0.4347310575602648
float32,7,random_conditioned,8,2000,2000,0,0.0,1.0879075522591635,1.6485908280521664,1.8438529881055785,2.175821181046205,0.45458702044302324,0.7611029012874603,0.8881973983114774,1.1559193743857947,0.8568387735208686,1.3471358047083144,1.4908050055682134,1.8389422220268412,0.38661812981389254,0.5741307150575178,0.6515499107294876,0.7927089026999146
float32,8,random_conditioned,8,2000,2000,0,0.0,1.3045960020529699,4.161785243156538,7.180746422544296,21.808871574204822,0.5760847654057792,1.7560748675022722,2.97026790537069,10.15516693846217,0.48785023996688925,0.7026216650236822,0.7699004913097047,0.9556066255749793,0.21686987364188004,0.3382003468989644,0.3843504597619674,0.5023434030746968
float32,9,random_conditioned,8,2000,1981,19,0.0095,0.5390048503708426,1.7038413120745217,2.781594630463864,6.017666972470695,0.37438459167814486,1.2114547563615916,1.9292877640201118,4.599619323664545,0.1968180191840169,0.33398715957354774,0.38753248772424614,0.5073636931664118,0.13099344405424612,0.24907433233359302,0.29781946477242355,0.4114161676806851
float32,10,random_conditioned,8,2000,1867,133,0.0665,1.0734697450354762,1.605515752617723,1.8079947407405554,2.233845708552765,0.4502130877177399,0.7617258545253561,0.8895697970219786,1.1455371972483817,0.8634810081227176,1.3461415856060295,1.5252629830893834,1.989837775235445,0.38477189810933893,0.5786078325563019,0.6405401206050505,0.8015318546694706
float32,11,random_conditioned,8,2000,1790,210,0.105,0.8285743826793346,2.7122281785901756,5.287802020484384,19.85874940617276,0.45627942150766077,1.4677930429881463,2.7808526001236262,10.489604330521374,0.31109069651398336,0.4816287578052514,0.5571038786322894,0.6894340165417877,0.18057709015470402,0.29812536944453266,0.35243692579628016,0.44682335444788385
float32,12,random_conditioned,8,2000,1697,303,0.1515,0.5667850272084006,1.9740736804811938,3.238739963234313,10.91103949124818,0.3728201452648811,1.3395036340313935,2.1509361929528112,7.076807782638465,0.1775768446863129,0.3193648401913912,0.3704330326299585,0.4962350000114105,0.11989155777048122,0.2406140157612002,0.296928969631776,0.4004388267912516
float32,13,random_conditioned,8,2000,1831,169,0.0845,1.0576143620559417,1.588974762916346,1.771543746365086,2.1265858560776847,0.44528240638659505,0.7456760754358083,0.8563027836828865,1.0766742930770798,0.8551588019418949,1.3417630960680618,1.5309421482378531,1.934418871356935,0.38799789078500657,0.571949986873144,0.6449430750352423,0.8042112611096818
float32,14,random_conditioned,8,2000,1532,468,0.234,0.7095227946791489,2.2961158030795854,4.069061400454831,12.967035594386525,0.3772513992238332,1.2328090246828967,2.1369465168400295,6.6306869847266885,0.2680602795861469,0.44050675129217337,0.5069398456440015,0.6704084216096069,0.16115281034446716,0.2817586086340898,0.330066114813423,0.40982192441655957
float32,15,random_conditioned,8,2000,1644,356,0.178,0.5336089201544665,2.2212725722638065,3.447552288726679,9.126058445211916,0.33713376290957375,1.3205710014982923,2.199948459543488,6.457128394769796,0.15422499202379597,0.2824832289543776,0.3299304636971719,0.4269493565338985,0.10525026282557837,0.21127400583185268,0.2559674062982068,0.3426821813897134
float32,16,random_conditioned,8,2000,1845,155,0.0775,1.0753919631122424,1.6531643331515389,1.8171664186605865,2.216974639188611,0.4522935924544022,0.7683328115629225,0.9176221158911058,1.1472412733752566,0.8750603754179938,1.3625736042428434,1.5448121471932712,1.9940436692980106,0.3894382788673684,0.5809137954411301,0.6477660432374349,0.8033388934691169
float32,17,random_conditioned,8,2000,1564,436,0.218,0.6871655782228177,2.2859525505352734,3.480158999959592,9.251907411184186,0.3623358771326568,1.1981785893362378,1.8788068991986506,4.413924119515603,0.26487135647335197,0.449118849673163,0.5155743748325347,0.6429505863899563,0.16114483881687175,0.28447491167024447,0.3332474451883513,0.43011105812385825
float32,18,random_conditioned,8,2000,1582,418,0.209,0.48236884033478256,1.915281279563213,3.050487889311617,9.295210522239513,0.3062798359018516,1.1441867918949622,1.9595442475223577,6.213597164548258,0.1467601431187957,0.29098562646976905,0.3401864433658235,0.4477697190947903,0.09822294179532781,0.22136945770926303,0.27008498985036045,0.38109088982874095
float32,19,random_conditioned,8,2000,1855,145,0.0725,1.101628199764099,1.6385153999344635,1.8096548300710964,2.223724701085551,0.45866161097746194,0.7661811104680938,0.860517419087381,1.1379447949066739,0.8520694265979726,1.3612539402448434,1.5286830112419225,1.9493940551218405,0.383415053185743,0.5832244230573785,0.6566999065382052,0.8266583401775182
float32,20,random_conditioned,8,2000,1584,416,0.208,0.6061332871207499,1.449434055323433,2.115626774520989,7.070325969685267,0.3221415881211802,0.7927489167159459,1.1272026928239416,3.5041514671901615,0.2660409061508176,0.4345481467387531,0.5023169997762549,0.6246744351469763,0.1585831337449155,0.27237347914615395,0.3183896178851678,0.41959412379806754
float32,21,random_conditioned,8,2000,2000,0,0.0,3.085737002010026,4.348571263966195,4.750508352087967,5.802527749770796,0.8407846783637976,1.2151126560565517,1.3883320173847447,1.758428792701411,3.0852957342446827,4.342997483252791,4.74956924742296,5.802527280763365,0.7355776758090589,0.9966311318477392,1.0992773675160383,1.3282915339728392
float32,31,vandermonde,8,2000,2000,0,0.0,0.38100355468474434,0.7253660463160019,0.8609307118169132,1.1511184821676934,0.26283819067199155,0.49019000696794585,0.5558372951161717,0.7871535541167964,0.35483549508406725,0.6419952991853479,0.7580440468997837,1.0048473784624756,0.3117757096423766,0.6093796032748108,0.710290512946725,1.005816634460173
float32,32,vandermonde,8,2000,1999,1,0.0005,0.8125131618490083,1.37311288906992,1.5714982099615993,1.9948630451043114,0.4162007925127625,0.7191750890736315,0.8456224642109839,1.0845930871319427,0.49472510189517555,0.861228315889825,1.0012670494786766,1.295324199709126,0.32632317746394257,0.6092435897363675,0.717760590398462,1.0040200090596503
float32,66,scaled_adversarial,8,2000,2000,0,0.0,5.9591439447473554e-05,0.0016027871915447656,0.0038325808558168826,0.02089253163534882,6.307975082689675e-05,0.0016263832236871074,0.003984779169844027,0.020725951751399057,0.00025367928813023043,0.028143217745306703,0.09508803525537066,0.38716102761026167,0.0002591863044132031,0.027323350836135744,0.09367962319674145,0.38628629533516934
float32,67,scaled_adversarial,8,2000,2000,0,0.0,1.0838557514663942e-07,5.0154448348791146e-05,0.00022830089827574312,0.0020980722332712477,1.103381526741425e-07,4.814872033548896e-05,0.00022870905508449177,0.002042900438799818,1.5202889429398809e-06,0.001096292477449487,0.004729704907664703,0.08071548911799786,1.5307293549963013e-06,0.001090374068701925,0.0045188722606943664,0.08071392180112924
float32,68,scaled_adversarial,8,2000,2000,0,0.0,2.848434765144292e-13,2.3482926945510826e-08,9.50404273068259e-07,0.00016380959853282256,2.7311573827147973e-13,2.4445040949562247e-08,9.529167835114672e-07,0.00017226320844132052,5.083455029539104e-12,3.9795388325517793e-07,1.2896885830250979e-05,0.0019387572351108552,4.927201095113115e-12,3.97962950369664e-07,1.2709998601113189e-05,0.0019385155856254295
float32,69,scaled_adversarial,8,2000,2000,0,0.0,5.86281143685185e-19,3.2025655354206045e-11,2.6308924077566804e-09,6.766357036415084e-06,5.854057751741883e-19,3.181530393947544e-11,2.5980730554669476e-09,6.339550709536318e-06,8.105566508185846e-18,1.4966354635685225e-10,1.7841710186505133e-08,8.697492425800358e-05,8.070052399572012e-18,1.4538580639786878e-10,1.7841691485101204e-08,8.696805450445306e-05
float32,70,scaled_adversarial,8,2000,2000,0,0.0,1.5151612306322278e-05,0.0005049483194314746,0.0013056139695874398,0.0059410204751022535,1.5381738621458606e-05,0.0005157477895040085,0.0012923555097348112,0.006093726748761219,1.526743468873916e-05,0.0005085707711824865,0.0013029169914888666,0.006079138418131501,1.5384143088086685e-05,0.0005157414076988476,0.001292354545855438,0.0060937234455540334
float32,71,scaled_adversarial,8,2000,2000,0,0.0,4.909511948619708e-10,4.794068887709507e-07,2.444566950938699e-06,5.221769722286856e-05,5.018450281194377e-10,5.036818148937519e-07,2.78422563904103e-06,5.246664542771052e-05,9.424451446665078e-10,2.3282005091239985e-06,2.1195741108748388e-05,0.06182378848329769,9.737783309800152e-10,2.4443231780990623e-06,2.1335950136658866e-05,0.061823665914978884
float32,72,scaled_adversarial,8,2000,2000,0,0.0,3.404031411243118e-16,2.1853343678820385e-10,7.611910676700706e-09,4.6385606891690415e-06,3.436113291706048e-16,2.3402878194147366e-10,7.60907751489718e-09,4.4961452009675425e-06,8.863517249103007e-14,5.98947764700963e-08,2.276145900316828e-06,0.004846728972957769,9.089958875269332e-14,5.980994577266448e-08,2.276118479303044e-06,0.00482276933123928
float32,73,scaled_adversarial,8,2000,2000,0,0.0,3.63110919768729e-21,1.839042271849332e-12,2.2843752237246893e-10,4.041141235274001e-07,3.631109197515682e-21,1.8390416601996062e-12,2.2841629610191801e-10,4.0411327515214364e-07,1.523471458645779e-18,2.711698569552892e-10,4.105628451635755e-08,7.607910195211418e-05,1.4841634743019495e-18,2.706737920649757e-10,4.105624906828526e-08,7.606380037819698e-05
float32,74,scaled_adversarial,8,2000,2000,0,0.0,1.518552522411929e-05,0.0004948156082412788,0.001208234685904604,0.006020271019970561,1.5608466100777742e-05,0.000505126482465873,0.0011575658354963725,0.006738146878684739,1.5227863362626274e-05,0.0005011686652622076,0.0011380393817064128,0.006652848809007797,1.5608466167772065e-05,0.0005051264824579205,0.001157565956357404,0.006738146878078058
float32,75,scaled_adversarial,8,2000,2000,0,0.0,3.5660672774388223e-10,2.473035085200139e-07,1.3877159923169966e-06,4.489847500818821e-05,3.638989349428972e-10,2.5891138418980396e-07,1.4951531539414198e-06,4.500664034188339e-05,3.578832982428306e-10,2.5725930722114764e-07,1.3847049138558347e-06,4.467052441318687e-05,3.6389893435539755e-10,2.589145506905882e-07,1.495153153941588e-06,4.5006639893731056e-05
float32,76,scaled_adversarial,8,2000,2000,0,0.0,2.9807850855749423e-18,1.8965198509645524e-12,6.996250331372505e-11,3.8370573873843915e-08,3.045053287546636e-18,1.9573854679060888e-12,7.19127497348422e-11,3.8370610321070963e-08,4.1045056734261346e-17,2.836166427453193e-10,2.1285916416788672e-07,0.013902938368856515,4.3102880003250834e-17,2.836622201713243e-10,2.1285900436721629e-07,0.013902932680327362
float32,77,scaled_adversarial,8,2000,2000,0,0.0,1.9213437345052216e-24,2.3562842735302406e-15,6.24442314901026e-13,4.139325384042093e-09,1.9729174780617383e-24,2.3283318906382577e-15,6.238919688321066e-13,4.139325530293378e-09,1.4331694736647358e-21,3.599626805779432e-12,2.2019636210343212e-09,0.0005091984749747484,1.447761945340054e-21,3.599599530594826e-12,2.2019636210386528e-09,0.0005091984749565353
float32,78,row_diagonal_dominant_random,8,2000,2000,0,0.0,0.9377417800701784,1.2704890287204464,1.3640499583887655,1.5374444935624392,0.8820577866286627,1.1755131966410393,1.2667044756141146,1.3901610228741483,0.9339053329083129,1.262615411607762,1.3555274237943453,1.5219547760023326,0.8334042740644493,1.0805907672277215,1.1346853455446735,1.2624723203019736
float32,79,row_diagonal_dominant_random,8,2000,2000,0,0.0,0.783641756314079,1.0373182482459584,1.1031984173305909,1.2203066626655974,0.7435910639245173,0.9684153808139301,1.0425875318116595,1.1613197414534622,0.769514648003961,1.0219692635500761,1.0854548141263558,1.211789239180958,0.6772704300836621,0.8579904502190105,0.9098895078519645,1.0020069335099822
float32,80,row_diagonal_dominant_random,8,2000,2000,0,0.0,0.7157336262558519,0.9514039581434139,1.0233003063345147,1.1591582087089054,0.6728405326336708,0.9070282784891988,0.9736668018739605,1.109738084511382,0.6945072697557881,0.9258855515956163,1.0098706218636273,1.1545820568696779,0.6019335563769967,0.7707858498975483,0.8236032431763072,0.93073676488118
float32,81,row_diagonal_dominant_random,8,2000,2000,0,0.0,0.6826076747322417,0.8995335464083831,0.9581283800431563,1.0939160528386966,0.6415110452314781,0.8460293740716913,0.9142421516865585,1.0413169741643022,0.6502367371111519,0.8527909612593051,0.911817445158572,1.0473883628652647,0.5615542906134461,0.7126752098986915,0.7662745300473014,0.8600102284900492
float32,82,row_diagonal_dominant_random,8,2000,2000,0,0.0,0.6974355755509617,0.9172956838780996,0.9882560126839846,1.1686548394119671,0.6404919465912045,0.8514332469985696,0.9410021551406876,1.0920744620815186,0.6460142288719186,0.8750509575225751,0.9315881415880569,1.0507524777236692,0.5520881738322715,0.7148231726011869,0.7659752375910593,0.8581077620487366
float32,83,row_diagonal_dominant_random,8,2000,2000,0,0.0,0.6935596988387523,0.9150590226288098,0.9838602238450359,1.1432616522637256,0.6293297778939205,0.8376781788595469,0.9234426821861719,1.0612148846926792,0.6353285427390538,0.84796398172328,0.9249511217038565,1.0439860339985332,0.541126221224014,0.695712063437431,0.7488698619766765,0.85657822492433
float32,84,row_diagonal_dominant_random,8,2000,2000,0,0.0,0.6819656200930341,0.9216878883726439,0.9913001837272559,1.1277537654274261,0.6173574027262116,0.8314129609237806,0.9104377777350311,1.05758677935241,0.6250382157931746,0.8505224665771223,0.9191697491301062,1.0502588782978957,0.531460969953124,0.6889564322733094,0.7424865145445947,0.8248356450468296
float32,85,row_diagonal_dominant_random,8,2000,2000,0,0.0,0.6933937271455961,0.9250274209117086,0.9988264110990271,1.1605755214872806,0.6243107394369614,0.8256566125817725,0.90900365993419,1.070220686795439,0.632889788999607,0.8490797864805106,0.9189579942103744,1.0454511234460304,0.5386180653813647,0.6825022504384584,0.729135006576273,0.8430127754505622
float32,86,row_diagonal_dominant_random,8,2000,2000,0,0.0,0.6864141279640816,0.9134957156010831,0.9797846314659543,1.1449932446923765,0.6196145031560105,0.8331221956806892,0.8917158230448566,1.0287229302253764,0.6309536347917194,0.8506846024311413,0.9157885438256844,1.0563783096089132,0.5359243433891137,0.6843476293511113,0.7375505907656652,0.838608197005672
float32,87,row_diagonal_dominant_random,8,2000,2000,0,0.0,0.6778760761866178,0.9110403781768156,0.9898491219273998,1.1636341270386572,0.6178013221824686,0.826040036960439,0.8917872971955607,1.094530334503786,0.6230498345554204,0.8402608039524597,0.9023284148346415,1.038990749322622,0.5325079296973638,0.6898554769105418,0.7378893322814553,0.8552539371813505
float32,108,row_diagonal_dominant_stochastic,8,2000,2000,0,0.0,0.7818943535726787,1.0412431354898708,1.1139618131723497,1.2094412934301677,0.8855207576439305,1.1776477944513204,1.2753497776053788,1.4252390324188644,0.7734445627172803,1.0186555568686348,1.0925181835776705,1.1821551643844204,0.8164977067450481,1.0428190847295753,1.1001747053203368,1.2049926997651013
float32,109,row_diagonal_dominant_stochastic,8,2000,2000,0,0.0,0.615554191516239,0.7994371497857975,0.8614248837838199,0.9609109965893021,0.7506728045463613,1.020335075038602,1.1072629826698843,1.2779528963915625,0.5834007916570023,0.7444014612238635,0.7922456861568807,0.8921937935514168,0.6328099696706739,0.784217418181326,0.8317511380403019,0.9069536245060604
float32,110,row_diagonal_dominant_stochastic,8,2000,2000,0,0.0,0.6038443535609404,0.7925724701986671,0.8558799890959717,0.9649749299269005,0.7495025901581841,1.0290921859604594,1.1197932932344132,1.2969238562486,0.5360026980829811,0.7088305161576182,0.7515011853064738,0.8409182503066238,0.5803501657231478,0.7259733998703255,0.7682044340897023,0.8540391378448428
float32,111,row_diagonal_dominant_stochastic,8,2000,2000,0,0.0,0.6295290600829602,0.8388762493629911,0.9033473695903307,1.0340594605614235,0.789521664970884,1.089563447113581,1.2068390547736632,1.4898701748881789,0.5019756383008351,0.6643975025622516,0.7225775524725077,0.8032099639497768,0.5242688690589725,0.6481468991164028,0.6898500726946987,0.7588342026801373
float32,112,row_diagonal_dominant_stochastic,8,2000,2000,0,0.0,0.6818059075189307,0.9206373424028566,0.9987625848069683,1.1467307471792758,0.8424384775579495,1.2087721389266735,1.3316537560474615,1.5520322837864495,0.4964434150416278,0.6607240996189301,0.7170512818927652,0.7976802285662552,0.5040567169608899,0.6167878882740454,0.6611399751889995,0.7639003945064082
float32,113,row_diagonal_dominant_stochastic,8,2000,2000,0,0.0,0.727027961421566,0.9991931252669073,1.0904092783022592,1.2354487571083694,0.8986231103364148,1.308202194499457,1.4517794826641248,1.7046052904875508,0.4823473384221344,0.6452114686367126,0.6927723208373675,0.7832825386188395,0.4779792174990236,0.5917377803156256,0.6246230701085327,0.6842191626580018
float32,114,row_diagonal_dominant_stochastic,8,2000,2000,0,0.0,0.7377607491565331,1.032586386488976,1.1308041428363726,1.3006831911543093,0.9188988119869035,1.3436553830860183,1.5116208229236476,1.8293201855763312,0.47544697968652017,0.635956991847822,0.679787893668064,0.777418781025069,0.4712571414573478,0.5854453490954098,0.6215094665849755,0.683499591808156
float32,115,row_diagonal_dominant_stochastic,8,2000,2000,0,0.0,0.7667083250094218,1.0460055111627795,1.1399789549066026,1.3099169449210033,0.9453182152292856,1.3709930453525334,1.5042071081933222,1.8045433102847661,0.48366560031185235,0.647868216486571,0.7042642092706961,0.8174812915613007,0.47607359064157934,0.5922722770730979,0.6267780436579294,0.710724329997174
float32,116,row_diagonal_dominant_stochastic,8,2000,2000,0,0.0,0.7816947871009075,1.0901633590731736,1.1847060080560556,1.3490850785028141,0.9635597923285807,1.3975183784670075,1.5446482471940572,1.8315763613346958,0.47815819761247397,0.6365033354060146,0.6875833163338902,0.7761855159842359,0.47962559496752655,0.6009901903387904,0.6370489552753917,0.7069072582345941
float32,117,row_diagonal_dominant_stochastic,8,2000,2000,0,0.0,0.7899203089816231,1.071782387099314,1.1669532420272464,1.4138487345964914,0.980753323924785,1.3765490600687198,1.547779210732642,1.858348248161199,0.4833647694526311,0.6476503649905814,0.6980065326204987,0.7949606101368843,0.48202548076639196,0.5979944071894004,0.639925439178531,0.7094603360461745
float32,118,spd_prescribed_spectrum,8,2000,2000,0,0.0,0.4156289141976808,0.6006146215366132,0.6688532168844404,0.8514160169782689,0.33982525440880273,0.5123339528226251,0.5796574981739495,0.7020851978777418,0.3114029916396304,0.433773998354799,0.47547231589946587,0.5835442188558051,0.25279122787406716,0.35695729605519944,0.39197441118786014,0.4944812684271155
float32,119,spd_prescribed_spectrum,8,2000,2000,0,0.0,0.4732357087068332,0.8380401418026462,0.9788370467599251,1.354662205091398,0.34608203924847714,0.6274073652516339,0.7337702944275484,1.0253667077424726,0.2685241204749964,0.4338108041656578,0.49396740577824255,0.6374080322471232,0.2056943854942676,0.328207651924771,0.3767276911848778,0.49196175823655436
float32,120,spd_prescribed_spectrum,8,2000,2000,0,0.0,0.4904799439901577,1.0149460377167157,1.3125334788098353,2.285973452600024,0.347917067740418,0.7321664871188382,0.96088212472588,1.5299718061706156,0.23607334975133065,0.3755374194488151,0.4417916583324114,0.5626786449785959,0.17304401621381182,0.2893597872199708,0.33143854425325625,0.4599011438621597
float32,121,spd_prescribed_spectrum,8,2000,2000,0,0.0,0.4850004660742151,1.1126404406376789,1.534582659132029,2.6810127574136033,0.34296393656105645,0.7937256683243235,1.1271528232199415,2.0656637008705494,0.21901588336104438,0.3666090608913602,0.4187098037002076,0.5547676987815844,0.15662439223077262,0.27491401430796975,0.31848685970797536,0.43101517097783537
float32,122,spd_prescribed_spectrum,8,2000,2000,0,0.0,0.512908060165775,1.3553114535214452,1.9668744424623774,3.6629541134156685,0.3617653206169396,0.9735952659985354,1.3230745822462247,2.5071853711462824,0.20897229689594748,0.3576230177740052,0.41346759991242493,0.5292248194449599,0.14573156286808486,0.2614653429700132,0.3128969643139691,0.44870445200873355
float32,123,spd_prescribed_spectrum,8,2000,2000,0,0.0,0.524634022198476,1.5497282808417494,2.319992497869398,5.683200959948198,0.3655903175719652,1.118509218187407,1.6476729735764846,3.998802186891682,0.20248809907163712,0.342859944737457,0.4009841480055753,0.5264274198306079,0.13795146544884068,0.2582488495397833,0.3066914499205334,0.4092922851422256
float32,124,spd_prescribed_spectrum,8,2000,2000,0,0.0,0.5304507023852969,1.623103261614871,2.38733994939909,5.674331476482078,0.36176992585738554,1.1423855043816593,1.6242606515957287,3.6977552777494997,0.20349174900661993,0.3424963842009495,0.4025197036831849,0.5007717059791899,0.14052305897800998,0.2611194343682265,0.31060949876267696,0.43067909570022683
float32,125,spd_prescribed_spectrum,8,2000,1967,33,0.0165,0.5698409416086545,1.865967671938297,3.1302208876881212,7.184061180920432,0.3965638293035602,1.327153863681761,2.099797292496632,5.368692382914739,0.19566648160510514,0.33325315641544073,0.38639584055942877,0.4775222115508528,0.135665399756338,0.25491425907225485,0.30836009486818367,0.4156884248403539
float32,129,random_conditioned,11,2000,2000,0,0.0,0.7481966748904326,1.23754161729068,1.4097982062621208,1.9670888061318785,0.435178987536724,0.7319597818950606,0.876571669138338,1.1362863383061135,0.3662440895940442,0.5266520423485679,0.6027219360729243,0.7643262402679585,0.22936521130557336,0.3441229744535533,0.3899933488824587,0.486249123423849
float32,130,random_conditioned,11,2000,2000,0,0.0,1.4240315526876208,2.041158444938564,2.255714885607983,2.7207153316139867,0.5145307060049958,0.827884009086633,0.9336416042778015,1.1576950243290358,1.1348514609558404,1.7283600311199872,1.9287835461412506,2.4623309706506724,0.44933990286435005,0.6449500270270673,0.7052809666358212,0.8749153702612145
float32,131,random_conditioned,11,2000,2000,0,0.0,1.7382920366174313,2.786486910429445,3.2421892714624616,4.469205989376629,0.6123984958615094,0.9930172958720558,1.1670328547961073,1.5997194515584787,0.7158954988192843,0.9990450881365256,1.1176557242769731,1.369703769226462,0.2708543677674654,0.3906725921657398,0.4492240606593282,0.5533447365184769
float32,132,random_conditioned,11,2000,2000,0,0.0,0.6814712091053052,1.498880151909845,1.837954174263769,2.644712441954355,0.426417848755982,0.9318626830367506,1.1760487686424064,1.8572407720870288,0.24779236161665158,0.39390952664789874,0.4575810961828182,0.5918653617054445,0.16398798562110717,0.2904730481220915,0.33916521473995825,0.4405325149987256
float32,133,random_conditioned,11,2000,2000,0,0.0,1.4311700251967756,2.039853543542738,2.261624193202338,2.7513705128132013,0.5165515317901088,0.8200972250743486,0.9423120530984967,1.184059520906739,1.126795382256811,1.6654195900207207,1.8545172469121933,2.3754676480192667,0.44436285724074964,0.6262046975774987,0.691163710652901,0.8750850233673733
float32,134,random_conditioned,11,2000,2000,0,0.0,2.2870347682480094,5.819490889630527,8.50890360181738,15.359661467616881,0.7886495593032308,2.03272367219315,2.9348638280037114,5.67022559498422,0.6762885844160087,0.93750311692416,1.0231437782385442,1.253169427001711,0.2577592042766189,0.3737702280317015,0.4151843362036924,0.5501736022719378
float32,135,random_conditioned,11,2000,2000,0,0.0,0.6707612609120188,1.7713452881133147,2.510101299146539,4.461388460371526,0.43461032680143086,1.1505028200512013,1.589556770146807,2.768136527205879,0.2137734569752568,0.35926088069818435,0.40770911266848997,0.5383852544574381,0.14399121039156448,0.25893634474978794,0.30251406377342177,0.4068413510968894
float32,136,random_conditioned,11,2000,2000,0,0.0,1.423641285994568,1.9853996717878464,2.1758034067445204,2.6529336562379386,0.5019297555122326,0.7957613462832672,0.914400851672271,1.2008479624890285,1.1253483387938097,1.6604943572521271,1.8667647527415354,2.3042676771285384,0.4415742515003587,0.6397177916599232,0.7064091060373443,0.8676697988841366
float32,137,random_conditioned,11,2000,2000,0,0.0,2.248710628489487,7.673387710298867,13.801309479716984,40.13433765013966,0.7910806194788659,2.669796548418309,4.595772576124966,14.000329183802918,0.6678042458437741,0.9458506280719415,1.05553974616188,1.3019791066267852,0.2522355597741236,0.3674029715968718,0.4186398483698024,0.5179063195104975
float32,138,random_conditioned,11,2000,1997,3,0.0015,0.7151222618299308,2.186411566154624,3.1198641755729812,6.408064036441082,0.4648189316697384,1.413575611375204,2.0410327004094206,4.675541016024281,0.20556546801991282,0.32891056890055864,0.3861152158883555,0.49370417107227127,0.13456596282856453,0.24633410474311673,0.2950005040645724,0.4245024031951584
float32,139,random_conditioned,11,2000,1897,103,0.0515,1.3954503529764375,1.965286694057987,2.179599761333816,2.6316952929198343,0.508226766026348,0.7950632063452931,0.924872989355083,1.1719589860254707,1.1275770853944407,1.6650787296859066,1.8932815079154117,2.2944047096009514,0.4403139307050887,0.6252450611254843,0.6937313798360606,0.831188497541817
float32,140,random_conditioned,11,2000,1785,215,0.1075,1.258695127111707,4.62939704121043,8.26775747627513,38.10797915740381,0.5942119881133857,2.0762484972603614,3.9787610437564327,15.599565713908554,0.3819845918851868,0.573457822803166,0.6529020319401465,0.796766615163015,0.20608698683752705,0.32572084244467064,0.3731388000314175,0.5018059659001594
float32,141,random_conditioned,11,2000,1789,211,0.1055,0.7747094910055997,2.7417997737896163,4.124270843571965,9.25791220831078,0.47836984821957584,1.6479602584421489,2.5871724974885195,5.669716219066467,0.18429600221320314,0.32279116538919,0.37258220303002343,0.46573664193143494,0.12256837612733895,0.23591601034763096,0.2863120668087498,0.40027798222637806
float32,142,random_conditioned,11,2000,1884,116,0.058,1.4002159446424676,1.978606151032808,2.2157860250467416,2.6222377004467528,0.5036628141388686,0.7830585451971743,0.9061013222124825,1.2456675021612322,1.0925372184556428,1.6330762477148102,1.832883610604238,2.416020704519411,0.4299547235980957,0.6235328065279844,0.6934600420411148,0.8534746070081263
float32,143,random_conditioned,11,2000,1671,329,0.1645,1.0928734043211694,3.86496776029949,6.3612077390465664,27.307692008707242,0.5078587311530424,1.7499823027095465,2.8799840180479697,12.477305328028237,0.3433777025860697,0.5386949863256272,0.6118344961140814,0.7702579235953493,0.18843596196583987,0.30640816540781446,0.3555346172133901,0.4748573085087823
float32,144,random_conditioned,11,2000,1691,309,0.1545,0.7478403347267668,2.3443525360180404,3.380932728027342,9.903208034369726,0.45357745330792126,1.3742011181773532,2.084854762917897,5.219359384748547,0.1632929781877616,0.29168009952434437,0.33854133648796486,0.45259497437802604,0.10807127316562105,0.21385868913880224,0.26079367066519255,0.38714479835149773
float32,145,random_conditioned,11,2000,1881,119,0.0595,1.4065105941557416,2.046314514382508,2.259956989355458,2.6269237967530685,0.5096045693312927,0.8123058991491219,0.9121493844583686,1.21624344253431,1.1176305738464494,1.6475856149569486,1.8564859371626303,2.3844506794507705,0.4382157143481421,0.6267824703977176,0.6980175258423389,0.8714304709041971
float32,146,random_conditioned,11,2000,1682,318,0.159,1.1359826818722403,3.2803389887191665,5.3202902954143925,18.79779177064937,0.5220043034629336,1.4762695044420295,2.3607951104273415,8.189854940168336,0.3569779203583876,0.5536250980148175,0.6304057632817008,0.8103280164799752,0.19154633432501822,0.31920327694088635,0.3658382112539798,0.47274478082089405
float32,147,random_conditioned,11,2000,1693,307,0.1535,0.650326171817778,2.4909836854064813,4.170196907253158,9.362968226268277,0.38199255807815424,1.4789101835188212,2.3644417251242658,5.657873980553909,0.1447830843467553,0.2719787285606741,0.32154730126779457,0.399373161169757,0.09525013516407087,0.20047142407215268,0.24561925789928427,0.35101589790802407
float32,148,random_conditioned,11,2000,1888,112,0.056,1.3997262912387987,2.0033522472628804,2.194545765036375,2.6055286592427187,0.5049744129314166,0.8074821101046956,0.9091690030213326,1.1128137166331795,1.1163024874170202,1.6652185464990297,1.885833599846077,2.37004137801839,0.43546960346134617,0.6371979863667429,0.7099100988828118,0.8727629894337517
float32,149,random_conditioned,11,2000,1641,359,0.1795,0.9416623607475234,2.254857580584462,3.7019163249849014,13.069460426824532,0.4375282642045696,1.087809329197574,1.6643996526312543,5.867650419220398,0.3437192320501774,0.530456822381461,0.6077589797029067,0.7801095737820012,0.18898646345457265,0.307655238692738,0.34603162160662265,0.44884089016673984
float32,150,random_conditioned,11,2000,2000,0,0.0,4.320182410849563,5.85283270467505,6.435273781393784,7.900132804426804,0.943695139993358,1.3285246067583465,1.445412219621365,1.9235231224269786,4.331848366196105,5.8511500118962,6.4352840765867585,7.900132977164534,0.8398788057646154,1.1437288242685406,1.2741625516262487,1.5889342435206053
float32,160,vandermonde,11,2000,2000,0,0.0,0.4554765613513136,1.015129989898685,1.2684687197334965,2.009426220476553,0.2928045847323377,0.6097389983146039,0.750620477262866,1.182299085905235,0.39172260913209556,0.6910029664075132,0.8302086733506401,1.0995345836060806,0.3526470784854693,0.6717570232191175,0.8161684225356958,1.1296637473800821
float32,161,vandermonde,11,2000,2000,0,0.0,1.0061595994755332,1.854309882922554,2.2093039001087766,3.572648830523486,0.48132561593272283,0.9121826933192981,1.091058161789926,1.7057187348041676,0.5374390337345507,0.9475167101194661,1.12145192470245,1.4581741063188105,0.35163945461173296,0.6861255369429982,0.8194237817443907,1.2031086898511238
float32,195,scaled_adversarial,11,2000,2000,0,0.0,2.2369620617913698e-05,0.0005095097727757292,0.0012320048383014153,0.007364167975199494,2.4331953261270543e-05,0.0005372164539850115,0.0012480789145945968,0.0072992081584232395,0.00013630875646202689,0.019529446469659657,0.0627246548028552,0.2836733296555145,0.00014018511244995142,0.019223106654047157,0.0625997787484304,0.28365272843118683
float32,196,scaled_adversarial,11,2000,2000,0,0.0,2.8712023462477968e-08,1.2945889002272392e-05,5.181394076019271e-05,0.0016183402258729508,2.7700723067954732e-08,1.2916943122250562e-05,4.8797448300815734e-05,0.0014943457986568449,4.2008316058947587e-07,0.0003661430625941379,0.002198997418796082,0.03721573310114505,4.000261342593072e-07,0.00035916530805708716,0.0022421648739709954,0.03388230393510939
float32,197,scaled_adversarial,11,2000,2000,0,0.0,4.372130592715904e-14,1.450211596881905e-09,2.53630541295912e-08,6.987212669555053e-06,4.2507762328562775e-14,1.4504646224081909e-09,2.5229058149175253e-08,6.987201389510004e-06,4.84667789026569e-13,3.3118227657412865e-08,7.487772375023937e-07,0.0005511953444804912,4.911706969912175e-13,3.256198782075965e-08,6.77344729590798e-07,0.0005415547538306706
float32,198,scaled_adversarial,11,2000,2000,0,0.0,9.807831769192473e-21,2.13771364482857e-13,1.1954128316656068e-11,6.158374055161372e-08,9.613809925989008e-21,2.1173932421053863e-13,1.1952823533181041e-11,6.276815801095527e-08,1.5069029310173174e-19,2.704224219519798e-12,6.935975433695178e-10,2.1494038471438108e-07,1.490845472032203e-19,2.7658679546468335e-12,6.931861084160562e-10,2.1198070144102777e-07
float32,199,scaled_adversarial,11,2000,2000,0,0.0,5.459992097235625e-06,0.00012546065881357006,0.0002887648871395763,0.001250978328283446,5.529308808525048e-06,0.00012708423323832543,0.00029717983501795144,0.0013761257313758236,5.493456297602424e-06,0.00012646534294962695,0.0002800163009501013,0.001369322677314055,5.529315399924808e-06,0.00012710787424783848,0.00029717863708344394,0.0013761267591262249
float32,200,scaled_adversarial,11,2000,2000,0,0.0,7.045449549465709e-11,3.7163511614006e-08,2.265020780547714e-07,2.7477446709723278e-06,7.820823454345878e-11,3.966771536302493e-08,2.6400837162724866e-07,2.7579676891689463e-06,1.8970450038528947e-10,3.70964824575452e-07,4.4753842664475695e-06,0.07851585957684068,2.0155259932050356e-10,3.688465675748392e-07,4.481195204634637e-06,0.0785158591998134
float32,201,scaled_adversarial,11,2000,2000,0,0.0,1.982786333233248e-17,8.848782102717683e-12,2.499909005026774e-10,5.035872543656536e-08,2.044195492262982e-17,8.8478868816001e-12,2.5137950507262194e-10,4.7860273664180945e-08,4.9055994511689924e-15,6.848820059265026e-09,8.036087081063009e-07,0.0014707301928199212,4.905599451293741e-15,6.848783547263087e-09,8.146744973427123e-07,0.0014707302471456908
float32,202,scaled_adversarial,11,2000,2000,0,0.0,4.7541501979187614e-23,3.910511465120937e-15,6.129309409824737e-13,5.045903873735331e-09,4.7541501979189337e-23,4.0923896994991414e-15,6.089011513386921e-13,5.036444110905273e-09,1.8143428803817942e-20,5.795276250792028e-12,6.68804403016901e-10,3.9064192490892995e-06,1.78159089289025e-20,5.560983855722705e-12,6.688043957146701e-10,3.9064192490271705e-06
float32,203,scaled_adversarial,11,2000,2000,0,0.0,5.618057275442689e-06,0.00013165088069503367,0.0003479474593761697,0.0016691609515941516,5.777633773828803e-06,0.00013172369773112753,0.00034192778688753425,0.0016523538457751594,5.72242933888341e-06,0.00013031822662084647,0.0003376218359976598,0.0016700716289626974,5.777633781062515e-06,0.00013172369363832217,0.00034192770414761766,0.0016523538414234644
float32,204,scaled_adversarial,11,2000,2000,0,0.0,3.906703201126096e-11,2.1170769978135222e-08,1.2740545690658046e-07,2.1398070856259616e-06,4.014671251123025e-11,2.140045139630593e-08,1.2762774074523263e-07,2.1558569489895607e-06,3.91310815009606e-11,2.119298980968258e-08,1.2599336719305656e-07,2.151191674523539e-06,4.0146713049389695e-11,2.1400451261459418e-08,1.2762774073653895e-07,2.155856948960649e-06
float32,205,scaled_adversarial,11,2000,2000,0,0.0,2.821526047890298e-20,4.7577854852839856e-15,2.7823459705582963e-13,4.49735727853441e-10,2.9537723562434933e-20,4.86660234185972e-15,2.7981030591723335e-13,4.345790129866817e-10,5.518278930393608e-19,4.984459606477457e-12,2.4400995611104546e-08,0.009447336831041679,5.538366868579851e-19,5.2813697887260194e-12,2.4400995609894764e-08,0.00944733657377557
float32,206,scaled_adversarial,11,2000,2000,0,0.0,1.5852092327488511e-26,4.737912213699511e-18,5.957184353537491e-16,7.484067425474696e-12,1.6318127645712093e-26,4.727298863208437e-18,5.95718438148171e-16,7.483991449215487e-12,1.1063997525592508e-23,1.8602515103938904e-13,2.997602854102512e-10,0.0002817605663056903,1.111311176744848e-23,1.8599170648360784e-13,2.997602847937858e-10,0.0002823867665963564
float32,207,row_diagonal_dominant_random,11,2000,2000,0,0.0,1.071543088385598,1.398987131965711,1.4836911016248426,1.6039277649027521,0.9828172835063399,1.24765731757057,1.3113401477557938,1.4115662036220065,1.0665136388354828,1.3892452941384177,1.470623478080792,1.6139867037732372,0.9252385737325566,1.1508829521951816,1.2085987243092877,1.3100596115700132
float32,208,row_diagonal_dominant_random,11,2000,2000,0,0.0,0.8774782346094527,1.1419161107325044,1.2026599907988986,1.3139275205699772,0.8107637145253008,1.0247791746033652,1.085064361584598,1.1806571945937647,0.8664999339163844,1.1257195551599228,1.1870644191819428,1.3071979829960219,0.7353975970122462,0.9081209136127012,0.9504682885682969,1.0387114081359734
float32,209,row_diagonal_dominant_random,11,2000,2000,0,0.0,0.8069651542677474,1.038118142327814,1.1152989836354745,1.2097559867416918,0.7386069943886264,0.9491333571254357,1.0064234127708935,1.1144545348684582,0.7869502971672788,1.0154364120168982,1.0761693305805682,1.175078549972815,0.6663744315408957,0.8192691361989197,0.8607103052924203,0.9243707214836667
float32,210,row_diagonal_dominant_random,11,2000,2000,0,0.0,0.753089215596921,0.9715867502472624,1.028851353843063,1.152545664217092,0.6915607628984728,0.8770677108477605,0.9375030604764671,1.0580053020635918,0.7290947618738025,0.935202737421886,1.0006135625777326,1.106920011283683,0.6056910591353877,0.7403233277567614,0.7837178686339077,0.8699879014152366
float32,211,row_diagonal_dominant_random,11,2000,2000,0,0.0,0.7491446118279729,0.9487342716416312,1.01086426836155,1.1485534431920474,0.6725767600584875,0.8551226431576595,0.9122345656572504,1.0511092692189767,0.7142324196752698,0.9061415038180638,0.9687073506628566,1.0997320666936405,0.5852117011052443,0.7230348043987994,0.7721346084681493,0.861475962545738
float32,212,row_diagonal_dominant_random,11,2000,2000,0,0.0,0.7616463779366549,0.9845120008982137,1.064331616200439,1.1946660229872283,0.6762398953642287,0.87241344379392,0.942172014092368,1.0936116136616993,0.7186388492060172,0.9242028166188183,0.983718950236744,1.1244077958425391,0.5871025700080499,0.7261707878286081,0.7741397829658687,0.8670073106314108
float32,213,row_diagonal_dominant_random,11,2000,2000,0,0.0,0.7664915428278812,0.9789691969258189,1.0474843271015963,1.1911117918499505,0.680719928700194,0.869369222271918,0.9337591894351263,1.0543844168876044,0.7247190829304828,0.9164559062719665,0.9835425048671107,1.1018481879168314,0.5898979228032911,0.7169950105065667,0.7697124672889342,0.8776268645743636
float32,214,row_diagonal_dominant_random,11,2000,2000,0,0.0,0.7754517249908182,0.9765960520200213,1.058172690248017,1.1967203919341372,0.6811684296325944,0.8740677623561258,0.9380225877048769,1.0561044852943156,0.7285254463561897,0.9224624393263491,0.9931048702921645,1.1345624431901304,0.5898276080409133,0.7387194802350868,0.7819963530004548,0.8625528002368426
float32,215,row_diagonal_dominant_random,11,2000,2000,0,0.0,0.7746760228859753,0.9930935666232527,1.072868233425447,1.1989297856642953,0.6811875549123177,0.8765929145311231,0.9409207040828821,1.0801604812599463,0.7197892038750617,0.9197498284581502,0.9811235868664284,1.1374056080716772,0.5874807794039532,0.7259263264794138,0.7778555684530869,0.8576019487223678
float32,216,row_diagonal_dominant_random,11,2000,2000,0,0.0,0.7745888167956073,0.992143052317049,1.0657706285347264,1.189398514463703,0.6818861314361994,0.878977888040001,0.9519615623188633,1.085518795946546,0.7200340341692495,0.9238775491428208,0.9912047432390825,1.1069857547849085,0.5890504176468705,0.7289353807974535,0.7710009941073228,0.8595291145221118
float32,237,row_diagonal_dominant_stochastic,11,2000,2000,0,0.0,0.8678316612848551,1.1214565152035623,1.2125966622973214,1.4181303966564678,0.9680882743239609,1.2213386250880562,1.29063887147653,1.4103129953484959,0.8601160455926361,1.1101417646325296,1.186784858760315,1.3920839178843014,0.884201241804109,1.0921110086157193,1.1499847687142857,1.2469556930342705
float32,238,row_diagonal_dominant_stochastic,11,2000,2000,0,0.0,0.6574607243389199,0.8147312769078181,0.8618078304533999,0.937907148221754,0.8133126505351,1.0517874360387218,1.1335999865948874,1.2817044662237553,0.6256404883791472,0.7714063097861955,0.8119188489221822,0.8954571881142582,0.6777022749163792,0.8232004074893362,0.8624416185011642,0.9385592947114729
float32,239,row_diagonal_dominant_stochastic,11,2000,2000,0,0.0,0.614699093265789,0.7741935682347848,0.820992380599364,0.9236156662046594,0.7717571580641245,1.0218407699716998,1.1211611358693159,1.293709317641035,0.5583433465374507,0.6990412443422137,0.7397817374180334,0.8038341691397014,0.5973141985341863,0.7147499118558626,0.751471038780452,0.8224820657621188
float32,240,row_diagonal_dominant_stochastic,11,2000,2000,0,0.0,0.6605636744228284,0.8318191483836334,0.882770733068437,0.9844094471523516,0.8322467633007564,1.1426277317404019,1.2463782248099013,1.4310849701469723,0.536451746564048,0.6652533428865647,0.7015331416412992,0.7791125060107548,0.5570709212449771,0.6567767415365182,0.6895915227847504,0.7547891365452556
float32,241,row_diagonal_dominant_stochastic,11,2000,2000,0,0.0,0.6940319489571234,0.8940276623779521,0.9632552770195926,1.073460184395482,0.8694799138733613,1.2025962480537131,1.3184188163587407,1.4953234209829098,0.5175057767557534,0.6621492330929668,0.70912156365669,0.781733105382831,0.5103748887248936,0.611710067045041,0.6380395101849207,0.7050729846603224
float32,242,row_diagonal_dominant_stochastic,11,2000,2000,0,0.0,0.7863546988820098,1.0171639503064456,1.0813097049971585,1.2259194452554818,0.9886892397928833,1.3624460614584508,1.4743441872517122,1.7070695014442876,0.5183452000927501,0.6602684819720481,0.7041183095858279,0.7921525321455317,0.506437217599693,0.6067845607894756,0.6410492353831089,0.7112596241620502
float32,243,row_diagonal_dominant_stochastic,11,2000,2000,0,0.0,0.8240059534543402,1.082558586532457,1.1526491683054507,1.2964168517198387,1.036644108391511,1.4509059071946229,1.6092882107080444,1.849839767474811,0.5156592663504252,0.6573374947301351,0.699143665684946,0.785437988370084,0.5090369495754643,0.6093281911328985,0.6412511609263196,0.7105447532783444
float32,244,row_diagonal_dominant_stochastic,11,2000,2000,0,0.0,0.852161818038331,1.1207348647343047,1.207115252814109,1.3558202865588838,1.067518608532065,1.4935353050910936,1.61348973880958,1.9135804170283086,0.5210419951661144,0.6730955250381032,0.7134620101567369,0.790748712121027,0.5117143793837602,0.6097141166488869,0.6424452244968041,0.7068594121033815
float32,245,row_diagonal_dominant_stochastic,11,2000,2000,0,0.0,0.8429954400725583,1.1145150587083217,1.1902415152447436,1.3517556795202912,1.0654569327593506,1.4757646935410251,1.5960249630663457,1.8599712245461484,0.5122309060704759,0.646256475862145,0.6911606580242184,0.7825955356017794,0.502805604631485,0.5947749051211474,0.6237043994406776,0.6864301028607825
float32,246,row_diagonal_dominant_stochastic,11,2000,2000,0,0.0,0.8455665263265095,1.1110159592889717,1.1973508482832513,1.3648820915188615,1.0606065689116049,1.4790038251476876,1.6224751809533262,1.9171365147035613,0.5156195474447893,0.6550533501329098,0.6895805263109269,0.7835794278735488,0.5024137903843109,0.5942938859948653,0.6214572005668241,0.677617007246853
float32,247,spd_prescribed_spectrum,11,2000,2000,0,0.0,0.47813360727632187,0.6532420618857007,0.7108167557058674,0.8364638963113714,0.3695906421350913,0.5183600255883112,0.5737477539548234,0.7092176634325319,0.3451573325026231,0.4602305540204652,0.49885254746555563,0.5778103354324639,0.2683228404519261,0.36220172172505205,0.3963958272996193,0.46393092056819596
float32,248,spd_prescribed_spectrum,11,2000,2000,0,0.0,0.5423854634282361,0.9025570291455562,1.031153848691197,1.4256999656841751,0.3771015185526075,0.6374641698468059,0.7279611068295587,0.9509040435263768,0.284154716232308,0.44636999074511097,0.5093757528676359,0.6669084232756374,0.20919230083123852,0.32766124105790273,0.37345650704982714,0.48844479368641364
float32,249,spd_prescribed_spectrum,11,2000,2000,0,0.0,0.639170272315212,1.176853004365979,1.3950964953636382,2.135075642842579,0.4316015681549181,0.8119671047594417,0.9590556040396564,1.385105759399591,0.2620759709231706,0.39780471187091687,0.4689033303009491,0.6058877097533946,0.18864727673687295,0.2961428196877588,0.3584171390234951,0.46510401420108477
float32,250,spd_prescribed_spectrum,11,2000,2000,0,0.0,0.6533344156525802,1.4418479197481522,1.861979001177596,3.171063930448318,0.43639915001679275,0.9725785808479298,1.2624056532497914,2.1105849957894782,0.24033420739519323,0.3803639872290748,0.4350185818240641,0.5773273632726041,0.1690881931465235,0.2838372947799717,0.3307262311210415,0.44472495555652836
float32,251,spd_prescribed_spectrum,11,2000,2000,0,0.0,0.687856558793478,1.5651009374306828,2.021940608648744,3.7157484283664886,0.4515202826104523,1.0603364345091952,1.3442847700327987,2.5248855765967604,0.22732548892897692,0.36607733241072127,0.42317179846826164,0.5344409104342241,0.15759924013245166,0.2744827158227469,0.3250490652685653,0.4335124352975868
float32,252,spd_prescribed_spectrum,11,2000,2000,0,0.0,0.6961666803137463,1.7186189587253708,2.279021775513512,4.150500786007178,0.4560624314747195,1.1743611301660428,1.5249420735908912,2.6741817290921444,0.2173383571825912,0.3565857181416808,0.41447076155853957,0.5562465587141526,0.14989663158009287,0.25892576478469215,0.30633457474612674,0.45019031122663167
float32,253,spd_prescribed_spectrum,11,2000,2000,0,0.0,0.7120484951049137,1.9792264515946365,2.822270247288935,6.761709948568534,0.46145988438144075,1.3149981207876098,1.91672818417135,4.274005223037872,0.20876092119828177,0.34865358666553936,0.3989186195670722,0.5200268612467159,0.1428209855461359,0.2498025647973093,0.30256579655136656,0.41144260641906033
float32,254,spd_prescribed_spectrum,11,2000,1983,17,0.0085,0.7323371213866157,2.1977883793377586,3.4187346112529515,8.242702592415554,0.47709285443359606,1.460374220202238,2.2074325198562006,5.153824489956079,0.2071450344920747,0.34415862885312376,0.40030979949112566,0.5125601718927175,0.13919488340924044,0.2506649175266801,0.3081190446923029,0.4166359826340871
float32,258,random_conditioned,16,2000,2000,0,0.0,1.086139529857168,1.605423602800489,1.8006893772221444,2.264931559112999,0.5293310407811409,0.8207103252435973,0.9222551702753219,1.1608811673246486,0.4858426927311366,0.6707727154947611,0.7444728277166965,0.9015580961622042,0.2701724963397736,0.39032741365721574,0.43760731795499913,0.5446697171201286
float32,259,random_conditioned,16,2000,2000,0,0.0,1.9450030360334232,2.6658024926924595,2.8877004179247128,3.2808193900859015,0.5954917398586482,0.8982806481790584,1.0320180340617846,1.2579499733572237,1.5475119120451235,2.2150956589212476,2.4736437513261076,3.07196770591878,0.5232261841635975,0.7331017057048242,0.808293974963712,0.9882207672983218
float32,260,random_conditioned,16,2000,2000,0,0.0,2.9042142081052904,4.22610161553051,4.851313330670641,6.060591381005019,0.7755962740698517,1.14671537480356,1.3022141042943585,1.6934098366411083,1.1096694590739666,1.5020574171640453,1.6519691725174517,2.007663124356063,0.3278931906483229,0.4575123734655663,0.5039715264028886,0.6246500548629909
float32,261,random_conditioned,16,2000,2000,0,0.0,0.9283204016614954,1.7046546665047997,2.0552601467125324,2.967112511139394,0.5245439499703974,0.99729371495899,1.206213706560324,1.7476641002098656,0.2884714789680298,0.4175066954503879,0.46361858232610104,0.5763079572482692,0.18525457536128576,0.2942878554110116,0.33424567786209,0.42288493980024755
float32,262,random_conditioned,16,2000,2000,0,0.0,1.9092275722487142,2.5958900576961823,2.8222808830150825,3.2769959326505975,0.5787662103383655,0.8875320202461556,1.0021103695661708,1.2119743672121897,1.503511013297489,2.1364334380317618,2.400833392453562,3.054531644711165,0.5212567203405617,0.7208247234313604,0.7840041183540042,0.944366814832087
float32,263,random_conditioned,16,2000,2000,0,0.0,3.9837343597043313,9.065037309709108,11.710918827068433,18.820531912015756,1.0590153388834356,2.2924917877964015,3.040324809610911,4.8961825854372805,1.0678775649066143,1.4329848359380968,1.570122786276474,1.8733508773030418,0.3145823883973232,0.4456457208115873,0.4884318238912327,0.6064771279642814
float32,264,random_conditioned,16,2000,2000,0,0.0,0.9445114313125351,2.0258503150242455,2.6362628050393893,3.9564478198776376,0.5489915346293123,1.2177191270465249,1.5204842614192964,2.4416167263169855,0.2438137619449518,0.36118453235188674,0.4200207802021658,0.5141409772298247,0.15817945444145964,0.26142266961069055,0.3040539838233244,0.41255655458568113
float32,265,random_conditioned,16,2000,2000,0,0.0,1.9563121511499628,2.627184203410539,2.8347100793071744,3.350128656402394,0.5943149179392717,0.8912339710816366,0.9843620881671478,1.2501936727351997,1.5261899644280117,2.114819018735644,2.2985831716822487,2.851523544838414,0.5177867930829008,0.7184881353424869,0.7800387028107023,0.9213282266959358
float32,266,random_conditioned,16,2000,2000,0,0.0,4.165303547166386,14.264889429879538,24.93262063557106,71.31418041516739,1.111980146449411,3.6506079563804112,6.601372524846781,20.02192262706182,1.0449393899368675,1.441977584498133,1.5802923066380612,1.9949965004104773,0.31479267397447575,0.44232794407324966,0.4887066357714497,0.605362791563348
float32,267,random_conditioned,16,2000,2000,0,0.0,0.9648329352275025,2.254530083266068,2.99405732079394,5.10190226966431,0.5784919884060673,1.3728299521776621,1.8042116811650504,3.1734291739601095,0.22220578154475795,0.3504187527559335,0.39646223704767575,0.5228734967883473,0.14227790656533446,0.2532026916273782,0.3122011278516976,0.41970695140932035
float32,268,random_conditioned,16,2000,1942,58,0.029,1.9155210207557913,2.5786875892360572,2.8291066668174394,3.290931158319869,0.5817483739700609,0.897442871415683,1.02411737027104,1.2273661605743167,1.5360859104451956,2.116494474205733,2.353633397633358,2.893084531015594,0.5224575099969886,0.7269146268462725,0.7984069858159788,0.9745645185006172
float32,269,random_conditioned,16,2000,1769,231,0.1155,2.0785253878245027,7.535191910126885,12.182426028783281,68.49598731618815,0.8069110263316398,2.8872293336606565,4.734521541130802,22.225982068509605,0.5139631440740228,0.7392111695363951,0.8327671689414153,1.0348288877656777,0.24892890086788264,0.3797138533088353,0.4250246438612021,0.5708189963081957
float32,270,random_conditioned,16,2000,1838,162,0.081,1.0214204282390262,2.952982089773112,3.7916546259689072,7.173748336101592,0.5895497696329739,1.6795632679860446,2.240675986576454,4.008600386849573,0.19284026596742448,0.32027111857279317,0.36588890228806226,0.4850791982812948,0.12676984246828202,0.23588238745372328,0.28348468718219605,0.3988350217754398
float32,271,random_conditioned,16,2000,1945,55,0.0275,1.9227993159279373,2.61826513578464,2.83239606099337,3.3970748719206503,0.5907719483493543,0.9042278926978022,1.0103451758380402,1.2840369998379366,1.540929398034011,2.1734978872700186,2.418750460065491,2.9195732086319937,0.5269607288673943,0.7436064164905376,0.8088712632585728,0.9750436824898749
float32,272,random_conditioned,16,2000,1727,273,0.1365,1.9112206321719512,7.527544221881199,13.045611226604134,34.53308992218998,0.7306993941598098,2.6997985092644528,4.899935136429814,13.100281865596852,0.4936152809303381,0.72657442207419,0.8065526509535618,1.0031734895665814,0.23901064109503015,0.36644280036791577,0.4303997130285353,0.5450248413242346
float32,273,random_conditioned,16,2000,1786,214,0.107,0.9714024906197699,2.9254568921175386,4.206487807598327,8.72674759821649,0.5361350989500446,1.5955646731282647,2.320226201074636,4.95677397028801,0.17283070553771873,0.28887065530821987,0.33277114224471516,0.4602080820272936,0.11223362082746165,0.21331635641295033,0.2523652411878526,0.35589516237530006
float32,274,random_conditioned,16,2000,1944,56,0.028,1.9352283432210426,2.6078649335128055,2.805664165993096,3.483938872592495,0.5859674716910275,0.8958449853843019,1.0313796734487775,1.2657466771598385,1.5139744332090048,2.1495183937043034,2.404451560291058,3.0117432073187747,0.5185538121550084,0.7066255331257765,0.7759098172092468,0.9749626283315074
float32,275,random_conditioned,16,2000,1732,268,0.134,1.8895143217878694,5.1018818723731325,8.23043603138351,27.740484147598597,0.7096431801066636,1.9080023126604602,3.240954476233831,11.264945429143598,0.48574581599386146,0.7121566730910451,0.7958003813036385,0.9953742906402891,0.2318689127584366,0.35928391912225033,0.41022795271108714,0.521099492658042
float32,276,random_conditioned,16,2000,1765,235,0.1175,0.9144405868812976,2.5830362310486374,3.6319713122894752,7.441516321176085,0.489057396499204,1.4072998136003863,2.0600685891840924,4.2097293015160835,0.15032102269095454,0.26328993703080233,0.3025086908177301,0.423104353424016,0.09772419785851263,0.19732686212671377,0.23032776123562113,0.35663530470572824
float32,277,random_conditioned,16,2000,1941,59,0.0295,1.9492990887005588,2.6261241243433613,2.916634736200433,3.305247826914697,0.5913998374218399,0.8894723424544976,1.0200862766556256,1.3227617627569301,1.5110638759383503,2.1750525779503986,2.3858245010981993,2.970147494497279,0.5230552770393317,0.7229711260584691,0.7957724715084289,0.9288090834684045
float32,278,random_conditioned,16,2000,1729,271,0.1355,1.507815995737875,3.779984282263408,6.734980598708269,32.41146139247716,0.5674142804537111,1.4557697137148142,2.3818292900574436,11.817159603335169,0.4846312848121682,0.7261208669312631,0.8148702644184681,1.0767396713364088,0.23482379092488237,0.36937495717158486,0.4195740123058918,0.5510424775716404
float32,279,random_conditioned,16,2000,2000,0,0.0,6.587276176610619,8.823501903649554,9.574049886195521,11.250487161837327,1.1012408530703675,1.5047148633439613,1.676434581431422,2.086448885411236,6.5877585921321895,8.824455532491388,9.550304444689601,11.250490958554716,1.0282441744792283,1.3744923964999167,1.5108629894432783,1.8705440353358236
float32,289,vandermonde,16,2000,1996,4,0.002,0.871040062658576,2.377715224337343,2.9179873711565647,5.629399005588692,0.5108680146037865,1.1977901611254242,1.5084607380583375,2.9245777846054377,0.4496881057204478,0.8097878300114657,0.987562009657914,1.3520991387569647,0.39404128339923544,0.7917147454453188,0.967976205956031,1.3946735595910376
float32,290,vandermonde,16,2000,1998,2,0.001,1.9826482606749638,4.309999415873451,5.528878768903828,10.479696652358585,0.8336596485445766,1.7250645964726503,2.2435292323687395,4.631971067663908,0.6126729466115928,1.134162204731563,1.3034080003247739,1.681569072944593,0.39269147962413875,0.7826182477381532,0.958304049328572,1.3068038337244372
float32,324,scaled_adversarial,16,2000,2000,0,0.0,1.1228888762524701e-05,0.00018809535402386631,0.0004310648343696216,0.0020010791734436594,1.2277191267773854e-05,0.00019834932300773615,0.00044396681884653296,0.0020395010806261915,0.0001252334092622421,0.016023684356281452,0.04875269762260692,0.2540403550070787,0.00012660736656283474,0.01602096623760929,0.04785368374478573,0.2468401750083502
float32,325,scaled_adversarial,16,2000,2000,0,0.0,9.721969288445431e-09,2.723957024129475e-06,1.1873845793943881e-05,0.00015351634045263123,9.825172427783934e-09,2.5733926915357865e-06,1.1473640617595353e-05,0.00013760637886353229,4.259746087976942e-07,0.00016239514870595222,0.0006085143862858391,0.007877402280826732,4.033231849095731e-07,0.0001611790356848118,0.0006150745652879709,0.007875032438387374
float32,326,scaled_adversarial,16,2000,2000,0,0.0,7.936402340428386e-15,8.230011233237464e-11,9.995189427108838e-10,1.479340574224498e-07,7.866756330952102e-15,8.08615342717059e-11,9.1077253123938e-10,1.4794265282211517e-07,1.445569165266045e-13,3.0811508948287254e-09,6.54856582168391e-08,1.1134948381040906e-05,1.3801215506652928e-13,3.153200502058437e-09,6.458714225031541e-08,1.1118378833220603e-05
float32,327,scaled_adversarial,16,2000,2000,0,0.0,2.7158222385554165e-21,3.937138000761892e-15,9.139755418042721e-14,3.3304459379512074e-11,2.7409093930872007e-21,4.006972707667831e-15,9.116551309115819e-14,3.3304392507788865e-11,5.352395407241759e-20,4.384383989313309e-14,4.542774061327454e-12,2.5602836483910147e-09,5.355428045525434e-20,4.381903988069481e-14,4.527804919314355e-12,2.560283561863324e-09
float32,328,scaled_adversarial,16,2000,2000,0,0.0,1.954134670953095e-06,2.7495536285297396e-05,6.211977754320242e-05,0.0002060747137646875,2.0038644532934814e-06,2.7634709828450928e-05,5.920232963460285e-05,0.00020353849141900967,1.9379456182520073e-06,2.7086386706639473e-05,6.312539075051028e-05,0.00019940928185130754,2.0038647918205643e-06,2.763535878955229e-05,5.920503667535563e-05,0.0002035359290130064
float32,329,scaled_adversarial,16,2000,2000,0,0.0,9.469659898942357e-12,2.2017707430817304e-09,1.0792183741639086e-08,1.5584179129881727e-07,9.883992236277405e-12,2.3548307798722676e-09,1.1239647045686244e-08,1.6918138808522876e-07,2.5005126117392675e-11,1.4303977371804887e-07,1.067433461634295e-05,0.08328962147682085,2.6899272149130314e-11,1.4809819902733546e-07,1.0674047745165844e-05,0.08328505893566553
float32,330,scaled_adversarial,16,2000,2000,0,0.0,6.062956878479524e-18,4.618463607478847e-13,9.081082869486214e-12,1.2492002391637192e-08,6.062958235590772e-18,4.618756181756447e-13,9.079779965044024e-12,1.2493487127900208e-08,2.904334906166784e-15,2.333491893610793e-09,1.2032864870997035e-07,0.00020570875099665446,2.8331718264291027e-15,2.3062882170022187e-09,1.2032864869333277e-07,0.00020570875236478682
float32,331,scaled_adversarial,16,2000,2000,0,0.0,5.6831375269602644e-24,4.441809037900691e-17,5.059641280502001e-15,5.037422279952059e-12,5.683094780298527e-24,4.3980331425537875e-17,4.894225631322579e-15,5.037420595612309e-12,8.372138931850852e-21,2.371419326550316e-13,2.4495506499117418e-11,3.435140575797068e-07,8.395482788853727e-21,2.3001454514027386e-13,2.338973156456974e-11,3.435140575794925e-07
float32,332,scaled_adversarial,16,2000,2000,0,0.0,1.9539262478513618e-06,3.093498129109098e-05,7.6649816109155e-05,0.0003165123719859423,1.9713788096967905e-06,3.1908678719626786e-05,7.529037341782922e-05,0.00031327046594289683,1.9491602966361606e-06,3.0759247558022247e-05,7.332058353903005e-05,0.0003167464573089219,1.97137884915477e-06,3.190867929855743e-05,7.529037337163283e-05,0.0003132704659130722
float32,333,scaled_adversarial,16,2000,2000,0,0.0,4.797753898270717e-12,1.1202024411788563e-09,3.724516655538935e-09,7.68668339488846e-08,4.8977529642654024e-12,1.1432266982378153e-09,3.7288217197759455e-09,7.73390116242226e-08,4.86021029940949e-12,1.1140188992022675e-09,3.5500800039669413e-09,7.2109135880488e-08,4.89992907666422e-12,1.1432269626258287e-09,3.728821827949381e-09,7.733754207562658e-08
float32,334,scaled_adversarial,16,2000,2000,0,0.0,1.3169723247709153e-21,6.170075655752677e-17,1.942589216377264e-15,6.512429583867509e-13,1.4215167181876044e-21,6.163926002401475e-17,1.9176956119972475e-15,6.540794134376766e-13,5.443678150770036e-20,1.9725770725687613e-11,1.1822596284077529e-07,0.0034099580638523933,5.543409031761419e-20,1.9725797906655625e-11,1.1822596164687561e-07,0.0034099580631680964
float32,335,scaled_adversarial,16,2000,2000,0,0.0,9.094013879073091e-28,1.1644596943076434e-20,1.3498474132559064e-18,8.704342285302538e-15,9.547788494053947e-28,1.164459694308905e-20,1.3498363387179613e-18,8.704341881294414e-15,1.7630214060059463e-24,2.1815635778664312e-14,4.398547037459463e-11,3.7555836404229426e-06,1.76329757026535e-24,2.1815635293228938e-14,4.3652622561037073e-11,3.7554534108460708e-06
float32,336,row_diagonal_dominant_random,16,2000,2000,0,0.0,1.1829158893023433,1.4895116577716931,1.5766156321862017,1.7065607975235206,1.051557598830228,1.294385786914855,1.3637366849115786,1.4616125643749076,1.1724963298995976,1.4829350696311006,1.56757155548823,1.703260762540676,0.9881123406926247,1.19490928833543,1.2499950332991427,1.368973085449342
float32,337,row_diagonal_dominant_random,16,2000,2000,0,0.0,1.0041860302878463,1.254229136825466,1.3167843705587665,1.4322305623834701,0.885619148108497,1.074790249276345,1.1370640887218892,1.2315357765420654,0.9895387503906101,1.242559276912206,1.2981687717831638,1.4158100700158207,0.8069898388913821,0.9650864102653243,1.01362547390412,1.093594830146002
float32,338,row_diagonal_dominant_random,16,2000,2000,0,0.0,0.9292026335682109,1.1465877414882613,1.2096112268868955,1.303263072379576,0.813437147130637,0.9906615749824652,1.0510391767956346,1.15404585516692,0.911664452939938,1.1342072932251885,1.1883049823269283,1.2807523582952405,0.7332844389718611,0.8701541932049345,0.9114660562919998,0.9757893311568261
float32,339,row_diagonal_dominant_random,16,2000,2000,0,0.0,0.848180442241031,1.0455133815469613,1.0934075873132219,1.1988918961764636,0.747620280969449,0.910212683227199,0.9535398498092383,1.032248050835662,0.8292107011381207,1.0191571750473227,1.0803173994028923,1.1757561677673818,0.6615705919236328,0.7791405512473315,0.8201171203089445,0.9044213586432501
float32,340,row_diagonal_dominant_random,16,2000,2000,0,0.0,0.8370528399136217,1.0168995561379115,1.0658817914724419,1.1606705795287746,0.7270447256932026,0.8748853821719829,0.9176971278868606,1.0163104482919039,0.8093632994802538,0.9888882438251674,1.0424883985558697,1.1286569334522822,0.638240571095231,0.7575372201998231,0.7931597950665051,0.8721772883227767
float32,341,row_diagonal_dominant_random,16,2000,2000,0,0.0,0.8535406096139476,1.0628838534146845,1.1265123005251267,1.2854931714307258,0.7322330828464049,0.9001886131018431,0.9565047155170745,1.0830512554855338,0.8166320009702903,1.0179301604545832,1.079293267714289,1.2270369129591059,0.6445685626885503,0.7765036912105302,0.8195530032220797,0.9092319960490286
float32,342,row_diagonal_dominant_random,16,2000,2000,0,0.0,0.8710286980654406,1.0794976692081557,1.152040473767701,1.2777498806335295,0.7371675867021397,0.9115895106473499,0.9563057320986827,1.0617055045917003,0.8333726335634551,1.028064609331194,1.1001511467301415,1.2419464139209357,0.645204228655893,0.7784571583353137,0.815904000610873,0.8983127316845441
float32,343,row_diagonal_dominant_random,16,2000,2000,0,0.0,0.8700257466227233,1.085797875351473,1.1417584919489883,1.2677063784404417,0.7393171154199302,0.9188715970440644,0.9692676524660799,1.0875044030496233,0.8235845651199354,1.0337362175852745,1.0949481789686402,1.2184692823885106,0.6499916113485777,0.7800168072875989,0.8200322742105806,0.9034122880503015
float32,344,row_diagonal_dominant_random,16,2000,2000,0,0.0,0.8890640365196674,1.0974011852635157,1.167152404704756,1.2914708696999357,0.7470080493063956,0.9164242253127318,0.9707163655096986,1.073465975141728,0.8424177233823,1.0422851966445548,1.104647544695932,1.2173363699649775,0.6547623995737449,0.7843399151657157,0.8228582208679225,0.9121047306796739
float32,345,row_diagonal_dominant_random,16,2000,2000,0,0.0,0.8908229194631334,1.1140865965840596,1.1741975491323828,1.3013622004380623,0.752387139168384,0.9301898521207135,0.9896003566398682,1.0867326468989904,0.8450703524442638,1.060238181907661,1.1319458637665745,1.2458113666954822,0.654525863269164,0.7882191242615972,0.8365293226020771,0.9152935781644359
float32,366,row_diagonal_dominant_stochastic,16,2000,2000,0,0.0,0.9503391114531439,1.2326447876550963,1.3408539094359428,1.5872367089315695,1.0438362456691854,1.2775973686967947,1.3444123393525396,1.4725338859128505,0.9452158314317562,1.2251212522373085,1.3226978689636695,1.5525825457382636,0.9514678228127241,1.129522105459782,1.1728496480347068,1.2737267491926771
float32,367,row_diagonal_dominant_stochastic,16,2000,2000,0,0.0,0.695981952195657,0.8340897426616378,0.8748522606089407,0.9536302315778784,0.8748881230552763,1.0902359260271983,1.1684015994820618,1.3056651973979105,0.667016670709061,0.8022138096120306,0.8362437989101026,0.8969990263781008,0.7395672964791473,0.8621921548479091,0.9017513895849177,0.9727337905860073
float32,368,row_diagonal_dominant_stochastic,16,2000,2000,0,0.0,0.6461223470750492,0.7715922586133187,0.8147842894719005,0.8992097818440962,0.8394235487529826,1.067155012119458,1.1350200090500755,1.28753027725846,0.5914667507375814,0.7078470755301504,0.7422509139975788,0.8167756850594017,0.646682165090533,0.7535666859910863,0.7839907094691972,0.8457649144220742
float32,369,row_diagonal_dominant_stochastic,16,2000,2000,0,0.0,0.6831507388140126,0.8342255478664087,0.8773256844778003,0.9796079609994228,0.8854103567961548,1.140045310016571,1.2410306107200628,1.41406617865266,0.5649433851942816,0.6803194296489448,0.719932527282383,0.7832197159424357,0.5986456293946418,0.6863770998704858,0.7130316367143045,0.7735190447281935
float32,370,row_diagonal_dominant_stochastic,16,2000,2000,0,0.0,0.7367507639112034,0.9030441378768952,0.9569479920028444,1.0478471479997573,0.9497032184671224,1.250255945145376,1.3499003261044102,1.5634110448901004,0.5559874900533202,0.6704273043131751,0.7102529020925893,0.7809000372488027,0.5542164778119207,0.634362834482548,0.656459850718207,0.7206424346444515
float32,371,row_diagonal_dominant_stochastic,16,2000,2000,0,0.0,0.8191530009794111,1.0091726644432486,1.0756268931857,1.1853977673178018,1.047939973062455,1.4016490867639482,1.5374968863754044,1.7590381154694288,0.5464833340320476,0.6664271067253208,0.7030220937415568,0.7677610716921323,0.5377111970408122,0.6130556108096339,0.6379238348830079,0.6794873349063715
float32,372,row_diagonal_dominant_stochastic,16,2000,2000,0,0.0,0.8533685210593274,1.0642339048847465,1.1343542895387349,1.2715999498445083,1.099318007570339,1.472688361612711,1.617089268204403,1.8660430299364827,0.5469892452942842,0.660809565739096,0.6947783914521743,0.759380860820116,0.5321591948487865,0.6099949431149727,0.6355461417692452,0.6865893313540423
float32,373,row_diagonal_dominant_stochastic,16,2000,2000,0,0.0,0.8852193431788404,1.1142869525282955,1.1871337895255891,1.295871404572943,1.1428820452879087,1.5205705943882888,1.638033300012147,1.9238103986404247,0.5510412504030697,0.6705441754624891,0.7072420841737528,0.7723771123637722,0.5325003092443621,0.61242813129757,0.6353635745796279,0.6878290270480194
float32,374,row_diagonal_dominant_stochastic,16,2000,2000,0,0.0,0.9356121584555637,1.1754743622703987,1.2472901114604882,1.3914627182113453,1.1948893902404298,1.6272880050427758,1.743579025929195,2.023300238152744,0.5512482085836292,0.6720500724102035,0.705750079284001,0.7747637666604132,0.5416297779874796,0.6208018458054888,0.6434405607084908,0.6941507256851674
float32,375,row_diagonal_dominant_stochastic,16,2000,2000,0,0.0,0.952665403649573,1.1957847085823168,1.2603114892324663,1.4036781325154861,1.20657814401895,1.6467530554443737,1.8008927621453403,2.07840767745957,0.5501934807456392,0.6731389070265952,0.7116295090280924,0.7790566416265808,0.5395568568050296,0.6188070690903648,0.6465738786633721,0.6968720433797636
float32,376,spd_prescribed_spectrum,16,2000,2000,0,0.0,0.5605357105792834,0.7232054324164214,0.7765485932784483,0.8775674118173535,0.39567614401349904,0.5140920516523253,0.561206723717174,0.6712125460939142,0.3922903975879365,0.49419840661541536,0.5358946826508421,0.6032386435059243,0.2869961636644741,0.36455889547072634,0.39549048930927705,0.4527328853068453
float32,377,spd_prescribed_spectrum,16,2000,2000,0,0.0,0.6184799382837964,0.9125766788013979,1.036749549909547,1.3905725672205418,0.39541703736951256,0.5846927437601855,0.6588010845637203,0.8965769280565342,0.30428530859902375,0.4361592572669104,0.4989862564937817,0.6694826378249638,0.21494947737956407,0.31660423604708177,0.3618125857104358,0.4688177706456748
float32,378,spd_prescribed_spectrum,16,2000,2000,0,0.0,0.8229755355500845,1.3351171179249472,1.5777938449627698,2.232550575881869,0.5033956289795591,0.8532628717380244,1.0067336317914248,1.379626780230396,0.2922979428895067,0.42921052743247645,0.4811419482459613,0.6196512710732314,0.20046342054011637,0.2992738868752024,0.3378932250802647,0.4409034207775331
float32,379,spd_prescribed_spectrum,16,2000,2000,0,0.0,0.8958032840275196,1.632656190735728,1.9652345762811463,3.089596350509077,0.5448253836169415,0.9962678479264673,1.2372176563577346,2.030806614408998,0.27134668611425905,0.40085450012301743,0.456711490243124,0.5587536390598605,0.18538954195859897,0.2845723196876095,0.3284558653663907,0.46438893981844637
float32,380,spd_prescribed_spectrum,16,2000,2000,0,0.0,0.9060187661181461,1.7724779229726155,2.208931384961701,3.5499434768959923,0.5577734096060323,1.1140929105967279,1.389051497801741,2.3328316338116553,0.25231185293093505,0.38091545227189955,0.4338935181686644,0.5842399322098182,0.17224677670433874,0.2783671541962032,0.3279642820361439,0.43739328357691765
float32,381,spd_prescribed_spectrum,16,2000,2000,0,0.0,0.9298183671319723,2.077178314784066,2.7513181437514556,4.069080357846606,0.5641485693423809,1.2599382789856186,1.672346370575966,2.527893386066126,0.23740733535399727,0.37731242613094124,0.41653965321141057,0.5403017634800353,0.16022377923338216,0.26837883502239246,0.3212026032639476,0.403479115516134
float32,382,spd_prescribed_spectrum,16,2000,2000,0,0.0,0.9342818897807655,2.145793775535058,2.909106520861291,5.0883925568195,0.5588538305659412,1.3738656336343806,1.8136570760228345,3.1049270970149285,0.2264434374987484,0.35388144345734984,0.40063203619698523,0.5230728743415258,0.15019074018756956,0.258060719576489,0.3136759690038042,0.42061223286961896
float32,383,spd_prescribed_spectrum,16,2000,2000,0,0.0,0.9367745412072255,2.403679377099988,3.180567209728616,5.93680178050766,0.5741944901915608,1.4586231615641427,1.9392664091652956,3.5356611322218283,0.2233386408380657,0.3538410229208227,0.40293330623118667,0.5462507126008082,0.1495183271226843,0.2542488165115032,0.30745888221136713,0.4110439717875003
float32,387,random_conditioned,23,2000,2000,0,0.0,1.5544145800245621,2.1107620807878478,2.3399110240588974,2.795452655737783,0.6543525079336865,0.9179975923578753,0.9991857221633311,1.2427702133708067,0.6645980016122561,0.8935499488396905,0.9970440902806713,1.194813668719131,0.32325662116551057,0.4506891505016633,0.5068952442431517,0.6232122543173418
float32,388,random_conditioned,23,2000,2000,0,0.0,2.6741067855848586,3.4411291927370904,3.692281397118451,4.351699596486888,0.7008243086473906,1.0156778481757163,1.1239994350921605,1.417285433156359,2.1064436760884764,2.8891577940563202,3.1908246759340204,3.7036330249987235,0.6388304059336019,0.861147122325738,0.9551914902169609,1.1422572251067702
float32,389,random_conditioned,23,2000,2000,0,0.0,4.020989019328463,5.3496995362914594,5.836713893898001,6.901331654863193,0.8866789560776523,1.2022361401207389,1.301095790455557,1.536668842600549,1.5426803510267155,2.0526524244385485,2.243369553027049,2.639711062566818,0.38116492340641694,0.5152713338167151,0.5680135004623549,0.677273160295046
float32,390,random_conditioned,23,2000,2000,0,0.0,1.2993730112096613,2.0529878897319183,2.356901812037016,3.223318042703737,0.6452640726336185,1.0699857724636221,1.2441013093812596,1.6663444109789174,0.35167050360995855,0.48733089308724187,0.5425125924630009,0.6972558517289814,0.2146605075800208,0.3270480547522574,0.36977413813181514,0.4877225111610146
float32,391,random_conditioned,23,2000,2000,0,0.0,2.6679808541762906,3.4580993578167507,3.749082029525529,4.32650571066694,0.6904828241703922,1.008692924162258,1.1051917698590286,1.3818349138568058,2.1443575266777337,2.850293955824776,3.1037412633549426,3.702289525863733,0.6371986248963528,0.8536011306723751,0.9292943045132146,1.1067918871437246
float32,392,random_conditioned,23,2000,2000,0,0.0,5.537551558404817,10.699352811070804,13.428685942246707,20.898194385682466,1.1998747188284402,2.293533230230416,2.776642202202004,4.354165138220229,1.462188735774093,1.9139004180411192,2.1137696067429275,2.5400788130272396,0.3626706602463512,0.4943720801577491,0.5427712165956087,0.6702462746100503
float32,393,random_conditioned,23,2000,2000,0,0.0,1.2672027631473912,2.3244290923158024,2.7088328076058175,3.72183510045852,0.6697272960221812,1.2566516824949359,1.487333768994451,2.0012891407476996,0.28452179679803274,0.4088928566060006,0.4613754481141492,0.6114082593931185,0.17869157894866217,0.28812951707693735,0.3421907968737658,0.4327425515436182
float32,394,random_conditioned,23,2000,2000,0,0.0,2.688609408017709,3.444033343602718,3.7492866281644774,4.293360214129888,0.6884701409676885,1.021379930979026,1.1477248487854899,1.4592655387790703,2.1217098821636733,2.8794874224059153,3.1666697936640453,3.835497597331545,0.6375839967501449,0.8472514615076295,0.9252295451173278,1.1068442853988827
float32,395,random_conditioned,23,2000,2000,0,0.0,6.045168491521019,21.26105074275334,35.11816564134057,87.61823967598902,1.30996582957792,4.449112661042979,6.98177138589549,16.848524326268432,1.445745058288916,1.9359982125048052,2.092207404223005,2.4249930896302216,0.3584884222822562,0.4840070803421918,0.5431020754890087,0.6478433639514882
float32,396,random_conditioned,23,2000,2000,0,0.0,1.2544550081558692,2.6141338612739857,3.279621886226626,4.9779219033887045,0.6904215068200613,1.4579617531797189,1.798551572773175,2.713383351505431,0.2497336560875715,0.3566334292161231,0.4052288777102313,0.5293901191313475,0.15814551634719118,0.25826868102793726,0.3002592844801377,0.404005688197666
float32,397,random_conditioned,23,2000,1939,61,0.0305,2.631927597418248,3.4258481082886565,3.6837083784286624,4.2308967583554935,0.6744100216658312,0.9684708527223943,1.1002398675019103,1.3455823743772515,2.1189654424117252,2.8588441908501636,3.12941137975872,3.767884063228302,0.6348993754962714,0.8453033596743328,0.9153620444728053,1.0700508102202193
float32,398,random_conditioned,23,2000,2000,0,0.0,2.7777812311476406,9.678171882945358,19.50979932608441,67.90783495994607,0.9261468662430371,3.257855223212881,5.978569609813275,25.64264079892988,0.6149061927717147,0.8610919710902308,0.9594109537103122,1.1419205423890564,0.27996689568991545,0.40971710227551844,0.4638613507436192,0.5894566581993057
float32,399,random_conditioned,23,2000,2000,0,0.0,1.212614059376639,2.7594434434750483,3.68625559362337,5.747233889783892,0.662945518948417,1.5273914644877908,1.9290085199499347,3.073855687417392,0.21025728660413584,0.3309215059497438,0.37669609995213604,0.4868902311330756,0.1384496658748947,0.23822480473841165,0.28766850656669185,0.39764804336962617
float32,400,random_conditioned,23,2000,1937,63,0.0315,2.6580888748569786,3.45516106586907,3.7131745244085117,4.239608718944302,0.684362332756771,1.003993332060447,1.11871504205994,1.3616674062278766,2.1132821140328377,2.888441363980456,3.1474069251551238,3.7120829441214513,0.639736910523023,0.8711816551335609,0.9479526273454801,1.1384328449207801
float32,401,random_conditioned,23,2000,2000,0,0.0,2.611152450735874,7.608247849555369,13.080184120588623,39.565441917882524,0.869969306680374,2.526790292512211,4.6355699684573315,12.882460269854224,0.5884141149584332,0.8411115222067761,0.948245866836576,1.1901398564048342,0.2724935382676882,0.40603655470061834,0.46656389349189786,0.5813676447875568
float32,402,random_conditioned,23,2000,2000,0,0.0,1.1426242302748006,2.8840434641798427,3.7318772343092292,6.25593027100149,0.6035216604236344,1.5321954892615388,2.034626153370274,3.3086129892840956,0.1822397868731826,0.3034508669265509,0.34891606669110814,0.4658784365817009,0.121073278764812,0.2192654182949632,0.26981624462795384,0.3794344937375591
float32,403,random_conditioned,23,2000,1921,79,0.0395,2.6328317922755655,3.4353960908319845,3.6820642502380245,4.139457194927043,0.6819215737249156,1.0116962057904468,1.1504185201082229,1.3967616528247884,2.0876967257401047,2.8545940152992877,3.0966509683905072,3.6832647061298927,0.6287417402581726,0.8491835655718651,0.9159772713285232,1.1084177644649271
float32,404,random_conditioned,23,2000,2000,0,0.0,2.4643422639510715,5.990253940426187,10.188467277421196,43.919034983704854,0.8075716199433813,1.9410658167335069,3.5330916295509622,14.851245972915853,0.600656577604715,0.8570331031027918,0.9439832676852251,1.168760469107554,0.2739819627524446,0.40395977258670673,0.4529304518604051,0.6059778307580443
float32,405,random_conditioned,23,2000,2000,0,0.0,1.1072903868968378,2.8074204931761546,3.9328626972809886,7.554108917089242,0.5655394639758297,1.457668763577919,2.0385479351687685,4.183414140483696,0.1714590009172673,0.2831204703606073,0.3307993473117906,0.43148779538807464,0.11114172226659373,0.2003580290229218,0.244479767579443,0.33250106178813216
float32,406,random_conditioned,23,2000,1932,68,0.034,2.6748786118685395,3.497763776495686,3.7839345904544137,4.316102769205508,0.6951341138712754,1.0131518800281767,1.1399688895420725,1.4131565586790242,2.1109232168872403,2.8808348565514588,3.175702438869773,3.7727827477635856,0.6362142469149605,0.8550382859819275,0.9228704721537158,1.0972791529877302
float32,407,random_conditioned,23,2000,2000,0,0.0,2.0263339816328445,5.022030894930633,8.086568320923904,36.819702557594226,0.6802527192994565,1.6306716478706123,2.6640845005481766,11.494964123044571,0.5874840135904642,0.8478735021562867,0.9538821958759826,1.2439665252911256,0.27307721386511385,0.4055335873911063,0.4595061346191834,0.577568165400836
float32,408,random_conditioned,23,2000,2000,0,0.0,10.251704896987862,13.138829249457892,14.339049391279364,16.91007072623772,1.315157608100587,1.6841704818562533,1.8369797503090877,2.1852167185430544,10.270683711005535,13.148613339141022,14.305962650084044,16.910061089883712,1.3152980492359392,1.7058843911084005,1.8718998352281622,2.2769808745653473
float32,418,vandermonde,23,2000,1999,1,0.0005,3.178600501953605,10.037750698102988,13.342112002751618,28.608268524138047,1.5145600842648614,4.423325425244061,6.078912116068391,12.350048105168554,0.538695607944172,0.987747955600731,1.1513886718201565,1.6303283331864675,0.3660237714304138,0.7266471919126966,0.8717813649602684,1.2301780633510229
float32,419,vandermonde,23,2000,1999,1,0.0005,7.424876245482849,19.859498624743665,26.67648594291423,48.622566144908944,2.5033096725439257,6.722286770693847,9.582332414645919,18.769069636046268,0.7649757374024416,1.4098393722521425,1.6138441473357945,2.187723475700559,0.37845318241876824,0.7287365148730987,0.8741176228626434,1.2237082503803298
float32,453,scaled_adversarial,23,2000,2000,0,0.0,6.722710345715085e-06,7.523766460008243e-05,0.00014756855494553453,0.0006333866151555819,7.225266791026028e-06,7.76682384192794e-05,0.00015214090070085585,0.0006152829601207658,0.00012437243731672825,0.015231361741463197,0.051316179018804656,0.21915061113499956,0.00012450513362752283,0.015112881489106927,0.04944136102705177,0.21793836823846746
float32,454,scaled_adversarial,23,2000,2000,0,0.0,4.412078063615069e-09,5.539109154636816e-07,1.9763215358798876e-06,2.1049617735215002e-05,4.369232107407195e-09,5.130953517240012e-07,1.912043183436306e-06,1.980442233179939e-05,1.4879302554524e-07,6.611309580569985e-05,0.00026350136178586306,0.0035184022057524306,1.4884658977208403e-07,6.59386932092311e-05,0.00025261941903810265,0.0033393847008938546
float32,455,scaled_adversarial,23,2000,2000,0,0.0,1.775206446471836e-15,5.266022100411235e-12,4.430244510440963e-11,3.391450505471295e-09,1.8395455050741333e-15,5.0767124216121314e-12,4.450181189504127e-11,3.3914476927346378e-09,3.071328658418989e-14,2.884400135025892e-10,4.724980386852773e-09,3.8777473117451573e-07,3.070874672457104e-14,2.7930200473837833e-10,4.717378773816596e-09,3.863138211585437e-07
float32,456,scaled_adversarial,23,2000,2000,0,0.0,4.1208525061359723e-22,9.00373191874809e-17,2.021240520541214e-15,1.5648620827010879e-12,3.796297854829877e-22,8.936233048786968e-17,1.975593757728976e-15,1.3606919068388147e-12,4.3600241144266766e-21,2.5842087076275127e-15,1.3304257474290847e-13,8.128502051140866e-11,4.336346617635727e-21,2.5853363491734455e-15,1.3346091302210883e-13,8.12740580141678e-11
float32,457,scaled_adversarial,23,2000,2000,0,0.0,7.742614299726529e-07,9.048335121037984e-06,1.8029171356694245e-05,7.311782886544424e-05,7.926271286966564e-07,9.195840853444807e-06,1.79037734560253e-05,7.507664277185348e-05,7.530982908871317e-07,8.988468326512939e-06,1.7904586775640626e-05,7.168115961568076e-05,7.926129901921547e-07,9.196628414030834e-06,1.792828352241218e-05,7.507650008435122e-05
float32,458,scaled_adversarial,23,2000,2000,0,0.0,1.8000976371278283e-12,1.8214521603080851e-10,7.271311726377372e-10,8.380433738981984e-09,1.9111033219181303e-12,1.863235535166134e-10,8.019222250474359e-10,9.882321876941945e-09,6.135615708783705e-12,1.2892158239912858e-07,1.1715481725771309e-05,0.034347135098091106,6.348903288020758e-12,1.2892158813591055e-07,1.1715486866776094e-05,0.033294466966029085
float32,459,scaled_adversarial,23,2000,2000,0,0.0,5.10212599006834e-19,7.022034933522682e-15,1.6841712911992416e-13,1.5641210568270274e-11,5.101973778634094e-19,6.906033353870551e-15,1.6661819913439994e-13,1.531572935293329e-11,8.621331398203314e-16,1.5160093445850658e-09,8.157176267145855e-08,3.8506137744904926e-05,8.550428295009126e-16,1.5160091046045982e-09,8.157176267145805e-08,3.8162244478422734e-05
float32,460,scaled_adversarial,23,2000,2000,0,0.0,6.508863917811991e-25,4.971890592811515e-19,1.7256895085381593e-17,2.955239657077219e-14,6.331191816988068e-25,4.803072230657345e-19,1.7086927136483437e-17,2.955117669999063e-14,6.292387521315307e-22,9.284237005959483e-15,2.4828671909596614e-12,4.311354643602691e-09,6.1401117968411065e-22,9.279985559059453e-15,2.481612037997419e-12,4.3112847880612595e-09
float32,461,scaled_adversarial,23,2000,2000,0,0.0,8.813730953507226e-07,8.907054412326176e-06,1.9417600438592574e-05,6.78848781638527e-05,8.956632183440423e-07,8.867807143649347e-06,2.001236550362222e-05,6.749201298804942e-05,8.778376021256039e-07,8.976241813909049e-06,1.97286067923604e-05,6.907735543840073e-05,8.956632177937677e-07,8.867807136822702e-06,2.0012365501510044e-05,6.749201132874175e-05
float32,462,scaled_adversarial,23,2000,2000,0,0.0,8.837193632431554e-13,9.780831918144763e-11,3.7216067357143054e-10,2.914671884551258e-09,9.227009107713153e-13,1.0016815924651194e-10,3.8485233357090594e-10,2.915527543332477e-09,9.036858461282785e-13,9.794854248717218e-11,3.7521910261479313e-10,2.828825767344409e-09,9.227009143218433e-13,1.0016815924651194e-10,3.848523335774781e-10,2.9155275336120696e-09
float32,463,scaled_adversarial,23,2000,2000,0,0.0,5.320397521626625e-23,9.802002144701074e-19,1.475134278283609e-17,2.99322113088788e-15,5.427261362584869e-23,1.026389535752729e-18,1.4751700582316932e-17,2.992518862047956e-15,3.387340037309649e-21,2.886627157998183e-11,1.742607228241276e-07,0.000537778360670045,3.544384889120302e-21,2.8866271579610023e-11,1.742607227523966e-07,0.0005377778133932315
float32,464,scaled_adversarial,23,2000,2000,0,0.0,7.001796730757592e-29,2.0945342960011677e-22,1.5030148916540857e-20,4.6980917522549086e-17,7.071130824177496e-29,2.094534756863579e-22,1.5024085582398837e-20,4.6588262243155894e-17,2.9073839006795404e-25,4.670549032170262e-14,2.1745017341714326e-11,7.736249336716733e-07,2.90738390042834e-25,4.670549032168075e-14,2.1744916462212046e-11,7.736249324472043e-07
float32,465,row_diagonal_dominant_random,23,2000,2000,0,0.0,1.3851624824683468,1.7278404363389892,1.8404846819548122,2.061479841873845,1.2021730551966106,1.4685363164297005,1.5716623066530557,1.763469769089449,1.3822796183272437,1.7277061793562072,1.8247957409899984,2.0662708316948435,1.1256102801821606,1.3338962228296978,1.3946256950931963,1.5180349919611549
float32,466,row_diagonal_dominant_random,23,2000,2000,0,0.0,1.2251907614929531,1.5323893003177644,1.635793958810692,1.8018434152295169,1.0438738572311328,1.2704605965335476,1.3452567638393058,1.5165549828769285,1.2172406562221956,1.5241522602848265,1.6271081585615377,1.8032474612905594,0.9390205521033657,1.0980656048221737,1.143399180527154,1.251689698950574
float32,467,row_diagonal_dominant_random,23,2000,2000,0,0.0,1.1480475514797766,1.4339391323839936,1.55804934828973,1.7511273518603074,0.9667623045685962,1.1860344916417578,1.2718785459755022,1.399954830191147,1.129375731976957,1.4228477977112963,1.5394009379731808,1.7350986719043684,0.8530761293649318,0.9958591331163631,1.0423704784171115,1.1312156656263737
float32,468,row_diagonal_dominant_random,23,2000,2000,0,0.0,1.089246100797482,1.3759800911918219,1.4526661076750247,1.595559530446714,0.9105302754039164,1.117656329260565,1.1888170062690897,1.2958417139357916,1.0855128772787306,1.3676471715622283,1.4524569786071293,1.5959022416807664,0.7867638638162398,0.9151596260780426,0.9527673370487385,1.028472601455619
float32,469,row_diagonal_dominant_random,23,2000,2000,0,0.0,1.0583709338309382,1.327758657307133,1.4372249444682899,1.5991176503563513,0.8756027410791383,1.0852077201414436,1.1616628380495038,1.2872734172766378,1.0394665196082702,1.3099083977718136,1.4268445507150074,1.5789165059090327,0.7489835326119615,0.8702698443597144,0.9090882806231811,0.9798585234910191
float32,470,row_diagonal_dominant_random,23,2000,2000,0,0.0,1.0672888531116032,1.3314796692689026,1.4112415399617864,1.5814058951433771,0.8719543193968325,1.0698038341899707,1.1333109450466112,1.297336269882283,1.046664652797813,1.3023808894108209,1.3956341276713544,1.5625457577304276,0.7427187010165868,0.8597367164150955,0.899542413662449,0.9683148527476289
float32,471,row_diagonal_dominant_random,23,2000,2000,0,0.0,1.0779083588701912,1.3442614323300917,1.442610633435394,1.5977831340704673,0.8802259602762976,1.0703706991208137,1.1392302173858162,1.2899789105489732,1.0564372346791586,1.3160327196257064,1.4014641724464565,1.5561360466676948,0.7504640361756524,0.8692096088269843,0.9063019209733095,1.00296517092329
float32,472,row_diagonal_dominant_random,23,2000,2000,0,0.0,1.0776313583142385,1.3411098659396343,1.4210383445403711,1.5571277357779407,0.8755454567627061,1.074364175497455,1.1369240215772054,1.2631170923854158,1.0546895681060224,1.313759438963878,1.3851514267753622,1.5238867540314103,0.7520016558672011,0.8754439120633337,0.9191041231382077,0.9984596617926901
float32,473,row_diagonal_dominant_random,23,2000,2000,0,0.0,1.080193698413189,1.3332391491330395,1.4091819147507563,1.5789895657495845,0.8718932656225875,1.066924033867058,1.1269299051284618,1.2634631698001757,1.055732072853611,1.3043968079581143,1.3774848791295033,1.5514971626486407,0.7507758034522016,0.8748909769742366,0.9173373313553063,0.9977806377048621
float32,474,row_diagonal_dominant_random,23,2000,2000,0,0.0,1.0788800221504267,1.3391882702845292,1.429986851909162,1.5782286821204612,0.8745310378470493,1.0700988414848525,1.1321498643432766,1.2846861990191656,1.0483644036517656,1.3040776629036328,1.3797363581764877,1.5388918476898248,0.7489971256038379,0.8735144173036049,0.9081821262395082,0.9877740442046637
float32,495,row_diagonal_dominant_stochastic,23,2000,2000,0,0.0,1.050980946761519,1.295834465238531,1.3740876459644107,1.5348619715996235,1.2043696154388894,1.4789192392433856,1.5647792853858673,1.7466056454919612,1.0448724710393786,1.2829804398624371,1.3623697446944223,1.5246029775474867,1.0895570416800837,1.2826813995484023,1.342934266709552,1.4349582452349097
float32,496,row_diagonal_dominant_stochastic,23,2000,2000,0,0.0,0.7945935909254465,0.9684265585082154,1.0125830351119107,1.107363446719261,1.0359475528365925,1.2980176238156953,1.3764497447190123,1.531062525573267,0.7744556373134547,0.9331777211540283,0.9874777971748014,1.0778256044898433,0.8487261968032833,0.9811025413311469,1.0275442539468498,1.1142786408949341
float32,497,row_diagonal_dominant_stochastic,23,2000,2000,0,0.0,0.7379084424652533,0.8692059340298501,0.9058907918141897,0.965362148672629,0.9868333659858561,1.2479908078578985,1.3282015646134941,1.4944292678005109,0.7001987582269706,0.8227333196394818,0.858873390216673,0.9237023864044187,0.74309047935101,0.8511209843343299,0.8843311917334512,0.9567498210828547
float32,498,row_diagonal_dominant_stochastic,23,2000,2000,0,0.0,0.774488027146693,0.9132197601770597,0.9506156078894052,1.0227079640905206,1.0327023129141302,1.315341687185414,1.405089800065789,1.5833035694754793,0.666013066457104,0.7878137582194462,0.8230566138838564,0.8777730551278933,0.6763428068945612,0.7602659082142322,0.7851505378261471,0.8319926043691919
float32,499,row_diagonal_dominant_stochastic,23,2000,2000,0,0.0,0.8084603604603307,0.959663058213166,1.0024023087383855,1.0934052902732372,1.0596951027132597,1.3429651821552286,1.4413578926065318,1.6636861741590068,0.6459998141437191,0.7653694095974858,0.7985709273158985,0.8582729221011594,0.6146769893948245,0.6865096148880401,0.7092025808297097,0.752325209567121
float32,500,row_diagonal_dominant_stochastic,23,2000,2000,0,0.0,0.8790896960266028,1.0519718268653913,1.100266681712944,1.1984198089889255,1.1496678268577551,1.4839676112860218,1.6056334116598934,1.81095793785048,0.6057343220398358,0.7131696211459322,0.7404208678264489,0.7940967966806528,0.5927927702923292,0.6617659238369481,0.6835389878652345,0.7340867232430535
float32,501,row_diagonal_dominant_stochastic,23,2000,2000,0,0.0,0.9297213731134844,1.1203578666753886,1.1774131498213667,1.2744517076894406,1.212392450937116,1.606316916761669,1.7434379501182937,1.9667504776633238,0.6052885296911312,0.7057353625056385,0.7395002705389099,0.7998127487952398,0.5909302637429368,0.6594107282434313,0.6789950543168153,0.7122811525195504
float32,502,row_diagonal_dominant_stochastic,23,2000,2000,0,0.0,0.9905877005436847,1.1914699683855277,1.2460665177572336,1.3644137877899831,1.285575164937059,1.6619587903903021,1.7931016882336495,2.0431938473473896,0.601327493010462,0.7064757360364571,0.7373938523171181,0.8022228874650152,0.5956908262131408,0.6621564006266604,0.6844376755900028,0.7271748656586188
float32,503,row_diagonal_dominant_stochastic,23,2000,2000,0,0.0,1.0175449113033648,1.2214086698698077,1.2770807403796927,1.4182211356139272,1.3159083955938304,1.7242201993876645,1.8621093169736431,2.117191986533108,0.6077165342573956,0.7137274111268656,0.7469782095668852,0.8014966472305338,0.5999741678769117,0.667755176562663,0.6903955245825886,0.7300551571722748
float32,504,row_diagonal_dominant_stochastic,23,2000,2000,0,0.0,1.0218853485079915,1.2261686597128705,1.280571053586393,1.4039340286653585,1.3306037068652454,1.7139963297924439,1.849584506762272,2.1486814450839513,0.6041328185844249,0.7115782958474579,0.7445531091427702,0.7983431292486185,0.5964946418947725,0.6687165282089307,0.6878302033524012,0.7360599790914881
float32,505,spd_prescribed_spectrum,23,2000,2000,0,0.0,0.6631064399019546,0.821652130662152,0.8739719821969462,1.0035250003076817,0.4279759009435603,0.5404023018339967,0.5817028400719418,0.656467903438478,0.44953671180481464,0.5458472840627501,0.5810527962514676,0.6550650441536473,0.3066490199097275,0.3820275067210367,0.41142413653901244,0.4645651648658356
float32,506,spd_prescribed_spectrum,23,2000,2000,0,0.0,0.7148765260382398,0.9681682052702568,1.0706651459844858,1.288150784804834,0.4150433500011542,0.5611247632261541,0.6248562107708693,0.7765986536138477,0.3223326406950462,0.4270838411854713,0.4696768772665402,0.6007919491032776,0.21645147217253605,0.2994623049541194,0.32987527495605484,0.4244342858972124
float32,507,spd_prescribed_spectrum,23,2000,2000,0,0.0,1.0070490699746175,1.5634780807524216,1.8029467093665195,2.4589392816318916,0.5643749251239427,0.9044125534005945,1.034572965913603,1.3695699703722306,0.32300284358836984,0.45731555404038876,0.5076781900686201,0.6313263131870648,0.21300025013441554,0.3062405224225729,0.3406139745797707,0.42379021869897243
float32,508,spd_prescribed_spectrum,23,2000,2000,0,0.0,1.1783481543605414,1.9265706019228808,2.2599146351034007,2.9253929938125274,0.6604619747861205,1.08352775079317,1.2713143974900054,1.6676591421485716,0.3113293561844876,0.4374425040605309,0.4817485034312473,0.5764596092191574,0.20510119332014276,0.305736888235469,0.3456998809974538,0.42879161093854556
float32,509,spd_prescribed_spectrum,23,2000,2000,0,0.0,1.2343629328764867,2.109207720554557,2.513457471335226,3.554641768518062,0.6825720116976067,1.2189997155847478,1.4804017469923052,2.0594701305602294,0.290315660186188,0.4119878761536231,0.461230370812044,0.5671682099681389,0.19162219224880295,0.28757644221748324,0.3346942154366958,0.4295115420861793
float32,510,spd_prescribed_spectrum,23,2000,2000,0,0.0,1.190737843264289,2.274813810142745,2.739008241260082,3.933993225029023,0.6817038416106846,1.3168851479073047,1.6012904311394913,2.4132065359746777,0.26949281620141563,0.3876153488505152,0.43138293860273114,0.5397479534818614,0.17911888162567752,0.2783439247472691,0.32830756927201904,0.42674674254732164
float32,511,spd_prescribed_spectrum,23,2000,2000,0,0.0,1.2683604552659342,2.441628068947381,3.097437818902434,4.877605007432319,0.7105976132005865,1.4261902771666348,1.7917277020248827,2.6612762898307856,0.26133357617349,0.374038919196813,0.42796490981407326,0.5340635277892865,0.16893704035657933,0.2704652281721491,0.31900508109460446,0.4414302443089018
float32,512,spd_prescribed_spectrum,23,2000,2000,0,0.0,1.2460675173285312,2.6300247648338666,3.4040434547333267,5.125284446504204,0.7029012118068247,1.5346502489820282,1.9595113564201014,3.0529700477090804,0.2480181226427976,0.36444468824398135,0.4168878061973558,0.5207484825252153,0.16014215106888718,0.26063024420668085,0.3083771380060045,0.4103703370295414
float32,516,random_conditioned,32,2000,2000,0,0.0,2.2023614106050196,2.874699749202034,3.1502238834849963,3.6440911437352264,0.7824460019053736,1.0311642015754379,1.1259870187508347,1.3218598436522204,0.9162628281746348,1.1774941858796013,1.2874899570064642,1.5515083647727492,0.38237752697210703,0.5142833288314209,0.5661235289683956,0.687459282656038
float32,517,random_conditioned,32,2000,2000,0,0.0,3.5616994109699593,4.369235009345951,4.681841148190647,5.342755645881359,0.7830107125513683,1.119865143061066,1.2403257608971339,1.4473957227723921,2.7980991966934123,3.652179443235069,3.9173710204924217,4.587140745206302,0.7623819696666135,0.9920812003552896,1.0804605054800633,1.2815010016672226
float32,518,random_conditioned,32,2000,2000,0,0.0,5.65090215613823,7.10221343668793,7.631379889175153,8.89847757148017,1.0266680472312506,1.3040750007293154,1.4067083557747506,1.630009071707873,2.2502096901901947,2.925908613141598,3.1231670300985925,3.5699143615901505,0.44892344840663045,0.5971088995809187,0.6488110632258182,0.7816778316984453
float32,519,random_conditioned,32,2000,2000,0,0.0,1.6739567878763477,2.484373160326675,2.7991885025176937,3.443534704988539,0.7519474366527577,1.1212718213423534,1.2659230072528704,1.6571801543491962,0.43749559756620765,0.5886565663187062,0.6553631600738485,0.8120814823387393,0.2509846390095035,0.35650199999139415,0.3986598890283493,0.5067925417235697
float32,520,random_conditioned,32,2000,2000,0,0.0,3.5486707787699334,4.45304893250324,4.756382106468466,5.2692693043852765,0.7985914704853276,1.109659775503486,1.254888260647012,1.542494621810393,2.8240948508444417,3.683809289475379,3.9396306726698556,4.57272875419661,0.7620671534162636,1.0042896641768788,1.0737477658299366,1.3110880800250448
float32,521,random_conditioned,32,2000,2000,0,0.0,7.607543799429336,12.70854962219127,14.918248008609831,19.068670542026467,1.3558910531052542,2.1813839555168464,2.594977594432739,3.4280656401273375,2.1460210766455683,2.792420371409659,3.004614485404012,3.5651415562284896,0.4308595998257224,0.5698797373553426,0.6305067233874881,0.782350989812849
float32,522,random_conditioned,32,2000,2000,0,0.0,1.600037268594388,2.5551507755202953,2.933197768536422,3.970021041132691,0.7840944052713961,1.2812223097312339,1.4904968813523227,1.9906010169240564,0.3233763664792961,0.4561788096067105,0.5124942077983119,0.637876093375134,0.20028042416008834,0.3101206703686878,0.3518277552321767,0.4491299359092512
float32,523,random_conditioned,32,2000,2000,0,0.0,3.5639492259174084,4.4310375977421534,4.760321986823036,5.351681992518143,0.7876604358383528,1.131438816594408,1.23500638280452,1.5435873281169608,2.7961640147268545,3.638283689813449,3.876585167264175,4.447513348226866,0.7549643732223799,1.0013214206752357,1.0920782114017165,1.2746919345904208
float32,524,random_conditioned,32,2000,2000,0,0.0,8.4375684269034,27.378340128623645,44.657323967206565,84.26212218214322,1.5213311124688604,4.721089886642888,7.189677439986558,14.62747717600144,2.1314921649124745,2.8100710496840695,3.0669671114765125,3.508348797988051,0.42846038224614463,0.5753828004589445,0.6307858110984007,0.7850814818216986
float32,525,random_conditioned,32,2000,2000,0,0.0,1.6081236667274168,2.9271107856276943,3.5366187162867155,4.950203045840648,0.804391233157958,1.5112134065759153,1.83104677456475,2.6543896488887984,0.27653386729746354,0.396148627782536,0.44228943061621157,0.5602383047989412,0.17476594194139547,0.2747837584942538,0.3199340790082465,0.4101118016897337
float32,526,random_conditioned,32,2000,1961,39,0.0195,3.5563160654195105,4.462080101767001,4.768207366731301,5.323552603486855,0.7846668618094442,1.106771575911563,1.2292328860344104,1.4513031052537908,2.8074306667087483,3.643621404685854,3.931206695205985,4.610219733897193,0.7622106279405575,0.9945837482588317,1.0884033409928193,1.265251837538746
float32,527,random_conditioned,32,2000,2000,0,0.0,3.5565521114537653,11.338534541982588,22.467494731708538,85.73778195397273,1.0352097273190481,3.32371761549852,6.541064911197066,26.45999708612938,0.7723737520371144,1.069992292039808,1.1889925067316223,1.4553242297564566,0.32312592339477253,0.4714085294133312,0.5304841555032196,0.6684369819667775
float32,528,random_conditioned,32,2000,2000,0,0.0,1.471248663790312,2.9222147473324975,3.4966021341778015,5.347952115323911,0.7495551646275759,1.5212477075453439,1.9219104178233752,2.793643180523553,0.22320407469987114,0.3320868966995917,0.38617596516923053,0.49796123164627326,0.14729427713707818,0.24105493339604123,0.2860077359852622,0.39639351887283164
float32,529,random_conditioned,32,2000,1957,43,0.0215,3.5693193528445857,4.439477187517905,4.726643962586356,5.24569647291754,0.7970060963362703,1.1344284995196328,1.2454108856796497,1.5230677261541992,2.8090559926912237,3.6477248098928254,3.9542493941424013,4.541431227359281,0.7578980018901937,0.9766401457463092,1.0587896079944148,1.213065158823802
float32,530,random_conditioned,32,2000,2000,0,0.0,3.5744837885821594,9.40217102730719,14.177147605996714,43.3620027297561,1.021862229328363,2.5926417430211672,4.013577834784228,12.700806699356582,0.7618328639471875,1.052357456196637,1.1850938065827117,1.4466124172829262,0.32032371178870145,0.46236989710828486,0.5241671273901993,0.6613656095498337
float32,531,random_conditioned,32,2000,2000,0,0.0,1.3480066796995223,2.7914348662854733,3.534712098280614,5.596217573918553,0.6662158971235114,1.4312435727208415,1.7643463607682845,2.7817878367975166,0.19422154963092003,0.31394559285336093,0.36732958984228387,0.4912067991356938,0.13071102895927272,0.22903887039038498,0.2777459234964528,0.38874647230835147
float32,532,random_conditioned,32,2000,1954,46,0.023,3.4924414327624618,4.389260860769626,4.7012116924580925,5.357214531721928,0.7734273053717875,1.1304793803500974,1.2395515449209715,1.469967197517492,2.8104916932548383,3.6771009386958813,3.9508804505725537,4.640389424380418,0.7650305845780662,0.9985730368136674,1.089715339324199,1.2725806031498281
float32,533,random_conditioned,32,2000,2000,0,0.0,3.1488220838756824,6.668359154646539,10.534857392253045,32.863246227058,0.9221266971264586,1.9567088071604968,2.97544021343911,10.41095433972046,0.7625220357976792,1.0585638965580764,1.1869547797669517,1.4834333034318055,0.32033991135248335,0.46631874979717175,0.5282586654317725,0.6461313196601992
float32,534,random_conditioned,32,2000,2000,0,0.0,1.2189676349650154,2.857384126281867,3.6282094641625164,5.571648699589509,0.5968641269292224,1.3720727518286098,1.8019941548983665,2.8749567720361884,0.1763856195742846,0.2937641112703149,0.3422482744453663,0.42450502344171653,0.11748981880608797,0.2123415810216516,0.250728389350926,0.3559257141871893
float32,535,random_conditioned,32,2000,1950,50,0.025,3.537669471889606,4.454807399809658,4.757557698999874,5.3982409574199135,0.7869556847986792,1.1099829261072152,1.2285736834914345,1.534691875993341,2.7800621351371095,3.6512197454610695,3.9291174867209016,4.6849416332739935,0.7523838997832784,0.9940461196081151,1.074536922564901,1.3157157302770237
float32,536,random_conditioned,32,2000,2000,0,0.0,2.7956723893703455,6.4007695085838865,10.213445556041608,57.58067021192996,0.810952602895809,1.8144550034333746,2.859542741213268,19.327713027111194,0.7634529954467513,1.0702748986685955,1.1933224412147603,1.4808234115261316,0.3228502270255391,0.4672394456525437,0.5361775031571718,0.6759598527545274
float32,537,random_conditioned,32,2000,2000,0,0.0,15.912245730520581,19.971075161706842,21.353565040971162,24.637639099778642,1.5498829650091674,1.9151069326331742,2.041930985036464,2.413607521850923,15.947974495108877,19.88661931245311,21.33443190837395,24.63759031471613,1.6749118348804664,2.1981755556829556,2.39633945234309,2.939061446855294
float32,547,vandermonde,32,2000,2000,0,0.0,25.557747481393697,91.42103088366632,120.70905518399623,225.9753967463058,11.202764220541544,36.331906489326705,49.560348284310855,90.40171530569815,0.6434861619779036,1.2306233965620772,1.4351261728921922,1.782106569221881,0.35942432102885463,0.690758096475409,0.8150003106220655,1.1470821459045981
float32,548,vandermonde,32,2000,1999,1,0.0005,55.97014988371248,162.66979533729935,208.4562475400783,364.7643731906376,17.48956043532738,53.08876077564423,69.67545281167189,122.27300687076378,0.8804692863121606,1.6911644196438032,1.9877344998497606,2.689615001218806,0.3351294912357811,0.697072583150318,0.8405883388583679,1.180877229578572
float32,582,scaled_adversarial,32,2000,2000,0,0.0,4.4932836530908e-06,4.254976243840682e-05,7.816555026424965e-05,0.00023958332135271982,4.730691875111506e-06,4.381758646541152e-05,7.949702261784658e-05,0.0002575444472721958,0.00018191687012050674,0.015411265386088004,0.038398256297763014,0.16092239069638037,0.00018175388930805124,0.01507216559037777,0.03748498706809278,0.16008224526354517
float32,583,scaled_adversarial,32,2000,2000,0,0.0,2.533787032225736e-09,1.5364815169120066e-07,4.636878359518538e-07,5.258693904199887e-06,2.531090002038079e-09,1.510377532751676e-07,4.6321696280059165e-07,4.757128844803408e-06,1.5645104352169588e-07,3.7793387534081305e-05,0.00015880278868774574,0.0016555878341183471,1.5426335843700895e-07,3.74471024663915e-05,0.00014858933458622556,0.001654638369906188
float32,584,scaled_adversarial,32,2000,2000,0,0.0,3.8029677080990473e-16,9.427515924318706e-13,6.595898901267253e-12,6.32158189499605e-10,3.8449463003148863e-16,9.091642742980033e-13,6.472972565263137e-12,6.784186933587503e-10,1.444210986455792e-14,6.071520379774804e-11,5.501989260700389e-10,7.651595485158121e-08,1.40757412714011e-14,6.071521490830149e-11,5.649380278521411e-10,7.403388060959034e-08
float32,585,scaled_adversarial,32,2000,2000,0,0.0,1.3099471619101844e-22,4.6754703916719134e-18,1.6847774391043164e-16,2.89484906611157e-14,1.2954123726633793e-22,4.500016316998946e-18,1.6049583910488942e-16,2.894617015551408e-14,1.8190385067194494e-21,8.386374974996411e-17,3.63034299097574e-15,2.0805772308281203e-12,1.8123818405633457e-21,8.241311477763295e-17,3.5740070038568826e-15,2.0805771216071648e-12
float32,586,scaled_adversarial,32,2000,2000,0,0.0,3.8704945539652333e-07,2.7158710137011856e-06,4.9757472924054566e-06,1.5537608699197777e-05,3.931576111219742e-07,2.7955191943016353e-06,5.146845956192797e-06,1.5554034176535832e-05,3.8516134449990185e-07,2.8231527270002525e-06,5.071227690111502e-06,1.538765651975128e-05,3.926373302002695e-07,2.795569550364515e-06,5.1485778759653495e-06,1.5554032003046443e-05
float32,587,scaled_adversarial,32,2000,2000,0,0.0,5.755344045757295e-13,2.897030699234969e-11,9.734896988893337e-11,1.0376200188849693e-09,6.058860056378151e-13,3.160359738605773e-11,1.0516685281402798e-10,1.0503363156620583e-09,4.267471949861289e-12,2.441245973004466e-06,0.0002819068759616333,0.0782389286825446,4.544977814951689e-12,2.3531293435231904e-06,0.0002815559481472468,0.07692765861845693
float32,588,scaled_adversarial,32,2000,2000,0,0.0,1.0250078410664936e-19,4.97614124637102e-16,5.1080550881792275e-15,6.764905955534397e-13,1.0349591805568189e-19,4.976112529950522e-16,5.0924179786607654e-15,6.764905955423165e-13,6.441496314402449e-16,1.3411194123647277e-09,3.3591704562335584e-08,9.641922023906585e-06,6.441300403041002e-16,1.3411194588398456e-09,3.3591702569379714e-08,9.641902709199494e-06
float32,589,scaled_adversarial,32,2000,2000,0,0.0,6.39143899784255e-26,1.3229152947984381e-20,3.0427326520942295e-19,3.0191047844015794e-16,6.391474511193231e-26,1.2839115209046412e-20,2.9632945694888003e-19,2.920829902547605e-16,1.885855401297728e-22,1.86108141497718e-15,1.9293834122445476e-13,2.513705891504568e-10,1.8818543168662895e-22,1.841981193670798e-15,1.9293834122433048e-13,2.5136826072040637e-10
float32,590,scaled_adversarial,32,2000,2000,0,0.0,4.021246311903983e-07,3.0636759300075387e-06,5.582170365838011e-06,2.0931084504516947e-05,4.087448615496685e-07,3.075491274891692e-06,5.629149754567895e-06,2.082712457438378e-05,4.0303632878296725e-07,3.044020790583448e-06,5.582800366211697e-06,2.022197112748502e-05,4.087448610651221e-07,3.0754912752280766e-06,5.6291497872737275e-06,2.082712457267546e-05
float32,591,scaled_adversarial,32,2000,2000,0,0.0,2.3547952667923415e-13,1.2261606113627572e-11,3.729864513587294e-11,2.5662987176566475e-10,2.4138720318281726e-13,1.2615898860257371e-11,3.742628711297132e-11,2.6044061682644615e-10,2.370042833555468e-13,1.1935576388960377e-11,3.657813317981349e-11,2.605666817076117e-10,2.4138296910982743e-13,1.2615898813280341e-11,3.742628709547006e-11,2.604405986546581e-10
float32,592,scaled_adversarial,32,2000,2000,0,0.0,1.897237322435843e-23,8.267167671316723e-20,9.49430596880663e-19,3.060444204292746e-16,1.9189256755260457e-23,8.27303951509469e-20,9.777810618100903e-19,3.0705047134593475e-16,2.9258928935948353e-21,1.0401034522047381e-10,2.6369353649371975e-07,0.0012076215727787466,2.9207936009513227e-21,1.0400341000648729e-10,2.636935336051396e-07,0.0012076215507018748
float32,593,scaled_adversarial,32,2000,2000,0,0.0,9.053477916875748e-30,4.0266741736728774e-24,1.4800496680863214e-22,1.2219340971887835e-19,9.054333073041155e-30,4.0266741374731946e-24,1.4778788140888617e-22,1.2219340974214912e-19,1.8848234534297002e-25,1.892783451862436e-14,2.881479302880494e-11,1.3014697996078718e-07,1.8848234419779043e-25,1.8902448897376556e-14,2.8814793063788905e-11,1.3014442861920726e-07
float32,594,row_diagonal_dominant_random,32,2000,2000,0,0.0,1.4910912173433544,1.8375160340068692,1.9410192904595975,2.138567298956294,1.2873047930648989,1.5355810268017374,1.6228714865401486,1.77203413905023,1.4926930585453917,1.8343808789420017,1.9392820444681798,2.1289287225064895,1.2061202279355228,1.4043144874651328,1.4595460587927322,1.5737028728089457
float32,595,row_diagonal_dominant_random,32,2000,2000,0,0.0,1.3662893820310829,1.703563140438326,1.8048545200707542,1.9741499883463054,1.1271561265277308,1.3618007030514274,1.429975960736781,1.5592402581186289,1.3562077517376996,1.7035762064205386,1.8012359229699015,1.9734964432603732,1.0216564113500526,1.1790162193964566,1.2229153129912183,1.3010513569613296
float32,596,row_diagonal_dominant_random,32,2000,2000,0,0.0,1.2937392765827427,1.5867606147600175,1.6931138608630683,1.8585595458202755,1.0483762020747343,1.244330715609604,1.318599606862133,1.4305021207731083,1.2847745492299434,1.5761080273133512,1.6832994692560321,1.845150559470213,0.9362143075354722,1.0647118004759906,1.1061101944767862,1.1907769272123725
float32,597,row_diagonal_dominant_random,32,2000,2000,0,0.0,1.2347795608625565,1.5284691155268715,1.600804454907351,1.762603868525503,0.9910240115123157,1.1777847505760657,1.2376072790319663,1.329966489696206,1.2259489668548342,1.5154127702086755,1.5924286998038302,1.7486323285101337,0.8644693416817695,0.9825766647461627,1.0129858045383873,1.0768750902923643
float32,598,row_diagonal_dominant_random,32,2000,2000,0,0.0,1.1936433472123866,1.4824325765889774,1.5595549735777035,1.6930699717583813,0.9525026765183834,1.1377473070132536,1.193015281987764,1.3119212524056747,1.1873296405800504,1.4697496436402238,1.5536961720398765,1.6772860621619823,0.8295070700989988,0.9349634547244162,0.9738888802714586,1.029368525860918
float32,599,row_diagonal_dominant_random,32,2000,2000,0,0.0,1.199744898518492,1.4759481232201241,1.572043529695463,1.755390543755659,0.9422734979141123,1.1271470279146358,1.1932477740197174,1.3065888081228882,1.1848056772034765,1.4643143072585836,1.5667769076500868,1.7268842881034179,0.808872100468512,0.9162758594517504,0.9486152425271049,1.0126200033468984
float32,600,row_diagonal_dominant_random,32,2000,2000,0,0.0,1.2232994883191184,1.4822410896266007,1.5832448535782253,1.7282396236194046,0.947099298899559,1.135220951867258,1.1913941394286212,1.3109506161778237,1.2035124090049387,1.4623302852662237,1.559939237976761,1.7004559049750048,0.8161645250006943,0.9325230113358951,0.9664042340292138,1.0433051167397331
float32,601,row_diagonal_dominant_random,32,2000,2000,0,0.0,1.2280570189429305,1.505652307446609,1.597504914451262,1.774384305814597,0.946936178753339,1.1397026730385176,1.1958887574156463,1.3496505867699664,1.2067128455964378,1.4859048712694918,1.5728975380784793,1.7521983669216132,0.8234806482778947,0.9392754964414807,0.9792662838923468,1.0652170221035515
float32,602,row_diagonal_dominant_random,32,2000,2000,0,0.0,1.2277437592906184,1.4837793961158132,1.5679467437261554,1.73915406647231,0.947838953676335,1.1213106601256024,1.189857838257169,1.3130636023332452,1.2049882921282606,1.4602679787854227,1.545328860251757,1.7183653969900246,0.8310233550072372,0.9482840334159948,0.9820078013073648,1.0619711431858827
float32,603,row_diagonal_dominant_random,32,2000,2000,0,0.0,1.2278070414891693,1.5050342563972792,1.587606231250855,1.7337395895520726,0.9533777917925348,1.12694543563564,1.19140054426653,1.3147793048978422,1.207720216209204,1.4657355375025838,1.5554006987041964,1.7135037191354479,0.8308148841496845,0.9501014682868483,0.9808959711047649,1.0369146359587564
float32,624,row_diagonal_dominant_stochastic,32,2000,2000,0,0.0,1.1812964096763738,1.5241461493513582,1.6441375547195605,1.946012936932076,1.2807121325608302,1.5510668129810967,1.6385820340618062,1.784516678288427,1.177507817776239,1.5165213614850324,1.6389385287586749,1.935948637875855,1.1657307490193762,1.3464946729013214,1.4017637924713746,1.516334796786592
float32,625,row_diagonal_dominant_stochastic,32,2000,2000,0,0.0,0.8311319672810187,0.9945379849311551,1.043355715126756,1.1275415451142685,1.1111436410306588,1.3482751134044682,1.418629996562286,1.5494344957994681,0.8108464934961552,0.9670944678632233,1.0204283900881714,1.102708044286254,0.9218864906293165,1.0445656902221347,1.0789605464387613,1.151815482685477
float32,626,row_diagonal_dominant_stochastic,32,2000,2000,0,0.0,0.7652845856557352,0.881875358997429,0.9157177102866534,0.9677370599733285,1.0456403052733554,1.2805709344046117,1.3402501136896001,1.507922887295792,0.7280024666296212,0.8370396651244221,0.8670875292805819,0.9303748962957953,0.8048319430609194,0.9014344915094378,0.9340537754989185,0.9907180196069658
float32,627,row_diagonal_dominant_stochastic,32,2000,2000,0,0.0,0.8056135249440517,0.9255668520420518,0.9564965376371157,1.0182369145968442,1.0980889184674487,1.3528316852450122,1.4317865076533647,1.5994326205229517,0.7039486377873481,0.8090703344285461,0.8364361214782854,0.8903829724121417,0.7300852560172124,0.8085139506762774,0.8351125039029447,0.8783834963034289
float32,628,row_diagonal_dominant_stochastic,32,2000,2000,0,0.0,0.8516845285774916,0.9749815480094189,1.0123812766315847,1.088773675203162,1.149495792205089,1.4281327960735544,1.5006342238115642,1.6629421078778406,0.6948718074647011,0.8007695516969906,0.8375849275962975,0.8901185898725681,0.6781054339114168,0.7430177249556905,0.7657653711293266,0.8090148855293415
float32,629,row_diagonal_dominant_stochastic,32,2000,2000,0,0.0,0.8867700104315901,1.022984648786841,1.0642714880283988,1.1468454838645508,1.1823855470631262,1.4902117417612761,1.5833744966936507,1.7917303195821628,0.6356760945448434,0.7266129865654327,0.7549015300106087,0.8106157849363729,0.6348403713858015,0.6973555873568715,0.7159132282360112,0.7512165367691275
float32,630,row_diagonal_dominant_stochastic,32,2000,2000,0,0.0,0.9646160213989665,1.1262735432342552,1.1724886147756721,1.2720231138172529,1.2836737781430343,1.6273830709264003,1.742206363301674,1.962921431678013,0.6286452074174121,0.7202189108626204,0.7447153832615848,0.7914395747581925,0.6306360221115943,0.6894352785711193,0.7115201036693919,0.755687364567543
float32,631,row_diagonal_dominant_stochastic,32,2000,2000,0,0.0,1.0056367261888415,1.1760550253483395,1.219553194835571,1.3241960470253238,1.3393557641506062,1.712188866200874,1.836532250187312,2.0759699942010803,0.6357286780370053,0.7260645803502566,0.7576652796118473,0.7981659686009615,0.6315396421540157,0.6926710663875709,0.7107982430066879,0.7465490450885383
float32,632,row_diagonal_dominant_stochastic,32,2000,2000,0,0.0,1.0607647411335632,1.2585424068964723,1.3216934982104178,1.4350305153592742,1.4139370722366627,1.7947907839248505,1.9363777772911763,2.236439974861589,0.634684199729848,0.7256172783987082,0.752892149668033,0.8032010648339031,0.6289872861457303,0.6894946744227444,0.7077854331860186,0.7462368989857981
float32,633,row_diagonal_dominant_stochastic,32,2000,2000,0,0.0,1.099683578342349,1.299539971719391,1.3577071265923912,1.4638774907228322,1.4488408356141307,1.8821736042563972,2.040959640408566,2.2884763140873727,0.6350458195696846,0.7253822089611469,0.7506289500372602,0.8067526839313011,0.631695456373035,0.6910115311926232,0.710281923156451,0.7524487197127361
float32,634,spd_prescribed_spectrum,32,2000,2000,0,0.0,0.7726645557442922,0.9298388924363027,0.9789427277652595,1.079240373085124,0.461041824947812,0.5575766573309534,0.5921018330555158,0.6697313053737021,0.517053306145013,0.6086056973027171,0.6413969915128602,0.714963798587351,0.3333160122798548,0.4036535383158234,0.42699473495368284,0.4699831902364254
float32,635,spd_prescribed_spectrum,32,2000,2000,0,0.0,0.8401378622890046,1.0533363668665572,1.121108298071055,1.3099815873127687,0.4365262200337068,0.5636813074081753,0.6084549988088654,0.701983738777033,0.3635461888885268,0.4505589348646319,0.4824439035381644,0.553716633402976,0.2301878067105726,0.29995910728470176,0.33160655155940083,0.40410343685279027
float32,636,spd_prescribed_spectrum,32,2000,2000,0,0.0,1.0943117203989248,1.68679994170264,1.8739162947175698,2.4513816152637546,0.556691440305338,0.8350246884410368,0.9646946722395632,1.208649399870305,0.3395112842984021,0.4553034428482215,0.5057042165893006,0.6217201540487461,0.21056172419059616,0.29136116055384764,0.32338161907133356,0.3918932117015684
float32,637,spd_prescribed_spectrum,32,2000,2000,0,0.0,1.4808902961083246,2.243775883047472,2.6007385454147562,3.2872567652775073,0.7635190246548775,1.1615590074072755,1.2979373551939946,1.7748690626854067,0.33627338108095406,0.4603906719617079,0.5182637661625773,0.6501163109827413,0.21370644828224145,0.30773925843716154,0.3409657470361008,0.4265150604600807
float32,638,spd_prescribed_spectrum,32,2000,2000,0,0.0,1.5517792821807752,2.4814642289844926,2.814595977900206,3.519356115005178,0.8093846422107904,1.313198813126787,1.4967091311542273,1.8920618749435751,0.3183306614238912,0.4442535630285102,0.4973397104046446,0.6050655205391331,0.20649941563582125,0.3045436279735094,0.34669313929183354,0.4416503784530647
float32,639,spd_prescribed_spectrum,32,2000,2000,0,0.0,1.5700881225183532,2.5538837680615507,2.9511213692730154,3.969043761027386,0.8121503406291403,1.3542648180910617,1.5725484782422252,2.117747708375403,0.2990458037529515,0.41410812132568775,0.45758232748396255,0.5595857068282862,0.19420166855838614,0.2921678818689523,0.33639617548904127,0.4383878650624677
float32,640,spd_prescribed_spectrum,32,2000,2000,0,0.0,1.5556364751555978,2.605146198814843,3.0638125799151945,4.124398384089371,0.8298790620669915,1.4013195313639402,1.671034324722962,2.3505701283185263,0.28627744048708026,0.40083918816921743,0.44812371921917754,0.5699065019850319,0.18621187843152118,0.28629795763393395,0.3326958299438191,0.44778031130296003
float32,641,spd_prescribed_spectrum,32,2000,2000,0,0.0,1.5683464497740953,2.8133628269656135,3.4052819885259398,4.515466880653125,0.830333611630589,1.531031337660447,1.8609992005441516,2.543409000092315,0.2745984018607329,0.390867192196561,0.4424471864988138,0.5558427709363614,0.17991879839991087,0.277200052204168,0.32223770187469686,0.4269321262695515
float32,645,random_conditioned,45,2000,2000,0,0.0,3.1927881270695786,4.008407281819933,4.259989526405876,5.071264533439295,0.956352314747388,1.1846562911717258,1.2791501117686572,1.4056795609374224,1.3376117948858153,1.6948497969380836,1.817574839660331,2.094425075044781,0.46538403768169023,0.6119378291456785,0.6660063673760046,0.7680252036380241
float32,646,random_conditioned,45,2000,2000,0,0.0,4.79764152331709,5.853484559886684,6.210026409156729,7.071988536849485,0.9265908428790504,1.2864833093916481,1.4311057320834284,1.7826486379581166,3.7926738318619266,4.7528284485975965,5.148954049282192,5.899439439945319,0.9241102450256549,1.171378897010816,1.2603820882352559,1.4589146986245307
float32,647,random_conditioned,45,2000,2000,0,0.0,8.157343210235535,9.795843917328893,10.275501679737447,11.852453557610193,1.202147896736928,1.4572929394549397,1.531558306187511,1.6954872363158522,3.537372507174515,4.542938277948948,4.874055707717655,5.602155386356866,0.5520786542586487,0.7125965485877079,0.7793209006117474,0.933249892495907
float32,648,random_conditioned,45,2000,2000,0,0.0,2.3293807809519382,3.134427534469754,3.4522456578204723,4.078221568297649,0.9069396215962722,1.2393261026982998,1.371153578814894,1.6707602662526815,0.5846059762042466,0.7888703690254172,0.8764635834137307,1.0385940378556553,0.2939866552392336,0.40399158681152636,0.45204961834168284,0.5620980745752362
float32,649,random_conditioned,45,2000,2000,0,0.0,4.797769060923085,5.794065923084873,6.113690715204003,6.801130554425344,0.9168988725845446,1.2776734089908053,1.4059570630066371,1.6458736451731784,3.803274144156217,4.7245641718655405,5.061016044744108,5.800841327280782,0.9229573324684361,1.1805313463323674,1.2578799981729596,1.4754060082298222
float32,650,random_conditioned,45,2000,2000,0,0.0,10.38665320069579,15.14659257676642,16.993218509066484,23.072243023661628,1.5183899053225811,2.16936959319998,2.45493363118869,3.289095138034446,3.373363640178569,4.33677016910328,4.680594924109129,5.497219698120711,0.5315906167603799,0.6938667799246999,0.7479853347577693,0.890671055759411
float32,651,random_conditioned,45,2000,2000,0,0.0,2.1107749253115715,3.0501236072579716,3.4050878898326493,4.216563020195325,0.9176865817619657,1.3689776620304903,1.5446867900622034,1.9244892597394365,0.4047924446169778,0.5460123730915417,0.6140737150358837,0.7359503296894221,0.23178803861260303,0.3431985534001269,0.38631150671455106,0.49128782804579463
float32,652,random_conditioned,45,2000,2000,0,0.0,4.8369794023106305,5.929129189759628,6.288205619846221,6.982383194041083,0.942295199385603,1.2944781203293076,1.4023115847030092,1.7356484799003977,3.8498801973458,4.808587640034003,5.13787178229244,5.859130901858448,0.9287359833259903,1.1912990279202205,1.2872774493815538,1.5041417532203396
float32,653,random_conditioned,45,2000,2000,0,0.0,11.429382446560824,31.5902865242888,46.41560572192887,86.79857571351032,1.6879441938230522,4.339683613474267,6.394891467643296,12.140513002555519,3.3375661030305173,4.289516277619284,4.623603016539176,5.5816540289613545,0.5264639811583687,0.6885488163121807,0.7519278490164225,0.8953959405420852
float32,654,random_conditioned,45,2000,2000,0,0.0,1.9611369084776207,3.1674962541964686,3.598967022493528,4.452075700014394,0.9244949403256257,1.4714662767388773,1.6780975429344176,2.1809223491055865,0.3256606693311417,0.44760284932755406,0.501667075971992,0.5962493174548608,0.19730895504103158,0.30493855977008816,0.33953669373902723,0.4494407646652317
float32,655,random_conditioned,45,2000,1951,49,0.0245,4.7620701059304755,5.915765708947256,6.223820561563813,6.859588981222169,0.9223768405907496,1.3023745912757698,1.4338916879358763,1.7259754942664913,3.802327942551757,4.78955602944547,5.1616752418964555,5.776017000669357,0.9308392168735827,1.175226618751893,1.2974631095424551,1.500119542389088
float32,656,random_conditioned,45,2000,2000,0,0.0,4.756762356873945,14.406846060946826,25.893896289324005,99.95881064824857,1.1799649172926392,3.5723376266595213,6.7379486871603795,23.09753310482817,1.0419112313031405,1.4214682280345332,1.5507953381526136,1.90260325657395,0.4027401939769182,0.565881393594005,0.6264199224689887,0.7876181006213098
float32,657,random_conditioned,45,2000,2000,0,0.0,1.7003060517848623,3.0635747369626785,3.498974379617684,4.621040363865084,0.8123228975826353,1.4591885418792203,1.7089742127687282,2.3472520148075953,0.25210799826412356,0.3703125310362935,0.41191204005840615,0.5158432346084796,0.16859978231285327,0.2705443431133874,0.31142496761523175,0.4089073105106793
float32,658,random_conditioned,45,2000,1944,56,0.028,4.788583280144023,5.891966675557628,6.215843087865119,6.797005942013133,0.9228103010366513,1.2927117733164808,1.4186985012196485,1.7801734544717098,3.787168176394106,4.753366829062288,5.098962045014063,6.105552895171063,0.9243376801861733,1.1755409580906553,1.2902964853050798,1.4971358483034674
float32,659,random_conditioned,45,2000,2000,0,0.0,4.6613968008989435,10.876119040386042,16.919347639847555,51.292261756555334,1.156614527219415,2.7245653276902226,4.104911296057503,13.683413189368055,1.019772255951246,1.418624529987096,1.6055757811178175,1.9364816737893227,0.3955463635463191,0.559930473051214,0.6214101227860229,0.7828630039401584
float32,660,random_conditioned,45,2000,2000,0,0.0,1.511539378276911,2.875153965198305,3.4158394270030294,5.2389057801291505,0.7064096734142193,1.3611323044876362,1.6196030451350152,2.3288968232363483,0.2187532650189049,0.33756947241499957,0.37786624907364824,0.4816538940839782,0.1466078896614516,0.2441493764404287,0.2789676633267822,0.37208318333493895
float32,661,random_conditioned,45,2000,1951,49,0.0245,4.788223920347315,5.8424382363893415,6.213356779067599,6.870332563974294,0.9274577105558811,1.2897073302957203,1.4255559194614476,1.7459829683856494,3.8190555058006304,4.780494385057291,5.061839571736001,5.700300406809921,0.9215382072001584,1.1857817396295642,1.2952594791275045,1.4982248889822931
float32,662,random_conditioned,45,2000,2000,0,0.0,4.089152179975275,8.307187124146516,14.973169027037287,69.79181936198364,1.015284720306827,2.0779290225126474,3.4579749691766355,16.33310861641477,1.0271285044313216,1.4258662117960563,1.5752272078332805,1.8363413745810107,0.3962181058773746,0.5569194386639716,0.6097769172566325,0.7710222462120001
float32,663,random_conditioned,45,2000,2000,0,0.0,1.5037806135751832,2.917415669465966,3.5537587838785325,5.216123941334062,0.6910731253151382,1.378477379101283,1.6855757711184736,2.3778061340592758,0.20090752436196085,0.32481044343551263,0.3699782828615584,0.45938675860997175,0.13584251799683864,0.23229260917906047,0.27667862478664795,0.3456031648766482
float32,664,random_conditioned,45,2000,1947,53,0.0265,4.781077291484741,5.850935426579851,6.223715396865694,7.059853505044568,0.9195102365189634,1.2839916640785272,1.4423737135932901,1.7808333111131742,3.7620123011714317,4.770776401834699,5.119645193327392,5.779248687476503,0.9211214595182198,1.1894269197737117,1.2853859380159827,1.4893668612305706
float32,665,random_conditioned,45,2000,2000,0,0.0,3.68011227608302,8.58662802451202,14.292165859428147,66.47638518496956,0.9126225235894511,2.027074386463964,3.4423075149988125,16.49476371596421,1.030256567237235,1.4169508473431782,1.5881027533382035,1.844052376936316,0.3977408722493503,0.5568980724942466,0.6060144146931569,0.7394514150219732
float32,666,random_conditioned,45,2000,2000,0,0.0,25.54202164095652,31.485575204449365,33.79904739144206,38.090226753651635,1.8783009691362085,2.2233872204758236,2.369220478910133,2.6527198371102294,25.421730830245078,31.525519789240448,33.84574028574208,38.090262631774365,2.175326172400763,2.7996997589384636,3.002727719762194,3.6003543100928694
float32,676,vandermonde,45,2000,2000,0,0.0,218.64313872045184,738.8827351238164,1005.5451698335157,1614.3483216572831,86.47417225215699,272.54357465365956,356.8759794597676,612.819366653219,0.7747465784025231,1.4438778564155799,1.681916541934324,2.222092965750823,0.3449003511677139,0.7002821893591413,0.8463744450292371,1.172044758457116
float32,677,vandermonde,45,2000,2000,0,0.0,454.96352435294534,1296.945994215161,1666.7141080389174,2563.344561605585,130.55562434291983,378.20908587019926,502.1162892960071,839.0775656115375,1.1296320559343496,2.045947465543207,2.340544949788482,3.0024462783556713,0.3508980720234598,0.6854774594616336,0.809028889603415,1.1008466853342753
float32,711,scaled_adversarial,45,2000,2000,0,0.0,3.2080559316465997e-06,2.3622119850307615e-05,4.179246390873145e-05,0.00011708308267864181,3.351365702697248e-06,2.3622143695665103e-05,4.170876405504888e-05,0.00011703180567057017,0.00030231390959289495,0.014022683252374246,0.033441267004053525,0.11907550816371694,0.00029854127403807363,0.013908633867712577,0.03238612253560392,0.11853485226824466
float32,712,scaled_adversarial,45,2000,2000,0,0.0,1.221332882572795e-09,5.277945745369547e-08,1.5412197923850795e-07,9.536900310993733e-07,1.2164288292888262e-09,5.069825379169958e-08,1.5546711789266505e-07,9.32341344965646e-07,1.1674445536540374e-07,2.0076764699515572e-05,7.734115828678502e-05,0.0006422600437186186,1.1822446877029498e-07,2.0076358915943748e-05,7.518486469124446e-05,0.0006309734851619912
float32,713,scaled_adversarial,45,2000,2000,0,0.0,1.6898848891106418e-16,1.0928200107727213e-13,9.769811746962947e-13,3.734357908768253e-11,1.6898848869967268e-16,1.0886075862059635e-13,9.474396735331938e-13,3.734335043594624e-11,1.0459010171327238e-14,1.8910989730241095e-11,1.2885554359669984e-10,6.501736803822841e-09,1.0100679287429309e-14,1.8180048137267647e-11,1.2985968921430606e-10,6.501714182973308e-09
float32,714,scaled_adversarial,45,2000,2000,0,0.0,1.6282309079719627e-23,1.9544198401798921e-19,2.4673400378599094e-18,6.3782326283531675e-16,1.634147285331265e-23,1.9511416860339677e-19,2.4357250231922627e-18,6.375754795381745e-16,5.121559422607623e-22,6.4136204194204704e-18,1.3034948577036129e-16,2.6554358122808704e-14,5.094560978722362e-22,6.7320674496033424e-18,1.3035004438405213e-16,2.6554134679695832e-14
float32,715,scaled_adversarial,45,2000,2000,0,0.0,2.2236892520347417e-07,1.2454875572871415e-06,2.127363092119185e-06,5.810851144930092e-06,2.2826164847419456e-07,1.2737188285404702e-06,2.1660160797888173e-06,5.562661872334705e-06,2.2346150210683646e-07,1.2649757877890827e-06,2.143696190682615e-06,5.569991925380418e-06,2.2830763707170644e-07,1.2732312172357454e-06,2.1659858683653788e-06,5.562661936701453e-06
float32,716,scaled_adversarial,45,2000,2000,0,0.0,2.351616891368785e-13,8.146625731167378e-12,2.4523752108790837e-11,2.65364036621041e-10,2.4711395217853706e-13,8.871909319021486e-12,2.5766262756831734e-11,2.525197163395017e-10,1.9694506377969855e-12,3.009020768270789e-06,0.00019051414784755494,0.04537571918700166,2.0574839523051622e-12,3.008920672968244e-06,0.00019051414386644003,0.045356009489673894
float32,717,scaled_adversarial,45,2000,2000,0,0.0,3.343547218028429e-20,7.173202671148308e-17,5.38784341879894e-16,9.175809210349875e-14,3.3459212643857875e-20,7.173894833070088e-17,5.38784298329184e-16,9.175783750199555e-14,7.584649634932656e-16,8.969664922455104e-10,2.6769042298771324e-08,5.646893372410796e-06,7.584642439309778e-16,8.9696646528848e-10,2.676903545678259e-08,5.646892793050805e-06
float32,718,scaled_adversarial,45,2000,2000,0,0.0,8.940672392708673e-27,4.330884701424532e-22,1.1262097988509674e-20,5.7919558911537115e-18,8.843831872864118e-27,4.873613021100276e-22,1.126209798850961e-20,4.821224702494903e-18,7.573953839547657e-23,7.479167259187078e-16,4.478336175624061e-14,5.880520288404665e-11,7.573953839506644e-23,7.463869745722649e-16,4.44547401249844e-14,5.880520287199465e-11
float32,719,scaled_adversarial,45,2000,2000,0,0.0,2.2811771245164053e-07,1.317038405763014e-06,2.1892329479422017e-06,5.964072281943666e-06,2.32947267672748e-07,1.3444548204504443e-06,2.282112925020369e-06,6.007701590184705e-06,2.2754786579356665e-07,1.3235716079574646e-06,2.2405365480491025e-06,5.913542781357148e-06,2.3294726779693165e-07,1.344454789436324e-06,2.2821129250205244e-06,6.007701650231768e-06
float32,720,scaled_adversarial,45,2000,2000,0,0.0,6.585429818194451e-14,1.825653583202702e-12,5.907034775500308e-12,3.4608992354519416e-11,6.707485961995836e-14,1.888898262173429e-12,6.144541372880695e-12,3.6097519703672504e-11,6.517019613987698e-14,1.8116198347885496e-12,5.961564925604608e-12,3.5733759119400304e-11,6.707485974301796e-14,1.8888981303690285e-12,6.14454138573885e-12,3.609751965085559e-11
float32,721,scaled_adversarial,45,2000,2000,0,0.0,4.942217658057286e-24,5.97943841034871e-21,3.887149648383854e-20,3.749477399647547e-18,5.069343628056401e-24,6.06172917046586e-21,3.887669331370679e-20,3.699425162731613e-18,3.564315875173041e-21,3.454220315034467e-10,2.3314206519362896e-07,0.0012724459814299597,3.5643759441543305e-21,3.4538125239204166e-10,2.3314206519311865e-07,0.001270532390706694
float32,722,scaled_adversarial,45,2000,2000,0,0.0,1.2178257186573533e-30,1.3066662960800611e-25,2.714314371642588e-24,1.2750881660730252e-21,1.2178303619995666e-30,1.3067558913029388e-25,2.7143143716396378e-24,1.2750881655390231e-21,2.804754224027849e-25,1.597907182572167e-14,5.84526207366012e-12,1.1809229461047916e-08,2.7969129537462118e-25,1.5979071820662115e-14,5.723283952440729e-12,1.180812295743302e-08
float32,723,row_diagonal_dominant_random,45,2000,2000,0,0.0,1.7082919394754064,2.0877700096123637,2.216937012722862,2.4696709831505124,1.4450134136882657,1.7085914773695179,1.7907741045558914,1.9816738907429003,1.7029703253091377,2.084274574947832,2.2142320088250402,2.4663325199608024,1.3431057049690844,1.5550097735062178,1.6186109382001541,1.7288865833090306
float32,724,row_diagonal_dominant_random,45,2000,2000,0,0.0,1.5903946572070362,1.979335896486738,2.084561623729486,2.3007998902217466,1.2774404304824318,1.5347721406879076,1.602825960814767,1.7461558248869693,1.5872009534372145,1.9759900949046816,2.0791691947789714,2.2837206160516996,1.1480651379034819,1.3133926804192828,1.3707477942104673,1.4883182925171121
float32,725,row_diagonal_dominant_random,45,2000,2000,0,0.0,1.5480555472235844,1.8871268351912467,2.026757482797708,2.244199189120899,1.204124194377048,1.4266927525036035,1.5093110174192834,1.657329628456611,1.5402513719511273,1.8741570440217177,2.0176552710469555,2.229310488109982,1.064600569010743,1.2025415906646604,1.24609801288864,1.3281952798825953
float32,726,row_diagonal_dominant_random,45,2000,2000,0,0.0,1.5088893243022994,1.8481134953345053,1.985318035698282,2.2174826048012437,1.1474220102021726,1.354450774466502,1.4407165977672032,1.6103774965409574,1.5024677592364588,1.8422203370839905,1.9682635541239957,2.190085196305136,0.9860959998086072,1.1177680072940723,1.163150223625763,1.239352729171264
float32,727,row_diagonal_dominant_random,45,2000,2000,0,0.0,1.4754200866642344,1.814072393959384,1.927050793666178,2.1317092013265495,1.108990908571438,1.3183670155255505,1.3901085274416396,1.5086454455630647,1.4657464767517974,1.8060961783867393,1.9176292523222962,2.1302599620530294,0.9451975489980049,1.0617993980339577,1.1024818001608698,1.1646542860091131
float32,728,row_diagonal_dominant_random,45,2000,2000,0,0.0,1.4783893698291024,1.7931709916626255,1.920272837677207,2.1584168877301826,1.0945117115837708,1.3006140741201375,1.3734333329160466,1.531058762885177,1.4654975284892877,1.7870329703749737,1.9131514731908879,2.141150355460994,0.9260782478858874,1.0446287639966456,1.079354152741657,1.1619910532233313
float32,729,row_diagonal_dominant_random,45,2000,2000,0,0.0,1.461136143139404,1.7858978709625681,1.904105678244792,2.1286049489787318,1.0919756286723916,1.2866452759559603,1.3559536131833214,1.503250510863412,1.4559975928706175,1.7799432270643796,1.8878736977807635,2.10864562330507,0.920722919929648,1.0402224165533185,1.0748169087311896,1.1394161371302325
float32,730,row_diagonal_dominant_random,45,2000,2000,0,0.0,1.4857201582669939,1.8114857539084488,1.9353948174591984,2.142106987484583,1.095292558099273,1.2919878611182958,1.3615133145536118,1.5038423702148858,1.4739796228755748,1.7888806352715598,1.914672136059083,2.1212554309049296,0.9317412480180598,1.0539614751929163,1.0918755181153321,1.1681022402336148
float32,731,row_diagonal_dominant_random,45,2000,2000,0,0.0,1.4805159376518469,1.8174669007710218,1.9214530072225384,2.1287400933114364,1.089729335691725,1.304256910031814,1.364695001565436,1.5134527229094015,1.465484183852145,1.8023797756965418,1.9101632124462886,2.127713086849997,0.9399046873304742,1.0562866135077256,1.0971963220676293,1.1842309082899485
float32,732,row_diagonal_dominant_random,45,2000,2000,0,0.0,1.4598320735618193,1.794254537951457,1.908645311029976,2.123497097963529,1.0743078808223483,1.2746847267252772,1.3482985128791682,1.500456606416012,1.4455784264792229,1.7856692975989963,1.8974864179695448,2.1118374123919352,0.9322696888064737,1.054113415567048,1.0964363723264519,1.1721664366546096
float32,753,row_diagonal_dominant_stochastic,45,2000,2000,0,0.0,1.2517993984551437,1.5564395006051994,1.6498260474392148,1.8575093094539166,1.4192840443999837,1.706772681583441,1.784805623975266,1.9798165895151714,1.2481089890100736,1.5513227740187694,1.6491798407919074,1.853745048006183,1.286809809484713,1.4791422753040675,1.5273312529288956,1.6383179522772544
float32,754,row_diagonal_dominant_stochastic,45,2000,2000,0,0.0,0.9268240076818232,1.1027675662736642,1.1557686606297568,1.2819220097170445,1.2658902659960103,1.5260521857919158,1.6021179181769138,1.8111507509625042,0.9124364634418786,1.0829957319677856,1.1379625666128954,1.260102849282034,1.0338451670841189,1.163886102021939,1.1990482884809028,1.2866517068511931
float32,755,row_diagonal_dominant_stochastic,45,2000,2000,0,0.0,0.8489788167638302,0.9639472252523913,0.999701745065568,1.0793179464751164,1.1951743877537622,1.4522580787056945,1.526136628244877,1.682580205406974,0.8078892733594414,0.9205699987805982,0.9557932475042006,1.0393577549729462,0.905204307470012,1.0028341429851875,1.0386431155579607,1.0933329413614619
float32,756,row_diagonal_dominant_stochastic,45,2000,2000,0,0.0,0.8511158246619572,0.963734239174449,0.9966139556179135,1.0638504720102233,1.2054839616340765,1.4537813119389102,1.5507643750536573,1.7616663116548716,0.774126791124208,0.8773480538719334,0.9038346424523517,0.9579931946899193,0.7855664831494106,0.8595339754440365,0.8800120926619323,0.9223908395369482
float32,757,row_diagonal_dominant_stochastic,45,2000,2000,0,0.0,0.900797875869007,1.0170899418741775,1.0528621526145012,1.1120712136838107,1.236395373569493,1.5074359768761256,1.604658425899494,1.8125203383230293,0.756909332768205,0.8562850977576427,0.8826468940518877,0.937077616092791,0.737687241311455,0.7979595963407148,0.8205652980943766,0.857909397323234
float32,758,row_diagonal_dominant_stochastic,45,2000,2000,0,0.0,0.9620063436204904,1.0981781578406014,1.1349892421898446,1.209230338846787,1.3203873077398294,1.6258253239384408,1.7215147411577096,1.9546658550060045,0.716357553579666,0.8051682666516691,0.8288022908434785,0.8757715164329972,0.7057093704453665,0.7614970177704782,0.7772338975466138,0.8128657828872023
float32,759,row_diagonal_dominant_stochastic,45,2000,2000,0,0.0,1.0393909570736448,1.1856577210397123,1.2258798775646427,1.321233059458916,1.4224843338081206,1.7854803977359694,1.8851455234620689,2.1273196311096836,0.697006898464509,0.7824995171494671,0.8074674700192342,0.8546595822132095,0.707374352657239,0.7597973570048455,0.7763816074695461,0.8092116095816997
float32,760,row_diagonal_dominant_stochastic,45,2000,2000,0,0.0,1.0866624988059739,1.2361140120488838,1.2778226834947932,1.3539936072603125,1.4710742165484374,1.8173017736993524,1.9225146062980842,2.2741046326263485,0.677684593818019,0.7613097128255206,0.7850702781227825,0.8267222114726367,0.7054058403501593,0.7584650116789973,0.7772916659138395,0.8128415243470984
float32,761,row_diagonal_dominant_stochastic,45,2000,2000,0,0.0,1.1167963416719693,1.285688868235058,1.336787178362547,1.43143869033971,1.5208459232581566,1.912808474937905,2.0615054811025963,2.338235932777633,0.6752861160144299,0.7556350112579223,0.7815291786802566,0.8276490566925836,0.7150004723806077,0.7688620170618042,0.7865544174153407,0.8258583947220186
float32,762,row_diagonal_dominant_stochastic,45,2000,2000,0,0.0,1.1481915284476154,1.3218297107740558,1.3758476533124073,1.4761809866897557,1.5647231391642806,1.945799422600545,2.0816846127224546,2.3502065892443738,0.6759815568893496,0.7561495415516347,0.7815337367373214,0.8308334647225416,0.7162852101180093,0.7683548350532955,0.7859777389139998,0.8267647082406346
float32,763,spd_prescribed_spectrum,45,2000,2000,0,0.0,0.8905633632779139,1.029836727009343,1.0801484890858108,1.1763950765138256,0.48301984491881256,0.573998591834243,0.605410282536119,0.6762603273926534,0.5794503063443177,0.6685568871657932,0.7036988921545464,0.7902797274660248,0.345780031044368,0.4130714308716933,0.4366166234870178,0.49791213908029114
float32,764,spd_prescribed_spectrum,45,2000,2000,0,0.0,1.0047399915346322,1.213996468588052,1.291173605792154,1.450349173683089,0.46641121187770374,0.5703085793440014,0.6117648741246311,0.7243479950697742,0.42021643937989883,0.5031022169282909,0.5340667942390727,0.6055629255748526,0.2454430074529242,0.3144752536596849,0.34192780415717217,0.41510799551647487
float32,765,spd_prescribed_spectrum,45,2000,2000,0,0.0,1.1628428756725273,1.598258281407917,1.7684985699410043,2.241368023041895,0.5334497545143934,0.7223524660202835,0.8130125171086038,1.0431153125391401,0.36917089663267194,0.4553749980549532,0.49089316954477075,0.5761140638141643,0.2133178119212784,0.27575741965784234,0.3044168652733252,0.3677115944182214
float32,766,spd_prescribed_spectrum,45,2000,2000,0,0.0,1.7948645287699934,2.5314170659531356,2.842256636276079,3.5167422075041292,0.815606222166974,1.1625802819512332,1.3074454258820079,1.6370536051300992,0.36695859914197365,0.49390419677410824,0.5582798273780933,0.6891308038837026,0.21327396204163984,0.2968009488824471,0.329560606515607,0.41533071222931445
float32,767,spd_prescribed_spectrum,45,2000,2000,0,0.0,2.0095160400513867,2.8338652398162143,3.14124503079645,3.823407485718307,0.9382584640287831,1.350491299663108,1.5022956490240016,1.7987081923714623,0.3567519881597945,0.47973506511249425,0.5311879406215938,0.6510723345191587,0.2148600145393216,0.2972462756625575,0.33429202406948083,0.42169231134467544
float32,768,spd_prescribed_spectrum,45,2000,2000,0,0.0,2.0118072937446145,2.9315451801063745,3.333161824264551,4.301107605653906,0.9549550894970879,1.428950708806074,1.5992308836785016,2.030581796095101,0.3470437605425346,0.46618077901463745,0.50954889368489,0.6169304587050037,0.21091752155576826,0.3046430996560988,0.34312743500931403,0.4299311942828205
float32,769,spd_prescribed_spectrum,45,2000,2000,0,0.0,2.011859065182268,3.0293984252029964,3.423512056280356,4.5288259959258035,0.9745143118590192,1.5141971162393526,1.7012694587856199,2.265351349305804,0.32954058003208564,0.4404883322471654,0.4996418754899572,0.628740967794218,0.20689765365800566,0.30542225885086144,0.3460817461159813,0.4480388258498061
float32,770,spd_prescribed_spectrum,45,2000,2000,0,0.0,1.9263218048999722,3.136311840495748,3.6104278603349202,4.697234341702641,0.9366230295692495,1.5505921679661576,1.7899973955746267,2.3033456408069735,0.3112794763628986,0.4323765380731946,0.48627725606783084,0.6136304890653094,0.19757981720747053,0.3000222154262425,0.3545608530526166,0.44949814187818843
float32,774,random_conditioned,64,2000,2000,0,0.0,4.607196980491215,5.6896233319578915,6.061464276024578,6.870513777594883,1.1460893589061905,1.3714425161243005,1.4565474935807547,1.6231862174873526,1.734318003724717,2.171949342152241,2.3155658277860995,2.668154567531703,0.4873482085636792,0.6119337273883145,0.6537280278637486,0.7604710650827562
float32,775,random_conditioned,64,2000,2000,0,0.0,6.5361542064230695,7.752151112827133,8.046810359357975,8.697465360356947,1.080376373028245,1.472109932739764,1.6105105708046539,1.8973992590266626,5.0584409760605595,6.197850221375082,6.634876053516462,7.394978179978339,1.0693869518199741,1.3452855247428512,1.4463083582231917,1.644207713747665
float32,776,random_conditioned,64,2000,2000,0,0.0,12.02668281388262,14.242382444493582,15.046136295689228,16.90548155213073,1.40641771696332,1.6529868501931733,1.743014078611768,1.9102909035554805,4.537198877033642,5.718227172999226,6.094802603866505,7.126319461943617,0.5468413822089955,0.6842769244055108,0.7331962620019095,0.8532115070336415
float32,777,random_conditioned,64,2000,2000,0,0.0,3.1790420643343795,4.052527957436984,4.304163041415318,4.853575320272503,1.0692886547255729,1.3627431731435053,1.4672696424280391,1.6790526829888646,0.5963340502138786,0.7623248563702321,0.8128106222909643,0.9586534121596814,0.25929000109348155,0.3315346247282362,0.36139902824276887,0.4207563211165279
float32,778,random_conditioned,64,2000,2000,0,0.0,6.612274944490434,7.831918823682186,8.171648355919158,9.048323540799064,1.0834220091386033,1.4937878010498862,1.6219691078138827,1.9042980020699922,5.091944089439274,6.212943426126302,6.621571657852432,7.339394023780141,1.0675610970661278,1.32321601010528,1.428379866979646,1.6291718881557475
float32,779,random_conditioned,64,2000,2000,0,0.0,14.112372084100599,18.14598649354064,20.163523210740305,24.79617909608808,1.6862538234532671,2.178638943230251,2.3624473016591514,2.8710134937229577,4.125544232052301,5.185372528957744,5.593395813620727,6.587011232654104,0.4965582311832927,0.6289883454746943,0.6779805783921181,0.8101370380398362
float32,780,random_conditioned,64,2000,2000,0,0.0,2.765876002432851,3.7524934061586444,4.095556994732392,4.850718767263829,1.0648602322375735,1.4535365626033367,1.5820384062878974,1.9072772100580475,0.3987094333760859,0.490834170390985,0.5287843575105104,0.6018336484130352,0.1994605400628519,0.25725641524980897,0.2808209571499116,0.33426813770723923
float32,781,random_conditioned,64,2000,2000,0,0.0,6.603004323760041,7.80876073198002,8.173563816714266,9.124327518869032,1.0758079903568931,1.49408145890039,1.6600136343735636,1.9871735664801824,5.085856436292614,6.273736856253673,6.668170579685045,7.589442898801901,1.0590613039893548,1.3444817661720687,1.4476769218826646,1.6694122408025351
float32,782,random_conditioned,64,2000,2000,0,0.0,15.910321430885219,43.13430444479751,58.51592541871667,101.31976398230775,1.9352414179337751,4.5314126133849895,6.450197917703611,11.210613196401171,4.052606344760852,5.172237824084784,5.578582075332591,6.512478199528029,0.4981666990962169,0.615159876295268,0.6654120403773147,0.7804711706097773
float32,783,random_conditioned,64,2000,2000,0,0.0,2.5145314979475186,3.670572115701048,4.039959507560486,4.886691011396106,1.052499830442764,1.5476373480103287,1.7225150123059618,2.107484829011493,0.321027084000753,0.39061902456479985,0.42003320140115363,0.4797627961718739,0.16988545456218457,0.22317927539970117,0.24299676976021706,0.291121195659964
float32,784,random_conditioned,64,2000,1979,21,0.0105,6.598918100142788,7.821417174123548,8.20489223564886,9.075756468512752,1.0836193436602097,1.4676109280468972,1.6092609886431002,1.9721032375769036,5.090733798603151,6.173771964100098,6.598596615587957,7.347968663686506,1.0677678910974144,1.355161697224704,1.4503624143677925,1.6535025021115266
float32,785,random_conditioned,64,2000,2000,0,0.0,6.112700029261106,18.018598258268213,32.27155637251393,106.79462592548077,1.3260030516181796,3.695716582637948,6.448028891774932,22.91632310594475,1.0729550403194148,1.4212889955919223,1.5545154217201511,1.8822538658729289,0.3734622034003205,0.4999189101809052,0.5553014325467193,0.6663396948087916
float32,786,random_conditioned,64,2000,2000,0,0.0,1.9701464540575222,3.177455610576134,3.568992426147097,4.4460772810543725,0.8669321281698521,1.4216628530844142,1.631966684561527,2.1418826868665897,0.22904379415883652,0.2870862303741371,0.30785182071500633,0.36699562666478336,0.1383439401442325,0.19062298745607897,0.2126430229345233,0.2673327769374587
float32,787,random_conditioned,64,2000,1972,28,0.014,6.579814718824688,7.863208004861791,8.22682045317133,9.231258820056464,1.0768364409304907,1.4784241073911477,1.6504035379142545,1.9771447530089716,5.111756385233347,6.228388830170455,6.650015883487957,7.427587751325622,1.0731322821105642,1.3476231218546764,1.447858846813183,1.6127320440739388
float32,788,random_conditioned,64,2000,2000,0,0.0,5.918451049457808,12.59056682287528,19.69670579702565,83.71562974113576,1.2823026915494538,2.7053389235977083,4.264837006946664,15.920887532819636,1.0682932096862943,1.3875670615318514,1.5093740801876618,1.8189762398179903,0.37023846995204,0.4947520992657319,0.5399847948741002,0.6485239402895525
float32,789,random_conditioned,64,2000,2000,0,0.0,1.825725904385314,3.0760613537939374,3.5750591932577573,4.689619820656794,0.8041393658300475,1.4085650449851528,1.6075990584264466,2.1119394816683172,0.18672077006681997,0.24134884156832306,0.26362510913213566,0.3146176470822478,0.11992779292717923,0.1706790198231904,0.19111717099063752,0.24862720661961532
float32,790,random_conditioned,64,2000,1978,22,0.011,6.543288710914833,7.763892076958981,8.177659259530586,9.05149677182602,1.0788305019913558,1.4662226632529711,1.6071274843907943,1.8859658749638477,5.125749523213797,6.208120352283057,6.612411029282857,7.381026924081979,1.068722115604407,1.3521793847031096,1.442752847197802,1.6334904024595465
float32,791,random_conditioned,64,2000,2000,0,0.0,5.246754170257853,10.611059365586284,18.046771233381346,81.63141468492967,1.1293910283070654,2.30862251776763,3.7273713408514486,17.93286971444301,1.0602781083310138,1.4091015853282596,1.5482777286915126,1.8594370525482757,0.3681968139186231,0.500134786471795,0.5485053735769825,0.6655058511687781
float32,792,random_conditioned,64,2000,2000,0,0.0,1.6945647468287537,2.9151909218886036,3.3903815201203615,4.531151578741218,0.7322765138822054,1.2716515141696771,1.517485271113952,2.023755456468116,0.16246331589720422,0.2221924490866523,0.24413388345400516,0.3008937735531268,0.10646416862458379,0.15875115984181773,0.17797760132346954,0.2239066101001532
float32,793,random_conditioned,64,2000,1976,24,0.012,6.576782688124544,7.679462680489266,8.033246417557448,8.934961600004186,1.0791165859890248,1.4628116032124463,1.6039656989864448,1.8797491863129632,5.047184826964211,6.2461407488705705,6.675246503582837,7.415651399315039,1.0644016870752186,1.3397940526304377,1.4288345753026594,1.6250527597694382
float32,794,random_conditioned,64,2000,2000,0,0.0,4.651728879486165,9.299183780874298,15.420063912218339,56.29659848979764,1.0072190215220451,1.8807228325342327,3.109961699524565,12.398796005511201,1.0524245126048042,1.398582603548332,1.5223236922439505,1.8590288673363657,0.3648064266400253,0.4921742980455972,0.5383385804178342,0.6348297581335132
float32,795,random_conditioned,64,2000,2000,0,0.0,39.96881644848962,49.1191123215913,52.36028151601047,60.05633009875911,2.2430722991271494,2.6173015178954846,2.746786442179729,3.070698308296855,40.02798074001509,49.14176654759143,52.58720001116206,60.05360232285961,2.455499284440369,3.1091562496719245,3.3497915122499715,3.955947957220579
float32,805,vandermonde,64,2000,2000,0,0.0,1271.2135638123068,4497.356065043971,5750.649820990286,8348.293377525466,457.63452270686815,1454.8219307612762,1902.2822745417943,2749.9609198809444,0.6447102437027953,1.0740765307443876,1.2093974098669853,1.5211304505411294,0.23610167343210847,0.4136939296693915,0.48139148398764153,0.6323296407949149
float32,806,vandermonde,64,2000,2000,0,0.0,2753.181539721163,7467.306265053892,9313.227516776753,13351.398990592801,710.5937885692101,1904.7813259449263,2432.9955368356013,3595.163590925161,0.9482155399342378,1.5445054071897213,1.7233175378014962,2.0602252462855124,0.24255838236802332,0.41484938461288495,0.4920853521462673,0.6330409128074949
float32,840,scaled_adversarial,64,2000,2000,0,0.0,2.5371957514582664e-06,1.4934169038439133e-05,2.6166653226036786e-05,6.299207378614706e-05,2.5992623111279782e-06,1.529283799588573e-05,2.612854256921954e-05,5.966526030025287e-05,0.0004753881065686972,0.015324324107583472,0.028067224998186983,0.10934447789623256,0.0004705789480688938,0.015067246734303617,0.027317346254723877,0.10783685903723975
float32,841,scaled_adversarial,64,2000,2000,0,0.0,9.117673325851974e-10,2.4713643317958927e-08,5.6995079045962334e-08,3.456489351690286e-07,9.057428917256776e-10,2.403544175183395e-08,5.455119294516377e-08,3.4478131424400637e-07,1.8869310840209335e-07,1.3667053575557934e-05,3.8067467010504304e-05,0.00033879163082868043,1.8799621694888297e-07,1.3095734552035028e-05,3.783211291994354e-05,0.0003261880782289619
float32,842,scaled_adversarial,64,2000,2000,0,0.0,1.1426668049470324e-16,3.389680492143899e-14,2.4610361358472696e-13,5.3705481118652416e-12,1.1110844379390988e-16,3.4502554968159055e-14,2.374268474956167e-13,4.170998654171286e-12,5.621133616238904e-15,6.257080312102911e-12,6.150880537526675e-11,2.0240075217989723e-09,5.604285221147563e-15,6.15965859323022e-12,5.783486140399556e-11,2.025798870968673e-09
float32,843,scaled_adversarial,64,2000,2000,0,0.0,7.153380238324623e-24,1.8285062687218338e-20,3.408873117775999e-19,3.417732649002112e-17,7.184215821674046e-24,1.8061167165905198e-20,3.3051949769931327e-19,3.4144065266109204e-17,2.676257681845069e-22,2.3126963823851082e-18,2.2176741288982066e-17,1.1160355927524695e-15,2.6730672194500577e-22,2.3110115740379117e-18,2.2034527520964674e-17,9.093192183080662e-16
float32,844,scaled_adversarial,64,2000,2000,0,0.0,1.4380221164895281e-07,6.163023451355409e-07,9.638998905600425e-07,2.101939516862654e-06,1.46794057803581e-07,6.342865033200995e-07,9.809738310575223e-07,2.0992046975793288e-06,1.440173851973607e-07,6.151689339581854e-07,9.615650638723961e-07,2.0430610187599916e-06,1.4679373905323188e-07,6.343210896082237e-07,9.809837485418223e-07,2.099205332984644e-06
float32,845,scaled_adversarial,64,2000,2000,0,0.0,1.0985715960065776e-13,2.983026723869076e-12,8.266843550528544e-12,3.433667273627827e-11,1.1637253940761878e-13,3.150010963360707e-12,8.66384211898002e-12,3.4767152260776796e-11,2.6469454010147385e-12,5.81899414528686e-06,0.0003335354291027745,0.029358969157414812,2.7085548674498546e-12,5.748644199399783e-06,0.00032879942782307683,0.029358969150916202
float32,846,scaled_adversarial,64,2000,2000,0,0.0,1.6602397178591553e-20,1.19409658866643e-17,6.488466029199015e-17,1.6124680228058496e-15,1.6643415209829546e-20,1.1812298837576118e-17,6.335464380363247e-17,1.6124679441291454e-15,1.2811154334840303e-15,4.5649024695160827e-10,1.0737831896038059e-08,1.0969445253264155e-06,1.2810685350304348e-15,4.564901129847082e-10,1.0737831705581053e-08,1.0969445249211303e-06
float32,847,scaled_adversarial,64,2000,2000,0,0.0,1.9661124418545425e-27,1.9816973896410505e-23,3.3547030748821633e-22,7.838990681104808e-20,1.966112441854541e-27,1.9816804005895095e-23,3.3547030816200683e-22,7.839024257887703e-20,6.855680772371176e-23,1.5359653573442002e-16,4.910527984523808e-15,7.701623031340164e-13,6.85758251191907e-23,1.5353718916186577e-16,4.910448071209824e-15,7.701623031133007e-13
float32,848,scaled_adversarial,64,2000,2000,0,0.0,1.3863685087545682e-07,5.938374007999838e-07,8.927521318645972e-07,2.4131007575200832e-06,1.4178201194876312e-07,6.074591006283061e-07,9.137818746321711e-07,2.475050992496662e-06,1.3840677797377434e-07,5.964058374054208e-07,8.984165407876761e-07,2.45798027385877e-06,1.4178200471295958e-07,6.074591035240035e-07,9.137818740694575e-07,2.4750509785884584e-06
float32,849,scaled_adversarial,64,2000,2000,0,0.0,2.34805585889338e-14,4.123137547522513e-13,1.0274273545179311e-12,4.929590583595335e-12,2.4362460740699352e-14,4.2529009856288835e-13,1.0430388073973018e-12,4.932419795654486e-12,2.3767964504255317e-14,4.145245259589644e-13,1.0120168845035732e-12,4.957443455976065e-12,2.4362460674748227e-14,4.252910353356978e-13,1.0430388047938605e-12,4.932420109425974e-12
float32,850,scaled_adversarial,64,2000,2000,0,0.0,1.316811124451454e-24,7.438538572566079e-22,5.039241808970183e-21,1.219860563225617e-19,1.331155585959256e-24,7.498483272816436e-22,5.033307064743847e-21,1.2836742187834042e-19,4.1288022961278584e-20,2.8931420510398992e-09,2.4514693615623337e-07,0.0003584097895292757,3.9431169258681436e-20,2.8931262547609513e-09,2.4514611827460813e-07,0.00035549559948712476
float32,851,scaled_adversarial,64,2000,2000,0,0.0,1.7142277759293314e-31,2.283304972399837e-27,2.3537853514826018e-26,3.440848626409213e-24,1.7042036068892869e-31,2.283304969436589e-27,2.3477405703184085e-26,3.440846672462648e-24,1.6230209409834724e-24,2.043250417216576e-14,2.3940671496140295e-12,3.0077532105772597e-09,1.6230209402933525e-24,2.0432504119525524e-14,2.3940671496134176e-12,3.007753151906723e-09
float32,852,row_diagonal_dominant_random,64,2000,2000,0,0.0,2.5231323715219265,3.3714880812569055,3.6212336329150987,4.178526396138594,1.9599942237395651,2.441748150864425,2.605774182098933,2.965677045626613,2.5181567800051416,3.374810376041292,3.6170146685155213,4.210030668048179,2.0346938435006785,2.6059025591346554,2.800725523174552,3.161087807914542
float32,853,row_diagonal_dominant_random,64,2000,2000,0,0.0,2.1270818105767635,2.8050859824749974,3.0206766821967106,3.522139287852619,1.5636810224409465,1.8775931883043415,1.9825292470349627,2.208077409622256,2.132659315325715,2.8023006308229164,3.008503319525952,3.490076719936671,1.5877897295383914,2.016861845358454,2.154641077171686,2.447160868305194
float32,854,row_diagonal_dominant_random,64,2000,2000,0,0.0,1.9787271899546393,2.5158487070652447,2.7218016253255413,3.1676642260906553,1.4183499313993555,1.6602755907008864,1.746501008653685,1.9535465343033946,1.9778939807246498,2.510867203741498,2.717671010607933,3.1584676358612467,1.402383011571723,1.75257799537255,1.8576610251432257,2.108456388737802
float32,855,row_diagonal_dominant_random,64,2000,2000,0,0.0,1.8649952208816627,2.303389476805493,2.4879010326565405,2.852275556266925,1.3008026139645479,1.5023916370963266,1.5798482806763765,1.7398681131423137,1.8601042907182928,2.3083456703544476,2.478826827593982,2.8826250478725477,1.2441189700972357,1.5154088136275037,1.6083006093077863,1.8503746321025771
float32,856,row_diagonal_dominant_random,64,2000,2000,0,0.0,1.8063702286935852,2.220336207265064,2.3502947140735833,2.6092414430941444,1.2442044526510987,1.4408776476072234,1.5066177559465632,1.6095438856730548,1.798566953651743,2.2098231881311143,2.340053881820588,2.597677928037589,1.1609357171108934,1.4127521758974166,1.5008132664603648,1.6621442016467696
float32,857,row_diagonal_dominant_random,64,2000,2000,0,0.0,1.772147187122148,2.1543279852571784,2.2839813024397833,2.5226547930064087,1.220603709965137,1.3986495830283001,1.4653934271007916,1.590296577242392,1.7661597816846637,2.1444382451377892,2.2790675689086446,2.5234044031776155,1.1190876274833466,1.337468187217023,1.4170627825975293,1.6116491917629279
float32,858,row_diagonal_dominant_random,64,2000,2000,0,0.0,1.7697224566546659,2.15097485746986,2.275692279495486,2.511287780190895,1.211488514657348,1.407053008268321,1.4683447244545862,1.598923424630411,1.7625841213304714,2.1440186046653293,2.2651299061090233,2.533509411065036,1.1055757857608264,1.3187125313436001,1.3995810445662695,1.5607487972666523
float32,859,row_diagonal_dominant_random,64,2000,2000,0,0.0,1.800147956475143,2.23079478301783,2.3616009147160937,2.7268857585544484,1.2177997955405113,1.4134379934028336,1.4936043029564356,1.63347787853128,1.7924202825953799,2.2103061734511367,2.347436088366589,2.7110147835052234,1.1267428928167935,1.3819862228236055,1.479736882904976,1.6697799681366488
float32,860,row_diagonal_dominant_random,64,2000,2000,0,0.0,1.9270919873483359,2.619583140009873,2.914942810138445,3.527074992778811,1.2636275338316882,1.50782304992402,1.613812844144813,1.8187090214622408,1.9156307259444545,2.605467532455771,2.8971005635011036,3.552948430613564,1.2419605364670983,1.6623358212364585,1.828668971875288,2.1756294293084077
float32,861,row_diagonal_dominant_random,64,2000,2000,0,0.0,2.050732737102993,2.824515865708149,3.0329739202891774,3.6216815488067096,1.2989514062124825,1.551344386934161,1.6539111477503154,1.836631752595203,2.035888508162472,2.804733685670084,3.011002519324611,3.6572866289280803,1.342666906705082,1.776714295061982,1.9054272251605269,2.302106061444479
float32,882,row_diagonal_dominant_stochastic,64,2000,2000,0,0.0,2.1265298838290656,2.9568573305282277,3.234014970028439,3.932500423932533,1.8376160328150644,2.281435740596562,2.415991132637397,2.72313967585518,2.122581959735658,2.9582926059299184,3.2218058110475982,3.9279800489118624,1.879936799743288,2.38425090369591,2.584529961369556,2.916036783980229
float32,883,row_diagonal_dominant_stochastic,64,2000,2000,0,0.0,1.1221505116095831,1.443393802857614,1.5685358932160602,1.836002375161033,1.4086159416901782,1.6582104161098847,1.7259442434363048,1.8791516863931117,1.110065216641125,1.4428678142315572,1.5533909095718583,1.8218263526900251,1.2877870271329133,1.583153930547367,1.6809488081501343,1.874418753264065
float32,884,row_diagonal_dominant_stochastic,64,2000,2000,0,0.0,0.9118086445717666,1.0454776736110445,1.089952927785693,1.205425927891399,1.2923573103109645,1.5368846622792236,1.6213316387024461,1.7779919085544198,0.8792075283544831,1.0131970313665406,1.0698933337420362,1.1879545864849945,1.0307556939739895,1.1998472694782063,1.2625056578456066,1.3843253861062197
float32,885,row_diagonal_dominant_stochastic,64,2000,2000,0,0.0,0.8824856089892265,0.9735072802779038,1.0018935581726724,1.0436114329167552,1.2689811502565684,1.5280018726113271,1.6200782502858975,1.7748176880226163,0.8072399420628014,0.8927118697462064,0.9121366602667189,0.9504270134399735,0.8092412837024385,0.8804705308079511,0.9019138791073079,0.9581637468953987
float32,886,row_diagonal_dominant_stochastic,64,2000,2000,0,0.0,0.9421937679815858,1.0444638535922723,1.074478431893345,1.1230729463826317,1.3260600113277174,1.588811851727469,1.6870413027758673,1.8874587006694818,0.8075493630234678,0.8933000621988338,0.9206455368785222,0.9636769554570411,0.7633771767993696,0.8282627828056573,0.8525679839569212,0.894356956564604
float32,887,row_diagonal_dominant_stochastic,64,2000,2000,0,0.0,0.9956287255112919,1.1112495763794215,1.1441635601975937,1.2045925820591528,1.3790504429475412,1.6825369065408862,1.7952668890091659,1.973176994889321,0.7778343378559422,0.8612580923539706,0.887255307021257,0.9338660537409619,0.7033509458972451,0.7494614974677395,0.7622543813067407,0.8006244394093897
float32,888,row_diagonal_dominant_stochastic,64,2000,2000,0,0.0,1.0214451273931027,1.1390555800008633,1.175207628984928,1.229058840310694,1.4225752968804464,1.742143608152098,1.849386529225778,2.072422744269012,0.7188263626234507,0.7982621842461475,0.8187485843371404,0.855560996336166,0.6747101924369869,0.7167484568091346,0.7312577230106143,0.7572125909765899
float32,889,row_diagonal_dominant_stochastic,64,2000,2000,0,0.0,1.1019480081024182,1.230554318479385,1.2610248550652363,1.3282042765735347,1.537558902071527,1.8943425731767938,1.9946982443689403,2.2360949313392355,0.7000253923380868,0.7733423732873365,0.7922556339640512,0.8237620285946987,0.6706682016494233,0.7115786257079292,0.7237293717500481,0.7540676761711999
float32,890,row_diagonal_dominant_stochastic,64,2000,2000,0,0.0,1.1457743466940409,1.280951260910864,1.316080346485805,1.3998858862373502,1.5812787718745516,1.9400455250816937,2.0687059058487547,2.335694377235736,0.684596315256327,0.7522954539858573,0.772795381245222,0.817883030583787,0.6520489666990945,0.6944452680340013,0.7060017612557237,0.7323199583973651
float32,891,row_diagonal_dominant_stochastic,64,2000,2000,0,0.0,1.1845218176645418,1.3357535963821945,1.3800228934012022,1.4832091472980071,1.644616712346596,2.024024828920286,2.1504402262824733,2.462344376523872,0.6842760346775798,0.7551505796032978,0.7776193992364747,0.8113586288895565,0.6548766391321155,0.6948538678862891,0.7082083364864281,0.7377143787074107
float32,892,spd_prescribed_spectrum,64,2000,2000,0,0.0,1.0285892097663973,1.161571717291798,1.2067216459690489,1.283264981228695,0.496450575155682,0.5726874748825721,0.598923770145677,0.6519654709980962,0.6377530984707209,0.7471597933224464,0.7915661904052461,0.8949153626814425,0.3532531862173647,0.43662881979768375,0.4680956961541502,0.5299105270233159
float32,893,spd_prescribed_spectrum,64,2000,2000,0,0.0,1.146970638466478,1.3408922771086478,1.405407236909448,1.5313358573365972,0.47169275070351735,0.5597233452017722,0.5898743242848481,0.6481875006925218,0.4217945239998222,0.4778863937974849,0.5021854582860868,0.5498672413822184,0.2062506351721769,0.24243356940171265,0.25544344724990803,0.2917708768721275
float32,894,spd_prescribed_spectrum,64,2000,2000,0,0.0,1.289804542956635,1.5821185348144975,1.6898453961364628,1.9639075496799427,0.5192707662656668,0.6367859423940637,0.6801797719836985,0.7919034986757943,0.38106881317656943,0.4487758592048558,0.4757225018884057,0.5204054209265587,0.17552081655026963,0.20681677663861192,0.21761490503039177,0.24337200223097089
float32,895,spd_prescribed_spectrum,64,2000,2000,0,0.0,1.7995443313122705,2.662664109984982,2.928334081133397,3.5599685696962706,0.7268435562122316,1.062603949415465,1.182990217992407,1.464175492391917,0.361776954192794,0.44345201981916726,0.47479752410690423,0.5402446789799481,0.1698882969743205,0.20626047978087764,0.21975303594330972,0.2517323781694546
float32,896,spd_prescribed_spectrum,64,2000,2000,0,0.0,2.5081389958896096,3.358924376383069,3.640577321049575,4.198311434682722,1.0400463397059485,1.4055679257846794,1.5498615122367745,1.812415754523834,0.3491120009942964,0.42986842814810716,0.4535107940251879,0.5239663422906671,0.17147589599611263,0.2149184626281375,0.2298184210870502,0.26908632598058146
float32,897,spd_prescribed_spectrum,64,2000,2000,0,0.0,2.6540495718432497,3.5594503914831606,3.9195602610175104,4.612925213570918,1.1210085268031809,1.5512811298867863,1.7004772784295366,1.9887730901145222,0.33377469100819623,0.41191295185239857,0.4423411917144835,0.5006689577913296,0.17150540764794792,0.21548155170575373,0.23276253882417325,0.2741162265892397
float32,898,spd_prescribed_spectrum,64,2000,2000,0,0.0,2.6209597128630344,3.5923404536986636,4.011312618691988,4.858361229177322,1.145217359197878,1.6125102199926926,1.7844565268883472,2.26528138738614,0.31757319531635586,0.3898503035487856,0.413129140029643,0.46238455879270496,0.16683341537836072,0.21752307525866943,0.23773948643518095,0.2758227893053847
float32,899,spd_prescribed_spectrum,64,2000,2000,0,0.0,2.458600313942859,3.6479530177235464,4.097668682216026,5.132421943059875,1.0979439294071525,1.647733018996526,1.875632373304739,2.3637828035568944,0.30515853972572643,0.3736958583859037,0.4054307575573905,0.4675847094949242,0.16247804420298861,0.21334173818430285,0.22985381611272232,0.27512483883775585
float32,903,random_conditioned,91,2000,2000,0,0.0,6.872446047770281,8.174530969151203,8.582539073543732,9.447285048688029,1.4096846943269672,1.6410152006288334,1.7169089208036798,1.9093491904455193,2.9635548957396045,3.6586752340576227,3.931551920093661,4.397490467211869,0.6926917728583324,0.8611236787296066,0.926231863686504,1.0809411636668387
float32,904,random_conditioned,91,2000,2000,0,0.0,9.145172621290104,10.570757056507434,11.16016158628145,11.971363647443932,1.2905081117023127,1.7327233749539621,1.8696045521672937,2.2661025605876235,6.877311314780673,8.23361964507547,8.680637822593532,9.632483330445396,1.3383369554617242,1.633601622119506,1.742545154065949,1.9466913587507806
float32,905,random_conditioned,91,2000,2000,0,0.0,17.980397381593406,21.012695915267717,22.266216976052775,24.534923757979335,1.6975888182952126,1.9454464409801477,2.025467941342073,2.2056595673927952,8.352302492116394,10.35693118487258,10.939518730123718,12.43026474975745,0.8022651780841781,0.9872661805352412,1.0565709263077088,1.2337467599278393
float32,906,random_conditioned,91,2000,2000,0,0.0,4.5704899210824435,5.586891139471735,5.936016894827545,6.707764450714164,1.3121313710177271,1.607354381978792,1.7102752278276347,1.9239275886953637,1.1296854594648733,1.4398287608602462,1.5505859094784191,1.769435694076931,0.40630350324888487,0.524557730024495,0.5746030607328496,0.6886971148205195
float32,907,random_conditioned,91,2000,2000,0,0.0,9.091768127549944,10.548405447374082,10.912736451734656,11.630060443152033,1.291147586898679,1.6974050902522153,1.836374189120418,2.1036031976864598,6.972920070762368,8.243392786980294,8.604194951053081,9.43147456977884,1.3392696549988292,1.6659796239636566,1.7746723987441226,2.0257960764944496
float32,908,random_conditioned,91,2000,2000,0,0.0,20.14540813189582,24.293369009849005,25.851085123149307,30.271204045354516,1.9814532630345236,2.3554289737392007,2.5064531991538357,2.837968863728252,7.960388723655742,9.96499066389815,10.649750486371474,12.062881597384855,0.7641594968769567,0.9553008251264146,1.0375814455468126,1.2289886966154913
float32,909,random_conditioned,91,2000,2000,0,0.0,3.9134934129731977,5.015561995574241,5.4058075625503745,6.184068851422445,1.2870871382353322,1.672657620701755,1.8307829779947955,2.080687703203791,0.6974806340171007,0.8938917389372895,0.9830579244425992,1.1673002469291331,0.30941505942795117,0.411347024743625,0.4576309220942206,0.5516733091418238
float32,910,random_conditioned,91,2000,2000,0,0.0,9.075618827461916,10.465495140253912,11.001562208316225,11.969943734135553,1.286299668379439,1.696986316531757,1.8560689012031726,2.223317155610648,6.92511169165266,8.211064681034388,8.665528049500448,9.644976055778763,1.339754164673959,1.658863803592213,1.7655329381230527,2.0475419892970326
float32,911,random_conditioned,91,2000,2000,0,0.0,22.19286031818587,44.49896040001971,60.84322219520632,95.62810718721597,2.224220952684157,4.067276205076563,5.511743269733957,8.370593766134533,7.7174111680069775,9.568995145793927,10.36784500719384,11.606187159033,0.7637483425188012,0.9597679515489667,1.0353032297259959,1.1860395537026471
float32,912,random_conditioned,91,2000,2000,0,0.0,3.2463187977448498,4.517966755197245,4.968269762478072,5.830878069080485,1.2425216018884817,1.7225560083629052,1.9000350250998315,2.273277142696774,0.4610932842055945,0.6343321911314013,0.699384485827303,0.8346787380884071,0.2519333309673881,0.35323992206845584,0.3902195202251211,0.48160060305384855
float32,913,random_conditioned,91,2000,1966,34,0.017,9.106475627352484,10.548740683177666,11.004235399577174,11.92153315913424,1.2809687327369472,1.7183489454988934,1.8580628346354677,2.1912441281691097,6.967956400889133,8.19445686353,8.66894896326957,9.523168817243553,1.3459951786711488,1.6662134261034534,1.801856599416282,2.0635176638643387
float32,914,random_conditioned,91,2000,2000,0,0.0,8.049945817083511,19.16876222800569,31.130024294399075,88.29852210700753,1.525939112122915,3.5337919000226963,5.699437388627466,17.305121165240433,1.6379273168778878,2.2169733431834078,2.450666297178781,2.888344343326901,0.53888283556411,0.7106088403547007,0.7829810146447668,0.946238932538251
float32,915,random_conditioned,91,2000,2000,0,0.0,2.4358587169971644,3.7312696560900784,4.17988533028571,5.008154311024723,0.9965792863120653,1.581084475417441,1.8032549198139147,2.2680798979146206,0.30469567607274195,0.4252335822189156,0.4697845883546825,0.5909138122175593,0.20033636488417433,0.2949543946166504,0.332587751391175,0.422307627225196
float32,916,random_conditioned,91,2000,1968,32,0.016,9.047663224446104,10.518415100502759,10.967891133697556,11.94221179270245,1.2814998983266026,1.7121814953800552,1.867834727333994,2.2288211267833185,6.897519583230333,8.187446044785656,8.640343938787177,9.430352458860733,1.3393808913558423,1.651185869435466,1.7701232722775693,2.026016881100346
float32,917,random_conditioned,91,2000,2000,0,0.0,7.650044585660046,13.084426641173136,20.685896433403048,100.22910628685796,1.4062882606043716,2.4823048593948576,3.632366324244001,15.370547132249222,1.6377184803874392,2.283049200694114,2.498138788974068,2.9222833298681223,0.5404877463549669,0.7370149599253564,0.8089213545551124,0.9806694198788474
float32,918,random_conditioned,91,2000,2000,0,0.0,2.1966600082161065,3.3576178129839924,3.8512060105382484,4.800783995685037,0.8890375059444686,1.457987245616663,1.6546986246138746,2.0794231355545474,0.266730560002127,0.38741440123339266,0.43595307886285073,0.5616706024958701,0.1784061302775019,0.26954421303609316,0.31047873181429314,0.39319898004479686
float32,919,random_conditioned,91,2000,1969,31,0.0155,9.081274550240867,10.574469445911584,10.995585266490442,11.981035654550121,1.2831924573197857,1.7120203682465596,1.8784169953533663,2.2001066420038096,6.92503521382271,8.210804824031925,8.565771803775723,9.42108315352457,1.3490253553875555,1.6541798182362075,1.7420209031235365,2.0560963495514293
float32,920,random_conditioned,91,2000,2000,0,0.0,6.79467052437553,12.073738317936888,21.27697354441039,76.15124777965693,1.2777893228904769,2.2410293424797594,3.919841630552164,13.969350022870342,1.6495872292868627,2.2467365742131467,2.4591583024706014,2.982513065783633,0.5430661913483146,0.739108529556449,0.8081402653697137,0.9479102771736023
float32,921,random_conditioned,91,2000,2000,0,0.0,1.9918382972567308,3.1238585516356743,3.5418892912276143,4.476851095021607,0.8142282792729294,1.2757436838610277,1.4936713731544564,1.9156259237004163,0.23822778180171789,0.35497920408861044,0.4074660530531972,0.5227893647997476,0.16178026160108894,0.24988239230144452,0.28336622389812083,0.36320115829340066
float32,922,random_conditioned,91,2000,1964,36,0.018,9.04068925055429,10.546927141927199,11.034198321035602,11.877608595183627,1.2957424974565157,1.7126243758157376,1.8923376063052861,2.2209697830822117,6.899159391304886,8.050290129857395,8.482404702793886,9.326295220775153,1.344719836528947,1.667184557462245,1.7633290909501618,1.9696307853545396
float32,923,random_conditioned,91,2000,2000,0,0.0,6.2283758419164545,12.655647730750651,21.93581636893433,82.49093691257656,1.1541590521468639,2.3036476137224353,3.8437737632142785,14.67330033808629,1.6336899145828656,2.221875407056821,2.440816078486815,3.0182506809831087,0.538072874889289,0.7215143921213579,0.7905800834656714,0.9356112332115061
float32,924,random_conditioned,91,2000,2000,0,0.0,53.733354454899654,63.51428286005412,67.03880897000461,75.53876629809984,2.4902999894118856,2.841489713623588,2.9595844707988723,3.1862761490277904,53.80042286183802,63.542990792607014,66.92595200980398,75.39987353875556,2.662564865428872,3.157731824151774,3.3564387354086334,3.911989888524393
float32,934,vandermonde,91,2000,2000,0,0.0,5526.389149711778,16956.082603806983,21285.563835736524,31310.419004470677,1768.1492735019597,4851.513972944542,6036.035646848915,8931.799910565807,0.9669735719163143,1.7539343219962795,2.0117343783578816,2.675906292802156,0.3104848335975928,0.5725205058188269,0.6870695301511497,0.9609973337868442
float32,935,vandermonde,91,2000,2000,0,0.0,10571.77048086722,26082.499485795473,32360.01798910806,48039.586802004604,2492.7664358402076,6181.6106860436885,7801.527547049202,11194.09010467462,1.3715381827892386,2.4433923453039768,2.8413156008093896,3.6707206233059266,0.31284289080094435,0.5830351534982237,0.6934603445381,0.9073244672270143
float32,969,scaled_adversarial,91,2000,2000,0,0.0,2.0249804543915652e-06,9.200253102999591e-06,1.466723104158887e-05,3.284900249531361e-05,2.074370195171937e-06,9.22110737338245e-06,1.4245218688458574e-05,2.9850851530765385e-05,0.0006395245160393866,0.013111034406435391,0.026286943022421412,0.06355624075105688,0.0006327586404393239,0.012813050502172867,0.025655252648554696,0.06313755897598619
float32,970,scaled_adversarial,91,2000,2000,0,0.0,5.732749139628442e-10,8.515900905343454e-09,1.878509495754313e-08,9.276884960608215e-08,5.651743862706551e-10,8.192554374091093e-09,1.879435991286435e-08,9.345347356272907e-08,1.6231656499769043e-07,9.00866194525537e-06,2.635047934202608e-05,0.0001375913551433979,1.6076848648882093e-07,8.888941384500523e-06,2.6028723395140877e-05,0.00013755220139556043
float32,971,scaled_adversarial,91,2000,2000,0,0.0,4.4291813687400936e-17,6.238625834599138e-15,2.5487265750584652e-14,2.419978217066291e-13,4.398698510137386e-17,6.21527302976292e-15,2.501044201133642e-14,2.301122042411657e-13,3.826747359770067e-15,2.3953412415524322e-12,1.1995229900107643e-11,2.2343434400281665e-10,3.772850864610912e-15,2.3234428166950615e-12,1.1775249829579129e-11,2.1613797894759115e-10
float32,972,scaled_adversarial,91,2000,2000,0,0.0,2.9215847521464027e-24,3.692197067666945e-21,2.7358146503874346e-20,2.2904952714003113e-18,2.9215726169918452e-24,3.593687247610383e-21,2.735511449876663e-20,2.093069681556402e-18,1.2063821130097072e-22,3.314302210004654e-19,4.849164962969793e-18,2.0405914591993864e-16,1.1916321747046087e-22,3.175751281164688e-19,4.840218612631718e-18,2.040591459207564e-16
float32,973,scaled_adversarial,91,2000,2000,0,0.0,9.58554920356439e-08,3.2714697570301273e-07,4.768679611089819e-07,9.171655510114859e-07,9.853360278411572e-08,3.2755882267563045e-07,4.865928261346614e-07,9.289421973887272e-07,9.576276592608528e-08,3.2643933368648205e-07,4.813969171482815e-07,8.693001922435341e-07,9.853325197603957e-08,3.2755924089304303e-07,4.86571946695133e-07,9.289325523950387e-07
float32,974,scaled_adversarial,91,2000,2000,0,0.0,6.336166417950698e-14,8.828684380043406e-13,2.1647209854579494e-12,8.084862145137193e-12,6.810922360463208e-14,9.155337975512138e-13,2.18819426906522e-12,8.211266805555073e-12,5.943433391682906e-09,0.0005935590005329327,0.0038244269454815855,0.04912218849372034,5.917641682580232e-09,0.0005935070684268284,0.0037045972528311146,0.04911956497427576
float32,975,scaled_adversarial,91,2000,2000,0,0.0,5.999597086214308e-21,1.1760756468821622e-18,5.655086159606293e-18,1.4994904956931725e-16,5.999598117713663e-21,1.1904347930445524e-18,5.65507440914922e-18,1.499490495214044e-16,3.214614750073861e-13,4.2162254748217705e-09,2.5292240299325703e-08,6.997277670687639e-07,3.1848001233470865e-13,4.216090884337896e-09,2.5009686435644347e-08,6.936322287838825e-07
float32,976,scaled_adversarial,91,2000,2000,0,0.0,5.656952829260687e-28,3.0985308281814823e-24,3.2024906482627007e-23,1.1686150442154922e-21,5.656952805439346e-28,3.0143626065930538e-24,3.207239652084825e-23,1.1761224353358196e-21,1.1631708271925777e-20,1.7650074191272811e-15,2.3303295152018816e-14,5.2732119569011366e-12,1.1537174665896463e-20,1.765007009447611e-15,2.328240447816917e-14,5.273130199605206e-12
float32,977,scaled_adversarial,91,2000,2000,0,0.0,9.088837175652189e-08,3.472923828039231e-07,5.001433081592717e-07,1.0290931755133584e-06,9.25393077174614e-08,3.5008545734444533e-07,5.015706457013309e-07,1.0319516531847327e-06,9.110160660873697e-08,3.5220088162353034e-07,5.051030506250374e-07,1.052311182391221e-06,9.253930768448569e-08,3.5008545579176353e-07,5.015706452404174e-07,1.0319516536639043e-06
float32,978,scaled_adversarial,91,2000,2000,0,0.0,9.417847595772635e-15,1.235876970025795e-13,2.554132194874811e-13,7.257516673769205e-13,9.858746079820489e-15,1.2710842829555489e-13,2.580176533168685e-13,7.494861310785777e-13,9.47265520099886e-15,1.2551406645667425e-13,2.438649625868912e-13,7.522194977527562e-13,9.85870864486766e-15,1.2710843935047443e-13,2.5801765332227223e-13,7.473007891811127e-13
float32,979,scaled_adversarial,91,2000,2000,0,0.0,4.43766761896031e-25,1.53141775735852e-22,8.653815956949146e-22,2.1278410685544694e-20,4.458010113497141e-25,1.5304896407230598e-22,8.636200401369653e-22,2.0702683318986317e-20,2.2001748454252419e-13,5.166840446525346e-07,1.107454986279419e-05,0.000661150136591158,2.2005255085969058e-13,5.050986044568568e-07,1.1074462585066084e-05,0.0005882328243835098
float32,980,scaled_adversarial,91,2000,2000,0,0.0,5.240353512599039e-32,1.897406000595213e-28,1.4290361559076697e-27,1.0309845605072882e-25,5.220435137470804e-32,1.8999089200750846e-28,1.4290354881760039e-27,1.0308171576841021e-25,7.89895320032864e-19,1.526237100086904e-12,4.50621489094294e-11,7.384878763079171e-09,7.898953068407482e-19,1.451086893081146e-12,4.504789100971974e-11,7.384650844651131e-09
float32,981,row_diagonal_dominant_random,91,2000,2000,0,0.0,2.5801454412991367,3.1567420040058956,3.359217028651929,3.6925568372248097,2.046186184838982,2.4167444180014432,2.543453898091823,2.792207593969449,2.5777582554762706,3.1531182705875143,3.3592792927714075,3.708318443362689,1.9525207561883355,2.313086554567864,2.4322978678920855,2.6734226241773555
float32,982,row_diagonal_dominant_random,91,2000,2000,0,0.0,2.3708760997310026,2.887721405874426,3.062923233184892,3.335542047132304,1.7272401853196961,2.0176973209543885,2.1146323560054374,2.307725284545775,2.3653534296699164,2.8771238301396447,3.057498847419055,3.3623552889447113,1.5935618815702821,1.844377703633321,1.9214159693207897,2.0869720251484134
float32,983,row_diagonal_dominant_random,91,2000,2000,0,0.0,2.282925344043399,2.7573886053087966,2.9115281552281607,3.235582541640803,1.5964504160884188,1.8640919432981913,1.9594530179327518,2.148681211991314,2.2743264421590648,2.7467204269036376,2.8961017182296755,3.2266661626105635,1.4381665221119662,1.6435587167138122,1.7184399548578948,1.8611997467611725
float32,984,row_diagonal_dominant_random,91,2000,2000,0,0.0,2.180535424000766,2.6499340076165305,2.806261740558557,3.078965545918019,1.475109321822958,1.7204763658414555,1.8021195930984546,1.9718022114117877,2.1767481117350034,2.6431528731703198,2.8061640260417797,3.061573198569329,1.3023885064659741,1.4641415531853956,1.5182285752062716,1.6385411121693045
float32,985,row_diagonal_dominant_random,91,2000,2000,0,0.0,2.1778892230506135,2.6070318290462633,2.7145989580982657,3.0660613738366442,1.436267472741684,1.6625088152206986,1.7439112518693394,1.9182804388707695,2.1639228747598462,2.5978556306281186,2.707943037859016,3.052112815148508,1.2372883614349677,1.3863341991678697,1.4355656906399,1.550011358210824
float32,986,row_diagonal_dominant_random,91,2000,2000,0,0.0,2.1694294604038524,2.6153038977836607,2.758677423762754,3.0481185519227654,1.4173466423302563,1.6553372765767387,1.7213303984179522,1.887536762331882,2.16064060877049,2.608844566129651,2.751454135894603,3.017366321718956,1.2085527081721725,1.348015605336789,1.3969433044615578,1.5191807209127661
float32,987,row_diagonal_dominant_random,91,2000,2000,0,0.0,2.1402186334051803,2.5862309022526566,2.7213851127571607,2.986536603894111,1.3977325979303459,1.6280653726586123,1.7186954563995485,1.8486864369488316,2.1338130347452617,2.5748855317825403,2.7054156427186453,2.9819227995111817,1.1940766235239368,1.3446547584050823,1.3912898487780576,1.4868104528443935
float32,988,row_diagonal_dominant_random,91,2000,2000,0,0.0,2.1556241597527,2.58345375765078,2.736541462355961,3.078874732018544,1.3967114320069394,1.6281529745076466,1.7127864871717486,1.8962475868108661,2.144657637510642,2.572011378571785,2.7291636844347855,3.0550602238997233,1.1926092016852912,1.3365867250655452,1.3838579335966423,1.4908662317050205
float32,989,row_diagonal_dominant_random,91,2000,2000,0,0.0,2.2340517337972834,2.7598260793144074,2.942545092683969,3.4284617428229023,1.4208124062176128,1.6879326514877366,1.769436051478295,2.0124836011539435,2.220864593097804,2.744152293974875,2.926064044763346,3.415520493836003,1.2453686829218693,1.4558478495065426,1.5428590124220574,1.7671920474396539
float32,990,row_diagonal_dominant_random,91,2000,2000,0,0.0,2.3406923875869943,2.9116550091355475,3.1110619016666448,3.499151006820511,1.4604534340419288,1.7215808437552662,1.817437319906737,2.0214082730008793,2.3236952598065455,2.898098959716405,3.081826234873552,3.473699451783552,1.3081294485835053,1.5808420010544002,1.67762755218358,1.8766418145898376
float32,1011,row_diagonal_dominant_stochastic,91,2000,2000,0,0.0,2.0232983626006904,2.5776271953977226,2.790736511373682,3.250196033390666,1.974111253944661,2.298483437437493,2.445670765802841,2.694615182861071,2.0190707213146024,2.5716821576146267,2.7823056582594097,3.248333001755804,1.8322633097260383,2.1364215109053672,2.239269657165244,2.438900140433938
float32,1012,row_diagonal_dominant_stochastic,91,2000,2000,0,0.0,1.2101044246920245,1.4509156199867714,1.5300175475679716,1.712007618133699,1.6046282138068237,1.9025606537143,2.006613576129807,2.2373033182935167,1.1928155301387893,1.4467780502891712,1.520979228141407,1.7020455690141094,1.3374131426400873,1.517399921232553,1.577525071197074,1.7134589749506524
float32,1013,row_diagonal_dominant_stochastic,91,2000,2000,0,0.0,1.0012288677305143,1.1224592546565706,1.1678961175894613,1.2781196724657515,1.4705037298690549,1.763023486241861,1.8547691684090624,2.0427173440145223,0.960651279330644,1.0883733799060475,1.130429314712553,1.241948978006046,1.0978273217924408,1.220340049798274,1.2618170333289749,1.3381901619841658
float32,1014,row_diagonal_dominant_stochastic,91,2000,2000,0,0.0,0.9424103616124375,1.0259881080211817,1.048383996007179,1.095607670523861,1.3906954390974247,1.6555061269928124,1.7599213255027917,1.939819282434088,0.878603477099282,0.9598752882032348,0.9804453361391607,1.0225343343920534,0.8655254577550691,0.9327838239105201,0.9511357601637902,0.9980254933685875
float32,1015,row_diagonal_dominant_stochastic,91,2000,2000,0,0.0,0.987033807384566,1.0801723195154682,1.1047188656094857,1.150577452509203,1.4487667404699396,1.7393655362761171,1.8311808422441695,2.0815851388483373,0.8740202051065284,0.952078828209707,0.973505721277773,1.0039262670578286,0.7878394962454238,0.8444555544990686,0.8618479550569549,0.9021148321060831
float32,1016,row_diagonal_dominant_stochastic,91,2000,2000,0,0.0,1.0263046107557896,1.12319409233932,1.1525091436248402,1.2007834337272,1.460671193059742,1.749964714632474,1.841171721496446,2.042900766533524,0.844093813001265,0.9243302839326617,0.9469608161567105,0.9882807890905144,0.7318549721852552,0.7741824101028606,0.7870929701583304,0.8146149105235551
float32,1017,row_diagonal_dominant_stochastic,91,2000,2000,0,0.0,1.0534495280207639,1.1498115740322177,1.177812186268646,1.2398431728903563,1.5081400483646539,1.8279225187573707,1.9391532918233445,2.1383007341711844,0.7863103588719321,0.8568899672655331,0.8788466159278846,0.9089533088857655,0.7073604053455477,0.7447800020460402,0.7546537058225017,0.7774727327066276
float32,1018,row_diagonal_dominant_stochastic,91,2000,2000,0,0.0,1.143526435902666,1.2555690673531101,1.2858564407354511,1.354792723678666,1.6344380788979849,1.9894015677258212,2.1054058221848484,2.355430618241216,0.7638029190185935,0.8294913181978978,0.8471732855682905,0.8818780988869813,0.7020683452036134,0.7373245851441513,0.7495738486450595,0.7721567665922101
float32,1019,row_diagonal_dominant_stochastic,91,2000,2000,0,0.0,1.1784623109935055,1.2939533077553675,1.3240870389352344,1.3890331317198552,1.6707709352063747,2.0238157847656457,2.137876026749318,2.397117641583827,0.7246821764379257,0.7908027214095519,0.8088909178375738,0.8446680962752969,0.6756160313141181,0.710719011695563,0.7204469207549081,0.7411239542591256
float32,1020,row_diagonal_dominant_stochastic,91,2000,2000,0,0.0,1.202982194483376,1.3210124048663565,1.3616147236206955,1.4185804536094657,1.7061786735233484,2.057438159525835,2.1634518467074564,2.4114366158379292,0.7129139270926045,0.7779878990661119,0.7965499147809131,0.8289422442291886,0.6735479772986939,0.7090893521644839,0.7201773201690651,0.7469953153158645
float32,1021,spd_prescribed_spectrum,91,2000,2000,0,0.0,1.1448941647469424,1.2631926860866425,1.3033356505046665,1.3680083119087552,0.5075315697141258,0.5647605023521234,0.5900958777648438,0.6419936490463948,0.6936617364519808,0.7725281046636625,0.8004827044531382,0.8719413110065648,0.3401140354712583,0.3885355732715569,0.4062610628596958,0.4426629095991747
float32,1022,spd_prescribed_spectrum,91,2000,2000,0,0.0,1.3222895074794705,1.5054262054641443,1.5705114880692093,1.6733540006283583,0.4770631764187143,0.5430845273235578,0.5728583817203725,0.6307784467841531,0.5109613549000449,0.5717753102083637,0.5943229498245215,0.6345173859189406,0.23468026617984106,0.2769149274580531,0.2911244233191362,0.33629137137985377
float32,1023,spd_prescribed_spectrum,91,2000,2000,0,0.0,1.4922912613053683,1.7352848462338848,1.8175657984396965,1.9838115242763095,0.5306515715989056,0.626232093878959,0.657926532156988,0.7274256585584826,0.4676953566173325,0.5365799030157342,0.5611380262670385,0.6043735048264132,0.21045648625613406,0.24668115618750036,0.26370558173415204,0.29758704012960535
float32,1024,spd_prescribed_spectrum,91,2000,2000,0,0.0,1.6825380406594865,2.260038644578616,2.5720791943333943,3.262809773941192,0.6105522871870368,0.7912604879556862,0.8765883537468461,1.0849700642270512,0.4343601606906604,0.509578749489995,0.5414468817332382,0.5934357962398481,0.19871211951390988,0.23625348676340316,0.2489786034797093,0.2828040752817429
float32,1025,spd_prescribed_spectrum,91,2000,2000,0,0.0,2.8537942717671463,3.8515845590363735,4.162500853055247,4.822229576391513,1.024002657810462,1.3861748878668174,1.5108106309338494,1.7982234041282026,0.4146489630734551,0.4926390679651537,0.5264077691393647,0.6169636189536968,0.19504834769230345,0.23989260437730345,0.2608603080810144,0.2984160093725677
float32,1026,spd_prescribed_spectrum,91,2000,2000,0,0.0,3.4589883137144772,4.475946668883666,4.794348496128021,5.645490715257298,1.2919243043355912,1.6815169695573993,1.811502211345236,2.1390912062581555,0.4015363320798686,0.5008851840297264,0.5517287615552627,0.6528660671851404,0.199208275543355,0.26278045529674204,0.28901464422353385,0.3504680344367379
float32,1027,spd_prescribed_spectrum,91,2000,2000,0,0.0,3.5668818152973936,4.676261511554696,5.045258164592752,5.870473547007686,1.381720607308364,1.8416529422815788,2.008359197463361,2.327652796533016,0.39878673356590966,0.5046547716986413,0.5481482869699434,0.6651404116265585,0.205610962917377,0.2754023982530585,0.30119473541210484,0.37065887087624255
float32,1028,spd_prescribed_spectrum,91,2000,2000,0,0.0,3.137388066692372,4.3639413322841145,4.740715942003869,5.76521050774292,1.2894016922727756,1.7902159214692068,1.9499714193824007,2.414072976731598,0.3713346207436346,0.4705955170946818,0.514277042580818,0.6214207459996148,0.2012216744401022,0.27444810285456556,0.3074909790297765,0.38774851785229225
float32,1032,random_conditioned,128,2000,2000,0,0.0,10.962025822758942,12.885839579481122,13.425521483495004,14.99372444159815,1.8156723728806667,2.0708469900354345,2.147261090548711,2.324465595535568,4.680410311430011,5.659395751202024,5.997631279570597,6.970996591352107,0.8923504593836505,1.0817365973826185,1.1567272086082552,1.297139424396807
float32,1033,random_conditioned,128,2000,2000,0,0.0,12.460926414041317,14.138218713763475,14.590003205315949,15.760449252841253,1.5159913406690375,2.006279133157209,2.150367986936657,2.505742972273127,9.439288797575326,10.97131117558065,11.465954648305893,12.46118065379358,1.7350072674225019,2.079915347423477,2.2361705946064974,2.4503237179784696
float32,1034,random_conditioned,128,2000,2000,0,0.0,28.355465068188618,32.71933207638907,34.47848384388089,38.03092361421593,2.093125426922376,2.3570372429538318,2.4504237194329503,2.625254863299323,13.185101664302454,16.231290303491114,17.07842332697396,19.06598701016077,1.0061720688459537,1.2234426263534575,1.3102976491941092,1.5428401771173803
float32,1035,random_conditioned,128,2000,2000,0,0.0,6.715373542487944,7.88262717679225,8.295653078686746,9.09459024646848,1.6185121013716763,1.9107965399492386,1.9960410992881905,2.2193448106761298,1.7048258383997457,2.1168413487664037,2.268209803867555,2.623099430959039,0.503298073821044,0.6362412521774681,0.6823892565274524,0.7865275446564666
float32,1036,random_conditioned,128,2000,2000,0,0.0,12.500128220153247,14.26173740935971,14.787902189071115,15.701637553851047,1.5483164514179832,2.0153036804800464,2.179147105037819,2.553645890517619,9.452065403327584,10.940150863310443,11.38840659097329,12.274318022108623,1.7128375148344328,2.082624923943582,2.200330248140919,2.4639758099748352
float32,1037,random_conditioned,128,2000,2000,0,0.0,29.06149387947041,33.42738859344355,35.26018864877709,38.944866215409306,2.284618388085321,2.598297424397149,2.693497429558455,2.904461813493802,12.549210535695734,15.210405275979515,16.255519250152638,18.793393651528486,0.9485477831423884,1.1607235784630896,1.2491347355927849,1.4504520598817292
float32,1038,random_conditioned,128,2000,2000,0,0.0,5.528080578491778,6.792827024079562,7.180916333787211,8.039076096834796,1.6068939884308369,1.960821952151152,2.082800705263105,2.370040082551426,0.9953473988980717,1.2725000839621419,1.3659018083764816,1.6285040898834475,0.3745648771786837,0.48390072496640507,0.5371917753256749,0.6485624813965449
float32,1039,random_conditioned,128,2000,2000,0,0.0,12.404652373073745,14.13485277374475,14.704042416115863,15.75748925052399,1.5088578220758495,1.9910447381236223,2.142115183059922,2.4975757102667524,9.40839690261356,10.864510486480121,11.370953159835,12.314773129777011,1.7134216451920803,2.088087517155247,2.2089703210966407,2.503730991629023
float32,1040,random_conditioned,128,2000,2000,0,0.0,30.632211140818896,47.92819475648043,61.343422765605695,89.15303044786035,2.5194219206680306,3.8569627120515038,4.69231606025988,6.540082285502522,11.992832856079307,14.621688372554802,15.603385961368502,17.57200415042624,0.9460896960459204,1.1586480412082596,1.2344025597262536,1.4603872872300923
float32,1041,random_conditioned,128,2000,2000,0,0.0,4.258113816539964,5.571484265350808,6.002698841204463,6.99863229135817,1.479678550017073,1.9042477849475232,2.0816951615658477,2.3773532506896196,0.5797822028536685,0.7751792897877056,0.8427186562478761,0.9685303604628336,0.2926284251352782,0.3879016384359486,0.4221900816656481,0.4984951211063122
float32,1042,random_conditioned,128,2000,1984,16,0.008,12.507360309630858,14.112197134272034,14.626409758614846,15.69231583212034,1.5323138095038558,1.9993540568712915,2.1715744302584317,2.5464842680531024,9.371664438592443,10.849679700387876,11.271871162938394,12.111363805165949,1.722656888181651,2.091349288213285,2.2341298490836046,2.5354745127574856
float32,1043,random_conditioned,128,2000,2000,0,0.0,10.310822881481247,23.47024868086869,36.751830841405265,96.63667546580274,1.6810631852377682,3.617502143405094,5.542375694388842,15.456050133156857,2.2018368919560807,2.892994890031054,3.1750214328554893,3.800377319881519,0.6712467372727875,0.8766351619298407,0.9593358656642079,1.128107909343193
float32,1044,random_conditioned,128,2000,2000,0,0.0,3.061937514675081,4.390768544049346,4.867714483508413,5.744513459946788,1.1507721984962844,1.702141188457598,1.8915020354025438,2.361458693930006,0.35699168676739235,0.4794521902459056,0.5231330812718432,0.6536740401763849,0.22865695092465144,0.3210107175446365,0.3559781799910101,0.4522744775918716
float32,1045,random_conditioned,128,2000,1987,13,0.0065,12.546047041870889,14.243481883764904,14.748204102072009,15.723473332675287,1.5373875201895488,1.999369068984074,2.1445610606963585,2.4921982308411503,9.440142173196584,10.816564131586656,11.33183462998285,12.350833436377917,1.725582455002208,2.088815672634682,2.202278966553228,2.536281749938611
float32,1046,random_conditioned,128,2000,2000,0,0.0,9.474405132802072,15.590333818385812,25.131633267703087,140.97770134782724,1.534791394314181,2.5240332321205483,3.9243880493564496,19.623797122478177,2.202337278423232,2.908373111749957,3.2175309385782223,3.8782460930459624,0.667608631931502,0.8870146434087031,0.9597872121600913,1.1226334784825045
float32,1047,random_conditioned,128,2000,2000,0,0.0,2.8388128781995574,4.132588240225451,4.568045061481748,5.5666968270156545,1.0594031701799143,1.5969809444828198,1.7770966745703933,2.2279668270030353,0.3078631774235159,0.43543529948172244,0.48723470566455895,0.6056098281738058,0.2011420542541244,0.29152809043801586,0.3320332400037848,0.41923067758623345
float32,1048,random_conditioned,128,2000,1988,12,0.006,12.461239113467077,14.165690896654361,14.768195946368389,16.05154791144534,1.5236702991159485,1.9908153070539099,2.177961254344846,2.5245433675553968,9.398013348688735,10.902169261927929,11.37101133219185,12.446696449735684,1.7197352704750484,2.0828360820610268,2.209551828507811,2.4881345827439594
float32,1049,random_conditioned,128,2000,2000,0,0.0,8.689500871049875,15.758371091414697,28.031316460439754,106.5385148340034,1.4521316616703226,2.5816650907863288,4.329114884079949,14.710385386899713,2.197828490547467,2.935362490308017,3.151173823892662,3.8177028675312825,0.6599515320906889,0.8669758293065213,0.9539655854893532,1.116054162706426
float32,1050,random_conditioned,128,2000,2000,0,0.0,2.622899317210224,3.868145891117772,4.394055818636616,5.383941517100135,0.9678049602241957,1.5061453796556397,1.7067742346345334,2.133146161717479,0.2782787561421541,0.40626182375209896,0.4565360213228587,0.571272414400554,0.1854239836802464,0.2783485913188786,0.31149905052004206,0.39954478935829774
float32,1051,random_conditioned,128,2000,1984,16,0.008,12.422461841193195,14.18801517602413,14.721122178698035,15.737998634351944,1.513733539148776,2.027801823088592,2.2062507502512623,2.595399083594206,9.39438715992895,10.821268272779488,11.255596887057717,12.20957784949583,1.7251722665267069,2.0880784658225404,2.215198112887379,2.4611934961309507
float32,1052,random_conditioned,128,2000,2000,0,0.0,8.070110011420528,14.292359413482444,24.079595010058465,117.21497928688551,1.313612545979373,2.2951205439426476,3.830889628503304,20.929104215890874,2.16817883288849,2.8997433045349315,3.1765162167307395,3.8960224482559354,0.6574206376569154,0.8631140671576462,0.9557323424377853,1.1373733997920432
float32,1053,random_conditioned,128,2000,2000,0,0.0,99.86188506642773,118.66921375815913,125.59312799831632,137.08747843847388,3.293162504415776,3.697095399529638,3.837296702548322,4.134143917469288,99.79375774912525,118.55925822105826,125.39172313006216,138.03109146891512,3.7743467508930015,4.423681664222756,4.674011059410033,5.480640879771053
float32,1063,vandermonde,128,2000,2000,0,0.0,15007.747156223504,42058.521140865305,51451.59792433336,79890.77283766364,4158.7440067877815,10796.754072865442,13863.158535519724,21138.985436529812,1.1490006220086832,2.032410918017001,2.360219905780092,2.9670142617987194,0.31131386304086184,0.5695619978631107,0.6745435992381961,0.8787188679393192
float32,1064,vandermonde,128,2000,2000,0,0.0,28544.721083467728,62006.38568578553,74424.69054801576,117374.35811026546,5920.377779333934,12981.93654694967,16484.927904358472,25414.210233666996,1.6457533111978533,2.802391136725222,3.1533503479571023,3.941048453054385,0.3209096791564088,0.5722858197164735,0.6661769503962893,0.8731032804511242
float32,1098,scaled_adversarial,128,2000,2000,0,0.0,1.8914846351919219e-06,6.882758421060099e-06,9.791200659922856e-06,2.0405495014589485e-05,1.8995566019010266e-06,6.91754819699837e-06,9.475196416341159e-06,1.970503983162102e-05,0.0010748178319948177,0.014093432184879977,0.025449364650975095,0.0604504508716452,0.001075290064283461,0.013845484643865067,0.025061910380418894,0.06007126504825301
float32,1099,scaled_adversarial,128,2000,2000,0,0.0,4.3834447059238976e-10,5.085993164336084e-09,9.87369327273774e-09,3.95160767901157e-08,4.380463579300636e-10,5.085443552685647e-09,9.87228652544355e-09,3.951309849626481e-08,2.0892260855845097e-07,8.088718135976398e-06,1.8845331631076506e-05,6.896408392408411e-05,2.0580759767218505e-07,8.007624675275315e-06,1.8468341671596736e-05,6.706072269969093e-05
float32,1100,scaled_adversarial,128,2000,2000,0,0.0,2.363240788830745e-17,2.059818869724669e-15,7.604523351425962e-15,1.237432326805097e-13,2.3654347384277374e-17,2.012026122781842e-15,7.246299446249263e-15,1.2374149884086454e-13,2.7358761824243965e-15,1.1292758879930962e-12,4.958278731820581e-12,9.083905438497318e-11,2.7156384696357265e-15,1.0913764212325937e-12,4.745715020007136e-12,8.950474316011861e-11
float32,1101,scaled_adversarial,128,2000,2000,0,0.0,1.3394836365787314e-24,5.211072033712789e-22,3.3958788585112284e-21,8.193473110560883e-20,1.2814409372086736e-24,5.118010100934013e-22,3.3775314084714564e-21,8.182793583309022e-20,7.397049880430789e-23,1.5022612671160982e-19,9.485663467953682e-19,3.0081785701825197e-17,7.355150992043868e-23,1.476883494661359e-19,9.485659953532313e-19,2.6884665051841868e-17
float32,1102,scaled_adversarial,128,2000,2000,0,0.0,6.781213601659527e-08,1.9049277631723286e-07,2.708179517583362e-07,5.320101552601629e-07,6.905356666660151e-08,1.9132128275424362e-07,2.7968038897931816e-07,5.348882702968607e-07,6.801405336503697e-08,1.9024340060760033e-07,2.686641685853225e-07,5.181503517991048e-07,6.904714485948395e-08,1.9159459532116123e-07,2.7967939243965885e-07,5.348863153546231e-07
float32,1103,scaled_adversarial,128,2000,2000,0,0.0,4.290983935915037e-14,4.814917966908994e-13,9.321898137874272e-13,3.0315133875083027e-12,4.492483895697841e-14,4.970563601337259e-13,9.590350180587281e-13,3.0917948109481175e-12,6.727558556640554e-08,0.0006734792583079874,0.004437370883097774,0.045763693684118124,6.67919209682965e-08,0.0006727533013509724,0.00423526323157605,0.045629723457068366
float32,1104,scaled_adversarial,128,2000,2000,0,0.0,2.700874590289405e-21,2.821591078701831e-19,1.3217901973866e-18,1.7407052526933098e-17,2.695599217133326e-21,2.7792129627870817e-19,1.321756130778239e-18,1.740704656504395e-17,7.260956428794371e-13,1.7251787554493052e-09,9.15015580163391e-09,2.581718046955573e-07,7.237953047270207e-13,1.7249272032032649e-09,9.150150041554448e-09,2.5816943799710713e-07
float32,1105,scaled_adversarial,128,2000,2000,0,0.0,1.800851015870953e-28,2.3446241264604716e-25,1.9233433168579276e-24,2.5871209510644566e-22,1.8001118203591778e-28,2.344621391946519e-25,1.923308772884893e-24,2.5446075945069474e-22,1.753917034304644e-20,5.065328626379406e-16,8.387681790613045e-15,1.656577876437154e-12,1.7366707590821786e-20,5.065322065148528e-16,8.386630040919703e-15,1.6565640978359207e-12
float32,1106,scaled_adversarial,128,2000,2000,0,0.0,6.423838318864301e-08,1.9216771984200752e-07,2.624370308050863e-07,4.4384418069428755e-07,6.551941316149056e-08,1.93128800353873e-07,2.68817240833106e-07,4.4922694957796754e-07,6.43005103384896e-08,1.930112019347162e-07,2.6387422070743964e-07,4.4274607793703917e-07,6.551941263856803e-08,1.9312879822671032e-07,2.6881724523937146e-07,4.4922692044473465e-07
float32,1107,scaled_adversarial,128,2000,2000,0,0.0,4.911937019514487e-15,3.96814537168154e-14,8.402022323440953e-14,3.1704761751501277e-13,5.074557291014266e-15,4.0715248711544534e-14,8.616715437764228e-14,3.2750536001161255e-13,4.8560868800059766e-15,3.9449455200657344e-14,8.23373391425293e-14,3.065631545196518e-13,5.0745572906617966e-15,4.0715056521649365e-14,8.616715419503117e-14,3.2749727211817576e-13
float32,1108,scaled_adversarial,128,2000,2000,0,0.0,2.3776118415919877e-25,2.248311678672341e-23,9.563802864508729e-23,1.6899932705547363e-21,2.3793750665320596e-25,2.2457055546347414e-23,9.563973704118197e-23,1.6900133773144194e-21,1.6734066514534938e-12,6.348246761924415e-07,6.441095366149167e-06,0.0003144144645149676,1.666284479382739e-12,6.343230081166456e-07,6.441095366148667e-06,0.00031436648767617375
float32,1109,scaled_adversarial,128,2000,2000,0,0.0,1.898366636294057e-32,2.5034016812184547e-29,2.2792404786039537e-28,6.036811330528478e-27,1.8778597451335274e-32,2.3331768790852843e-29,2.2238443199238883e-28,6.036810950788003e-27,3.913588449748986e-18,6.268243720379952e-13,6.823732791957289e-12,1.8621948642677469e-09,3.913560591183778e-18,6.233413330949255e-13,6.823731874229846e-12,1.8621948587151053e-09
float32,1110,row_diagonal_dominant_random,128,2000,2000,0,0.0,2.7127500364360735,3.305702418535972,3.49114819945809,3.881923152610168,2.144827956297167,2.502495490696683,2.6342819170532628,2.864005671608174,2.7093449646459424,3.3056379519765366,3.490790556912312,3.8805969264759077,2.050158213131196,2.3941697380974545,2.5147101980693924,2.6959526695216987
float32,1111,row_diagonal_dominant_random,128,2000,2000,0,0.0,2.50369083542361,3.031585850784833,3.2145113814364517,3.5282043984556966,1.810003496721978,2.113902381561536,2.217824212408561,2.4061730665544645,2.5059654379643224,3.0271927063638513,3.208327901062963,3.5249237522793635,1.6688224238400093,1.8915713045437241,1.9675441118188979,2.1592601500795867
float32,1112,row_diagonal_dominant_random,128,2000,2000,0,0.0,2.430488532131637,2.954826120582156,3.14062040001989,3.5034433734264185,1.6757811798705537,1.9463176188701423,2.036113545250429,2.2824242442539906,2.422684619834187,2.941334995701035,3.1283408321409567,3.486185769321259,1.5114128338026052,1.6924681109560158,1.7617398786064724,1.9332104199244942
float32,1113,row_diagonal_dominant_random,128,2000,2000,0,0.0,2.3875635495357175,2.8745239147103026,3.025779860669097,3.2988420549154873,1.5666315406346387,1.8202614727753077,1.9097776857035191,2.0778316678160564,2.376922968075026,2.872243882127193,3.0161926692388907,3.289299783900509,1.3743016428104622,1.5353828530050546,1.5883574881100988,1.6850789493970832
float32,1114,row_diagonal_dominant_random,128,2000,2000,0,0.0,2.3578723344085186,2.829525249910669,2.9808312617264288,3.296979544443596,1.5171015867197224,1.7490894552641476,1.8362232766855382,2.0099141886067056,2.351833882238026,2.826788634182373,2.9730617178783705,3.286128654142554,1.3119982458476955,1.4543832207828613,1.4951795359588531,1.5942722924816923
float32,1115,row_diagonal_dominant_random,128,2000,2000,0,0.0,2.358802386945587,2.8293970830588266,2.9722505388572933,3.32471464983667,1.4979292331364158,1.7316520934236967,1.815733502697919,2.001888335685303,2.3523860469442264,2.819450532137655,2.9649269495231585,3.315675943484602,1.2772737702410475,1.411732845173805,1.4538365343129143,1.5402427895432342
float32,1116,row_diagonal_dominant_random,128,2000,2000,0,0.0,2.352060683815691,2.8462174645979,2.974916712897198,3.267929233473558,1.4801743856281946,1.7234943784777577,1.812247122045483,1.9835250368672313,2.3427144859125524,2.824799650656312,2.9664243029192785,3.255873266845951,1.267651232761644,1.4001520243516126,1.4407434174786398,1.5207534214650957
float32,1117,row_diagonal_dominant_random,128,2000,2000,0,0.0,2.3528784584169697,2.8096229154668797,2.9916017795307592,3.3261144278527666,1.4830891036563363,1.710101954025737,1.8006030504893764,1.9779182554639434,2.3425819576654705,2.8067299308826126,2.9811761898258466,3.313266574718083,1.2582830951460209,1.3929589187121754,1.440418602208848,1.52355490426684
float32,1118,row_diagonal_dominant_random,128,2000,2000,0,0.0,2.3796210867444874,2.892792770196825,3.0715545814910867,3.3897814773031767,1.4847567351935322,1.727748511487177,1.8234186613720558,2.0159147997837765,2.371102933946062,2.8803602361812057,3.0480523498386973,3.3719036981575528,1.275581824044807,1.4208073371467889,1.4828350832584731,1.6501248079943889
float32,1119,row_diagonal_dominant_random,128,2000,2000,0,0.0,2.4946266810275266,3.084345968148916,3.3109922178058335,3.7624418863248,1.528653502947816,1.8003209785766905,1.8984264759916254,2.1383204785009764,2.4863794109649784,3.0781066869751856,3.2986028143540373,3.7224036397101132,1.340485639904522,1.5790009581903726,1.6595498778763582,1.9073740375481043
float32,1140,row_diagonal_dominant_stochastic,128,2000,2000,0,0.0,2.187683291811157,2.7363140713008827,2.9246686360062437,3.304725076014601,2.067466406343566,2.438774416421074,2.552308978210354,2.831032486271293,2.1844990039590755,2.7358121115814846,2.9170981045512714,3.274612882412562,1.9258811298951923,2.2149339395093137,2.3019991705405505,2.5138317938576873
float32,1141,row_diagonal_dominant_stochastic,128,2000,2000,0,0.0,1.2565746519413024,1.508679642607467,1.5886784883293779,1.7711768573811013,1.7198717108580264,2.0248132010916593,2.121360102333358,2.3955352724004424,1.2520860985916924,1.5032323319453,1.5792476083406706,1.7684196504553824,1.4310220300965426,1.6068617392034,1.6676897305354408,1.75618387381546
float32,1142,row_diagonal_dominant_stochastic,128,2000,2000,0,0.0,1.0234190158054859,1.153567422831125,1.204345690770713,1.3173358028963975,1.5796045076548513,1.8645236051509038,1.9648151007619403,2.1844408308038568,0.988961374611468,1.1181373615987587,1.1718315290449812,1.295748576426404,1.2009929108889605,1.3210188084142283,1.3630239909405808,1.4534690217867594
float32,1143,row_diagonal_dominant_stochastic,128,2000,2000,0,0.0,0.9656306942682095,1.0421187678410475,1.0690232256409864,1.1061264251195675,1.4957463509079791,1.765670262389146,1.867155577574328,2.0726999237111734,0.9074688192543947,0.9836790370921831,1.001012814674207,1.0362769938780239,0.9876673412243053,1.0536849671871624,1.0762700942292134,1.125362163332378
float32,1144,row_diagonal_dominant_stochastic,128,2000,2000,0,0.0,1.0224046949471346,1.1028271328773456,1.1320705014601014,1.1782430963580888,1.5671686627700028,1.9239550123070694,2.0368404743166533,2.2931150887283,0.9119571012147721,0.9837478321630786,1.0039900447446852,1.0393142895507919,0.9313670251665109,0.9860996625139632,1.007803681694156,1.0563321934202552
float32,1145,row_diagonal_dominant_stochastic,128,2000,2000,0,0.0,1.0460881997959053,1.1222452004265062,1.1501878555159792,1.1975375622823936,1.5263879025575107,1.821748249483283,1.9141733259166438,2.1044545459684962,0.8882907162418023,0.9571539260527665,0.9723997641148658,1.011283604591886,0.843965830488609,0.8848081680314052,0.8970590177654607,0.9190428544380966
float32,1146,row_diagonal_dominant_stochastic,128,2000,2000,0,0.0,1.0885217134613603,1.1704128198428796,1.1949958466613844,1.2432537505094219,1.5950521207398745,1.8694853738744521,1.9772374350267534,2.175361928260811,0.8635013574260474,0.9283913519273351,0.9462486230229168,0.979874065227032,0.8258077272340105,0.8598213947306623,0.8717950410967095,0.8953367703504705
float32,1147,row_diagonal_dominant_stochastic,128,2000,2000,0,0.0,1.0942309299045228,1.1828925916965591,1.2040618262750915,1.252836797931569,1.6005599622885196,1.8838334029983612,1.971222153938487,2.246200879749164,0.7967304895510461,0.8569140198227729,0.8732526811801666,0.9154301941187969,0.8073211224989572,0.8394868790572697,0.8494699612646779,0.8709862947816112
float32,1148,row_diagonal_dominant_stochastic,128,2000,2000,0,0.0,1.1636857922987338,1.2610858583232951,1.2890417377262156,1.3383618072666665,1.6947312645555404,2.0137252093416347,2.1287216434235305,2.2985687851769447,0.7529910730072782,0.807677226086509,0.8235797213179228,0.8504257085283662,0.7815873773673925,0.8138475950184093,0.8236720037478696,0.8470544806178856
float32,1149,row_diagonal_dominant_stochastic,128,2000,2000,0,0.0,1.1824751442348291,1.2858427476156638,1.3161415653301385,1.366071474019759,1.7222921118427585,2.0503215564863497,2.163807062664708,2.402532566223885,0.7377068754637353,0.7943017231425006,0.8104220021065663,0.8383067564160145,0.780556792602892,0.8102528685695571,0.8207300548579874,0.8407540512401975
float32,1150,spd_prescribed_spectrum,128,2000,2000,0,0.0,1.2286574150446254,1.3262739779731647,1.3600272412392884,1.4199186477653025,0.4867934587911382,0.5367812552176291,0.553838216300268,0.5902735351056075,0.7366384892959092,0.8041964251451403,0.8247018340161693,0.8799083709861035,0.33878600902213263,0.3741490370011854,0.3841937836952791,0.41204730926791866
float32,1151,spd_prescribed_spectrum,128,2000,2000,0,0.0,1.5026306697579095,1.6574724126396077,1.712798244425909,1.8330632888274303,0.4805031971610933,0.535372127502973,0.5523765522064363,0.5904002180945674,0.5796644082864868,0.6362031408816925,0.6535453950846225,0.6930109113813318,0.24334280601764818,0.27653317880225414,0.2880546904673851,0.3141628369077952
float32,1152,spd_prescribed_spectrum,128,2000,2000,0,0.0,1.70312908156892,1.9364595577656876,2.017865045324122,2.166859528200921,0.5378735268874715,0.6088725300598407,0.6330431387865393,0.6769810334906123,0.5367865406836957,0.6035063992483284,0.6275250390365077,0.6631680319967623,0.21620976763758343,0.24633270675230562,0.2586367337315431,0.2838366302589726
float32,1153,spd_prescribed_spectrum,128,2000,2000,0,0.0,1.903800548724143,2.202594630320875,2.314771342110871,2.8418549794855212,0.6075327352553597,0.7039541406532251,0.7404279784361337,0.8286588305389161,0.5001373305120742,0.5680990441371341,0.5867756412925621,0.6296543563782478,0.20420211767938073,0.23671615198295926,0.24824506264404464,0.2753062115244788
float32,1154,spd_prescribed_spectrum,128,2000,2000,0,0.0,2.27651625624756,3.5040952956936646,4.001218056627213,5.102973108422114,0.7378698548140799,1.1073171470468743,1.2410547874190925,1.5271867006385362,0.4741394307968826,0.5388388695749987,0.5611598542749845,0.6092639842275166,0.19705277736671173,0.23144377701239247,0.2425584147615768,0.2628766839231013
float32,1155,spd_prescribed_spectrum,128,2000,2000,0,0.0,4.081671927047724,5.38920172266385,5.837666244866722,6.486166244316824,1.3465718993213764,1.7537043654115654,1.898756788502804,2.137410753381762,0.44732907432275004,0.5188263015426741,0.5459844066821132,0.609471461027507,0.1930950660723925,0.23102761961710233,0.242913958722671,0.2738144755421494
float32,1156,spd_prescribed_spectrum,128,2000,2000,0,0.0,4.712338251009762,5.893563021017789,6.324251921532072,7.246010271439758,1.6004179931547515,2.0058266709019845,2.1495128234975804,2.422330967399337,0.42776201548895354,0.5115808257213542,0.5481870641956367,0.6615544498773515,0.19329945637860207,0.2469697923385307,0.2624081948848732,0.3070199304504975
float32,1157,spd_prescribed_spectrum,128,2000,2000,0,0.0,4.021171403978912,5.278535851497643,5.671158971913666,6.511946116168399,1.4953033290224516,1.9599775283255594,2.1308290581454035,2.5180739020003453,0.4066621206594694,0.4839348748030471,0.523430197030033,0.6276686685506763,0.19394904056949175,0.2563772825000345,0.27629585169671705,0.3392046945124292
float32,1161,random_conditioned,181,2000,2000,0,0.0,16.80020110217036,19.339812951003573,20.24421223468849,22.617408195328217,2.248117105679154,2.513570588012675,2.6014566153763865,2.8156609997771884,7.6303951134819314,9.053311042339764,9.61644847432827,10.47442870546034,1.15892469380644,1.379268802728338,1.447306233791118,1.6503881139714007
float32,1162,random_conditioned,181,2000,2000,0,0.0,17.019079889007234,18.93844650515041,19.507293435450308,20.548594638556864,1.8146829405143077,2.3157770343692796,2.4794600752169007,2.861134171219272,12.892593349343162,14.471407728630032,14.945520953880473,15.972209637272812,2.1599730368893932,2.564648700996572,2.6849973538575482,2.978819129398983
float32,1163,random_conditioned,181,2000,2000,0,0.0,44.4673096091835,50.746277729739575,52.63705120581257,58.35364312551769,2.5718545853973676,2.850908751584644,2.9424710735658186,3.1877381161237253,22.06538975984234,26.433439220151016,27.783240236326478,31.774016113100462,1.3102363194811948,1.557366617690912,1.6395401849537479,1.887183909707159
float32,1164,random_conditioned,181,2000,2000,0,0.0,9.847233004600252,11.472850891434232,11.93765208284142,13.031492183048549,1.989451204369587,2.276350319733597,2.3910803657013933,2.567183439460052,2.6942654059632227,3.272997689873227,3.474702077277766,3.8899852351587114,0.6498960581675464,0.7981555788359536,0.8456662983781769,0.969917550167818
float32,1165,random_conditioned,181,2000,2000,0,0.0,16.994668693884684,18.93126842371935,19.465252168827245,20.527381252677753,1.8073052565697627,2.3239687406805,2.49357832295249,2.9375033556602936,12.899142459423508,14.667776035906872,15.079712926532391,16.21980051976484,2.169369474474933,2.6053714782594377,2.752264013861988,3.0774641244048704
float32,1166,random_conditioned,181,2000,2000,0,0.0,45.14122729607921,51.16519919461509,53.16965759258816,57.85383330228613,2.795179215284475,3.10438846077213,3.203888361054453,3.504645181550394,21.063758414395934,25.120998619380245,26.599383024471212,30.934737699071373,1.248060922223024,1.48404813426991,1.5796899417224695,1.7242885031027138
float32,1167,random_conditioned,181,2000,2000,0,0.0,7.831061806029078,9.190146165623403,9.758035913965102,10.615197000323205,1.9325988002660845,2.264068550629293,2.3713737262428856,2.5802806225483477,1.5115037218588099,1.9071347648551018,2.032744902325101,2.2888557314713154,0.46807430629061575,0.5934894191175112,0.6313989950472229,0.7157129734215338
float32,1168,random_conditioned,181,2000,2000,0,0.0,17.12842191143872,19.030985849440345,19.600435994128684,20.74495788067523,1.8218098091641717,2.3248380879023594,2.4972026691421885,2.9416497478621513,12.85148732598465,14.56170593214468,15.135689125054345,16.101896851457827,2.1677119002488334,2.569583821030891,2.70955984215378,2.991754789404532
float32,1169,random_conditioned,181,2000,2000,0,0.0,46.909597989180185,83.07396091340794,108.06549660183116,173.09508603592337,3.1916320710200043,5.182538266277006,6.4693791704505195,10.124623701293936,19.696204515921913,23.44816812786958,24.87200778907571,27.782235472567994,1.2294834435789421,1.4822854235784013,1.5786662004092336,1.8298315993581877
float32,1170,random_conditioned,181,2000,2000,0,0.0,5.326869858924475,6.786735353466814,7.204786234780153,7.965573562538451,1.683697341896036,2.110033971000274,2.2680272189336215,2.5453551913328987,0.7598062906507277,1.0084140186555393,1.098422013682545,1.2800037736907375,0.3502863158885007,0.4548566459938382,0.4987282431447963,0.5896466462848287
float32,1171,random_conditioned,181,2000,1995,5,0.0025,17.046304019450613,18.916723648085647,19.423152446697433,20.516101981733712,1.8157229955260008,2.3133433976334703,2.4935436896990653,2.8481501496356443,12.876594770990117,14.523593735521187,14.980821188896671,15.842833220120394,2.1704259474075767,2.582824802399096,2.7447829490639877,2.990270445279519
float32,1172,random_conditioned,181,2000,2000,0,0.0,15.261719787111822,36.12768753352095,55.08013170268335,122.63793788062287,2.096308264794354,4.850585399390763,7.374154979505303,16.053010828616795,3.1026477231557825,4.094886394659024,4.394907318179395,5.201338421858541,0.8645918872582776,1.1107711422746172,1.1965756633756695,1.407771564454602
float32,1173,random_conditioned,181,2000,2000,0,0.0,3.846002312119947,5.2231266884316065,5.5865145046917135,6.579734584688639,1.3295909251541393,1.8506489230161902,2.0560989363098483,2.43165971120245,0.43612647770477797,0.6066146699116199,0.6702345974336155,0.8125908728001126,0.27494003997400995,0.3745679982906977,0.415927870259215,0.5032526322409079
float32,1174,random_conditioned,181,2000,1991,9,0.0045,17.1080008718196,18.99934181856594,19.519738034867874,20.724793077056056,1.814351490185384,2.310372816453781,2.492908288518409,2.85501180562908,12.78739334550977,14.54058831302059,15.05955271691744,16.225555463603037,2.158702534988208,2.5561141577841426,2.706637122534386,2.9353565971076754
float32,1175,random_conditioned,181,2000,2000,0,0.0,12.813504974089017,20.31245465549033,32.73222501848136,175.5401330706429,1.7880421102951398,2.8695235367208327,4.488869671361553,23.478026438788156,3.132622882327425,4.089656285367196,4.455989262991105,5.184393364709563,0.8623801307668617,1.1160015009041366,1.1928798333848574,1.3785465845212415
float32,1176,random_conditioned,181,2000,2000,0,0.0,3.4960646038955785,4.7728474660974065,5.250666209413568,6.11120586645927,1.2159594731616015,1.728628035662171,1.8965378302836333,2.3211509977794207,0.3781529245224673,0.5308466441537157,0.582354063617016,0.7043540828573948,0.24507564007058985,0.34507204983367906,0.3868082414973499,0.4761956644246727
float32,1177,random_conditioned,181,2000,1994,6,0.003,17.136311038078873,18.999331388945148,19.631259283295655,20.853612209963096,1.8430643997100518,2.341811084970209,2.5156781738395293,2.8958342109607123,12.889086364366438,14.598697664746831,15.18312951772853,16.353909593259694,2.1599203956714366,2.5810270292614077,2.728563976263016,3.102990972606067
float32,1178,random_conditioned,181,2000,2000,0,0.0,11.45150116204507,19.935626632874555,31.876890132689823,135.88530454850903,1.6439119450563706,2.69469430309852,4.303369791483039,18.15379484595199,3.1317105160882117,4.146372611349506,4.527809271452158,5.284195749611904,0.8692166468708828,1.123208753885872,1.2172438622793784,1.3675335575941276
float32,1179,random_conditioned,181,2000,2000,0,0.0,3.1886647905404137,4.418659084149043,4.925010677286178,5.801594707428153,1.092270624835579,1.5930716442874553,1.7836896130611406,2.1259001344123587,0.33574699195277036,0.47235979206411577,0.5271405100244264,0.6378688957036303,0.2168506422148297,0.30851883921406875,0.3451902852304892,0.4329504822209053
float32,1180,random_conditioned,181,2000,1990,10,0.005,17.124344669788012,19.08783151931543,19.683816983972594,20.75424119730424,1.8216981184861338,2.3184697575693147,2.497656849949138,2.9660834866977104,12.854603889295543,14.519087790611506,14.965487961171146,16.037818704884412,2.1662869899984596,2.589267819436909,2.736726493330956,3.089743488055567
float32,1181,random_conditioned,181,2000,2000,0,0.0,10.651848793646456,17.39305376589888,28.06387515746232,139.83764228267657,1.4960746370575673,2.38905594061129,3.611433624758366,15.389504198600491,3.084543106980083,4.092888525386391,4.475529584119258,5.2500005620639145,0.8455384624459117,1.0865324071913596,1.17794446496034,1.3481643406557329
float32,1182,random_conditioned,181,2000,2000,0,0.0,154.98360116831387,181.53523466740356,189.2250990355125,207.83380488388366,3.9135623142857536,4.306310222028157,4.425994062186407,4.76826594314939,155.39157518350856,181.52910605181086,189.7187423543269,208.40125307999705,5.0628430032901095,6.025292422770931,6.360294375965843,7.21035561027407
float32,1192,vandermonde,181,2000,2000,0,0.0,36073.696897222864,89681.38983160612,114259.06349441822,163907.67605696275,8534.991265064411,19718.578305112023,24709.99285485401,36194.72377560973,1.3894664261076486,2.4076845283823523,2.7611745083576587,3.667946597367023,0.3202206825655811,0.5674189594804377,0.6787526131175173,0.932936429040359
float32,1193,vandermonde,181,2000,2000,0,0.0,64069.36688601495,132102.96163016386,158357.89265672668,215579.06826724697,11384.398909000716,23526.966533583272,28644.025223515197,39924.96338403076,1.9937503646560373,3.3309582602775683,3.852065438305694,5.043325057901023,0.32262821561785415,0.5660142911410981,0.6678003431107647,0.9382125275300977
float32,1227,scaled_adversarial,181,2000,2000,0,0.0,1.6130224389453645e-06,5.153436505485014e-06,6.832803784830476e-06,1.2886710224851334e-05,1.6199577713772678e-06,5.09493451406158e-06,6.747919525340265e-06,1.266384062348562e-05,0.0012944328825492072,0.012023144523496959,0.020210712101675934,0.0425218221304945,0.0012535435870697307,0.011837014085344636,0.020003556722368886,0.0414792813148472
float32,1228,scaled_adversarial,181,2000,2000,0,0.0,3.1208335134845903e-10,2.3820196477101046e-09,4.14576024549354e-09,1.6976909751256296e-08,3.0497665463477893e-10,2.374751223361665e-09,4.104015953949506e-09,1.6927702329184627e-08,2.1938358643088048e-07,5.4392191656800644e-06,1.1611440522251325e-05,5.760173411476886e-05,2.1372782936578248e-07,5.370888407168976e-06,1.1180550400344196e-05,5.701536784080697e-05
float32,1229,scaled_adversarial,181,2000,2000,0,0.0,1.5362175422477306e-17,6.676701042881651e-16,1.6911263934796822e-15,1.6146655365656204e-14,1.5298377620646624e-17,6.535538823167804e-16,1.6872652522248725e-15,1.612069259062907e-14,2.3241637621958436e-15,4.667506642798748e-13,1.8031263334758299e-12,3.0539239310059094e-11,2.3185307740083092e-15,4.726759665666584e-13,1.7046629334156206e-12,3.053722020849167e-11
float32,1230,scaled_adversarial,181,2000,2000,0,0.0,5.885097699754169e-25,1.1863116352924712e-22,5.206048009388834e-22,1.0189494762022142e-20,5.874861229584124e-25,1.1707154800801256e-22,5.205174759520689e-22,1.0173599957422714e-20,4.884867394174914e-23,4.1869257736497615e-20,1.9566237438786548e-19,6.5743890756513366e-18,4.853497986571419e-23,4.1051096078015305e-20,1.9555953817173156e-19,6.571396769079012e-18
float32,1231,scaled_adversarial,181,2000,2000,0,0.0,4.8334973343463016e-08,1.1952915871225264e-07,1.5435702518935352e-07,2.8956846625855004e-07,4.950331370024813e-08,1.2185722266082743e-07,1.5893184836269383e-07,2.745494626569439e-07,4.8737866876771724e-08,1.1984656217710734e-07,1.5446222546685147e-07,2.763943680747429e-07,4.950036982684427e-08,1.2185633159952961e-07,1.5896522237747148e-07,2.745495198894167e-07
float32,1232,scaled_adversarial,181,2000,2000,0,0.0,3.115070033640467e-14,2.4745977905423095e-13,4.698612090063682e-13,1.1955739496655149e-12,3.326660115568703e-14,2.522821489569146e-13,4.72156857014644e-13,1.1879947762529333e-12,4.183501408927351e-07,0.0011596394188180975,0.004768478943260805,0.04300568664533345,4.1660535855377375e-07,0.0011584574999517455,0.0046925814642047635,0.043001752397360135
float32,1233,scaled_adversarial,181,2000,2000,0,0.0,1.2413576087270474e-21,8.170852176341969e-20,3.063668746873643e-19,3.2678089500783045e-18,1.227522432472048e-21,8.064797721096266e-20,3.016450968626051e-19,3.081406256481546e-18,1.3872432765856698e-12,1.3737895051294797e-09,5.4923028581349675e-09,6.663710895787936e-08,1.3864375023443525e-12,1.369037528120853e-09,5.492226685028251e-09,6.662140601001508e-08
float32,1234,scaled_adversarial,181,2000,2000,0,0.0,7.013701504249884e-29,1.8434852055910403e-26,9.315950442031925e-26,5.581771249252423e-24,7.013703845330303e-29,1.811584437348529e-26,9.179128093750275e-26,5.4767798431151676e-24,3.5182171069761385e-20,1.6516449006606972e-16,1.2111991473068882e-15,7.633799351989371e-14,3.514085905412958e-20,1.6516422503231787e-16,1.2109799105683798e-15,7.26392553743277e-14
float32,1235,scaled_adversarial,181,2000,2000,0,0.0,4.9088798899098645e-08,1.2198579585935568e-07,1.5826524707127432e-07,2.757644139627972e-07,4.9844940833999084e-08,1.2444015885085665e-07,1.6099502301706244e-07,2.779816433530755e-07,4.931895202391071e-08,1.228290269694418e-07,1.5928686688610237e-07,2.791589494278204e-07,4.98449408314864e-08,1.2444015797970203e-07,1.6099502303816447e-07,2.7798164336580307e-07
float32,1236,scaled_adversarial,181,2000,2000,0,0.0,2.513404354182428e-15,1.516052688316819e-14,2.878523751179446e-14,6.984447031874818e-14,2.6144661939501602e-15,1.5677379408956475e-14,2.9314342231298294e-14,7.009677434897076e-14,2.5140424067134628e-15,1.5092803860566855e-14,2.881468593892473e-14,7.100585783421808e-14,2.6144654381942596e-15,1.5677390234125156e-14,2.931364115093751e-14,7.009698506434393e-14
float32,1237,scaled_adversarial,181,2000,2000,0,0.0,1.786709471315754e-25,7.32253136001605e-24,2.0471472336423354e-23,1.9288061509776978e-22,1.7826693920945975e-25,7.333464959394327e-24,2.0280401783074483e-23,1.9288108553157444e-22,1.7093680864724622e-11,7.532215237202543e-07,6.268862022204584e-06,8.36527856165852e-05,1.7093680742844445e-11,7.532215236914513e-07,6.268230448584146e-06,8.365265496804478e-05
float32,1238,scaled_adversarial,181,2000,2000,0,0.0,7.248558361055651e-33,2.2548218138832e-30,9.839763566512421e-30,2.9470891509586493e-28,7.227615784081386e-33,2.2551619559965276e-30,9.839763404057343e-30,2.9470891509585014e-28,6.3037853454066546e-18,4.0729743258658717e-13,3.3640596920396427e-12,1.0133493292967835e-10,6.30378542664278e-18,4.072963530005584e-13,3.364059692014869e-12,1.0133348629034975e-10
float32,1239,row_diagonal_dominant_random,181,2000,2000,0,0.0,2.9433365326292766,3.5211196966165565,3.7040977626775087,4.039327372410704,2.3343380884419966,2.697639998257342,2.810794611026983,3.0654675324452705,2.945037759084031,3.5227234501114815,3.699785050954774,4.086016296306881,2.227084861395917,2.548673457197454,2.660206708223098,2.8888712789284843
float32,1240,row_diagonal_dominant_random,181,2000,2000,0,0.0,2.8142293079668566,3.3778238845666437,3.562932868412972,3.97851065641093,2.0074201823720217,2.3185754344747727,2.433614736665694,2.7121059804942855,2.8123132378225217,3.3713380740547185,3.547963388954285,3.975892841333048,1.8530803458690004,2.111589307902208,2.2110664989783566,2.373701620881846
float32,1241,row_diagonal_dominant_random,181,2000,2000,0,0.0,2.7389187499595256,3.242931768176111,3.4053435615105188,3.7647202200338024,1.8624241274465176,2.1271730698978693,2.2185205190455206,2.4260093568379864,2.7304071622514954,3.252289624120783,3.411142678041355,3.7592728038165766,1.6894704492284138,1.8930735561151022,1.9602996632922864,2.116486597991911
float32,1242,row_diagonal_dominant_random,181,2000,2000,0,0.0,2.7015078003111777,3.214982795695216,3.380323999824627,3.7029126748492964,1.7541282901883557,2.002405912987658,2.0989740505674876,2.2457032767600356,2.6983980874412907,3.216317901045282,3.3718058032475042,3.6839673132689224,1.552501500196955,1.7236329846604785,1.7845427226016783,1.8865817635490973
float32,1243,row_diagonal_dominant_random,181,2000,2000,0,0.0,2.7149316371115884,3.2569913976952654,3.442608054093201,3.7810671015110744,1.716735947891206,1.9789502119510993,2.060472189458838,2.2206203435230703,2.709871968092852,3.2534386960577213,3.439813149324669,3.762179590039058,1.4936410423215511,1.6604115305760956,1.7152035955481935,1.8407717386423827
float32,1244,row_diagonal_dominant_random,181,2000,2000,0,0.0,2.712225912668079,3.252046200019087,3.419883877630424,3.7417583955588927,1.6896495530911528,1.9348815905651513,2.0131713062904146,2.1850474537383247,2.7039788070477284,3.2422243941406372,3.419449777365934,3.731729757520313,1.456311999067836,1.614609186075032,1.663997367955356,1.7575770583899475
float32,1245,row_diagonal_dominant_random,181,2000,2000,0,0.0,2.702905946471411,3.25082867707453,3.4176950267261303,3.785341782589237,1.670837810808556,1.917471304668657,2.0006506189112607,2.18272627931199,2.7003630101390437,3.2461767113288413,3.415058308926735,3.781076231966794,1.438526172418542,1.5894484871432313,1.642003399077171,1.7708427717599864
float32,1246,row_diagonal_dominant_random,181,2000,2000,0,0.0,2.7237488877120875,3.233765351602339,3.4066222264038717,3.7791519268667653,1.6753707191029612,1.9154978105823601,1.998429844425748,2.1656308668377355,2.7131707891903787,3.22943233786624,3.4003149131259147,3.7773153993130664,1.434108613113044,1.5864722688293686,1.6328443080407133,1.7326975782247709
float32,1247,row_diagonal_dominant_random,181,2000,2000,0,0.0,2.709385228216128,3.2568803500392,3.450291946698351,3.836329790480936,1.6676397485226466,1.9220520660905525,2.016309186057483,2.208058525555635,2.6974108572956608,3.253471680219152,3.4340918924837807,3.816794583933148,1.429029096471501,1.580935708736765,1.641865917584572,1.7621604600791583
float32,1248,row_diagonal_dominant_random,181,2000,2000,0,0.0,2.775622165847638,3.3402521154125053,3.5433067019773286,3.9655371025144195,1.6928676617753013,1.9312448240296751,2.0171022917750254,2.2591567360403753,2.7724530436522157,3.3374188154610644,3.5375788450387122,3.9593079919740015,1.4575265459142148,1.6444209036349955,1.7159333807583261,1.8910747665586884
float32,1269,row_diagonal_dominant_stochastic,181,2000,2000,0,0.0,2.5465509099191777,3.1576627457570643,3.3379140852874554,3.7163315723829533,2.265296666329011,2.6218888672566165,2.7699568288006367,3.0860818447046965,2.5444895169096013,3.1598454452187017,3.341978388759013,3.7149108028972897,2.107710829418578,2.411258856381354,2.4911484115132265,2.6961383943011397
float32,1270,row_diagonal_dominant_stochastic,181,2000,2000,0,0.0,1.370240955065795,1.6283196718929622,1.7170719653513353,1.894595975980557,1.9055485227645383,2.2056314613006163,2.3175846691943556,2.5402440356024782,1.3622523764240104,1.6199666470221015,1.7119168564381395,1.8988310129724,1.5992566901240095,1.7746594169655765,1.8420834470505911,1.9465407130077883
float32,1271,row_diagonal_dominant_stochastic,181,2000,2000,0,0.0,1.0883061104718634,1.225145943985968,1.2823062475479599,1.4085513780654824,1.751713957329305,2.0445934241404298,2.14645864063325,2.3776610149074138,1.0618758798237096,1.20026285277018,1.2648554562503451,1.393709450680016,1.351039359613903,1.4645920214002275,1.513045618436492,1.6010990411391894
float32,1272,row_diagonal_dominant_stochastic,181,2000,2000,0,0.0,1.019231107615123,1.083988142382181,1.105535654710979,1.1432786967144968,1.6573562999995173,1.931739925467401,2.034329651548102,2.2783833070567305,0.9714978864015014,1.035174723754046,1.0523422920344638,1.089471926889169,1.1000531855681126,1.1666618927156867,1.195136805023326,1.2446289339452143
float32,1273,row_diagonal_dominant_stochastic,181,2000,2000,0,0.0,1.0403456590537252,1.105717158623187,1.1271288303745512,1.1572026337821901,1.6297659145186378,1.9281046513002595,2.0352775670680043,2.2807452805421846,0.9736475983148464,1.0344098265347557,1.0519211470627388,1.0913652539554894,0.9802985742890193,1.0288693202518457,1.0436196305657923,1.0817804712877812
float32,1274,row_diagonal_dominant_stochastic,181,2000,2000,0,0.0,1.0939978198614677,1.1646933258182468,1.1852889001887177,1.2290886022835323,1.6764562473562954,1.9459692176797252,2.0247105761564925,2.2681748868927922,0.9662877600073618,1.0289004925883793,1.0461177445492402,1.073828845541642,0.9364008339295544,0.9723039885539605,0.9820444193643172,1.0038488281165923
float32,1275,row_diagonal_dominant_stochastic,181,2000,2000,0,0.0,1.1214272772050622,1.1967803257482783,1.218948940932725,1.2536260647322357,1.6889639408268704,1.9589351694914943,2.074039725264541,2.3006357232963777,0.9324464114299551,0.9901082072744929,1.0074182210305773,1.036681829511816,0.9161499290265462,0.9493394447358557,0.9594209590946261,0.9758632145767995
float32,1276,row_diagonal_dominant_stochastic,181,2000,2000,0,0.0,1.14699583316395,1.2224540921206275,1.2484911252606354,1.2891090744666525,1.7444667565746026,2.0489047575971124,2.1830895066957714,2.3961639576365874,0.8614551763442944,0.9151950801999568,0.9308030651032527,0.9621726689990944,0.901172436844329,0.9302784109266495,0.9420248236245355,0.9584095306699677
float32,1277,row_diagonal_dominant_stochastic,181,2000,2000,0,0.0,1.2225252805452311,1.3064073825495188,1.3290307361448062,1.3745765731237134,1.8436957105694467,2.1474177027295727,2.2654427275829296,2.5510419556081674,0.8143744918604983,0.8655432810319006,0.8809030762107721,0.9077666137109847,0.8945406764246682,0.9246492347149359,0.9350302899038159,0.9566748765627311
float32,1278,row_diagonal_dominant_stochastic,181,2000,2000,0,0.0,1.2522671121278641,1.3361273910839253,1.3588941571895767,1.3975412878038178,1.8778933318147153,2.2046508911451053,2.3070639854480457,2.500534201291513,0.7865461709356429,0.8346542521214126,0.8466019519401508,0.8717241976080065,0.8905342619947563,0.9194276277373915,0.9298281327743394,0.9487179179374514
float32,1279,spd_prescribed_spectrum,181,2000,2000,0,0.0,1.3406241556867435,1.4310118716604627,1.4567423395330366,1.5155042135119055,0.4685829379397526,0.5060920413211625,0.5168884182284416,0.5472751718539283,0.8453555592622102,0.906584999467105,0.9313115438888173,0.9937270953080204,0.3540533228574584,0.3891042478872915,0.3995042602394028,0.4315689684912552
float32,1280,spd_prescribed_spectrum,181,2000,2000,0,0.0,1.652913250941392,1.8059499676436963,1.856677486577505,1.9468739976248985,0.4657694969888221,0.5141070900211541,0.5305599475486957,0.5726850363954411,0.686923478382168,0.7436999801846573,0.7669105107213751,0.8070120658234451,0.2603712843574443,0.2956612751040344,0.307366754047706,0.33593140514525227
float32,1281,spd_prescribed_spectrum,181,2000,2000,0,0.0,1.9107493355202645,2.1182159790079407,2.194701995111549,2.3289606555167177,0.5260118667458129,0.5834693068328678,0.6043028772684269,0.6476041072403945,0.6407168979753969,0.7049703071983262,0.7261797511200371,0.7747915868018419,0.23142507771930698,0.262048902995062,0.27393112346779663,0.3013065469563649
float32,1282,spd_prescribed_spectrum,181,2000,2000,0,0.0,2.1208829868169596,2.370863250260153,2.4596551193959013,2.617581338678334,0.5931729242900285,0.6673994859420193,0.6946897929736422,0.7577020787869388,0.5988824672129563,0.6653105688936563,0.6869647663641719,0.7267794648805355,0.21704051970161026,0.24637081751513557,0.25942709542627507,0.28331922677116933
float32,1283,spd_prescribed_spectrum,181,2000,2000,0,0.0,2.3101776583063574,2.69518948640525,2.864634398106378,3.9029409050295123,0.6705494026184192,0.7756043532224617,0.8151952466394612,0.9588786177965712,0.5627960471978624,0.6287198537104058,0.6535755019847013,0.6920790651612931,0.20924592723465202,0.23897887306532212,0.24962801725403794,0.2720419528308066
float32,1284,spd_prescribed_spectrum,181,2000,2000,0,0.0,2.784038016792017,4.814285050009269,5.4049740484350295,6.54390090171162,0.8173074629712183,1.3473280634202278,1.5204069963283247,1.8104440931503272,0.5303198136034049,0.5918699750247036,0.6127215545897161,0.6533908769889802,0.2023840650224954,0.23185426764094755,0.24240158684725266,0.26139442949214786
float32,1285,spd_prescribed_spectrum,181,2000,2000,0,0.0,5.240468578223641,6.663794825146474,7.146779918081547,7.9616017813539095,1.5581140594362006,1.9944244151288946,2.123158357897361,2.3686402755930103,0.5003468510006053,0.5632476248046552,0.5889189445302819,0.6357384582393413,0.19885604739996138,0.2285236646157462,0.2392960003980299,0.2627949875010029
float32,1286,spd_prescribed_spectrum,181,2000,2000,0,0.0,4.685907548294065,6.061143612946219,6.436347429171887,7.533391201214266,1.5840811316373917,2.0392385756838496,2.196742408147563,2.5136644272034823,0.4698157912885794,0.5346669680212872,0.5555077328686999,0.6041463020977201,0.18979426172355285,0.2236143372477195,0.23689368026247176,0.27286020593850263
float32,1290,random_conditioned,256,2000,2000,0,0.0,26.884558941575378,30.3071111737956,31.509341828235954,34.32952831804267,2.8615953335715365,3.1485712971050037,3.240405631012018,3.47110482383638,12.487316942777593,14.573830936329426,15.468154241322548,16.932757185446807,1.5152016685156646,1.747500047928205,1.8283827982454324,2.042105959687259
float32,1291,random_conditioned,256,2000,2000,0,0.0,23.221369554385976,25.419073932836994,26.007680424736478,27.584775574276506,2.1718104958427245,2.735829619242085,2.9123410689989666,3.343272264889395,17.678844588303008,19.581509892209016,20.23844629247252,21.599299845977317,2.7966045935638073,3.262050164382178,3.416167108855852,3.7784885000479376
float32,1292,random_conditioned,256,2000,2000,0,0.0,70.99979530018008,80.40092499803372,83.56484421192579,90.29251484712945,3.193628363295595,3.5037902781801953,3.604973409997932,3.810555458455244,36.502261569300146,43.13193484927721,45.94175502861697,51.05502575978476,1.6806697543428246,1.960024532357687,2.0688012078791407,2.3116076007069353
float32,1293,random_conditioned,256,2000,2000,0,0.0,15.014533392380363,17.25721820901236,17.97757707490993,19.875735737309228,2.493554324555299,2.8071690021611944,2.8929073913860153,3.1172033536198183,4.292960357789286,5.136555384675356,5.394553662082937,6.1126726488772185,0.8432707387234452,1.0063558968218076,1.0609432948479698,1.1987441433323605
float32,1294,random_conditioned,256,2000,2000,0,0.0,23.176078392077912,25.39981003453685,26.046655769026902,27.32786633849609,2.159435956833662,2.7215958145914345,2.917668541074949,3.323883116182753,17.735702918896436,19.693215085857425,20.314766033379016,21.49462070481502,2.80766324173426,3.2744049712048557,3.4413400621767782,3.8149166826774503
float32,1295,random_conditioned,256,2000,2000,0,0.0,70.71939230615696,79.52373612821168,82.54959956549193,89.1521764821943,3.3154595139043863,3.6212626532269994,3.7143108752575085,3.9209324238773533,34.70038018198072,40.95630325821563,43.45642721801156,47.37168803504344,1.586619466078894,1.871708235893727,1.9747021111970944,2.1956320129527516
float32,1296,random_conditioned,256,2000,2000,0,0.0,11.539448333531766,13.188863434682169,13.68950379791294,14.890797594235147,2.39411152281791,2.713165177087667,2.817304722803603,3.005884465496807,2.359840902393916,2.876974936695994,3.0720925882293306,3.42168290889216,0.6033765327934705,0.7440400577970884,0.794486851626585,0.8927601285015296
float32,1297,random_conditioned,256,2000,2000,0,0.0,23.2244896607989,25.499355614096682,26.13566690456629,27.4877515347735,2.1685754098970262,2.731989065272583,2.9375478724201454,3.354900096616902,17.747977004422285,19.611024246447155,20.245787100810045,21.590493827414505,2.787967319359171,3.2892782531302975,3.4395336115411905,3.746485696604894
float32,1298,random_conditioned,256,2000,2000,0,0.0,65.7494455584316,75.29753652015576,79.54387606236976,91.79191681449613,3.5243596607808216,4.139537998384459,4.455973461092707,5.250949838571698,31.286039599074996,36.809687635115154,38.641182654939016,43.067698042684285,1.5854532303948863,1.8604116473248766,1.9644640975073073,2.1840335837613267
float32,1299,random_conditioned,256,2000,2000,0,0.0,6.506791796155297,8.120364466008095,8.598411291632978,9.968047973450117,1.9306759702653116,2.350142669193638,2.4865958514404003,2.784161624201784,0.9838824660187048,1.3178469679227975,1.426855502974554,1.7182215302105432,0.4324008436862778,0.5506752766019584,0.5995547870507786,0.7181332347944107
float32,1300,random_conditioned,256,2000,1995,5,0.0025,23.274424880546718,25.3535599242353,26.04528013134833,27.270527723517922,2.169938591270035,2.7453943347735597,2.9230466195787344,3.3208324590644294,17.588060350812626,19.596711129900452,20.07165684517641,21.271949685910894,2.7836808253101557,3.25044507003416,3.4344329094954227,3.740606563588043
float32,1301,random_conditioned,256,2000,2000,0,0.0,16.489826800913548,27.4487636908829,42.821103128658905,93.68539451603512,2.062569430438001,3.270640768046632,4.808285015066942,10.028851531532917,4.3742538300211145,5.7404036369782165,6.183289333214622,7.234083621955199,1.1332220671580049,1.4121378315812243,1.5151152254241518,1.7206345751423329
float32,1302,random_conditioned,256,2000,2000,0,0.0,4.794008716885616,6.187800197075246,6.606231603868224,7.554440079726277,1.5061809797751975,1.9988882654312057,2.177913656923778,2.4854955898680045,0.5502401394099149,0.7510354855173631,0.8260309012863275,0.958989408165069,0.3358609412236605,0.45147803060581876,0.5019144933191308,0.6197401237848756
float32,1303,random_conditioned,256,2000,1995,5,0.0025,23.215591075189593,25.365626534556295,26.026064701663827,27.381181565130596,2.162240217131744,2.7102980373703276,2.881587716104947,3.360397374987915,17.675866247888084,19.612141297411533,20.257326973162236,21.233126872516724,2.788979855281629,3.268299560195697,3.4000673301685898,3.70687923709775
float32,1304,random_conditioned,256,2000,2000,0,0.0,15.167153034445402,24.930391588632865,45.53009132900449,186.2724522407835,1.9158785606734097,3.044023758551845,5.1034286493659335,20.323872493516454,4.377504060346428,5.729542276853013,6.244768894348333,7.076619375471051,1.1227248559342673,1.4170132262070028,1.5269355388768582,1.7526878960342955
float32,1305,random_conditioned,256,2000,2000,0,0.0,4.311089225415083,5.569509970805643,6.054921562073605,7.0696833638001895,1.37274127424083,1.8542331901534232,2.003228302035439,2.3293215978708526,0.4686898790371312,0.6456430810910353,0.7106709245730568,0.8627634261950526,0.2910027436525886,0.39807281871714517,0.4440538007530229,0.5531914638052491
float32,1306,random_conditioned,256,2000,1988,12,0.006,23.131335791745236,25.347708142577147,26.18956503481755,27.26749910235142,2.1503774415375267,2.697466751559186,2.8753829635918384,3.326512494723612,17.713181173554158,19.712182414075087,20.231874560318616,21.451831850524247,2.775253596044566,3.247010538786818,3.409754895841228,3.7234252183338317
float32,1307,random_conditioned,256,2000,2000,0,0.0,14.117416206594113,24.734280682656898,44.28736016467745,220.34616990363534,1.817286996008061,2.99736512206785,5.122526807250879,23.451057301669394,4.4086902736838045,5.828265656178826,6.270250829327483,7.389497795400458,1.1323739807825985,1.4280337749125687,1.5215191049208268,1.7837851150243609
float32,1308,random_conditioned,256,2000,2000,0,0.0,3.9729793105936047,5.246511089465848,5.742675165117555,6.616561639752053,1.2641849461103,1.7676175089840966,1.910091559451303,2.229755982388277,0.4179481364396442,0.5823584088967336,0.6408788801154214,0.7856602861236058,0.2601130951258287,0.3622251361884015,0.40472538211997916,0.496103118848331
float32,1309,random_conditioned,256,2000,1993,7,0.0035,23.218484156292362,25.382611498328615,26.023041387911203,27.109265228987237,2.184556637234829,2.706001276726147,2.8880030790877136,3.3649973009804137,17.740327348760495,19.705877826582913,20.36985345208516,21.53791236839792,2.818612111024054,3.2852866455814174,3.4753228928939595,3.7997099482757464
float32,1310,random_conditioned,256,2000,2000,0,0.0,13.406449214658533,21.44898328888737,33.62272463482603,109.2780467316366,1.6033115829936713,2.498825916879387,3.708567833018581,13.38194880436772,4.2833495932922325,5.617494191616694,6.060961648494827,7.136798404043948,1.0808926363933429,1.37225694756638,1.4881349001328306,1.7175272913532462
float32,1311,random_conditioned,256,2000,2000,0,0.0,264.9321435579883,302.97377253510894,315.1002756193565,345.32736612191206,5.004872268187761,5.409505170778843,5.54770609069566,5.863160626020076,264.9151747753396,304.1359880309584,315.6058974349071,346.45358629848334,7.128823983077789,8.36890566986412,8.817602320059992,10.052352959874856
float32,1321,vandermonde,256,2000,2000,0,0.0,63373.13204566257,158484.93758360253,196029.31101990485,273257.0517581207,13122.233173849227,30954.01082128735,38375.964803314615,53954.64396071444,1.5650361905053871,2.7203802722949493,3.1718091537505,4.1042452372194225,0.3173935446296894,0.5700954240830801,0.6697517282065245,0.878761618988931
float32,1322,vandermonde,256,2000,2000,0,0.0,107809.51267734537,214594.83826792813,251727.518406516,345761.80230858753,16754.68597547123,33989.189387837716,41126.75411618652,54913.24561131665,2.2377858211208586,3.8462908366153097,4.326810250790603,5.616752535356956,0.3176108152826913,0.5585722775062244,0.678684212515878,0.8773724699521046
float32,1356,scaled_adversarial,256,2000,2000,0,0.0,1.5517002473020903e-06,4.12817924748659e-06,5.5214084853814e-06,1.0448098011107237e-05,1.542483429823569e-06,4.04013100806683e-06,5.4175266935161086e-06,9.741219991842704e-06,0.0017766130161277587,0.01212752504380692,0.01982092667757934,0.044539312913355125,0.0017112471245526834,0.011803546630142792,0.01905901888511068,0.039420585244632426
float32,1357,scaled_adversarial,256,2000,2000,0,0.0,2.492954474244235e-10,1.5856620191621907e-09,2.4747420705088815e-09,7.01874254760742e-09,2.508298115337177e-10,1.5729691325240993e-09,2.4146819765572333e-09,6.883213495408801e-09,2.751429128734459e-07,3.5953166587462566e-06,7.176962334049252e-06,3.087323258802429e-05,2.710572011835325e-07,3.535053684188787e-06,7.007911775096672e-06,3.027058921522027e-05
float32,1358,scaled_adversarial,256,2000,2000,0,0.0,8.762442862067259e-18,2.8777843054940627e-16,6.926213869803831e-16,5.2455586093458705e-15,8.675411701827649e-18,2.7885976990225723e-16,6.901497986824473e-16,5.1560388593508395e-15,3.671970571467417e-15,2.8829629454523937e-13,1.0124548100920554e-12,1.0647503530677833e-11,3.648569078137223e-15,2.8789231936864964e-13,1.009285648427402e-12,1.0509349595512996e-11
float32,1359,scaled_adversarial,256,2000,2000,0,0.0,2.6763839545424885e-25,2.5695663106103e-23,1.150403938580618e-22,1.2102255832757724e-21,2.644518111454808e-25,2.551900600647387e-23,1.1495488694850325e-22,1.157855998002919e-21,3.6592107663071934e-23,1.8371777737290693e-20,1.2252194559220486e-19,2.6716737348304678e-18,3.6516712377601074e-23,1.7891022328553527e-20,1.0683887941487261e-19,2.67138539280352e-18
float32,1360,scaled_adversarial,256,2000,2000,0,0.0,3.6802450013846135e-08,8.033649611679005e-08,1.019637322572053e-07,1.516887300605073e-07,3.760976519556457e-08,8.014856258056588e-08,9.872815788853488e-08,1.4971931137312803e-07,3.676195945517815e-08,8.061490602309721e-08,1.0114105236552603e-07,1.538935099338003e-07,3.7629957862077076e-08,8.001751695375686e-08,9.872806162533772e-08,1.497193139856299e-07
float32,1361,scaled_adversarial,256,2000,2000,0,0.0,2.5140609097312946e-14,1.414737318113432e-13,2.3010849219923134e-13,6.40547581356301e-13,2.6164065913917686e-14,1.4346093807343944e-13,2.3347342337729093e-13,6.306184265288912e-13,1.399051342702407e-06,0.0015368157478351334,0.004982086443858194,0.02861349861464999,1.3989526559461688e-06,0.0014814250570687711,0.004979116617750136,0.027541288008212712
float32,1362,scaled_adversarial,256,2000,2000,0,0.0,9.225941382560166e-22,3.0497551016989777e-20,6.469092877477198e-20,5.041034437646671e-19,9.203380428294576e-22,3.001696269323881e-20,6.332553067707063e-20,5.022723008516837e-19,2.0437835432370234e-12,9.758291932764298e-10,3.107754024514696e-09,3.702746696427616e-08,2.027246504719098e-12,9.56499096400421e-10,3.100788079976378e-09,3.699416440842982e-08
float32,1363,scaled_adversarial,256,2000,2000,0,0.0,3.3200225025944106e-29,4.592489526613148e-27,2.3274126244037456e-26,3.03234837419389e-25,3.310019044419736e-29,4.556565039738898e-27,2.3238693198051707e-26,2.93327863463328e-25,3.2336521267534254e-20,8.589002769351074e-17,6.499411732599923e-16,1.7218757764248197e-14,3.198749719742363e-20,8.554538662178456e-17,6.398902156960484e-16,1.7218754130971514e-14
float32,1364,scaled_adversarial,256,2000,2000,0,0.0,3.665679423313387e-08,8.22329394786423e-08,1.0383610600834741e-07,1.6499152930503407e-07,3.752231860701793e-08,8.255526773561691e-08,1.038322452282786e-07,1.6739650517422047e-07,3.6882307705452595e-08,8.141056892822956e-08,1.0382007746348468e-07,1.6916378150103022e-07,3.7522315095762635e-08,8.255533374789084e-08,1.0383224615837034e-07,1.6739650578000115e-07
float32,1365,scaled_adversarial,256,2000,2000,0,0.0,1.5300216972222035e-15,6.433138667043405e-15,9.289278150450368e-15,2.901265174809091e-14,1.5850282745110995e-15,6.669093214461582e-15,9.873237718685449e-15,2.8328127149099498e-14,1.5372722931285482e-15,6.4566642707080605e-15,9.373017777028583e-15,3.018052604898369e-14,1.5850282745133513e-15,6.669093224044203e-15,9.873237901478208e-15,2.8328127149763542e-14
float32,1366,scaled_adversarial,256,2000,2000,0,0.0,9.94411350874775e-26,2.7337548179409142e-24,7.559796698997946e-24,3.944404927148051e-23,9.940138791563571e-26,2.7303485321773907e-24,7.4934891516369e-24,3.893950467780536e-23,9.375308413994137e-11,7.882634971381191e-07,4.63047783412533e-06,5.12743650929871e-05,9.360494009475368e-11,7.743248622879985e-07,4.630390880146266e-06,5.12743650466946e-05
float32,1367,scaled_adversarial,256,2000,2000,0,0.0,3.558791807785923e-33,4.885751933452476e-31,2.746507671126789e-30,4.985358489551896e-29,3.520465265935032e-33,4.88575193353582e-31,2.7448549679894277e-30,4.8210894076193045e-29,2.118672122440845e-17,1.3753579173461996e-13,9.650836762772186e-13,3.274255517022681e-11,2.118671693591548e-17,1.3753388938067004e-13,9.577063632285273e-13,3.2742493882672786e-11
float32,1368,row_diagonal_dominant_random,256,2000,2000,0,0.0,3.0963589231487703,3.680509175029587,3.866965567172608,4.2528691723165375,2.4592017984814754,2.820967559080515,2.944021416856364,3.22540598845136,3.094604148851017,3.6828093554150665,3.865890243234896,4.2495070286994086,2.356668420250201,2.6811529768297406,2.797843872561264,3.0097130498549465
float32,1369,row_diagonal_dominant_random,256,2000,2000,0,0.0,2.9708430323936725,3.505436751105004,3.678296846486346,4.106166711663109,2.125101683097416,2.404974696175514,2.5030778055047334,2.7287572890528704,2.969336034591545,3.5071458832845868,3.673924175124839,4.10951821970067,1.9655020600537305,2.1955772963428437,2.2752050683900213,2.425237730264011
float32,1370,row_diagonal_dominant_random,256,2000,2000,0,0.0,2.9293166996393953,3.491367383071647,3.6954762371214738,4.102024295742823,1.9896272103538761,2.2604939318091373,2.3658563084263755,2.5840849914939388,2.9330217565250254,3.4890386025858118,3.6946503409452305,4.097186397614825,1.801771864140795,2.00155408497793,2.0690786844198965,2.1992318398316395
float32,1371,row_diagonal_dominant_random,256,2000,2000,0,0.0,2.9190851535205695,3.4265852106899413,3.6159681086043975,3.9165666182996293,1.8626430715106785,2.109740249314907,2.186173135056232,2.3752084298917313,2.913408875816466,3.43791047396804,3.6035303506107246,3.9112917421076885,1.6501181241868674,1.8076017675124731,1.8570672537179687,1.9584893301642383
float32,1372,row_diagonal_dominant_random,256,2000,2000,0,0.0,2.938751389043114,3.4951308626125224,3.6939118219364766,4.015277514749666,1.8213897495290148,2.0583212844452166,2.1437723108622357,2.317503863221248,2.9362678749759494,3.493790089666005,3.6798031171125776,4.012493956551214,1.5798555807828452,1.7279830637395523,1.76972933812542,1.8497561970766012
float32,1373,row_diagonal_dominant_random,256,2000,2000,0,0.0,2.932254717193006,3.4715602951524365,3.659770993018435,4.024795995742571,1.781019193836492,2.0078256006795456,2.0844626074467048,2.276970244251873,2.927012112630455,3.4669846885562636,3.656436532835819,4.020574415446926,1.5410629648993228,1.6807667545151408,1.720713425641286,1.8058847994578433
float32,1374,row_diagonal_dominant_random,256,2000,2000,0,0.0,2.9574185699485187,3.5331834758808935,3.7418935309919124,4.148473152322015,1.7712138040780054,2.036180375577931,2.123311955791261,2.345284409622007,2.953401309253251,3.519347332971717,3.731804900526783,4.140642600262581,1.5314813448491162,1.666651163625468,1.7049675811130722,1.7992319343362109
float32,1375,row_diagonal_dominant_random,256,2000,2000,0,0.0,2.9398619111848454,3.4964348395563816,3.7076340946816115,4.088405942916539,1.7628951830557056,2.0039530498686564,2.096939750058477,2.308645992909598,2.9342612160692703,3.498640980058868,3.718729607358299,4.086714597422543,1.5227378840083934,1.6572874845748664,1.6980282434142877,1.8000559973013308
float32,1376,row_diagonal_dominant_random,256,2000,2000,0,0.0,2.9408298900623135,3.5074161820867866,3.715762517020209,4.083604314528637,1.7715960067374201,2.010923473347349,2.0913181971043655,2.284164537968543,2.93539225753679,3.509917531260872,3.709669954659942,4.076999788447086,1.5165710845157818,1.6598832136516142,1.7017826503819966,1.7865663392985809
float32,1377,row_diagonal_dominant_random,256,2000,2000,0,0.0,2.9495248822596936,3.4816103977700066,3.668100836855386,4.197136444590022,1.7601227682233542,1.9851430910663324,2.075228963554286,2.320975297962506,2.950831801357012,3.4731871177682723,3.6641502894121727,4.187581859263736,1.5158381300207524,1.651901754862233,1.7038613817218684,1.8373663608244157
float32,1398,row_diagonal_dominant_stochastic,256,2000,2000,0,0.0,2.880183830157539,3.4981286309800725,3.6649324693618026,4.078375171318971,2.4084886036700572,2.762357223722632,2.8839738431788944,3.1494011758114433,2.87766174621921,3.4965444611155325,3.6738750536967375,4.076660978369337,2.247711635090735,2.5435930937655873,2.653052554813388,2.8414896312038698
float32,1399,row_diagonal_dominant_stochastic,256,2000,2000,0,0.0,1.431526386701876,1.7058365475082724,1.8022017252235238,2.0848699900244068,2.0205100257645494,2.3073320181761345,2.4258265245331185,2.615121449284531,1.424581389876672,1.702406644647907,1.8027608604197942,2.0799274796231715,1.7299960128749698,1.8915346867250453,1.9494972843042064,2.061699715674801
float32,1400,row_diagonal_dominant_stochastic,256,2000,2000,0,0.0,1.1191109062574838,1.2597388694058562,1.3201538137190998,1.4305066034381233,1.8639797636993045,2.1485340995850093,2.2514890892695782,2.467390860071283,1.090523644544809,1.2418332273050994,1.3022804359416356,1.419034873545381,1.480211623183884,1.5962512955550665,1.632686417469761,1.7036983834200226
float32,1401,row_diagonal_dominant_stochastic,256,2000,2000,0,0.0,1.0376027213704997,1.0946847363104333,1.1098869934710855,1.1391703498672885,1.7664314428624812,2.0290361457272703,2.1217497739942055,2.3453894001410855,0.9955525551447029,1.048294003407184,1.0652192302047028,1.09497472786966,1.2226105158607945,1.2842884365087421,1.304030459046376,1.3572048748591858
float32,1402,row_diagonal_dominant_stochastic,256,2000,2000,0,0.0,1.0561143476778763,1.114106512456104,1.1305986200455098,1.1627023949977928,1.7518211673771555,2.005902073694102,2.0985260668046544,2.304065302983418,0.9986247472775647,1.053580016717366,1.0709036220502426,1.0991407092858996,1.1221230431277753,1.163547029446656,1.1776293673872655,1.2049609743277538
float32,1403,row_diagonal_dominant_stochastic,256,2000,2000,0,0.0,1.1056521399233112,1.167645286266672,1.1833440111479572,1.2203737540851582,1.7860034907199613,2.046893607848782,2.135588919079918,2.3344316158695215,1.001077888175558,1.0560638240367712,1.0713639939890371,1.1018260131778044,1.099267012886607,1.1337616467107214,1.1471069354242864,1.170078595189377
float32,1404,row_diagonal_dominant_stochastic,256,2000,2000,0,0.0,1.1199169606914197,1.1804651711228331,1.1995171913537124,1.2332449601416673,1.7720116190800717,2.027784665550378,2.1123719847835734,2.264946829969838,0.9696095634988362,1.0186691193620359,1.0343185989058938,1.0596537403727215,1.0799398804046967,1.1118830556829307,1.12154754649159,1.146322346474564
float32,1405,row_diagonal_dominant_stochastic,256,2000,2000,0,0.0,1.1609955526795497,1.2254735887349952,1.2415933193976179,1.271639454825952,1.8271163634151244,2.1004416940467463,2.190533429240467,2.37510011369002,0.9451807264512166,0.9948892494477963,1.0087711955910827,1.0335382342158224,1.078436041580144,1.1066105596275506,1.116627606106562,1.137168245777219
float32,1406,row_diagonal_dominant_stochastic,256,2000,2000,0,0.0,1.1740014310150442,1.2467261089731037,1.2646990012068076,1.2947605779502513,1.837863852594944,2.106588683622294,2.1943784290975223,2.3727571542076884,0.8530769947968061,0.8990789401263207,0.9129660352948212,0.9338040598880571,1.019044821088162,1.044544319996018,1.0539044567986608,1.0768775659610745
float32,1407,row_diagonal_dominant_stochastic,256,2000,2000,0,0.0,1.2175756877947992,1.289175821966131,1.3113438430017936,1.3562884979973866,1.8972764386516183,2.179589570635786,2.279041062572273,2.457477741063001,0.8107851751513824,0.8513779106702442,0.8637686321952258,0.8846241337145215,1.0152043418126735,1.04272884862875,1.0513187590140232,1.0696266921113446
float32,1408,spd_prescribed_spectrum,256,2000,2000,0,0.0,1.5529479951062626,1.64495462210593,1.6707369858575072,1.7324503890479621,0.46910408797258824,0.5006297427463685,0.5118786621388225,0.5385183724032935,1.0206334172542644,1.1165768776397622,1.1595196657818512,1.2600813059725229,0.36949877240484574,0.4057453014162925,0.4183040612744922,0.4587034884785292
float32,1409,spd_prescribed_spectrum,256,2000,2000,0,0.0,1.8856219529837268,2.0217441170374575,2.0652344491448993,2.139038987216052,0.46282595948133537,0.5007127782399822,0.5148958286597618,0.5535022501238687,0.8126712568472534,0.8686971227816199,0.8831374467815427,0.9309154383478154,0.27976887355372027,0.3244100565309128,0.34272809414154454,0.387747468563844
float32,1410,spd_prescribed_spectrum,256,2000,2000,0,0.0,2.170610143672755,2.3572923530712564,2.4087610463174287,2.509263320988984,0.5239914594530402,0.5747820009946506,0.5911707040356956,0.6336954045410006,0.7489929314560732,0.8068388278182773,0.8278876428964171,0.8684902385638471,0.246358480923363,0.28478545063843075,0.30148885941218134,0.3388193825864926
float32,1411,spd_prescribed_spectrum,256,2000,2000,0,0.0,2.420049976021673,2.6529449062854074,2.728769214064634,2.8591062670698086,0.5937197827985791,0.655261695526606,0.6781758744042522,0.7178966291957136,0.701333887390308,0.7645953612671298,0.7859228210036219,0.8322480317188943,0.23018448031410504,0.25940523475606525,0.2704062821050665,0.30105644087231404
float32,1412,spd_prescribed_spectrum,256,2000,2000,0,0.0,2.6423267626511926,2.927896655261575,3.021931804645404,3.207838875346007,0.6684299943345167,0.7419041387672028,0.7627274183528727,0.8103228012710385,0.6601191453971549,0.7203631219355882,0.7415493650319754,0.7749075513622635,0.22043969455817483,0.24889604211583136,0.25939770635626774,0.28408693163203447
float32,1413,spd_prescribed_spectrum,256,2000,2000,0,0.0,2.8579719608319656,3.2654967895037026,3.4442636728954676,4.475954296840913,0.738594506733008,0.8362141503822561,0.8777364326592032,1.0083853012936648,0.6223743569204789,0.6865402521671562,0.7056999766268799,0.7419165520980142,0.21320705092691555,0.24016256942645145,0.2517388842827053,0.27477439411737803
float32,1414,spd_prescribed_spectrum,256,2000,2000,0,0.0,3.209484480063831,5.60202051842069,6.66431916028825,7.942536282806855,0.854643473114693,1.3808614930213456,1.6081424348406055,2.0114304077537186,0.5876202849088152,0.648758082936582,0.6695764136853156,0.7063672671539942,0.20767720200807488,0.23546921600237616,0.2461110745126412,0.2725419367042249
float32,1415,spd_prescribed_spectrum,256,2000,2000,0,0.0,4.115767950971163,5.905659476790069,6.486602226129243,7.45371487411942,1.2917566894907917,1.8215624843680753,1.9695557476886836,2.266769321803219,0.5499807268423066,0.6110684732166922,0.6328761093885966,0.6802732063825493,0.19453455759559202,0.22085370228779347,0.22943423605053986,0.25493661596809986
float32,1419,random_conditioned,362,2000,2000,0,0.0,43.113237606760954,48.800172855858044,50.682984731874846,54.358259512894314,3.650392766543202,3.9760521161585567,4.071349312070718,4.3201034385201105,20.568810736278053,23.628233612458427,24.772600694266174,27.43109976073925,1.98884987598802,2.2503793331344997,2.3617590239356447,2.5892672590543304
float32,1420,random_conditioned,362,2000,2000,0,0.0,31.63042455598368,34.12116967316839,34.83753208515543,36.4247037685224,2.600573309573095,3.201215416064466,3.397605314432812,3.884925887254595,24.401911717432895,26.81937328694102,27.511084401874335,29.185697412566938,3.616461634431717,4.187526800995905,4.39453275426729,4.76575001592055
float32,1421,random_conditioned,362,2000,2000,0,0.0,113.47364993325482,127.30126649134584,132.4024970978957,141.71952599845503,3.9661464244210345,4.294768976688005,4.388995669133912,4.598800278168741,60.42905817746171,70.28368338939153,73.6732843216027,82.15730140458281,2.1698540296183726,2.466530761915871,2.5820320427778585,2.8786694329537257
float32,1422,random_conditioned,362,2000,2000,0,0.0,23.631444457271815,26.57669033743787,27.6034124597917,29.88660955539665,3.166909978997659,3.496430932138904,3.5951877438586144,3.7904595759413047,6.944396225993923,8.156854056707363,8.57794537624734,9.850225490954085,1.0836565735581096,1.277812477077264,1.3553440051364178,1.5053302372768331
float32,1423,random_conditioned,362,2000,2000,0,0.0,31.625223271443687,34.13708345048757,34.880269916070816,36.401310093938356,2.5915125950292524,3.194272670786249,3.3798843482617147,3.862163649940202,24.384839453158815,26.59042302678328,27.360004934413805,28.698832279757667,3.611401830080728,4.191661796410531,4.371181869484134,4.84290383807064
float32,1424,random_conditioned,362,2000,2000,0,0.0,111.85208917351028,125.94183066886976,130.06617359053254,141.6782257515887,4.04673212895557,4.360885981475,4.465728334739462,4.702324339923636,57.70130212361736,67.00630041389739,70.97663458875978,79.36888359514269,2.051810876147474,2.36789080228273,2.4848914140917815,2.706584975880396
float32,1425,random_conditioned,362,2000,2000,0,0.0,17.601486973981412,19.842410048367398,20.59830929006621,22.228879284192658,2.98939447105467,3.316970718634063,3.420892882927626,3.626997888084271,3.780192842422736,4.53068227946366,4.769158002773881,5.424048385991814,0.7744962094888763,0.9268807426486091,0.9868980716823677,1.1051070519250719
float32,1426,random_conditioned,362,2000,2000,0,0.0,31.690618175417306,34.038519995114505,34.77366499929274,36.02660971595026,2.595572898859876,3.1967550120461503,3.439866483645984,3.9276262800384125,24.491023096590318,26.65837119235784,27.365849798675857,28.59122234065239,3.6414572585065654,4.184983498521753,4.377603086097727,4.708916971973214
float32,1427,random_conditioned,362,2000,2000,0,0.0,97.64310262851444,111.61461076287142,118.59195399350604,144.2563656038707,4.379020700286906,5.195817414454027,5.669918777984641,6.7870218350973035,48.55956987306324,56.41717011852122,58.72852077950262,64.51912051550424,2.0346216380343947,2.352926690079369,2.4725490637977328,2.788322725000469
float32,1428,random_conditioned,362,2000,2000,0,0.0,7.764644202260068,9.772525960462998,10.337662735897094,11.465599173749272,2.181705157958624,2.6624458201273846,2.7807566632102945,3.072191014803189,1.2118515403824075,1.6413365496127592,1.7849631284337855,2.0579260450295043,0.525456259360102,0.6609753631692745,0.7004540854157225,0.8364688370501921
float32,1429,random_conditioned,362,2000,1990,10,0.005,31.61102028776861,33.91378035002464,34.59694305734625,36.16092027835455,2.5924981224047716,3.1860634035653286,3.3790856873517314,3.8208336077299982,24.41752058457255,26.629981951472747,27.324579957712473,28.641459596693366,3.605506216884283,4.137515521649602,4.312526410203871,4.700437369741373
float32,1430,random_conditioned,362,2000,2000,0,0.0,22.768484032516035,50.33864014410592,89.88175109968952,203.23817439696685,2.4607313218098454,5.018103288508513,8.522130310987436,18.781667110964115,6.090101669801534,7.762128296498993,8.353620252601575,9.762504231666266,1.456724521661584,1.7804388351293654,1.8991016233989433,2.1405644793938623
float32,1431,random_conditioned,362,2000,2000,0,0.0,5.93178108039932,7.404892193361099,7.801427812513902,8.483333066083665,1.714818181790818,2.1899961156316756,2.3259291567109206,2.6818513191193,0.7129300832182591,0.9545866587393975,1.0458565730069105,1.2590752778208203,0.4189752333646359,0.5467738602133005,0.5989753090040952,0.7104503364738434
float32,1432,random_conditioned,362,2000,1991,9,0.0045,31.675915512548677,34.089714601872934,34.88686848418013,36.423408473073785,2.5996563681696823,3.220081932760439,3.4554396966380176,3.866126952993795,24.428901327857627,26.56107611216846,27.267538230302932,28.290327341012162,3.6079289888359822,4.176970236177912,4.3530343283028525,4.750956371047995
float32,1433,random_conditioned,362,2000,2000,0,0.0,20.680323707416473,49.968260354815065,92.45489434963068,501.5350434141355,2.3053409270950667,4.958353296703465,9.023571857272765,45.718015440606976,6.1104855291573665,7.82666668938791,8.450333192590149,9.86066892799553,1.46659125166334,1.7915632728090154,1.8865542280085634,2.1379603884640996
float32,1434,random_conditioned,362,2000,2000,0,0.0,5.422544767663874,6.84327291784187,7.203510830497484,8.115591923446614,1.6022384329713533,2.0549875037685945,2.1882878821231015,2.4946691173070064,0.6141919865625773,0.8257744263238312,0.9004346069444708,1.039626611172645,0.35943765486335033,0.4733243535602376,0.520594809310311,0.6269687248754557
float32,1435,random_conditioned,362,2000,1991,9,0.0045,31.61661360445063,34.161474856028505,34.81410994199955,36.017657463252156,2.582025958609532,3.1530047726691706,3.3284952272766812,3.729250130691897,24.39565601208391,26.70862258232882,27.353254978227355,28.5865275860454,3.6145004691598173,4.199033433941415,4.374495492791449,4.778445904070876
float32,1436,random_conditioned,362,2000,2000,0,0.0,19.317350209822145,47.288002221402,88.03304370334085,362.69477781169473,2.174591798106233,4.904321038882903,8.821086226943514,36.9328185043986,6.024797640660992,7.788793660748875,8.523435671242089,9.704009429279099,1.4563192788181643,1.7914642429062095,1.877928952434323,2.0929872724563885
float32,1437,random_conditioned,362,2000,2000,0,0.0,4.947694804630391,6.247244209968977,6.681558937011846,7.797313037939241,1.472933385743746,1.8915915064494435,2.0385228587661723,2.3597512446694378,0.5368553108474385,0.7283216167576122,0.791005636048776,0.9449000351139668,0.3215052662377348,0.4302919688426871,0.4697087706360347,0.5604934315918245
float32,1438,random_conditioned,362,2000,1993,7,0.0035,31.587376363835183,33.96636918333093,34.601195233621056,36.14832899414833,2.578241256815912,3.2383461086490333,3.473023608719996,3.827160106875853,24.39162541112502,26.6648928346887,27.483307104856603,28.989289958833453,3.621389499991136,4.172019032635741,4.349756043695558,4.742708330141079
float32,1439,random_conditioned,362,2000,2000,0,0.0,18.535261651960433,51.41747592871936,105.45604422273836,460.2340133002413,1.8992158715645597,4.667218965534552,8.925037768527341,45.90556907274877,5.95071756819157,7.582902844946998,8.25288891633599,9.677103862748183,1.393405667333357,1.7394514420743057,1.8386881198531246,2.114871277882807
float32,1440,random_conditioned,362,2000,2000,0,0.0,454.042815934259,514.1494483411988,535.2135819719612,577.7582252975725,6.375837489446228,6.850759089010675,6.99419362035372,7.323097612880557,454.18192322294664,514.4744916872423,537.0119002229964,578.1298126839689,9.862059747865203,11.319398541693026,11.951405330830168,13.265774604925133
float32,1450,vandermonde,362,2000,2000,0,0.0,102370.9229850246,249003.46866350112,306241.84673427785,442083.0596493553,18923.41341479086,44621.35062146432,52974.46868538443,75887.103610309,1.8241159097364021,3.098639263190695,3.527267314957371,4.625061275256492,0.31477275696076445,0.5538304402915413,0.6428063133515136,0.8384040174466045
float32,1451,vandermonde,362,2000,2000,0,0.0,170235.7077798924,324227.56003054156,378382.8007052389,529810.2539442554,21156.365249675047,39879.570950109744,46441.28664903941,64274.27166192413,2.704246792067158,4.673485468147085,5.37156684880162,6.663442266775272,0.30741364730846843,0.562004161791902,0.6583081687613406,0.9337287742818076
float32,1485,scaled_adversarial,362,2000,2000,0,0.0,1.4582519687401204e-06,3.395448315652086e-06,4.3654174924018605e-06,7.130070000220145e-06,1.4550331055913638e-06,3.313689111955334e-06,4.228078426532252e-06,6.844648610450468e-06,0.0022436997110959586,0.012304070925765215,0.018353769393342805,0.03312332712778338,0.0021723493200077612,0.01195045461113093,0.017565130094314495,0.0316784479325632
float32,1486,scaled_adversarial,362,2000,2000,0,0.0,2.156223252438124e-10,1.0407495973040803e-09,1.6973251488892074e-09,3.81810745674701e-09,2.144142115602098e-10,1.0209132957969615e-09,1.6731031942561314e-09,3.6329407427794245e-09,3.304589932185978e-07,3.4134111113016077e-06,6.165967075007246e-06,1.5778651960229493e-05,3.296895971113799e-07,3.3233129486901374e-06,6.00204330314091e-06,1.5144175439817465e-05
float32,1487,scaled_adversarial,362,2000,2000,0,0.0,5.708049764513471e-18,1.0776157647022196e-16,2.56652386926653e-16,1.3256296274814425e-15,5.7026073877845264e-18,1.070074618613336e-16,2.555034269551061e-16,1.307559179017143e-15,3.4458972646396333e-15,1.9987432780790577e-13,6.008804994768868e-13,3.6631928406050004e-12,3.439438127861661e-15,1.961958005780407e-13,5.740728212678726e-13,3.5633104175718825e-12
float32,1488,scaled_adversarial,362,2000,2000,0,0.0,1.9519548127042842e-25,1.0332599171618873e-23,3.5657418939910896e-23,3.452538439812262e-22,1.9316999321683567e-25,1.0399211911686817e-23,3.2465735768512404e-23,3.4523539811375804e-22,3.649833851988749e-23,1.023018626184205e-20,4.9381486791922374e-20,6.974677698775881e-19,3.6311984529023666e-23,1.0046829155928998e-20,4.938168473114559e-20,6.974667903185376e-19
float32,1489,scaled_adversarial,362,2000,2000,0,0.0,3.0174891806128064e-08,5.6836595629894736e-08,6.806003953614538e-08,1.0102466489850834e-07,3.078516404823155e-08,5.705326029548805e-08,6.800056958511787e-08,1.0340552311805729e-07,3.028954184116876e-08,5.6648703137876775e-08,6.776939825362671e-08,1.0219198363305796e-07,3.0785166372503425e-08,5.7061788518201645e-08,6.804422122924706e-08,1.0340411940014753e-07
float32,1490,scaled_adversarial,362,2000,2000,0,0.0,2.1883137410028726e-14,9.443951414586586e-14,1.4590768493602334e-13,3.8547005908678694e-13,2.2317473895349255e-14,9.45198957448855e-14,1.4824962610715693e-13,3.7694709536155777e-13,7.448652665802604e-06,0.002277208802310044,0.006480948468089829,0.03224537597418622,7.345107456167426e-06,0.0022698041325435914,0.006427165793092822,0.030518222631795232
float32,1491,scaled_adversarial,362,2000,2000,0,0.0,5.314426650840253e-22,1.012909947677029e-20,3.1638686389314734e-20,1.6032104899992177e-19,5.237527864189825e-22,1.0080534168212994e-20,3.0291443515504746e-20,1.6021393248619697e-19,3.264460035908318e-12,6.353947900724271e-10,1.797543760577998e-09,1.6945335272051426e-08,3.2644212184038044e-12,6.335212153201836e-10,1.7921672668048973e-09,1.6708368888135944e-08
float32,1492,scaled_adversarial,362,2000,2000,0,0.0,1.9003752010589073e-29,1.2388311693629218e-27,4.4114398151123425e-27,6.487762349505545e-26,1.9240948638278162e-29,1.2186693413818554e-27,4.411434837650224e-27,6.486445904669982e-26,6.478476782190767e-20,3.8431264913059347e-17,1.6247444435661172e-16,2.937032814249672e-15,6.46729062801888e-20,3.8394533855824486e-17,1.6247150148289494e-16,2.9370120584904425e-15
float32,1493,scaled_adversarial,362,2000,2000,0,0.0,3.003577277356039e-08,5.622083468364547e-08,6.632793742625953e-08,9.394786703398374e-08,3.065089534154808e-08,5.653040776659559e-08,6.735502179358116e-08,9.276367634965349e-08,3.002279954973099e-08,5.618560121151945e-08,6.675116771272631e-08,9.290289173745667e-08,3.0650895661241575e-08,5.6530407765986914e-08,6.735502593751609e-08,9.276367796367317e-08
float32,1494,scaled_adversarial,362,2000,2000,0,0.0,9.626921586690282e-16,3.437030391775077e-15,5.41214698576557e-15,1.0781715465135238e-14,1.002739661872925e-15,3.525697549843228e-15,5.642388094540868e-15,1.0932418060497081e-14,9.650037835552066e-16,3.4098032124083936e-15,5.402353385071241e-15,1.0914087779732379e-14,1.0026262310678968e-15,3.5256656510919617e-15,5.6422803805933155e-15,1.0931162639398597e-14
float32,1495,scaled_adversarial,362,2000,2000,0,0.0,5.79620863313641e-26,1.010272024111027e-24,2.64238373446395e-24,1.510908282501277e-23,5.781454486842791e-26,9.859448707620808e-25,2.5624693508656985e-24,1.5100474036094682e-23,3.7978324680715667e-10,7.106559298406114e-07,3.3745219461235197e-06,3.2620908008469e-05,3.762728885279872e-10,6.823455225504676e-07,3.372551110110905e-06,3.261847145357275e-05
float32,1496,scaled_adversarial,362,2000,2000,0,0.0,1.7679483152429837e-33,1.2601220392731585e-31,4.100514047632941e-31,4.578710703181936e-30,1.7451334660248815e-33,1.2509864480887156e-31,4.096621942969955e-31,4.3889159349203035e-30,4.935725708332392e-17,1.194911884901307e-13,7.452362295588721e-13,2.0587533059598474e-11,4.935658617145883e-17,1.186926189509316e-13,7.419755674844783e-13,2.0440305383560387e-11
float32,1497,row_diagonal_dominant_random,362,2000,2000,0,0.0,3.340316313847995,3.930960486822614,4.179024934780326,4.62796925890461,2.6712977650671483,3.031209121776509,3.1987182672577954,3.4990508328857937,3.339980318274618,3.935758154635165,4.176050286415596,4.626692984095552,2.5590863977455935,2.8880133318069046,3.024969152922809,3.2820505844309285
float32,1498,row_diagonal_dominant_random,362,2000,2000,0,0.0,3.2284824816402695,3.8205627666560065,4.042938544292597,4.412889042388942,2.3308836760124882,2.6342253412377006,2.7397549274178354,2.981544702340034,3.229108483370778,3.8181282016555533,4.043063338655508,4.43234720430556,2.1751270438893915,2.422432094000309,2.5026885149266653,2.684005968606143
float32,1499,row_diagonal_dominant_random,362,2000,2000,0,0.0,3.226679084281125,3.814411859901001,3.9846813945697974,4.438111633217196,2.1988657829929585,2.4827600596830894,2.57392828915345,2.7856165469980714,3.22269101666717,3.8138653133849454,3.9828353433110792,4.435497241180735,2.0117728170713307,2.2241518165810965,2.295317867887846,2.460135578721378
float32,1500,row_diagonal_dominant_random,362,2000,2000,0,0.0,3.256157937941814,3.8382557191637745,4.032799628615454,4.421497144126252,2.087468361705309,2.3463585485921263,2.425264881653503,2.598909860915124,3.2544696194176543,3.8412363371388634,4.0374902190758855,4.413303251888173,1.8614232532616013,2.0431454177968327,2.112091562736491,2.2298505488742113
float32,1501,row_diagonal_dominant_random,362,2000,2000,0,0.0,3.26143164966642,3.8413644346099405,4.044518558426241,4.432357984379221,2.017716887030043,2.2614548580689453,2.357306178780909,2.5184401417473232,3.257026896601479,3.8476924551061824,4.041840193031301,4.436212400587726,1.794404710304873,1.9660332219687409,2.0129855223209763,2.1387319988319455
float32,1502,row_diagonal_dominant_random,362,2000,2000,0,0.0,3.26848762429879,3.836826368630243,4.00144340576305,4.415175179268824,1.989129311815056,2.212758733259114,2.289627577633071,2.4567803259447993,3.2654948092381773,3.8390977948893137,3.9977151698848474,4.413204320828512,1.7476515685065808,1.8922338266339593,1.9404800179272435,2.0482782350263244
float32,1503,row_diagonal_dominant_random,362,2000,2000,0,0.0,3.270762985182703,3.851129770224877,4.063664905725157,4.398750663021817,1.9730975584127224,2.2124507684725403,2.2938667934732213,2.4614518716848015,3.2721237669902368,3.852298080510697,4.060553632442079,4.391412040501975,1.7283295198862936,1.883247244486116,1.9295986709236925,2.0384037303445233
float32,1504,row_diagonal_dominant_random,362,2000,2000,0,0.0,3.2662915859547432,3.8664953707932304,4.063647069185514,4.427620755950056,1.9673283930406016,2.2099577757676254,2.285365038673069,2.4548898528648735,3.269956930334168,3.864071360175503,4.055726077073644,4.438342633262619,1.7243471989976566,1.8714346425426376,1.916248700577494,2.0127100085901586
float32,1505,row_diagonal_dominant_random,362,2000,2000,0,0.0,3.2748197361941873,3.865546043886459,4.081471218479355,4.483846759722639,1.971533258813654,2.218956703037428,2.3001868180087732,2.490648453827845,3.273369948278741,3.8661275808170186,4.081236700355728,4.489214480845356,1.7229601710596603,1.8643699260468003,1.9215991138796624,2.036170148090299
float32,1506,row_diagonal_dominant_random,362,2000,2000,0,0.0,3.289974767161085,3.8801291386692283,4.052543739848346,4.4654079760225915,1.9727180480335753,2.2101508086082817,2.2921212116961227,2.4740931898038783,3.293657526344169,3.8684729046999156,4.055031257940084,4.459665400848182,1.7236135140703517,1.8639962095364087,1.9147989132337693,2.019968045754089
float32,1527,row_diagonal_dominant_stochastic,362,2000,2000,0,0.0,3.2879023313181888,3.872900367874017,4.060747452469911,4.3995447609246625,2.632712331248838,2.982530187445963,3.092519994417847,3.326324748195372,3.2832284088808956,3.875620290093622,4.061881201106037,4.397176323595683,2.4613335301060335,2.742565682640764,2.842679811656619,3.016861395072829
float32,1528,row_diagonal_dominant_stochastic,362,2000,2000,0,0.0,1.5606645898011107,1.8832087616247184,2.124257883274407,3.1151089299633847,2.2436953685253216,2.525631898611113,2.618854389997834,2.8676794083429105,1.5583140985940855,1.88393615943212,2.130884677314189,3.0775809168314696,1.951379744846782,2.122655356189495,2.188289602265738,2.2921009050978176
float32,1529,row_diagonal_dominant_stochastic,362,2000,2000,0,0.0,1.1822577580528064,1.3393284736326228,1.4047738292052783,1.5219071960777435,2.0840822952585256,2.3665427579620797,2.4602143604944025,2.6626303024982825,1.1616509046453176,1.327809763224064,1.3958142039186097,1.512260622978232,1.700778895449318,1.8251470126358031,1.8695452866388356,1.9683137930465806
float32,1530,row_diagonal_dominant_stochastic,362,2000,2000,0,0.0,1.0947261318782986,1.145699042610752,1.160326188294256,1.1896097811767612,1.9800127261214633,2.239960612059164,2.3274299201371065,2.5319610241798998,1.0556875900404976,1.1042968543179763,1.1183700236733785,1.1468965162531142,1.4529296048293796,1.527941357888784,1.5546465893763595,1.6079155991429983
float32,1531,row_diagonal_dominant_stochastic,362,2000,2000,0,0.0,1.1032615427200778,1.1536737981525689,1.1661700882436603,1.191151938418279,1.949210655067465,2.1835959711412087,2.271782045902521,2.4118706950329853,1.0576386551640389,1.1063547658774844,1.120075988386013,1.143381041982201,1.324032734442515,1.3707024521127469,1.3868195879965972,1.4196556195774188
float32,1532,row_diagonal_dominant_stochastic,362,2000,2000,0,0.0,1.1547143764874686,1.2060968945978372,1.2233530390997627,1.2590533800800843,1.9598372042127654,2.218339417503923,2.335343477648109,2.503218240396234,1.0672189987540968,1.11765386224005,1.133363456234217,1.1578092539256728,1.241197778433288,1.273073455726568,1.282672699209007,1.306896994112064
float32,1533,row_diagonal_dominant_stochastic,362,2000,2000,0,0.0,1.1786309057047943,1.2329319252227244,1.2480529342209878,1.2753956486164928,1.9549424709891214,2.2112693428164416,2.3070416522744845,2.5165802085527327,1.0537664965887847,1.1018571874735215,1.1168352426844665,1.1426237158057824,1.2280706366083902,1.2574081352821407,1.2671574504568082,1.292772720297362
float32,1534,row_diagonal_dominant_stochastic,362,2000,2000,0,0.0,1.2034313943990256,1.2569644816117211,1.274826503814361,1.3031689017363484,1.9798190338747133,2.2430124413581134,2.3386979575681752,2.554850296458173,1.0121685074358702,1.0586373928006436,1.0706493684825906,1.0965885844730832,1.216320072119708,1.2445269154121281,1.2538281094340045,1.2734960289813402
float32,1535,row_diagonal_dominant_stochastic,362,2000,2000,0,0.0,1.232995214025682,1.2891806876425798,1.3076883033563196,1.3393101805242706,2.071671984623088,2.355138635822301,2.4597630441016407,2.7065836219785817,0.9229509184369835,0.9636691208905247,0.9747710260496403,0.9974719871598698,1.2591755483263003,1.2871970983512973,1.2981583199238558,1.3190221888074967
float32,1536,row_diagonal_dominant_stochastic,362,2000,2000,0,0.0,1.3045279773260412,1.3683135940171167,1.3867023373383094,1.4167504131798414,2.1621418894632147,2.4489300166807344,2.534229519578216,2.7339057239526667,0.8802311844996474,0.9196538339052424,0.931752324345712,0.9536441787244054,1.2579765578868303,1.2880504617530293,1.298144363911442,1.3126983625794637
float32,1537,spd_prescribed_spectrum,362,2000,2000,0,0.0,1.8042559792917867,1.8894013982954305,1.914763233790951,1.958853319622245,0.4717547974292274,0.5032719568529146,0.5159067762237077,0.5379941735986355,1.2266690045097186,1.3238589548301944,1.3708394134524517,1.4925581304281887,0.3792820454104721,0.41349836735731255,0.42906290070671405,0.4749006206249775
float32,1538,spd_prescribed_spectrum,362,2000,2000,0,0.0,2.17057291007065,2.3012444034093122,2.3357653630088477,2.4183598510589435,0.45990265727347623,0.4931937891305681,0.5067909928266048,0.5302839591720021,0.9823928037919964,1.0454834969683033,1.0660924967485923,1.183906874767193,0.3157217363003203,0.37690201425275277,0.40220219999382967,0.4631703470760716
float32,1539,spd_prescribed_spectrum,362,2000,2000,0,0.0,2.502714592152855,2.6885217884044956,2.7371082240703646,2.8168971234054183,0.5204285739833128,0.566334029171838,0.5833128614014559,0.6136660364832052,0.8953929804707867,0.950571444340992,0.9693399648566431,1.0094165108203998,0.2771443327172951,0.3310535257447097,0.35083760123863195,0.4002424208864818
float32,1540,spd_prescribed_spectrum,362,2000,2000,0,0.0,2.790904990374151,3.019106004053123,3.090665205932856,3.216614483099081,0.5909736831068813,0.6420459410552146,0.6587939355711475,0.6955550029375849,0.84057810280037,0.9020655000317317,0.9213343570548674,0.9539142202122316,0.24661793691427808,0.2811670330692795,0.29878493242707843,0.3361735213007351
float32,1541,spd_prescribed_spectrum,362,2000,2000,0,0.0,3.0440046664879583,3.319256485016069,3.4196937583419733,3.5642827835950177,0.6638203365898949,0.7237539308783344,0.7427601677406692,0.7776977171337246,0.7926317177902531,0.8534394823034582,0.8736130658835908,0.9072619286050211,0.23476553097556335,0.2622934241668219,0.2754253660048386,0.31019045145120905
float32,1542,spd_prescribed_spectrum,362,2000,2000,0,0.0,3.2881028306559603,3.6207776440624624,3.7291268909933235,3.9210807440357804,0.7371848681642276,0.8075243090427239,0.8343389000479635,0.8745235839145207,0.7476611539156277,0.8098368962110278,0.8288757390952668,0.864890808639033,0.2264810426472405,0.2501393285473356,0.25871488375790364,0.2797997394972571
float32,1543,spd_prescribed_spectrum,362,2000,2000,0,0.0,3.4888523357404213,3.886550410503717,4.029449644446908,4.648617299348087,0.810059232144235,0.893511976263798,0.9246631031493088,1.0121500265944932,0.7026117135721663,0.7641636477570745,0.7818683224185842,0.8109056544183495,0.21926756881146253,0.24443846963590304,0.2527646513159045,0.2728063339095249
float32,1544,spd_prescribed_spectrum,362,2000,2000,0,0.0,2.1795372178131265,2.8998581777788073,3.409968543176897,4.965575651249464,0.6597556941385149,0.8472734767967054,0.9429976933695703,1.3705747315284686,0.6534049364274737,0.7132253417046888,0.7330770161251805,0.7701377617454486,0.20247942099806138,0.22787200256097506,0.23588632943574733,0.2554154118944922
float32,1548,random_conditioned,512,2000,2000,0,0.0,70.36737425131662,78.3822033013342,80.52111928794187,86.05488381324591,4.830932052632635,5.186238572702649,5.321387759917851,5.581851462268733,33.881477455957345,38.34688515621075,39.766549611629316,43.370737995270744,2.619436911870496,2.8916214226638712,2.9870217127713805,3.236040245526605
float32,1549,random_conditioned,512,2000,2000,0,0.0,43.96741548883436,47.01198488357175,47.86488573846048,49.48142471106933,3.1614847977995337,3.7954163335918185,4.042226743994513,4.488764847509768,33.85920783800391,36.465334365551875,37.278958661277144,38.9047847866027,4.710855726693339,5.366522276218278,5.574811573256845,6.051153908550097
float32,1550,random_conditioned,512,2000,2000,0,0.0,186.14923323257824,205.97285119867013,211.40117796468962,225.39117862040683,5.152728814277721,5.507191974083262,5.598651851473579,5.825958525872503,99.65905692108211,113.93487873324426,119.0397255708708,128.71690474250408,2.8099291465089067,3.162083363366807,3.3117129142456982,3.605934110533367
float32,1551,random_conditioned,512,2000,2000,0,0.0,37.85600325957312,42.089949395826004,43.53663637457009,46.86674561029008,4.1579192813217585,4.509027907832038,4.612355890741723,4.890860305266141,11.30700462965942,13.159469959341944,13.736502940431183,14.80879390102248,1.4209641202711918,1.6326097223234834,1.723313455351285,1.868694050193795
float32,1552,random_conditioned,512,2000,2000,0,0.0,43.95002672227997,46.8588348326605,47.79894236663128,49.72492194298588,3.1507449373320435,3.8431987748212335,4.065437496775875,4.5319369294123195,33.68621168729895,36.33633492626588,37.14054687739952,38.52962530941216,4.701418136845325,5.343051872547156,5.549220141692783,5.937528553516181
float32,1553,random_conditioned,512,2000,2000,0,0.0,181.98404266871125,200.3471413868175,207.51905347149474,224.03125035080868,5.1660962932018935,5.501609927484115,5.61460102373401,5.873553175342616,95.47978178191252,110.01366799047122,114.96912368730126,126.81380344494806,2.647029469366595,2.9883178842091267,3.1234682375679106,3.4366613136722846
float32,1554,random_conditioned,512,2000,2000,0,0.0,27.77570979874737,30.87751849959177,32.13814386479706,34.1865096077135,3.895936997086676,4.285537600602362,4.37589279347111,4.59976257929842,6.060607489938471,7.065088739493415,7.421282290986135,8.084416631594765,1.0027260419646433,1.1725260899993855,1.222823181765084,1.3618818749366406
float32,1555,random_conditioned,512,2000,2000,0,0.0,43.95354289305736,46.972407669532096,47.8745981129667,49.26788956558938,3.1300563546146205,3.80253245431617,4.006612347462815,4.541704314844582,33.67309627848056,36.228396749819375,37.00186510907233,38.30653932350551,4.691068219355284,5.323765020124917,5.532890130039807,5.879412102702981
float32,1556,random_conditioned,512,2000,2000,0,0.0,142.4684166516231,157.60415845369857,163.0613699602541,174.40815465174146,5.237832020005855,5.620317746721418,5.751037136876974,5.969813890388635,73.97205116907595,84.99810154780948,89.1770033343631,97.8040672934733,2.6239837813576514,2.9617444885807713,3.064554132521259,3.3372528133619075
float32,1557,random_conditioned,512,2000,2000,0,0.0,9.00549362581501,11.179094182523862,11.904506269080896,13.263301451341668,2.3550134643240357,2.9092297949311536,3.0675559843682163,3.3328908405413937,1.3616742638947101,1.9263096858718052,2.0993473991760756,2.449497727571741,0.6439501453981511,0.8025665790966464,0.8681632931519032,1.0083007588120791
float32,1558,random_conditioned,512,2000,1996,4,0.002,43.84754610902252,46.96599178867834,47.779965450701454,49.564927219859435,3.1341518640671064,3.851825628204198,4.084923902702233,4.549244250543343,33.59775556072867,36.32124496687301,37.14529202918036,38.88082024736214,4.698651427409929,5.31358583925703,5.562199289413085,6.009761380856969
float32,1559,random_conditioned,512,2000,2000,0,0.0,25.567593230191655,37.42187087250851,51.67349314794602,90.06907193351492,2.5398053113845434,3.4809576559866877,4.393877857843674,7.137237709426985,8.474824039434779,10.651923044653055,11.564235598546427,12.851542959194157,1.9050849898820819,2.2781810916473626,2.418572427345258,2.688225695475495
float32,1560,random_conditioned,512,2000,2000,0,0.0,7.512411857016417,8.992487705720299,9.457246228632359,10.337405159453398,2.024107574488786,2.5315811469118246,2.6835285561841933,2.9587100785046756,0.943232712069947,1.2551743388360503,1.347502676419038,1.5560119219218613,0.5271014571533343,0.6751768633527444,0.7272130319061619,0.8565623261543142
float32,1561,random_conditioned,512,2000,1996,4,0.002,43.95710794580411,46.81982478520388,47.75761478885202,49.226042158925054,3.122975510267227,3.8224279059839397,4.020365500510886,4.779091624276802,33.777834699960906,36.22396830443134,37.13503448189245,38.39676772301051,4.713783247865819,5.343404216460289,5.581403166328769,6.090754646088877
float32,1562,random_conditioned,512,2000,2000,0,0.0,24.39835475208851,38.61474152945065,66.26214497705547,315.17143207531836,2.4637973335338312,3.5464508540532433,5.414598527409384,24.010585515268815,8.512444572408373,10.777742123084,11.721441205766455,13.19971196164798,1.9196513246149545,2.2844030011611216,2.388534163992873,2.6754198948448256
float32,1563,random_conditioned,512,2000,2000,0,0.0,6.88667061317673,8.321628053336,8.813324422399218,9.805726960123884,1.896909507985228,2.3338647545692055,2.4973633477837947,2.819286002443019,0.7917409934399304,1.0638472316646599,1.157025789445995,1.4195723127357054,0.44754761595180503,0.5706252399993317,0.6234686308626504,0.7437156244558002
float32,1564,random_conditioned,512,2000,1996,4,0.002,43.938029835025105,46.81003242508827,47.65358500423132,48.96624483262865,3.114701073111653,3.806615963356991,4.020634254007867,4.524320022292906,33.70816569126727,36.38784567438309,37.122234002422694,38.44324302357183,4.696772644608879,5.29960002265798,5.532224798859174,5.934870931756122
float32,1565,random_conditioned,512,2000,2000,0,0.0,23.491325475315495,36.20800697568579,54.13172150399258,209.3039308247581,2.374924813992239,3.340487247878249,4.694566706265537,18.89083701737212,8.41188894121881,10.714849447175665,11.55987294672351,13.226130635963173,1.8965651189091455,2.2768291116645605,2.4025180860526687,2.795936045352943
float32,1566,random_conditioned,512,2000,2000,0,0.0,6.42789848370249,7.819203264106017,8.353278706086341,9.471053583061687,1.755373336235877,2.232964184073068,2.3955039874462356,2.669830100795395,0.6943469950341594,0.9447178214631403,1.0418301382188317,1.2352939605729605,0.39863352191761103,0.5264437201857463,0.5695771911636831,0.686999829945229
float32,1567,random_conditioned,512,2000,1995,5,0.0025,43.99973526855223,46.91043947452987,47.83264396238038,49.43638029995527,3.1247991336861363,3.8025075941085866,4.029680643458487,4.445377161599312,33.75890892322023,36.3347834551042,37.06561436711995,38.92907913731386,4.719177123428635,5.386593724150698,5.580495933399059,6.081877625604552
float32,1568,random_conditioned,512,2000,2000,0,0.0,22.58930341212217,34.117679651856314,50.24064251566444,169.2419230585111,2.0126512510678314,2.7855918024297686,3.7638930442404153,11.632728387769015,8.14925119057265,10.49558049458962,11.236277179638066,13.273677036189495,1.7931057424695607,2.1870760005161656,2.3245620452145532,2.62417121176353
float32,1569,random_conditioned,512,2000,2000,0,0.0,775.6053076015002,863.6846612434307,897.4958740058538,954.4187473904573,8.384444580038798,8.869423768916885,9.067007676781964,9.418692679292162,776.2591988859772,863.709200542851,897.9102088950717,949.0206702684302,13.541459440540876,15.253593328210025,15.86825835457744,17.361334137443517
float32,1579,vandermonde,512,2000,2000,0,0.0,153692.89024813107,347609.97254760785,419082.08275709284,571338.3914859359,25013.88952587784,56399.63182553168,65801.72278662298,91212.47322996,2.083006581219766,3.6300825267293018,4.172874665165153,5.349620813770552,0.3193456930084275,0.5555655892306864,0.6432820489463229,0.865566309377073
float32,1580,vandermonde,512,2000,2000,0,0.0,235734.01503930544,448810.52402972657,516309.6867024643,655369.9570696376,21926.367316621712,39836.56607340972,46306.69128256003,61102.74995016108,3.0662213759131056,5.161823067309175,6.021797301509456,7.67197523846856,0.2831917442842799,0.5171918718128398,0.6154805038705382,0.7961795428186084
float32,1614,scaled_adversarial,512,2000,2000,0,0.0,1.3570732761495425e-06,3.0728847695786387e-06,3.854971399582947e-06,5.688507124708533e-06,1.3420744256795514e-06,3.012918087966443e-06,3.766565741017441e-06,5.500759714550665e-06,0.0027815244921157297,0.012760878244162922,0.01771809811834412,0.03632313543786112,0.0027079299047843976,0.012205535117954483,0.01668586283431232,0.03396049169603856
float32,1615,scaled_adversarial,512,2000,2000,0,0.0,1.8219879990024324e-10,6.301858423610721e-10,9.382307864148813e-10,1.7760367882706048e-09,1.7965083552049336e-10,6.078843837403263e-10,8.951840291238233e-10,1.7757829048606555e-09,3.5672545789559645e-07,2.6873112908843293e-06,4.497082719976475e-06,1.2006166954644181e-05,3.5281293235844734e-07,2.6139938670438778e-06,4.417818375898016e-06,1.032326568185501e-05
float32,1616,scaled_adversarial,512,2000,2000,0,0.0,4.170533143927777e-18,5.516200720988365e-17,1.0935525259759482e-16,4.243137848065571e-16,4.151345897201148e-18,5.461552009864936e-17,1.0781574451190079e-16,4.1132305949313437e-16,4.372638939393323e-15,1.178618740648172e-13,2.900684344515631e-13,1.7504288898933102e-12,4.3703298696178736e-15,1.1727879915055614e-13,2.6951428102780823e-13,1.750300696371391e-12
float32,1617,scaled_adversarial,512,2000,2000,0,0.0,1.0578908517499643e-25,3.581739896019794e-24,1.0840503764149623e-23,6.403541519918064e-23,1.0496715252971312e-25,3.541586053426801e-24,1.0767381975227603e-23,6.631908163804536e-23,4.1041759676493953e-23,4.888318735859366e-21,1.623219110267041e-20,1.7284367853201548e-19,3.981865065929529e-23,4.862195138991908e-21,1.6229093705797024e-20,1.7274864100416235e-19
float32,1618,scaled_adversarial,512,2000,2000,0,0.0,2.5178459064399475e-08,4.381233142809147e-08,5.070587203739619e-08,6.613583349568982e-08,2.564347329378148e-08,4.3808846093271876e-08,5.111189071075143e-08,6.742331604409519e-08,2.5096183691465643e-08,4.365385151392114e-08,5.078204410585896e-08,6.721476726380642e-08,2.5639227714548397e-08,4.378785330194065e-08,5.1112109756423715e-08,6.74233220524407e-08
float32,1619,scaled_adversarial,512,2000,2000,0,0.0,1.9080342057112994e-14,7.146715593386578e-14,1.0657427380365784e-13,2.3661862701558234e-13,1.9068363311194677e-14,7.192683495838501e-14,1.0777197775086076e-13,2.3754931955763725e-13,1.9420884698326452e-05,0.002466290063639373,0.006386193832148542,0.02931153787695748,1.891004975431021e-05,0.002375241759264435,0.006338296673038952,0.028776020485146055
float32,1620,scaled_adversarial,512,2000,2000,0,0.0,4.424708242094261e-22,4.966340695397075e-21,1.2448927815985497e-20,5.397297612608348e-20,4.401743121188504e-22,4.942829319039218e-21,1.2263134793562637e-20,5.1231478938108413e-20,6.67411350785628e-12,4.2855721908716596e-10,1.2671551324507966e-09,9.831589236948503e-09,6.610620861071719e-12,4.281891052428209e-10,1.220263513325338e-09,9.831523066678025e-09
float32,1621,scaled_adversarial,512,2000,2000,0,0.0,8.882145958582198e-30,3.8163128551499356e-28,1.2216300560103365e-27,1.0619397619897163e-26,8.845918105358657e-30,3.7466550239366005e-28,1.1970317422697738e-27,1.0619327441301759e-26,1.123253764944994e-19,2.6329232020915134e-17,1.033940523501876e-16,1.0016880200561433e-15,1.1112680831872945e-19,2.578779289789683e-17,1.0330656395890754e-16,1.0016880150231293e-15
float32,1622,scaled_adversarial,512,2000,2000,0,0.0,2.491334908788022e-08,4.3449170352432736e-08,5.3060270766254466e-08,7.239785991626602e-08,2.53809733562224e-08,4.3166443904085927e-08,5.2836187830108356e-08,7.256567890251775e-08,2.4954659168128008e-08,4.3280423964256775e-08,5.3070727555299793e-08,7.185361806900795e-08,2.5380971791339877e-08,4.316644388128125e-08,5.283612167192471e-08,7.256567727366434e-08
float32,1623,scaled_adversarial,512,2000,2000,0,0.0,6.540585208540284e-16,2.0459235964590026e-15,2.9165722403655857e-15,5.310037386685126e-15,6.74034383337214e-16,2.1080663350112218e-15,2.9816411311678524e-15,5.499705572406708e-15,6.510601287788818e-16,2.019833925942268e-15,2.897957603040793e-15,5.2484193591321366e-15,6.740379213365198e-16,2.1080662777726617e-15,2.9816518232439056e-15,5.499705572258702e-15
float32,1624,scaled_adversarial,512,2000,2000,0,0.0,4.218955059865641e-26,5.442325825005686e-25,1.1418946784166872e-24,4.233455584590915e-24,4.147486431606587e-26,5.327080604622564e-25,1.1327874189654949e-24,3.959303136257732e-24,1.0785489157526367e-09,6.007136933197544e-07,2.269478057355704e-06,1.8315832080925378e-05,1.0654316625568567e-09,5.88544660299303e-07,2.255060822557603e-06,1.819518408331114e-05
float32,1625,scaled_adversarial,512,2000,2000,0,0.0,1.0731875918808563e-33,4.398201396685922e-32,1.1634414682769072e-31,1.1330319962313778e-30,1.0698202049529329e-33,4.4317507773665345e-32,1.1597575901646404e-31,1.131415741069557e-30,1.3572803291525712e-16,9.524175604245241e-14,4.0336341434392605e-13,7.467270474412551e-12,1.352670203948011e-16,9.406027828804272e-14,4.0283521619761123e-13,7.4617413792794e-12
float32,1626,row_diagonal_dominant_random,512,2000,2000,0,0.0,3.439803835748253,4.011836313677998,4.2111410534176805,4.664525556387241,2.841927338025446,3.1915296078637305,3.29740909332365,3.4947700578605714,3.4367700177311455,4.011288865821307,4.208408057883489,4.663957321747661,2.735844197887337,3.050295099555858,3.1638353305548135,3.3732397097579936
float32,1627,row_diagonal_dominant_random,512,2000,2000,0,0.0,3.355712075529997,3.947796287024058,4.156507634869138,4.598964709596245,2.500578351899479,2.79022597018026,2.893863756380253,3.1163030075300324,3.351591381016651,3.9430669456476792,4.138701064031644,4.598400307078764,2.3547456814093897,2.594940094308921,2.6690202143333392,2.8231431570458176
float32,1628,row_diagonal_dominant_random,512,2000,2000,0,0.0,3.3909930381467195,3.9879154550254423,4.145358710472573,4.555585142208378,2.3724847096985213,2.6317027598918803,2.7148326181583373,2.889287895896516,3.3944483413859334,3.974297908786166,4.152642607751819,4.5594933318988575,2.1963434416796255,2.4069952956204923,2.46868574182719,2.6156599005382932
float32,1629,row_diagonal_dominant_random,512,2000,2000,0,0.0,3.4274941984766,4.032661647765626,4.231665312308648,4.637242901369451,2.246013488810253,2.483397054005563,2.5593798117572364,2.736846648669745,3.431879851729049,4.027297492226991,4.223171782325784,4.623528411762904,2.043612500006047,2.2172860061757698,2.26938785351125,2.3637268695789935
float32,1630,row_diagonal_dominant_random,512,2000,2000,0,0.0,3.479322071415443,4.068366120835423,4.285552578890561,4.64663451479215,2.194144765977235,2.4177016682440002,2.503824435596575,2.6549488928048683,3.4741141463373184,4.064575421574647,4.291862665224398,4.656613650939873,1.9740607087795081,2.1287504704864246,2.183967884559225,2.2914664398053106
float32,1631,row_diagonal_dominant_random,512,2000,2000,0,0.0,3.498093873122749,4.095201382230618,4.29858046211583,4.710276954585261,2.1569468863287415,2.388068657839714,2.4705401533830202,2.62049906474971,3.490960137991162,4.081474819812434,4.29422945621684,4.719233221698259,1.9326015882971248,2.071006095800935,2.1229027888175818,2.213403377114988
float32,1632,row_diagonal_dominant_random,512,2000,2000,0,0.0,3.5429949187358245,4.107858846049957,4.3092666960195745,4.657174199483955,2.1549467869833148,2.3676437419198493,2.440334328071148,2.5985038380257826,3.533688732733304,4.107011476297903,4.3152277869296345,4.647391839599347,1.9168570039817978,2.0610423323598073,2.107068896171065,2.190936884927724
float32,1633,row_diagonal_dominant_random,512,2000,2000,0,0.0,3.5167010643043417,4.090269159410232,4.309870395106041,4.642422112356832,2.1381940927580034,2.368214749633738,2.437681202122435,2.58720701984526,3.5119943017740893,4.086962574854489,4.303078651961241,4.638804483259174,1.90367936799478,2.0486574116548555,2.103456163876968,2.20424769227708
float32,1634,row_diagonal_dominant_random,512,2000,2000,0,0.0,3.521386813593775,4.148810775171413,4.318882817396935,4.726335001062328,2.1389605664879374,2.3679302313789234,2.444851379445549,2.604273936107308,3.516548763941741,4.144514787797224,4.311009907800034,4.728803698893575,1.9044223750125158,2.0465971825344913,2.0926582776360663,2.20976919581958
float32,1635,row_diagonal_dominant_random,512,2000,2000,0,0.0,3.5225573762721156,4.127520463080967,4.337615998513838,4.757898037503386,2.140412434541135,2.36156810095417,2.450458305847721,2.607608405052846,3.5303728354205957,4.107958715889653,4.340136647626263,4.756278728631302,1.904038211207272,2.04447491083079,2.088988480306316,2.1901355543191046
float32,1656,row_diagonal_dominant_stochastic,512,2000,2000,0,0.0,3.0930080046395787,3.643339835285022,3.817049126965788,4.196013848777121,2.8103277574325,3.1363027208353103,3.24606105649923,3.5110865578981096,3.091192217681277,3.640505635838203,3.8196481620332707,4.194990995488061,2.659011028347517,2.938718440360749,3.0279720157252545,3.244195476867804
float32,1657,row_diagonal_dominant_stochastic,512,2000,2000,0,0.0,1.5909547992606985,1.856265614269848,1.9467738012658073,2.142873464522431,2.4340773790972197,2.7067586247497037,2.788786192971641,2.9991690869968872,1.5873392909752893,1.85778079689424,1.9427741934875395,2.123391338774405,2.1792297302405084,2.354978147376932,2.408599068088111,2.5310595186281786
float32,1658,row_diagonal_dominant_stochastic,512,2000,2000,0,0.0,1.2088419748235237,1.3794904737698401,1.4518150322853354,1.590219400062267,2.2767522039368573,2.520945473603856,2.599963304910095,2.8320939682898656,1.1920102444125493,1.3712225858400904,1.437446364473508,1.5801232377645889,1.9342099734646219,2.046797743472637,2.0888064001145876,2.167405512097094
float32,1659,row_diagonal_dominant_stochastic,512,2000,2000,0,0.0,1.124025046116741,1.169440818471394,1.1815825650328429,1.2053538494220402,2.151960090973982,2.3894230317094043,2.4701517248930625,2.597253421320282,1.0781915618296343,1.1219812884841396,1.134142738137209,1.157463713412638,1.6480750316732682,1.7116679373396801,1.731863083144972,1.7676532172766801
float32,1660,row_diagonal_dominant_stochastic,512,2000,2000,0,0.0,1.1433828541827804,1.1883169768056518,1.2007236948024391,1.2276232941203165,2.1400864944862636,2.3785694190719853,2.4534452497336656,2.638733963002696,1.0819690153886476,1.1237599731679004,1.1373915383664441,1.1628486068844237,1.5322754354507535,1.5731805117372704,1.5863309492728317,1.6147206315911096
float32,1661,row_diagonal_dominant_stochastic,512,2000,2000,0,0.0,1.2066665877350198,1.2542232541739171,1.2667506099549044,1.2966223067199132,2.22703911070362,2.4875797371668873,2.5753370524932473,2.7545374727622,1.0998315412243933,1.1429183757803179,1.1544417193501753,1.1760420644570073,1.5484483958900581,1.5805248656212845,1.5914584791056268,1.615535031860321
float32,1662,row_diagonal_dominant_stochastic,512,2000,2000,0,0.0,1.2269030258987081,1.276001108935323,1.289709931947524,1.3143897107634728,2.21189767227045,2.438027691126506,2.503086318404764,2.6877035896761714,1.0852644649959076,1.1262731588307633,1.1375169436318926,1.158682713659896,1.5365791522300016,1.565025764645167,1.5760941835623685,1.5954544249435503
float32,1663,row_diagonal_dominant_stochastic,512,2000,2000,0,0.0,1.2520920618132512,1.29851814183451,1.3133152031260305,1.3462133090794408,2.252303239677095,2.5044308302340097,2.582337596624229,2.753123681841963,1.0494563821440899,1.08790755257824,1.0999134609622827,1.1222469009501839,1.5312166033915329,1.5568037551106921,1.5688788627227344,1.5882729488302394
float32,1664,row_diagonal_dominant_stochastic,512,2000,2000,0,0.0,1.2782291376340802,1.3309697277851835,1.3424018520486813,1.3686368898356094,2.229579850624768,2.515331464388307,2.598577858086853,2.805977989340797,0.9875677980489177,1.0247278266435358,1.0356480836411626,1.0535746471954024,1.4234273550219003,1.4491200493940302,1.4580732508603544,1.476089313882465
float32,1665,row_diagonal_dominant_stochastic,512,2000,2000,0,0.0,1.2918095023317548,1.3515527383964023,1.3672404837998797,1.4022667487647749,2.255057233897384,2.5310637488558587,2.6185855327301253,2.837297868708072,0.9136850725049988,0.947518156876249,0.9571655679272797,0.9735056866286893,1.4132101658895526,1.4405161342028467,1.4488062437700513,1.4683775394791205
float32,1666,spd_prescribed_spectrum,512,2000,2000,0,0.0,2.2547091808612976,2.34292391547252,2.371228816430027,2.4269099809816037,0.4986457732473606,0.5233608107385442,0.5303825835598045,0.5488175554985704,1.4477828326716544,1.5446523244038206,1.5908319938283666,1.7207482135704353,0.39154136865351596,0.4235321647149007,0.4376623016171162,0.4754995191868781
float32,1667,spd_prescribed_spectrum,512,2000,2000,0,0.0,2.811292862078199,2.9570171821543267,2.9975550043818617,3.0727983897357682,0.5028692379605006,0.5367483617347327,0.5491004036448884,0.5754471220060772,1.1944522244680216,1.2707351360679289,1.3094248462538265,1.4368475380559405,0.3627799566264548,0.43220007269465455,0.46117910724470995,0.5208225868249449
float32,1668,spd_prescribed_spectrum,512,2000,2000,0,0.0,3.1979310900481517,3.395973347516918,3.4526360397023046,3.5785199689042013,0.5697843862329014,0.6078588546151052,0.6242500227033956,0.6527023467352135,1.0691718747861665,1.1283433172846875,1.1457580861996934,1.1767396228868992,0.3098743100060172,0.37073190563409475,0.39336177560900093,0.44379093300385086
float32,1669,spd_prescribed_spectrum,512,2000,2000,0,0.0,3.5286808239442964,3.784094533708388,3.855967171694457,4.018913782554902,0.6460961074065339,0.6912760463792786,0.704596571734554,0.7341151943475839,1.0033090616973372,1.0624986743914775,1.0824328730168622,1.1126789483875983,0.2702382612070638,0.3173899969307587,0.3385445219615378,0.3761976226017674
float32,1670,spd_prescribed_spectrum,512,2000,2000,0,0.0,3.8199795008373822,4.117062151546902,4.217059470653169,4.400914872952405,0.7230595141154552,0.7753129870888575,0.7940127826643892,0.8316077177706588,0.9413901918278521,1.0022966543835201,1.0205635454405184,1.0558418395208489,0.247836653272626,0.28103633892643975,0.29389610541510863,0.3227780432952537
float32,1671,spd_prescribed_spectrum,512,2000,2000,0,0.0,4.095257828852696,4.438880941712649,4.506189070454907,4.679831034167494,0.8035600285203448,0.866385381468331,0.8840102994291686,0.9284679200337644,0.8820156204550469,0.9420741839817637,0.9620574101041334,0.9997041957644256,0.23760168288797834,0.2638729617923794,0.274533243441533,0.3038503134862957
float32,1672,spd_prescribed_spectrum,512,2000,2000,0,0.0,4.2643611407478375,4.668245215799721,4.799163049319245,5.066942346011685,0.8739281076679917,0.9440389743981382,0.970625065004,1.0149142246397722,0.8267356507346768,0.8904540156774376,0.9124000658829642,0.9433549716288808,0.229300950462423,0.25229713100516676,0.25972981388846794,0.28621961636762894
float32,1673,spd_prescribed_spectrum,512,2000,2000,0,0.0,2.3896520002446815,2.8367781752214527,2.9855312199678217,3.355455598015689,0.6401699612952376,0.7761716773056223,0.813424885920517,0.9076968375942943,0.7575433889277841,0.814104248331706,0.8299709180648092,0.8737314910878285,0.20991722282345043,0.2308884492414832,0.23732784702855747,0.24973898494242458
float64,0,random_conditioned,8,2000,2000,0,0.0,0.5890405625538853,1.0192918028366094,1.198123517411191,1.747939911981233,0.38262609569143724,0.6886246238953065,0.8053247782024047,1.113710510460633,0.3428044250534482,0.5189309727420689,0.5766657760832299,0.7459846643225624,0.2375510441418307,0.3843344503583099,0.4375325228446179,0.5397775065700579
float64,1,random_conditioned,8,2000,2000,0,0.0,1.1297372713228473,1.7040089618169898,1.8706037167791918,2.22318339795779,0.4752838364252673,0.788864933071574,0.903947092700079,1.1795232945310994,0.9300280659127056,1.4627053607032627,1.6639032823872257,2.0643893228522994,0.44624870153250573,0.6672799673040167,0.7374022064861704,0.9419049470261409
float64,2,random_conditioned,8,2000,2000,0,0.0,1.1249040823424998,1.8846631718148785,2.3312349914912818,3.7864729430352067,0.4977365496007793,0.853824866281304,1.025989762513087,1.6950814088065522,0.5993135141290028,0.8269095616352552,0.9276556450187267,1.1281374692375157,0.2689992265757735,0.39954312327914754,0.4401380948652492,0.5556653874592248
float64,3,random_conditioned,8,2000,2000,0,0.0,0.5220965309580756,1.1699929762713508,1.47788983487198,2.4858762107401393,0.36189275096247103,0.8054453439687653,1.0289106896546687,1.6482723919715019,0.25130169406603264,0.40251423817757254,0.46172283507508766,0.6265312043467667,0.1826751624240459,0.3029674965583642,0.3529210834027393,0.452382927905964
float64,4,random_conditioned,8,2000,2000,0,0.0,1.1349689818192985,1.7379747849960483,1.9161935100975758,2.2756875517858446,0.48098125549660564,0.8121520733970478,0.9413152836874754,1.1877145048567026,0.9186210506989139,1.4224306593503944,1.6158614016445372,1.9331950364145418,0.4361454945551503,0.6530489672090938,0.7399713157809732,0.8963745732275102
float64,5,random_conditioned,8,2000,2000,0,0.0,1.3479708661296734,3.381004106874198,5.012568784904027,9.649701752377043,0.6113585636678798,1.4760229820244204,2.196024811749034,4.1151754784570524,0.5720099100189491,0.8073128037178966,0.8776659048635546,1.0798168104660264,0.26286399840900776,0.3903051198953492,0.4419502344852907,0.5599591803697425
float64,6,random_conditioned,8,2000,2000,0,0.0,0.526382283789017,1.5029659430706503,2.046635083139524,4.310963744059823,0.37767212506910697,1.0558392939920038,1.4637166632154779,3.1133464375692426,0.23230565036720038,0.3906944063198021,0.44768696018607695,0.5785922686560612,0.1699261748393387,0.3030357521018607,0.35518064253349074,0.4642588470007861
float64,7,random_conditioned,8,2000,2000,0,0.0,1.1610509990522826,1.7208644727600786,1.880713436392176,2.3252781196243726,0.4804422212129954,0.8044204446692594,0.9387881476172971,1.2338050389319177,0.9300180288757756,1.3944443689895754,1.596402455325507,1.990281757869231,0.44354090407666336,0.6424065214904492,0.72661078640644,0.8661316798502392
float64,8,random_conditioned,8,2000,2000,0,0.0,1.329083241642189,4.277917806746427,6.917953375039739,17.512568041988622,0.5931146860083042,1.7616928009572967,2.9026712580102276,8.420149557228415,0.5736420779389463,0.7948905581030659,0.872945497642414,1.0562064498594428,0.25920558169866414,0.3856308556138074,0.42838749769100565,0.5438110273568804
float64,9,random_conditioned,8,2000,2000,0,0.0,0.5497072564809513,1.7362373030522442,2.5357084457233707,5.306718804300042,0.38239285861524086,1.1895397438081852,1.766496253508688,3.794349488462334,0.23372107408100262,0.38400024679408784,0.4409246000370206,0.5592552917139776,0.1638580585770441,0.29097759758670944,0.34777985940663014,0.4563304456011699
float64,10,random_conditioned,8,2000,2000,0,0.0,1.1425533595166517,1.6962464935542065,1.871502450170452,2.2997239637276654,0.4811576269803315,0.8031048968665903,0.9132492406347882,1.1846378666193855,0.9192398902473888,1.4130757892851005,1.5983565487048659,2.061758652781636,0.4375999139550099,0.6387838065580896,0.7119143403208141,0.867367155306107
float64,11,random_conditioned,8,2000,2000,0,0.0,1.3692850282336977,4.733602809573377,9.828867391404353,38.31156401644776,0.5988078180311446,2.0570270799824604,4.210910520104604,15.86708483247548,0.5683379074727547,0.7928283840532461,0.8789585489655558,1.0333126308685627,0.2606138580335246,0.38718982916011885,0.4322951464111026,0.5200214164692095
float64,12,random_conditioned,8,2000,2000,0,0.0,0.6079978211872851,2.1324948616638433,3.177607173943186,7.272411199394141,0.4211375172606016,1.444996213926732,2.1904842370630733,5.233889476239099,0.23166540705073618,0.3899538727099705,0.45808540329533964,0.6095926955108111,0.16252488293057657,0.3033466816787548,0.35064717466352074,0.47705272332943993
float64,13,random_conditioned,8,2000,2000,0,0.0,1.1226181075925772,1.668962158065695,1.9074579348758407,2.2579220713725396,0.4675018317730629,0.7858414959491309,0.9065970114836182,1.149620202819553,0.9218294205658438,1.417629940181355,1.5854055121608972,2.130897752083376,0.44015625411688264,0.6484928428744725,0.7386034967350582,0.8729810256313209
float64,14,random_conditioned,8,2000,2000,0,0.0,1.38222966737523,4.3629446575979784,8.411337896022488,36.123742884565985,0.603789223791607,1.8887639734187833,3.5170192124846227,14.556564884801228,0.5601664635757118,0.789018661727925,0.8761308916274039,1.0364006403280488,0.2556827306778888,0.3853122409014632,0.4322973383865539,0.5464315126173032
float64,15,random_conditioned,8,2000,2000,0,0.0,0.6389850145080735,2.6254368371613173,4.20400230292037,11.395021908220832,0.4323179619220545,1.770923776418834,2.9880582903279294,7.925387229477325,0.22557927990300536,0.37630360006106384,0.42566830360845515,0.5551670278153374,0.1583816416528138,0.290622668767044,0.33726738680833074,0.46220590817611074
float64,16,random_conditioned,8,2000,2000,0,0.0,1.129636705131274,1.6859943076552468,1.8656679962288227,2.3412869780493777,0.47534413156689603,0.7723220052102658,0.90409312095201,1.1589220143919754,0.9319425078603163,1.425855126481772,1.600130742313376,2.008054216117406,0.44229142739125366,0.6409138074047905,0.7069574494706853,0.867502905783986
float64,17,random_conditioned,8,2000,2000,0,0.0,1.341841116313074,4.679239767436098,9.690282874059495,38.040223263623425,0.587694461083976,2.059278535876791,3.872158346163091,14.464940043055902,0.5638620717224345,0.7848005007299503,0.8777298830799081,1.106712484294019,0.25724702275640876,0.38704308793818465,0.43581628181618554,0.5331061363347467
float64,18,random_conditioned,8,2000,2000,0,0.0,0.6281562521821245,2.962142853592428,4.9304375203545,14.31937048133375,0.4394089936877401,1.9809712863407618,3.356799361842613,10.542243620027028,0.22758910061374035,0.37801721682374495,0.43425621700939654,0.5647429513238429,0.16242163169232676,0.29094683054640963,0.3432756929462392,0.4573728259475003
float64,19,random_conditioned,8,2000,2000,0,0.0,1.1476018820814469,1.7021793374896512,1.9184635819990064,2.226154572487968,0.47595221842821955,0.807451102271077,0.9414233550788227,1.1561984152630278,0.9118289964796481,1.434396030552841,1.6070935753090803,2.055548856227773,0.4371228061718415,0.6420601756204274,0.7323510457146144,0.8969008142494422
float64,20,random_conditioned,8,2000,2000,0,0.0,1.372891498674617,4.704548420013019,10.014577605834212,45.79152648106426,0.6127735025403074,2.0373879938921124,4.180860464890477,18.414669438531416,0.56459114807791,0.8193811581195566,0.9095334586544903,1.1053297088058354,0.2578763598218263,0.3950115774738735,0.4457718672529188,0.5668573102255628
float64,21,random_conditioned,8,2000,2000,0,0.0,3.457542299389597,4.598129925143458,5.0329990025628515,6.086706857858863,0.9221708134274615,1.2842942925070622,1.46831675747706,1.82330393036565,3.4454268203783363,4.637050942860003,5.096249904389695,5.9466276215602605,0.8243573879903234,1.0717893927315767,1.1779349053329375,1.3783918972489229
float64,31,vandermonde,8,2000,2000,0,0.0,0.39482502755772636,0.7476308707780681,0.8650020129574443,1.1778767136660397,0.27108127435860585,0.5091458316255156,0.5947188475983453,0.8041938356662013,0.3550668699284689,0.6347529890494541,0.7444186990416933,0.9465441347668698,0.3202033730931635,0.5968294706010332,0.7033867375293302,0.8808718100442521
float64,32,vandermonde,8,2000,2000,0,0.0,0.8348859035249252,1.3954855945674438,1.569910067649492,1.9874497801203463,0.43745133312974366,0.7741597881677641,0.8807563918255779,1.0942087652003656,0.515219687657869,0.8813913445553799,1.0080657500284096,1.4073288511195052,0.3359700084964126,0.6286079309856687,0.7475753276162543,1.0159810870202042
float64,66,scaled_adversarial,8,2000,2000,0,0.0,7.524681564767611e-05,0.0020408888913572305,0.004990419914560591,0.02176230465060783,7.910502929022444e-05,0.002133174592465416,0.005021053666581903,0.022254154173612536,0.0002952426151419655,0.028146404493002524,0.10040674627768724,0.47636108680909983,0.0002915142538154586,0.026880787134903626,0.09992063568351787,0.47445295775942786
float64,67,scaled_adversarial,8,2000,2000,0,0.0,1.251231546420407e-07,6.007977200786581e-05,0.00029394269575590677,0.0032069827470997746,1.1894640337188983e-07,5.654759878294159e-05,0.00028111874041841057,0.0030026217633995086,1.6405353130147793e-06,0.0009030098448737872,0.004817321145154024,0.11097269415523708,1.6375567406441906e-06,0.0009026482105623221,0.004430733637641614,0.10935205659302137
float64,68,scaled_adversarial,8,2000,2000,0,0.0,3.4593674003366555e-13,2.6479426716955168e-08,8.920795806541014e-07,0.00017194664839778595,3.277892199467423e-13,2.5201478801688903e-08,8.900242120615205e-07,0.00015328813976061875,5.654832123662497e-12,5.073639656931294e-07,1.129965467819137e-05,0.0018165868283303527,5.5512493671551e-12,4.918156633770338e-07,1.1051051693722067e-05,0.0018099856019155377
float64,69,scaled_adversarial,8,2000,2000,0,0.0,7.824265171516011e-19,3.722279650687855e-11,4.554654904591335e-09,5.23381306863068e-06,7.71056297863156e-19,3.6895833518299515e-11,4.554608430107734e-09,5.2396353871503385e-06,9.963363584611308e-18,1.1998982094021202e-10,1.7809874123575038e-08,7.522559883388145e-05,9.801804475341356e-18,1.185024469679062e-10,1.725410869760827e-08,6.459451065580307e-05
float64,70,scaled_adversarial,8,2000,2000,0,0.0,3.043222520982139e-05,0.0010967115262423574,0.0029225830940526154,0.013194771221001928,3.0508341530272047e-05,0.0010963284011556104,0.0029032721676538094,0.013064872101561525,3.0264558734415248e-05,0.001200620772777934,0.0029876363768122052,0.014535386304453909,3.016476514550133e-05,0.0012007141576445986,0.002949653980269867,0.01453441790858924
float64,71,scaled_adversarial,8,2000,2000,0,0.0,8.326975585366932e-10,9.098191200975501e-07,5.092514301363424e-06,8.902477337968673e-05,8.535203292823473e-10,9.134764757291257e-07,5.076584736492203e-06,8.866031971778088e-05,2.354209855172977e-09,3.2059141495635e-05,0.0017086304042350196,0.2214840533248214,2.407652719653719e-09,3.268897556263258e-05,0.0017072305556094305,0.22148395857915293
float64,72,scaled_adversarial,8,2000,2000,0,0.0,4.465460923755298e-16,3.3326209182038433e-10,8.038980470358483e-09,4.9018157764336816e-06,4.427351223319305e-16,3.3326800813995065e-10,8.104386831537998e-09,4.889150573164175e-06,5.316220867980869e-13,1.0706277770048053e-06,6.122270084119484e-05,0.02180999939753576,5.230835193069645e-13,1.0706178624867409e-06,6.121322166071048e-05,0.021809637340907205
float64,73,scaled_adversarial,8,2000,2000,0,0.0,4.686039425851664e-21,2.4236853007687503e-12,2.4037913630236e-10,1.053405986274163e-06,4.686039760395385e-21,2.4236780817190186e-12,2.4037913621079195e-10,1.045985841466604e-06,1.5827875645914314e-17,5.743381573386719e-09,5.141368318358205e-07,0.0011179008575065645,1.5792649139153978e-17,5.7450024785901995e-09,5.139157751099832e-07,0.0011179003404686871
float64,74,scaled_adversarial,8,2000,2000,0,0.0,6.210962975522951e-06,0.0004327574180818251,0.0012303445001453771,0.008112644248347348,6.111560172130885e-06,0.00042651933197100547,0.001217946199537363,0.007937900384693001,6.210962976462263e-06,0.0004327574180818251,0.0012303445001453771,0.00811264424834735,6.111560346636537e-06,0.0004265193319672321,0.0012179461993803483,0.007937900384866884
float64,75,scaled_adversarial,8,2000,2000,0,0.0,3.410920753883477e-11,1.1449821558006075e-07,8.46849287610749e-07,2.6117486758008047e-05,3.411029773166557e-11,1.144981901318229e-07,8.468492858908659e-07,2.611748376924474e-05,3.4469128592060584e-11,1.1644700841513046e-07,8.46849287610749e-07,2.611748675795318e-05,3.446912922178274e-11,1.1645543136257652e-07,8.468492865561388e-07,2.6117485203973622e-05
float64,76,scaled_adversarial,8,2000,2000,0,0.0,1.1804104563954305e-18,1.153561051590702e-12,5.1313624778287104e-11,6.863358623887323e-08,1.210701487942242e-18,1.1612482504238407e-12,5.1313624309271134e-11,6.984970428568675e-08,8.941464786988011e-17,9.308511805026977e-09,1.6271558430383567e-06,0.013314467538542716,9.081551032905899e-17,9.306184058327964e-09,1.6032943621204464e-06,0.013314467533012587
float64,77,scaled_adversarial,8,2000,2000,0,0.0,1.744657411397894e-24,2.4090887975637333e-15,7.171709418125696e-13,1.9820219151055153e-09,1.7826403135104545e-24,2.4090913569055574e-15,7.171709417591612e-13,2.0088773011609953e-09,4.2070147428382245e-20,2.3566593603744477e-10,1.0805361348013052e-07,0.0005436251879171734,4.288520931719386e-20,2.356410861441736e-10,1.0805361348016844e-07,0.0005436253864494529
float64,78,row_diagonal_dominant_random,8,2000,2000,0,0.0,1.6018290119382388,2.393692984796508,2.95878205832364,3.3459607307751136,1.3928123896493405,1.9383649186601535,2.3893879165786727,2.5568144304614275,1.5977553659693564,2.580403466137783,3.0609285520592313,3.3587769952807145,1.3723113491246175,2.0647626616820345,2.437345121465795,2.6171239557969157
float64,79,row_diagonal_dominant_random,8,2000,2000,0,0.0,1.3324644760341156,1.9507139407146765,2.299838180645312,2.738993711222617,1.1403761848015337,1.530341707827598,1.813968810777022,2.024739599142713,1.313044146531823,1.9471763076312432,2.2795752422782742,2.6881479921575484,1.105369631613296,1.5191461052000828,1.8019631793820259,2.0007384120239076
float64,80,row_diagonal_dominant_random,8,2000,2000,0,0.0,1.187759340468381,1.652582104137296,1.9143321206810724,2.37472798917503,1.0176659188448232,1.3187795046493187,1.4937293362500952,1.7781003475127783,1.173886442075438,1.6649066845831724,1.9933332849120764,2.424898100296899,0.9807308886618478,1.2908675928149904,1.5049317385453707,1.7393620431302135
float64,81,row_diagonal_dominant_random,8,2000,2000,0,0.0,1.07238064132753,1.5381875771928517,1.7704327782643097,2.0771468382943805,0.9189701407154105,1.217543308019318,1.3575964960622229,1.5808427275139418,1.0492025872979753,1.5190649703109615,1.7736240993120578,2.153279786583278,0.8768564863784987,1.2008555850998697,1.3305288355555607,1.5520644031524826
float64,82,row_diagonal_dominant_random,8,2000,2000,0,0.0,1.0274093043720507,1.499416140874789,1.6732413761226619,2.010766763978307,0.8772608430245348,1.183056157245981,1.2846179318452098,1.5099878389567634,0.9887442620933551,1.4344603355017378,1.647879708365115,2.0322053452247144,0.817144088566562,1.1193225820886903,1.2482093605414248,1.4883298639409481
float64,83,row_diagonal_dominant_random,8,2000,2000,0,0.0,0.9921229794081221,1.4384698229475659,1.6050448658480065,1.9196975159869256,0.8501373974115808,1.1400463661730431,1.2544844924827334,1.4336780324507075,0.960153019872874,1.395987915866196,1.5771424738263975,1.9464907578342205,0.7971318689434412,1.0825210504349296,1.1853284921914935,1.4043209262448595
float64,84,row_diagonal_dominant_random,8,2000,2000,0,0.0,0.9855209706186001,1.4096161577127564,1.590117233513057,1.888124283060859,0.8398684409566901,1.1309911034748887,1.2300948268087768,1.4431561974085207,0.9458642086343012,1.3770783865187415,1.5331218024120934,1.8866449114897978,0.7873864570925411,1.0629917419088368,1.1901415162783366,1.3881680705843007
float64,85,row_diagonal_dominant_random,8,2000,2000,0,0.0,0.9795796735924052,1.3691308035379641,1.5593712566078226,1.9355024851088558,0.8289812134927559,1.1094150994525813,1.2300914717680433,1.5095409142137428,0.9495947397736072,1.4014446113072776,1.576979360354745,1.862017902378852,0.7863752736390517,1.0759114691066252,1.1946910238909036,1.4011208972669018
float64,86,row_diagonal_dominant_random,8,2000,2000,0,0.0,0.9955050050399302,1.4253678142544268,1.5912238055495367,1.937782418084911,0.8437325148281817,1.1468777882916117,1.234403389564274,1.4968063524246014,0.9503500834735658,1.3863805614568714,1.5473411501105834,1.8471134732469061,0.7894177530926823,1.075679104643057,1.1743073950626282,1.3717326135130932
float64,87,row_diagonal_dominant_random,8,2000,2000,0,0.0,0.9813912629952932,1.4210213719030702,1.5991015482153708,1.930588471839225,0.8409387245083586,1.120686150513613,1.2308174248971464,1.473994083856332,0.9328263400883561,1.3385444941935516,1.5279943269406346,1.9187872375769834,0.784939151964019,1.0602442864539152,1.1760610877653226,1.3638671842834067
float64,108,row_diagonal_dominant_stochastic,8,2000,2000,0,0.0,1.2928731590848428,2.4214622702754838,2.488136106843572,3.017839748586743,1.3903332069740229,2.2662970851832793,2.34668123042391,2.7664155457984267,1.293660540770248,2.4126166840610135,2.4729769033759315,3.0474484971571902,1.3537578611085501,2.25632613192547,2.342989289727786,2.7385275795814206
float64,109,row_diagonal_dominant_stochastic,8,2000,2000,0,0.0,0.948574218613192,1.5607979075461205,1.6147096746029392,1.774470397008566,1.1084541560145325,1.5497525444765086,1.6754705924943505,1.93093133039155,0.9326368545633914,1.549336866447544,1.6129001766452769,1.9144566537319172,1.0369298798339521,1.5192231369061926,1.6046735577547442,1.826635821477166
float64,110,row_diagonal_dominant_stochastic,8,2000,2000,0,0.0,0.8006605153746134,1.1366553536549058,1.2016094565562796,1.4023149254303495,0.9501602303308851,1.2890337968038028,1.415840240609578,1.6782612447139438,0.7466949276065304,1.1125781469624412,1.1705768332267958,1.3405392179858562,0.8530000670859862,1.1370095403970368,1.2163431113340522,1.3888290575495872
float64,111,row_diagonal_dominant_stochastic,8,2000,2000,0,0.0,0.7301268549224147,0.9633236334080677,1.0219799591451795,1.1640416767340995,0.8896204546511048,1.2247918062217558,1.3512506446297612,1.526994598821317,0.6271345562161127,0.8138930809893699,0.8727046356041157,0.9730866104951126,0.7024511103076851,0.869763704253832,0.9332455926756588,1.064014124119116
float64,112,row_diagonal_dominant_stochastic,8,2000,2000,0,0.0,0.725442392658143,0.9778245186379934,1.0572582652538751,1.2044452573316295,0.8947788236066758,1.286292321216232,1.3998278414436425,1.6363520103617033,0.555874359049916,0.7246265286502229,0.7883542327394262,0.8895276483137629,0.6221316607642122,0.7645228077135323,0.8089359540094787,0.8950778742334016
float64,113,row_diagonal_dominant_stochastic,8,2000,2000,0,0.0,0.7583023676496153,1.0398940450810283,1.1264482529916877,1.3150677390898153,0.9363540086185431,1.3608284684447705,1.4973497500619322,1.787539381168083,0.5403099692831766,0.7066348604101337,0.7798139974506693,0.8805438291125427,0.5817972933431886,0.7086454530095143,0.75716980285224,0.8508497502436976
float64,114,row_diagonal_dominant_stochastic,8,2000,2000,0,0.0,0.7830786503634317,1.0850116372194487,1.173131223453319,1.362582005102193,0.9628581965495273,1.3955306057477348,1.553001398950535,1.826910143588445,0.5288935043238301,0.6988874368962018,0.7514809998806404,0.8416777025662695,0.5768499412628951,0.7057325932952201,0.7469710123653578,0.8329423676103037
float64,115,row_diagonal_dominant_stochastic,8,2000,2000,0,0.0,0.7936477568085061,1.076997968912406,1.1548009773052157,1.3274615677668111,0.970097413117746,1.4000016518711849,1.5232129882173624,1.8241096557822676,0.5356094105532119,0.6971921592375624,0.7405733187818663,0.8325432293963426,0.5754784681823311,0.6967967963205455,0.7356226118840515,0.8091989601017753
float64,116,row_diagonal_dominant_stochastic,8,2000,2000,0,0.0,0.8245217981256765,1.1208159687720503,1.2057284308530607,1.4003676290483702,1.0103687525133165,1.4400514554759258,1.573943696410528,1.8133479630707974,0.5502070077878085,0.7211323856340406,0.7752350893957997,0.8791754258759104,0.5886338854397726,0.7158992134235036,0.7679674507861763,0.8510416850823236
float64,117,row_diagonal_dominant_stochastic,8,2000,2000,0,0.0,0.8197821097977678,1.1135069968856564,1.2022425940621835,1.3783410493345072,0.9966229030378033,1.436833306688774,1.6019299111448413,1.8931153071674232,0.5400298546382342,0.715550707460355,0.7682592614040057,0.8900725072199182,0.5830227127767444,0.7127637739080084,0.7537859628145671,0.8290760034764701
float64,118,spd_prescribed_spectrum,8,2000,2000,0,0.0,0.5015515745928778,0.6931725456388627,0.7756748934829396,0.9428023785584586,0.41186854359798086,0.5854968211892643,0.6431412630906016,0.7762213822800471,0.4248305274934804,0.5624860945487103,0.6279788092511495,0.7355555562896914,0.3395566696977774,0.4769652020546762,0.5204256481971096,0.6373705743137488
float64,119,spd_prescribed_spectrum,8,2000,2000,0,0.0,0.48897498532886724,0.8400964262910225,0.9582968589824277,1.2346573768597642,0.3688421844227394,0.6348394742329645,0.733309908057133,0.9589569029812942,0.30491009055388363,0.4767575356620416,0.5449666567931175,0.7009126187612827,0.24309392027136162,0.3758545609360878,0.4305217908926623,0.5303594771993227
float64,120,spd_prescribed_spectrum,8,2000,2000,0,0.0,0.5180399843923444,0.9964502928407748,1.2522181227770002,1.889627679298238,0.3839724573636072,0.7269809351240756,0.9064529844314663,1.426770475673034,0.27700230938313225,0.4384537888335409,0.5054733701517772,0.6159285453186492,0.21386573573938786,0.3468550262244893,0.3941366472459598,0.48397040103432687
float64,121,spd_prescribed_spectrum,8,2000,2000,0,0.0,0.5168052462150422,1.1440267153496642,1.5215048450980486,2.779303360208896,0.372953764923039,0.8257060891930336,1.092840935292504,2.0893514159448534,0.2532723785388197,0.4156171860887206,0.47714734109991236,0.6092378052862012,0.19293359607343144,0.3290244020220102,0.38298978011552465,0.48386273470368313
float64,122,spd_prescribed_spectrum,8,2000,2000,0,0.0,0.5351262922026679,1.3297246314754958,1.8054207963493885,4.053982118631746,0.38346195468182187,0.9217740922845842,1.2598747689084027,2.724952570648035,0.24577925366216813,0.39660947890212234,0.44078661061228547,0.5591807696086666,0.18053468506234827,0.30626268600855827,0.3555961637487345,0.47231452392351436
float64,123,spd_prescribed_spectrum,8,2000,2000,0,0.0,0.5507143699637483,1.4783920066154492,1.9511283721969415,4.591977201126645,0.38157935587217506,1.0307684263055834,1.418613421930573,3.0615776245570445,0.23762357187310607,0.3934152223530648,0.449671499011978,0.5724015346865492,0.17129373747583532,0.3018210177850854,0.35045270498131403,0.4830554076866537
float64,124,spd_prescribed_spectrum,8,2000,2000,0,0.0,0.5563089195620011,1.7696433181250557,2.563546450115932,6.054991220059921,0.3892474943195208,1.2068615010276929,1.7758096567696837,4.448673475641662,0.23986433564767057,0.3998624343428789,0.47075112876621705,0.6056998630055067,0.17238450004413652,0.30711288491732225,0.35739018114557464,0.48145825668939596
float64,125,spd_prescribed_spectrum,8,2000,2000,0,0.0,0.5748598717795024,1.795492136630014,2.592212004374257,6.13602963055504,0.4050116236486075,1.2948151807068997,1.8340375071439523,4.339681184306846,0.2337123248836812,0.37987435692922267,0.4287100616043209,0.57852795341726,0.16685032486878315,0.29829884533770706,0.34603450740847325,0.4629232642910083
float64,129,random_conditioned,11,2000,2000,0,0.0,0.7767079648679115,1.2306672284462254,1.4057151704114226,1.8712267792140675,0.45647494930556576,0.7280180892946183,0.8460396459223642,1.197634011215507,0.39883551805245065,0.5571265631598972,0.6133628855238089,0.7391727988411804,0.25666219912612565,0.3722339191148345,0.4183275289855225,0.5053394117988319
float64,130,random_conditioned,11,2000,2000,0,0.0,1.4763017995536885,2.0929194047698543,2.3070913995867706,2.717071943807539,0.5277028650424956,0.8353295525459451,0.9291740583613946,1.188141275078706,1.1960231068227651,1.7755184445252046,1.957249008549236,2.444729804084195,0.4948277833662742,0.6980439240099302,0.7765984076349738,0.9561643290526183
float64,131,random_conditioned,11,2000,2000,0,0.0,1.752331785303788,2.776426535284291,3.309098622139975,4.636342435661481,0.626935684347065,1.0176187246038186,1.2144002202012028,1.583125537775612,0.777072301723337,1.0273857615819364,1.123944245828837,1.4730854924538368,0.29863260481303533,0.4162228581955316,0.4610560910893321,0.5850223851162508
float64,132,random_conditioned,11,2000,2000,0,0.0,0.6858632835258758,1.4565314292601668,1.8440951596683073,2.921721594282705,0.4332708109256074,0.9200363550267471,1.173093613616041,1.8697389650997047,0.2686057330561593,0.40274455565799683,0.45570207333932056,0.5563921598262993,0.18720696727395336,0.30398788574101143,0.3476441919103507,0.4546628594295658
float64,133,random_conditioned,11,2000,2000,0,0.0,1.4852546898808021,2.093753072894136,2.30120353531741,2.8128769805346563,0.532932019453279,0.8483596227216286,0.9794949871582607,1.216431146876744,1.2024555815438307,1.7545093312270246,1.9505804849901012,2.3744472261749996,0.49708778045572993,0.7049944214626164,0.7665348471795579,0.8939263284396413
float64,134,random_conditioned,11,2000,2000,0,0.0,2.2571859582037126,6.054226198187511,8.020211144979356,15.813650425585191,0.7868708941971065,2.069936430332915,2.733947880281036,5.204475019569155,0.74586963374604,0.9965668687045557,1.0916508067296895,1.2891831555422122,0.28663909561574125,0.40974655436072455,0.4602350240907412,0.5536780236052175
float64,135,random_conditioned,11,2000,2000,0,0.0,0.6733515719867891,1.7677605822430336,2.4122723730625877,4.052035727027892,0.4470823542692619,1.142347467891775,1.4794461158827108,2.6807132630936645,0.2390947279307093,0.3722154509632977,0.43091053225768416,0.5552990553055049,0.1671146671331979,0.27879502547989493,0.3188488607314224,0.4266078461783279
float64,136,random_conditioned,11,2000,2000,0,0.0,1.4844720925171198,2.0585471784531104,2.2777130707596367,2.629865425707566,0.5238118602356252,0.813053445801376,0.9283790373666216,1.1821316941653606,1.2065788105481396,1.7688419969229685,1.9500701517041872,2.393467566990424,0.49132006457190314,0.7010475055389224,0.7751485588255188,0.9193073337768516
float64,137,random_conditioned,11,2000,2000,0,0.0,2.297374311332356,8.003186973688267,13.59329850263246,40.59783701809693,0.8206719060751775,2.6485845221762525,4.486384345799148,14.494321611756773,0.7435558068917282,1.006774786560175,1.0947565582168621,1.2989187310461636,0.2879737969211663,0.40111443016935827,0.4485891849359206,0.5356823154844952
float64,138,random_conditioned,11,2000,2000,0,0.0,0.7387920548163582,2.285796536877088,3.4377168301933065,6.387572834613186,0.48523957700959636,1.515467258518167,2.218229511341354,4.17623959869529,0.22677853699021774,0.3637766207220623,0.4067778522592809,0.5177192370056726,0.16245623878320548,0.2703137290013835,0.3099080993440334,0.42143136015568433
float64,139,random_conditioned,11,2000,2000,0,0.0,1.4641884720193548,2.021759804919889,2.2582466164132318,2.639027670786149,0.5305776437979259,0.8198013554318527,0.9465159351520788,1.185115041791203,1.1982930638449285,1.741051990258342,1.9658986380235681,2.3876716486826672,0.4981055578768111,0.6987961818999504,0.7813440036247563,0.9555983487316974
float64,140,random_conditioned,11,2000,2000,0,0.0,2.3427885444298155,8.244699087388005,15.449162305877543,58.0131619023636,0.8193026186885198,2.764298247342859,5.026433606016233,20.025012518720608,0.7433883949007261,1.0012964918335099,1.0884619319791096,1.2971032446560704,0.28534033392546987,0.40446915594988697,0.44371392539929605,0.5393976196733997
float64,141,random_conditioned,11,2000,2000,0,0.0,0.7501540944724896,2.5831606401636176,3.9148447220284157,9.9790384505848,0.4815405626887413,1.6594551873367083,2.633267159266981,5.957225236650784,0.22138400946593428,0.36445366100610427,0.41182646178846083,0.5304962363608017,0.15674591271539112,0.276767864291718,0.3225489550886348,0.4313759800066169
float64,142,random_conditioned,11,2000,2000,0,0.0,1.4611011931332858,2.11740270473842,2.317510791822402,2.703797471974179,0.5322011832490332,0.8419932291076442,0.9483674885322668,1.2373459930343147,1.1902003512436155,1.7535395205266786,1.9566523713854178,2.6213617845520036,0.496203751126864,0.6944765736449265,0.7599413470958266,0.9320860723948545
float64,143,random_conditioned,11,2000,2000,0,0.0,2.245567963116922,7.80445594718015,14.868041348897432,69.34848934562392,0.790055079285104,2.525096593028722,4.6547975767769625,27.855544958751977,0.7449976383685575,0.9672080821872467,1.0570816848385785,1.229997127170813,0.28743913762243234,0.39330405840865684,0.4291563128334466,0.522460982538466
float64,144,random_conditioned,11,2000,2000,0,0.0,0.791293367342298,3.02251607625591,4.469613470412664,9.995145714805602,0.5176254071318462,1.9625507992487548,2.874753032046365,6.811880716940571,0.21580140168093193,0.3577267940072479,0.4076308175962557,0.535034058169644,0.1517766797690714,0.27403711760474186,0.3170360375189615,0.44043426873534597
float64,145,random_conditioned,11,2000,2000,0,0.0,1.5001783227377135,2.133233415029319,2.3371625401367986,2.7865639859306253,0.5374209805331779,0.8516033551440934,0.9712429453765714,1.3001756201294974,1.1817529503175865,1.7387354892564775,1.9414925419851157,2.4124240282451264,0.4910116962551598,0.6894216386847257,0.7585680287378171,0.9117793322717161
float64,146,random_conditioned,11,2000,2000,0,0.0,2.3380456634669695,8.613234050527472,16.045550746726086,74.49966022042128,0.8184825305838189,2.8172708179388417,5.653271303318738,23.48529449304594,0.7463540250427277,1.0046998579757012,1.093209066877847,1.3508661507467847,0.28837936494415783,0.40167250334480536,0.4469302496146762,0.5708836455407953
float64,147,random_conditioned,11,2000,2000,0,0.0,0.8662064592941814,3.8948188525615843,5.768489916340792,13.447792025034726,0.5538710489787071,2.4606398465250643,3.802487365749459,9.323396556102717,0.21908891610816633,0.3571929003377463,0.4034311676782339,0.48961457720638585,0.151038684523069,0.2731618512050707,0.3186898257927398,0.4007038428334656
float64,148,random_conditioned,11,2000,2000,0,0.0,1.4842940583750075,2.1326294558277903,2.3211979848336424,2.68089053068794,0.5382508304585287,0.8489522053507847,0.9616544373067087,1.1816863685982557,1.203579491306868,1.7674409818798575,1.9716560076081544,2.4665933007544276,0.502397041595223,0.6886074528091223,0.765482403979481,0.9211733655917279
float64,149,random_conditioned,11,2000,2000,0,0.0,2.3152863114713327,9.095536079382498,18.067440472488535,68.72837052959689,0.818111599463194,3.219840545395855,6.031408196188173,26.712614605207825,0.736230402925762,0.9976781763374242,1.0912522738339865,1.286536660156997,0.2824647283865753,0.4028256491298718,0.45133809305529377,0.560976914741626
float64,150,random_conditioned,11,2000,2000,0,0.0,4.606256567256516,5.998061877781905,6.477508499853439,7.712774057767968,1.0033673910047534,1.3798454727169238,1.5292154207810305,1.857623978022981,4.5924567749600005,5.984689531544062,6.47304935834677,7.751231414619204,0.8997910484483753,1.1521405197349597,1.245738434654914,1.4216754022289175
float64,160,vandermonde,11,2000,2000,0,0.0,0.46537199702970267,0.997651682431818,1.2263865027107732,1.9204656236017055,0.3072222488524367,0.6189159580363788,0.7586579214145468,1.0914708658083512,0.38081184546816393,0.6712892450884254,0.7766443446230423,1.0719937078861586,0.3449536654808436,0.6495105118915606,0.7449303270599986,1.0191750625724292
float64,161,vandermonde,11,2000,2000,0,0.0,0.9991979438988807,1.7811409089315529,2.1157362828878177,2.99169490723406,0.48797853983126627,0.8952779834617814,1.0697518217097692,1.5310567582611407,0.5272314959853378,0.919337547025817,1.0777921934983716,1.4707477372520337,0.3561538206238651,0.6800634015621879,0.8027423127554932,1.037457545664012
float64,195,scaled_adversarial,11,2000,2000,0,0.0,2.755300971226884e-05,0.0005928776731684201,0.001434690042157183,0.009016729065650611,2.9114848783601444e-05,0.0006116208495507856,0.0015490666449248596,0.008483447033222256,0.0001563575049922567,0.018743445562706528,0.05942074371667201,0.26887276933257226,0.0001574953780471493,0.01826353823170567,0.05923105172200036,0.2687122082930734
float64,196,scaled_adversarial,11,2000,2000,0,0.0,2.9645657248253657e-08,1.3032593371115369e-05,6.154907349616128e-05,0.001086825409354509,2.844563830165672e-08,1.2747855305234142e-05,6.135995038498765e-05,0.0010127041207615625,4.7291663646116264e-07,0.0003587411842634773,0.001981192224558343,0.028028681688448787,4.587052100063345e-07,0.0003273715434872819,0.0018523801521507298,0.03148054000130611
float64,197,scaled_adversarial,11,2000,2000,0,0.0,5.631218101623759e-14,2.048787234730706e-09,3.71859260602924e-08,1.213567035049552e-05,5.5843949699959015e-14,2.0307649323545472e-09,3.718321332286426e-08,1.1656642564145606e-05,5.011821238229921e-13,3.659934324986505e-08,8.768008080773305e-07,0.0005134248975719235,4.667194498170274e-13,3.556244826678944e-08,8.723842722045138e-07,0.0005452961939689289
float64,198,scaled_adversarial,11,2000,2000,0,0.0,1.1734668679511644e-20,2.16610652459478e-13,1.1998161528408517e-11,1.1453612369468008e-07,1.1681556217524935e-20,2.1326090696672099e-13,1.198946399340399e-11,1.0667764230811444e-07,1.6807000244235025e-19,2.7308110577768055e-12,8.602491350447697e-10,2.1704487459136388e-07,1.630278015665344e-19,2.7308180186541037e-12,8.35992622166627e-10,2.167361407392556e-07
float64,199,scaled_adversarial,11,2000,2000,0,0.0,1.2270625994259538e-05,0.00027555703645466335,0.0007207053493582149,0.0030950605939953618,1.2095275615053338e-05,0.0002732431951090219,0.0007201275635342032,0.003095107792146884,1.218814122195381e-05,0.0002850777203837401,0.0007203872591144975,0.0028706249471418615,1.202495316804005e-05,0.0002819011670602724,0.0007178563430918619,0.002819639162969347
float64,200,scaled_adversarial,11,2000,2000,0,0.0,1.349623961450525e-10,6.910185038437249e-08,3.945869898154412e-07,3.906992742375663e-06,1.3713286676362404e-10,6.998647581329474e-08,4.0371249285386707e-07,3.909826192352972e-06,4.3880737909758594e-10,3.6165241062960173e-06,0.0006022875826955192,0.08382756203848207,4.4744038805540507e-10,3.6083683747884952e-06,0.0006022875808583145,0.08382752923541943
float64,201,scaled_adversarial,11,2000,2000,0,0.0,2.6430323814588935e-17,1.1862074495786848e-11,3.237330757630092e-10,9.499796871227742e-08,2.673024571571921e-17,1.1816717844204999e-11,3.306966751939557e-10,8.220677568582566e-08,5.0022636686800583e-14,3.780941870688124e-07,1.8570013549087908e-05,0.008221663535262071,4.837848764100143e-14,3.780906980713868e-07,1.8569904763336955e-05,0.008212933262878539
float64,202,scaled_adversarial,11,2000,2000,0,0.0,4.7350235437268556e-23,4.942982975069675e-15,8.103919259891711e-13,7.58953083298518e-09,4.7350344382582425e-23,4.942830352438401e-15,8.093636138371738e-13,7.583026169363263e-09,1.9056419145122228e-19,5.42073653464543e-11,4.772862165845645e-09,7.759878792645754e-05,1.8764207195095534e-19,5.4314983666943177e-11,4.7728627945598425e-09,7.758867105632882e-05
float64,203,scaled_adversarial,11,2000,2000,0,0.0,3.948606452054897e-06,0.0001342492587842094,0.0003530465424148146,0.002055881349015478,3.923569369225988e-06,0.00013323403221443078,0.0003518184326795195,0.0019859072798156935,3.948606452054897e-06,0.000134249258784209,0.0003530465424148146,0.002055881344779101,3.923569227358131e-06,0.00013323402597232732,0.0003518184344156105,0.0019859072789608725
float64,204,scaled_adversarial,11,2000,2000,0,0.0,1.4988457822182492e-11,1.5790193131442338e-08,1.1409542878170371e-07,2.307146580659128e-06,1.4988352429939353e-11,1.5787277581690556e-08,1.1396489797766078e-07,2.3071423542360503e-06,1.4315573727987736e-11,1.5875773080567984e-08,1.1561252456922054e-07,2.355668545609126e-06,1.4315573728216471e-11,1.5875647714253253e-08,1.1561252463731872e-07,2.3550103894337895e-06
float64,205,scaled_adversarial,11,2000,2000,0,0.0,2.843750152330782e-20,6.116269751405467e-15,3.0686552458485497e-13,3.227076748682153e-10,2.925775343964266e-20,6.194097811213086e-15,3.068648672476654e-13,3.227303887575658e-10,2.100216704288664e-18,6.722806724477939e-10,7.321615622427871e-07,0.0042864820026915955,2.09683820181468e-18,6.520218721071873e-10,7.319603374055936e-07,0.00426019523223716
float64,206,scaled_adversarial,11,2000,2000,0,0.0,2.1709328054848856e-26,5.647183330279531e-18,8.289990475047556e-16,1.0421784016035202e-11,2.1055569112060127e-26,5.608577979990412e-18,8.28999036708624e-16,9.155092267747423e-12,4.871579903182234e-22,7.120882389430503e-12,4.965846854320247e-09,1.7103204483298287e-05,4.871634963907073e-22,7.120858266391616e-12,4.9643769435989745e-09,1.7103087802208408e-05
float64,207,row_diagonal_dominant_random,11,2000,2000,0,0.0,1.7652107693115315,3.2012160040951,3.3206039191092795,4.025224967304381,1.5340830386666613,2.4895801166468328,2.5633034080563215,3.051682386894918,1.7467999134622065,3.2068324560042685,3.3438883043558087,4.238544877868916,1.4900363290589236,2.4893612967418637,2.5694297363514336,3.2261710672823414
float64,208,row_diagonal_dominant_random,11,2000,2000,0,0.0,1.5581215493845835,2.6436740276445994,2.8120252095794864,3.3603354302515394,1.3232591592557323,1.9378851798495895,2.0371358781579656,2.3147445177324113,1.5251844811968462,2.670830857253647,2.8234750208087123,3.4063582925433793,1.2537781679103817,1.9393363950576092,2.0234162607578132,2.396198504386215
float64,209,row_diagonal_dominant_random,11,2000,2000,0,0.0,1.402824807588095,2.3466809570966585,2.4912918524017598,2.9635980211636346,1.1788503149242626,1.6923518325113451,1.7944030702473357,2.0374250190869776,1.3918956435902476,2.36426113080075,2.54072191372285,3.1318568050060436,1.1285008983102367,1.6710303229982737,1.7700928546408865,2.0493096092960785
float64,210,row_diagonal_dominant_random,11,2000,2000,0,0.0,1.2933969090834387,2.0438234166787232,2.168077874012311,2.5511890771397803,1.0608279223467298,1.4585247465431788,1.5333836691429397,1.761862517537357,1.2737638112216538,2.0568952646863634,2.210096080031756,2.49222793471582,1.012228709555452,1.414394973855452,1.49757801092522,1.7108516695337976
float64,211,row_diagonal_dominant_random,11,2000,2000,0,0.0,1.2684697364239006,1.9282450067651915,2.0864711852587474,2.5026474811269934,1.0328181713679854,1.3753693788754573,1.4926179616052022,1.7815471785764527,1.2208649773359397,1.8754419012296728,2.039778466029468,2.424686733161287,0.9517633651824674,1.308464978541845,1.395483262766213,1.6332724708053252
float64,212,row_diagonal_dominant_random,11,2000,2000,0,0.0,1.2367894520894156,1.8855146108564884,2.0617244474618506,2.6128546167703552,1.0013028808934195,1.3461837183062808,1.4486295817244692,1.772358189477065,1.208554975414658,1.8525721094777163,2.0096884953757885,2.4402458050331526,0.9388262025340048,1.2855456928717843,1.3744595138635773,1.6314192510023875
float64,213,row_diagonal_dominant_random,11,2000,2000,0,0.0,1.2097642158539963,1.8185115112474242,1.977631242694676,2.2932543304046673,0.9840142648281043,1.3175408909601458,1.4063954471669344,1.6411785983403946,1.2149305907071344,1.810972318243018,1.9828721707177357,2.3002593011206187,0.9358336999403827,1.2869425996298007,1.3750450241605974,1.615839638378722
float64,214,row_diagonal_dominant_random,11,2000,2000,0,0.0,1.241186408879844,1.8462598541432247,2.0096538161929804,2.3652669803604662,0.9923498456476304,1.3251203215298946,1.4361515168491608,1.677068296366489,1.1876940492500585,1.8272633183444462,1.9423405082664404,2.336186162110343,0.9292913167938364,1.2770465513669373,1.3682630186674052,1.59928884960373
float64,215,row_diagonal_dominant_random,11,2000,2000,0,0.0,1.2246457187913493,1.8206305728795351,1.9859947333936445,2.466202011883785,0.9804810982876735,1.3263455573650569,1.4304816364454758,1.6859826184291338,1.2061074461969756,1.7812864069691967,1.9731330081889795,2.3880558636707994,0.9288541497742273,1.262451542996434,1.357436040329383,1.5676112571515755
float64,216,row_diagonal_dominant_random,11,2000,2000,0,0.0,1.221928567319821,1.8454401181719375,2.005553061922594,2.427296852413566,0.9903715396249,1.332143186860945,1.4270833990549066,1.6692653695647985,1.1912922415403742,1.7991987301523,1.9715628129136449,2.3958154136429304,0.917897816462421,1.260013452441849,1.352956884922309,1.5802542448059596
float64,237,row_diagonal_dominant_stochastic,11,2000,2000,0,0.0,1.8989333831101205,2.735480068403871,3.143447218029989,3.8087881645120545,1.8177323485119947,2.469607495111988,2.7643278740094686,3.297494605744291,1.8990175114825703,2.723489476295391,3.200695013940788,3.7918563568640407,1.8106081906032512,2.4017592730408373,2.7480917233159445,3.327298743568229
float64,238,row_diagonal_dominant_stochastic,11,2000,2000,0,0.0,1.244679985194702,1.687653108429165,1.914974930633729,2.412116232198771,1.3329601551407941,1.7545910330820473,1.8885588953925811,2.2274308239332177,1.2333716639802508,1.683445808225586,1.9287832314593298,2.4157940042445656,1.2677612039955153,1.6577590892813345,1.7859812996022688,2.1865598056966697
float64,239,row_diagonal_dominant_stochastic,11,2000,2000,0,0.0,0.9668498322054244,1.2510008336370289,1.3767558639283906,1.7226531010322312,1.1212104910183058,1.4364019728183677,1.5591006019376479,1.7724459133998602,0.9243473860972016,1.2243390605344988,1.356616328845731,1.6914508336779501,1.0055968099400134,1.297098725059394,1.3805645583503603,1.6106366861437582
float64,240,row_diagonal_dominant_stochastic,11,2000,2000,0,0.0,0.8137481201072623,1.03020991457722,1.093946277710154,1.2037293951291679,1.0151494991766086,1.3465931020427195,1.4713140649227052,1.7169642463867159,0.727379679234176,0.9263886963641278,0.9800712138776573,1.09923286236404,0.8032393587528128,0.9908488785280882,1.0465558329891875,1.1471658042955934
float64,241,row_diagonal_dominant_stochastic,11,2000,2000,0,0.0,0.7648915473901545,0.9899281879542259,1.053526091694501,1.1894293680983152,0.9609921297461106,1.3245479380411058,1.4444611963740097,1.6959339726040277,0.606457813450731,0.7664035572912764,0.8204355522202459,0.9207453227329394,0.6578360382750519,0.784804006217354,0.830088765459587,0.9269822734779168
float64,242,row_diagonal_dominant_stochastic,11,2000,2000,0,0.0,0.8290905560870044,1.0655422764627027,1.1321271577911305,1.2664665854094685,1.0271925890132536,1.4042034512676915,1.5348404004575775,1.8276954022573926,0.5821919669153024,0.7381073273135542,0.7899769649793698,0.8727577185709429,0.629208469290282,0.7389781479504313,0.7783180700411206,0.8393781924961157
float64,243,row_diagonal_dominant_stochastic,11,2000,2000,0,0.0,0.8633426965258664,1.1150250058286941,1.2078982003225616,1.3742283023325375,1.0792699053098898,1.4832271974364117,1.6251651616545875,1.9121775713348286,0.5754584916452148,0.7213024056858816,0.7710092916644209,0.8670643817870801,0.6199824151011225,0.7310735357973518,0.766463563174013,0.8291981527313083
float64,244,row_diagonal_dominant_stochastic,11,2000,2000,0,0.0,0.8813923167034998,1.1594030001477302,1.2291094354561902,1.3917077331853285,1.1079864984482937,1.5416783217845447,1.7166841739747207,1.9569519508935476,0.5801115689906782,0.7292893497700791,0.7803787111881679,0.8815687974422102,0.6238064351643893,0.7272396661437986,0.7638255486516072,0.835520969500934
float64,245,row_diagonal_dominant_stochastic,11,2000,2000,0,0.0,0.8843877463542134,1.150644649440744,1.2384246726966601,1.368446284424104,1.0973374419582835,1.5290893621672044,1.6608047541849027,1.990094869931234,0.5833442284999513,0.7436144453382939,0.7894563029133971,0.8672582279840491,0.6176532969366677,0.7243773403196018,0.7582882143112315,0.8274989358739248
float64,246,row_diagonal_dominant_stochastic,11,2000,2000,0,0.0,0.8795876241050173,1.1526983275107876,1.2285310669997895,1.3944567810589172,1.0949375033591118,1.5244531871530966,1.6876956749319911,2.015434365486583,0.5758475409891317,0.7276753437547042,0.7724384500872368,0.860512770936663,0.6112804136601058,0.7157046521242665,0.7425493433243338,0.8145604852824108
float64,247,spd_prescribed_spectrum,11,2000,2000,0,0.0,0.59343122581901,0.795178986612646,0.8741927688978339,1.0317982347177257,0.45795316244221307,0.6178195509840035,0.6771587339516809,0.8378121128371676,0.4840093202902621,0.6479405649590739,0.6933094992259407,0.8307573093061974,0.3665611417093272,0.4882623211407179,0.5304328907947554,0.6230688196570525
float64,248,spd_prescribed_spectrum,11,2000,2000,0,0.0,0.5496666176040326,0.8831349839451388,1.0461527260873387,1.39893351810983,0.39401706775114076,0.6347152714019855,0.7528451060687039,0.9904453904650928,0.31929615831597946,0.4662923695023997,0.5207865322035197,0.6692466493883522,0.24611559145093964,0.3667146113126816,0.4144550506420813,0.5198412054019516
float64,249,spd_prescribed_spectrum,11,2000,2000,0,0.0,0.6542202046847572,1.1241642425774727,1.4000366718381636,2.0548447068319016,0.45013521046548866,0.7897793308946913,0.9676079992252381,1.3755114095850047,0.2901466187867769,0.4279132025420073,0.48239151877481884,0.593498838470448,0.22045719721575083,0.32750700814298883,0.3620024153324774,0.48266164499150505
float64,250,spd_prescribed_spectrum,11,2000,2000,0,0.0,0.6494328789694248,1.3931251213681035,1.7590904436784436,2.679638033027351,0.44234218066208986,0.9416465999971231,1.1501974025762285,2.0228456332271283,0.2649194891436307,0.39968787666187205,0.4479052719486854,0.5722009070802524,0.19770348882828376,0.3062755004833561,0.3515326828061881,0.46029244201372904
float64,251,spd_prescribed_spectrum,11,2000,2000,0,0.0,0.6780381923432955,1.5955920615606551,2.100663520713542,3.6183466610300985,0.4524358607848981,1.0366647133660987,1.4177073102366273,2.3262276737012986,0.24941293215477695,0.3817964558916144,0.4389094987378562,0.5403497012781866,0.18454053534494946,0.2982408975376254,0.34035268031340343,0.43608594001269885
float64,252,spd_prescribed_spectrum,11,2000,2000,0,0.0,0.671048394950396,1.746579367556884,2.464493893105914,4.190464821962969,0.4409612260796527,1.1857380689635597,1.670614901878106,2.856796282594621,0.2399660428963238,0.37075038936033194,0.41307559953944173,0.5303661663848176,0.17354522167374326,0.2827356430708568,0.3261769953792413,0.4187874402891389
float64,253,spd_prescribed_spectrum,11,2000,2000,0,0.0,0.706688089580287,1.9729449699490935,2.758658379280161,5.785098705832914,0.46826787667827935,1.2464399747388784,1.854291576362493,3.7656054313336704,0.23465269177818782,0.36232409128718646,0.412822045607913,0.5380347279120926,0.17000176900756792,0.2738935559694723,0.31842588553853224,0.4180957710777186
float64,254,spd_prescribed_spectrum,11,2000,2000,0,0.0,0.7574447531281958,2.1433343339810955,3.0060437464014615,5.723580701046116,0.5008371968256831,1.4129799275053179,1.9413397623724264,3.997855108082142,0.22902230582535468,0.36721885449179725,0.4147214785508912,0.5202862804780908,0.16631531606455982,0.2764423288714335,0.3240046191599922,0.4308282158630837
float64,258,random_conditioned,16,2000,2000,0,0.0,1.0894252028730127,1.6092166210466903,1.8278311510037053,2.3146207692125507,0.555629402039713,0.8324131614027267,0.9349442776925708,1.2161838923766017,0.4969431671990878,0.6621440917867302,0.7275778403573545,0.8805809617747219,0.28876855893997266,0.4028664738089126,0.44128860700571937,0.5381897064931299
float64,259,random_conditioned,16,2000,2000,0,0.0,2.0220787647968415,2.7242236359841594,2.9583532080704633,3.463912749168428,0.6095041478090695,0.9233688470361624,1.0455698294500793,1.3378733619121852,1.6226530176235596,2.287302622002921,2.549802389790056,3.1344304722950733,0.5728309683807684,0.7894916985743249,0.8635345632806162,1.0050009080115645
float64,260,random_conditioned,16,2000,2000,0,0.0,2.8553184246367085,4.170090791119181,4.680842109007179,6.131766603142133,0.7838998879510368,1.114769358886907,1.259235012910935,1.6258199111862615,1.1441168411601708,1.49241231332726,1.637669743792088,1.9409585162509855,0.3447873352866667,0.458445688939529,0.49560216954353314,0.5925934809762503
float64,261,random_conditioned,16,2000,2000,0,0.0,0.9332907063897498,1.772611281073846,2.0703540146480544,3.031815551404093,0.5389144318699816,1.0350249477189624,1.2234814053288836,1.7817769074364735,0.29330182473976507,0.41082768237577816,0.4549140059785074,0.5525373189040034,0.1991056665751227,0.2961912223531861,0.325240751364579,0.4049593571474463
float64,262,random_conditioned,16,2000,2000,0,0.0,2.00655998223339,2.7005161451991984,2.95041486814108,3.3861882287186376,0.6044530795593896,0.9086412210943913,1.0296696098801421,1.277572905122551,1.6088711805231704,2.278276523657699,2.520306507439174,3.056500270810589,0.569687143818089,0.7636799788358931,0.8362760668116865,0.9913609042738659
float64,263,random_conditioned,16,2000,2000,0,0.0,4.019973532115545,9.0793964482635,11.562109520910726,20.5825053909155,1.0579644981125864,2.357306264223722,3.0690495225897,5.043172691401887,1.0870923910090184,1.411894636546466,1.526048203810176,1.7723056946705977,0.3295808005538744,0.43554737874176586,0.4783185024665542,0.5449145430392665
float64,264,random_conditioned,16,2000,2000,0,0.0,0.9381722061800066,2.0375295645605407,2.563516882196357,4.401488867594297,0.5590904664568032,1.2110256507285748,1.4906936798802162,2.6155330827941166,0.24934375694064573,0.36008102022214833,0.40055802617585246,0.48012274619504397,0.17116584895117104,0.26351135676052867,0.3021492995654711,0.38367814066036793
float64,265,random_conditioned,16,2000,2000,0,0.0,2.0350756802450674,2.7584354482581235,2.9874645155657737,3.529231131302323,0.6211315360113535,0.9417898688088866,1.0698164294372985,1.3296504433970306,1.6126143732691098,2.2416002919039157,2.447544571748518,2.937855303505309,0.5705480671288992,0.7625060923564223,0.8329872670303169,1.0026119442376205
float64,266,random_conditioned,16,2000,2000,0,0.0,4.111077217548274,14.460211092709274,24.81600254484034,76.60465846744407,1.0926206862008336,3.602065200722728,6.27963764070649,17.969235927094534,1.0742353673245286,1.4146828042621056,1.5363566089924519,1.8546780021627742,0.32733536825589316,0.4382597957325848,0.47780048517924245,0.5786104181164173
float64,267,random_conditioned,16,2000,2000,0,0.0,0.9804689333939243,2.3588835681756866,3.1719902836290172,6.040299194826385,0.587176061169415,1.3873540668881381,1.9464014444666875,3.6855238820488676,0.23119992076687293,0.3424608588074673,0.3792468119427512,0.46527864181240697,0.16170288791548454,0.25677042505014996,0.29280348782740223,0.36301360452968856
float64,268,random_conditioned,16,2000,2000,0,0.0,2.0071801154959354,2.659179308301387,2.8696259949258813,3.328280054762994,0.6039662920952606,0.8928264202127759,1.0125294084718397,1.2743296405190976,1.60977221382683,2.2759895277858244,2.5541464653527925,3.1346316959914904,0.5692740816560009,0.7780122260146786,0.8443911369725234,1.0289978832826017
float64,269,random_conditioned,16,2000,2000,0,0.0,4.323005969025156,16.64767218203376,30.84829148571641,147.55184110488057,1.1512993225814516,4.0584568696684045,7.87017450155846,35.582738739046526,1.0844309040103508,1.398661094389774,1.519159627839085,1.7593541176220162,0.3277470944438584,0.43221529615014337,0.4706865548734909,0.552697846966999
float64,270,random_conditioned,16,2000,2000,0,0.0,0.990305947284261,2.96107519719967,4.011387282581513,7.204787429942385,0.6122036414374528,1.7950255383382852,2.401680662577668,4.481828940574367,0.21791564968814905,0.321890622703544,0.3613918185034149,0.46614498753989037,0.15142592074213818,0.24168791228825084,0.2693776925940949,0.356729117172009
float64,271,random_conditioned,16,2000,2000,0,0.0,1.995143742890145,2.6623930073497357,2.8914848564161284,3.298715507187262,0.6059937742777058,0.9122508650991763,1.0223757831616287,1.3266659571794046,1.5943565046389065,2.244359050505567,2.502213625732727,3.0390264434116587,0.5666797940494908,0.7780679498391869,0.8587009255298929,1.0014542507906463
float64,272,random_conditioned,16,2000,2000,0,0.0,4.199734422148259,15.499253163719077,32.340642093901174,121.54801884870939,1.12348439067057,3.8686258241270277,7.995853571375178,30.251476369851574,1.0720409657168748,1.4004855326466628,1.522890974443865,1.7988066972644297,0.3278438283646306,0.4252664349456479,0.4662779702532345,0.5541575259711354
float64,273,random_conditioned,16,2000,2000,0,0.0,1.0862764285627278,3.2971993674926616,4.730341411492502,10.019573965199926,0.6575060986580841,2.035524430846573,2.8336141743830705,6.096312391637827,0.21245468367746817,0.3294273371473987,0.3753965744295014,0.46126811756337305,0.14661153647300468,0.2427200348337145,0.2776291458220256,0.36253682905558055
float64,274,random_conditioned,16,2000,2000,0,0.0,2.007902966454812,2.679241104336639,2.868854387687914,3.3021602324034607,0.6083215359439746,0.9112287001815986,1.0216466477934718,1.2543490913999475,1.6086439917347595,2.2475914868663724,2.4589154377385616,3.00228555876809,0.5707389390950894,0.766925451215765,0.8240909979346663,0.9644523514649788
float64,275,random_conditioned,16,2000,2000,0,0.0,4.218052209704872,16.351362339145485,30.38150717121173,169.60757222972583,1.1057815335223171,4.064226196230165,7.8656451531779,48.02815202114665,1.077966105892633,1.391219076593118,1.5126584864996258,1.7906466048430447,0.3245062388071162,0.43265087191428053,0.471972863769428,0.559141255795623
float64,276,random_conditioned,16,2000,2000,0,0.0,1.0791174280021407,3.666053316369186,5.394027878484987,13.298504806845006,0.6502947943826153,2.1985046837540185,3.373493483641224,8.320380900449367,0.2123843865108278,0.33229786861506855,0.3721544864039637,0.470441634172354,0.1462084982651583,0.24587598846032133,0.2865562310930057,0.3760334438667669
float64,277,random_conditioned,16,2000,2000,0,0.0,2.0282187603644095,2.731889762535386,2.98055463819682,3.446116252858264,0.6150523856096834,0.9228104014255378,1.048182656060563,1.353036859428299,1.6290561167762365,2.260255494793829,2.528735541849462,2.979479061479817,0.5777688638109365,0.7736620540246741,0.8421929864447877,1.0014618446085357
float64,278,random_conditioned,16,2000,2000,0,0.0,4.148399431399012,15.831007886582455,30.316946022810352,155.06016710921702,1.0922174882907072,3.9495257141434217,7.53067450726094,38.04399701177732,1.0822327376204142,1.4040636725445665,1.5316547996928767,1.7816779395690412,0.32808428286766267,0.4395844640590628,0.4806536169461253,0.5684233506006797
float64,279,random_conditioned,16,2000,2000,0,0.0,6.635515986675852,8.443565443623504,9.220666657288103,10.532267145463202,1.1411259082553595,1.5089746505109887,1.6318910209950366,1.92560074240941,6.6152889056983994,8.367394387566259,9.12189969823346,10.61665119013064,1.0155861876253867,1.2695157869176732,1.3689053240756077,1.5651501719932515
float64,289,vandermonde,16,2000,2000,0,0.0,0.8873531628387925,2.232928138749022,2.905742302734406,5.068759521064449,0.5144679566006327,1.2002749433477975,1.5413263776775004,2.5809114785614438,0.41737929639068766,0.7006379929596498,0.8210398973413864,1.0827308760815793,0.38883332229746304,0.7165592257368905,0.8519025903575029,1.1196160491757736
float64,290,vandermonde,16,2000,2000,0,0.0,1.8989501398490507,4.510742326735178,5.779008771488382,10.584092651697867,0.8256706971232263,1.8506908363493437,2.3919989138978806,4.544443377064972,0.5763365221665695,0.972182741847111,1.1253660917823036,1.4720971686799176,0.38466179203459616,0.7281559449591245,0.8512150369084039,1.210225622314446
float64,324,scaled_adversarial,16,2000,2000,0,0.0,1.527087397294618e-05,0.0002388881372229996,0.0005202381749091225,0.0022809142806932523,1.5792012524253252e-05,0.00024663465379231084,0.0005159013306783373,0.0023829262063260258,0.00014281403272228534,0.016007231919914624,0.05089875421100164,0.2616280974337662,0.0001439162454148068,0.015957029947659993,0.050796718235688786,0.2600135266181222
float64,325,scaled_adversarial,16,2000,2000,0,0.0,1.1084477759411303e-08,2.849858011524714e-06,1.4578913584145763e-05,0.000187160509684068,1.1051659022471935e-08,2.8038098489058533e-06,1.3902384370852082e-05,0.00018133232214755278,4.179442158350415e-07,0.000144553650813032,0.0006789653583083687,0.008997759278537187,4.1474689744345626e-07,0.00014049651568668256,0.0006518564053116039,0.008439788063288071
float64,326,scaled_adversarial,16,2000,2000,0,0.0,7.914454814753806e-15,1.1334537550581703e-10,1.196938494023055e-09,9.379214377413312e-08,7.895582627378797e-15,1.0586862383834237e-10,1.1867096844009823e-09,8.257318432535418e-08,1.5514043149573563e-13,3.29934809387709e-09,5.574446014129067e-08,5.747017936801329e-06,1.5512061537168576e-13,3.180955224450676e-09,5.344635445092617e-08,5.74696980405225e-06
float64,327,scaled_adversarial,16,2000,2000,0,0.0,2.9950880117839467e-21,3.6750345069880494e-15,1.2565579761468666e-13,1.184980574421945e-10,3.058093028569103e-21,3.619034815606769e-15,1.2307659839243807e-13,1.1756540329081626e-10,5.583740925909711e-20,3.414788239045797e-14,4.7392299313657786e-12,5.264548220995791e-09,5.708649154216353e-20,3.4125913389081e-14,4.739229862921298e-12,5.258688319151384e-09
float64,328,scaled_adversarial,16,2000,2000,0,0.0,4.495417080965287e-06,6.53987909311497e-05,0.00014823048999739513,0.0005022318975956542,4.477290325449284e-06,6.539430064213696e-05,0.0001476190124003527,0.0004998515979371413,4.496710170453378e-06,6.546034406535595e-05,0.00014289934368992728,0.0004600028943907377,4.49367256808177e-06,6.545071158315604e-05,0.00014131980913767225,0.00044436216277796934
float64,329,scaled_adversarial,16,2000,2000,0,0.0,1.8428981316628613e-11,3.7029024342826507e-09,2.0081419629050677e-08,2.6924968469517897e-07,1.8799706672931255e-11,3.7246024143683035e-09,2.116663292093305e-08,2.864341971399068e-07,7.099135786893044e-11,3.1816673338784426e-06,0.001304505149980685,0.24217299750434942,7.612566905038362e-11,3.164456087386641e-06,0.001304505148060624,0.24217299680061455
float64,330,scaled_adversarial,16,2000,2000,0,0.0,6.4488112765602474e-18,5.788109503107505e-13,1.0790342191414884e-11,9.34469642155318e-09,6.447332736390988e-18,5.975540721893964e-13,9.453014491795495e-12,9.954722882854043e-09,4.007027845622838e-14,1.1257817638015952e-07,4.4001229325027625e-06,0.0025089871235903787,4.0119971109006954e-14,1.1257817637913393e-07,4.4001197638225895e-06,0.00250898712133828
float64,331,scaled_adversarial,16,2000,2000,0,0.0,5.522207113484488e-24,6.7605861846446e-17,4.787608398434242e-15,3.9630787670541315e-12,5.5221721317831425e-24,6.445744483708087e-17,5.085777156031317e-15,3.870576662326909e-12,8.916250676261383e-20,6.215162727342974e-12,4.3384349716873897e-10,2.9627020473063036e-06,8.916250717352266e-20,6.113206158210704e-12,4.2534485947489793e-10,2.9622517201574585e-06
float64,332,scaled_adversarial,16,2000,2000,0,0.0,2.111196561579567e-06,3.67850422759881e-05,9.972918568170345e-05,0.0003467121696820781,2.1006036348672094e-06,3.6269747473417236e-05,9.319825547292836e-05,0.0003463362054891062,2.111196561579567e-06,3.678504227684093e-05,9.972918568170345e-05,0.0003467121696820775,2.1006036271103807e-06,3.626974581124678e-05,9.319825547246244e-05,0.0003463362051156626
float64,333,scaled_adversarial,16,2000,2000,0,0.0,4.131365014025576e-12,1.2113908303046075e-09,4.365453006104951e-09,1.0648964515375523e-07,4.122064197522248e-12,1.2111251728858914e-09,4.36545302982149e-09,1.0610378333415386e-07,4.131369764792512e-12,1.2113908303032116e-09,4.365453009703248e-09,1.0648964512687924e-07,4.122064203392108e-12,1.211133852233657e-09,4.365453806858463e-09,1.060875644679822e-07
float64,334,scaled_adversarial,16,2000,2000,0,0.0,1.5387227556739712e-21,7.701561923178768e-17,2.323942128889315e-15,7.695117751394361e-13,1.5795273370027579e-21,7.816602458268534e-17,2.323945346549119e-15,7.695112972192967e-13,5.0341585442104e-19,3.686745730832037e-09,4.150825540678198e-07,0.0018415037602289204,5.046045115921253e-19,3.601025672431867e-09,4.1220482810888835e-07,0.0018415037602287575
float64,335,scaled_adversarial,16,2000,2000,0,0.0,1.0720190768311262e-27,1.5793573211792315e-20,1.5809133962856576e-18,6.787311744755146e-15,1.075675640384867e-27,1.57935498494331e-20,1.5809133962863045e-18,6.777499139388973e-15,1.874134017467269e-22,2.4764494943219384e-12,8.643110716590711e-10,3.2600006792752854e-06,1.874134017468955e-22,2.4764489724177794e-12,8.643110716590709e-10,3.258704430260912e-06
float64,336,row_diagonal_dominant_random,16,2000,2000,0,0.0,3.2273184213798807,4.039369024859858,4.604602806729088,5.28391241737451,2.4383892199247374,3.0100374002148818,3.5256588212972417,3.733282188504867,3.246757066143222,4.155225424507845,4.906226442761354,5.288827613223608,2.431482590313574,3.0458343522751474,3.57630594471591,3.81538217429018
float64,337,row_diagonal_dominant_random,16,2000,2000,0,0.0,2.6380791180573233,3.2328752312539466,3.8756116527937663,4.518081394387312,1.8635501610001939,2.3076095419841836,2.641072965490398,2.9462253499943705,2.6151520145470144,3.4198290269259584,3.9928123935824624,4.63253438255399,1.852873456130986,2.331684566839657,2.6789950978333374,2.9808519082661573
float64,338,row_diagonal_dominant_random,16,2000,2000,0,0.0,2.334522830227434,2.968991287731016,3.551886266870686,4.198823631551576,1.6179897084863093,2.0276941851759003,2.2995027891716298,2.606609218615155,2.3197347589335973,2.9206646511148837,3.589684616176545,4.16519253441969,1.585536482176079,1.9839209391696049,2.3090487923260388,2.5691410557536267
float64,339,row_diagonal_dominant_random,16,2000,2000,0,0.0,2.071806452665675,2.63931072054166,3.0657840061128145,3.6392552418622337,1.407248465916401,1.7570707989177634,1.924118238232418,2.189248153805654,2.076954976648821,2.6279381079097663,3.1916264111084374,3.728952271376351,1.3774856070403427,1.7104070401261364,1.9838110920609613,2.2495764740914206
float64,340,row_diagonal_dominant_random,16,2000,2000,0,0.0,1.8962192462620058,2.425820832261258,2.8108926565118972,3.3991314822425864,1.3044991254444565,1.6291330148103131,1.7946535494034423,2.041548263288925,1.8557401646920653,2.416648742479274,2.7188259168527575,3.379199909829905,1.256397152884635,1.568627278399819,1.710350746391151,1.9908535103207732
float64,341,row_diagonal_dominant_random,16,2000,2000,0,0.0,1.8944591219696485,2.4611620342954565,2.8197469823117145,3.2909812869983295,1.2830489340459983,1.6253688303372753,1.7512434198451725,1.9655562427260593,1.8573441900886651,2.4106459309502655,2.7796799886820076,3.353846911473201,1.2264540770029688,1.5487329171588937,1.733046200121031,2.054093304067722
float64,342,row_diagonal_dominant_random,16,2000,2000,0,0.0,1.884253865591782,2.5095659518729803,2.87260773868439,3.319479186176393,1.2862154015487026,1.6225029360344392,1.7544202766371784,2.0673994018830104,1.8540854741258521,2.4257869212058676,2.792519058300923,3.2816546414858245,1.2293527975611869,1.5517589055384287,1.7460184183341247,1.9808807971800102
float64,343,row_diagonal_dominant_random,16,2000,2000,0,0.0,1.843605423057847,2.4778566014322934,2.853576471804032,3.3158857305262193,1.257789628362897,1.6116997702901468,1.7585908120270262,1.98358588416311,1.8333217800598671,2.427628257413731,2.785613918542142,3.1787432688772475,1.2218403686652908,1.5624136874275019,1.7232972501928934,1.9862452514251079
float64,344,row_diagonal_dominant_random,16,2000,2000,0,0.0,1.8861946292871505,2.5196263376490626,2.8346503110331867,3.2288348965487854,1.2719767162757891,1.6269294882156573,1.7463327716979857,1.951899576975746,1.8284592171725997,2.4190627744134052,2.7886169755547505,3.28674926472063,1.2228285441229247,1.5735711263261527,1.7003333636527924,1.9557465857903753
float64,345,row_diagonal_dominant_random,16,2000,2000,0,0.0,1.8924882549626623,2.5839355113661076,2.9211432223867106,3.335335497822074,1.2751017724543279,1.6431038432371545,1.7752601248794702,2.011536819333806,1.873239288274888,2.5756378899362025,2.9234064336580126,3.4177324373479974,1.2375483883192664,1.6129782078791834,1.7466495549417513,2.072657039393064
float64,366,row_diagonal_dominant_stochastic,16,2000,2000,0,0.0,2.580091046882146,3.810381107646703,4.116775846182911,5.125720385821796,2.3597520719047465,3.2953878550773474,3.398082131012739,4.010061935479241,2.5908973983620314,3.8238827593729803,4.107618164272335,5.2405966784194105,2.352921586376427,3.3101298595460342,3.4107405993594666,3.958462017608934
float64,367,row_diagonal_dominant_stochastic,16,2000,2000,0,0.0,1.682061441208266,2.4618101828949306,2.529861893971642,2.9478078495246507,1.6671644065833804,2.203249755323001,2.329246206361408,2.7427479425082444,1.6775030410244125,2.429784647066824,2.5091325202708785,2.8295671302681824,1.6321660822896478,2.1469984166118,2.2470754804483684,2.4737630572802813
float64,368,row_diagonal_dominant_stochastic,16,2000,2000,0,0.0,1.2166708432221716,1.713802064837488,1.7772313554165908,2.0089038329591333,1.338001645186301,1.7165693912624842,1.8131603095316176,2.07492890168284,1.2032722947912964,1.7086294791785395,1.772655410844727,2.0461198061538464,1.2533789594354479,1.583348009880335,1.6703374741003683,1.9081192060802254
float64,369,row_diagonal_dominant_stochastic,16,2000,2000,0,0.0,0.9382595131304002,1.150903474606972,1.2117786341251713,1.3235634367504598,1.1597482458894801,1.4930109867436059,1.6131144318051989,1.807338421756383,0.8553371641388956,1.0463626904524725,1.108775507276996,1.278079393265336,0.9468394294627149,1.122267316575919,1.19231548626743,1.3336474258375506
float64,370,row_diagonal_dominant_stochastic,16,2000,2000,0,0.0,0.8535168676806455,1.0554150573888057,1.1249580378646384,1.2278739784905974,1.0944369878429816,1.4658577475338548,1.5741845446722842,1.8193667539179101,0.6991198124227067,0.8480371432713874,0.8919153072631952,0.9803481555365265,0.7554432887161957,0.8756839896528821,0.9124316566368262,0.9908645524710821
float64,371,row_diagonal_dominant_stochastic,16,2000,2000,0,0.0,0.8820857133063524,1.0892702723416698,1.159192891692335,1.324810816945132,1.128729125351756,1.5219360219433216,1.6422399355655781,1.9131850711886964,0.6438378461120327,0.7834822486308303,0.8266431839818709,0.9209577394158911,0.6773461237539129,0.7807794196755401,0.8144270881568162,0.8851880093109468
float64,372,row_diagonal_dominant_stochastic,16,2000,2000,0,0.0,0.9018893569889466,1.1295791561227213,1.2056306735502877,1.35601770445136,1.153488089758974,1.5500466219261844,1.6750604156557545,1.9502462252225432,0.6246343089133772,0.7677763707576623,0.809070988996184,0.9153671096959279,0.6584031470037017,0.7519109754950719,0.7806920470625883,0.8370333835365013
float64,373,row_diagonal_dominant_stochastic,16,2000,2000,0,0.0,0.9339554851586545,1.1664103987991106,1.229792128249804,1.3448113646296098,1.1874731124857827,1.5855209090745885,1.7463809651944273,2.0389223875499396,0.6243418537081858,0.7671801761576722,0.8078339832791794,0.8811827253574372,0.6516361650328241,0.740170077106093,0.7639207118502833,0.8183495437849376
float64,374,row_diagonal_dominant_stochastic,16,2000,2000,0,0.0,0.991935078341966,1.2288384798671401,1.3037542614362927,1.452525649976904,1.2603568745479725,1.6694353718174382,1.8187393708843107,2.074416867089363,0.6296108620591021,0.7674058346591955,0.8065601434113354,0.8878843957016406,0.6510020236752954,0.7445166380902967,0.7726068263146451,0.8195609757566482
float64,375,row_diagonal_dominant_stochastic,16,2000,2000,0,0.0,0.9876394784302653,1.2395410412517922,1.3070583132055404,1.4163812370899458,1.2497248005296901,1.700418078164986,1.8376198117300888,2.13844960054695,0.6279942929099289,0.760813589725826,0.8007745904200254,0.8788657032937237,0.6513811707192909,0.7388351364035494,0.7656188315885518,0.8200766788732976
float64,376,spd_prescribed_spectrum,16,2000,2000,0,0.0,0.713337378079747,0.9141814355721781,0.9757621024420635,1.13003716015966,0.505744683636481,0.6498565439678877,0.7046004280229207,0.8190297816413553,0.5816833356428667,0.7432849684169068,0.8068805465563661,0.9394456898368259,0.40874773579909895,0.5161963996921517,0.5559256131730271,0.6411568463532138
float64,377,spd_prescribed_spectrum,16,2000,2000,0,0.0,0.63329542009233,0.9196200754344597,1.0558722195319559,1.45863287284238,0.4166982089206359,0.6129145580730844,0.700350540239685,0.8815393790079883,0.3348896322677254,0.46572753688132124,0.52301975864242,0.6812935076231167,0.2537990573591915,0.3412871796217267,0.3821367034118777,0.47091863916523335
float64,378,spd_prescribed_spectrum,16,2000,2000,0,0.0,0.8235589307271689,1.3840471515314736,1.651527632906171,2.279357388711557,0.511336795027409,0.8707425439034742,1.0243315023791306,1.4887379670947483,0.3113360612906543,0.43808151073225726,0.48404932871700734,0.61380288999416,0.22606364595030154,0.32098331917094425,0.3558410162409715,0.4453728152407795
float64,379,spd_prescribed_spectrum,16,2000,2000,0,0.0,0.8756156668204299,1.6110278680854657,1.9802066301719319,2.894950324354025,0.5430408816982436,1.0143371505669607,1.2426353902515432,1.8167444589213528,0.28176896301042287,0.3997590051541911,0.45149207684297926,0.5381535113751508,0.204926345681974,0.3011623885648111,0.3388471283112999,0.424966039064609
float64,380,spd_prescribed_spectrum,16,2000,2000,0,0.0,0.9078379118371551,1.779626371480251,2.2442931201317142,3.306714291224247,0.5612435473094353,1.1551281812615786,1.3992785106787244,2.2422856049648248,0.26236713878282547,0.3693239425958254,0.42196634404907485,0.5219210588596982,0.19270631544779682,0.28423539006969656,0.3197824204752184,0.39530928580378555
float64,381,spd_prescribed_spectrum,16,2000,2000,0,0.0,0.9349162447371226,1.9876561402044441,2.597211069251877,3.7800383663705133,0.57480616032675,1.2767282461260596,1.600154948521753,2.5891609791285544,0.24341309672746825,0.35341764924166413,0.3995448203223849,0.48297577969646266,0.17760513396787725,0.2650117210148926,0.29807459423834004,0.37123966129949537
float64,382,spd_prescribed_spectrum,16,2000,2000,0,0.0,0.9474506598425106,2.1632295472160807,2.806052091413864,4.87415207800442,0.5854990627766712,1.3460977125089253,1.7926460838822433,3.0739125762987,0.23444489888531445,0.35228689343392966,0.40210460762488354,0.48105885300423945,0.17015432531614078,0.2631679827951827,0.3031392914573104,0.3951954832870029
float64,383,spd_prescribed_spectrum,16,2000,2000,0,0.0,0.9586546285807942,2.512254793014771,3.4027827788497187,5.697611429681645,0.5749940094068786,1.5379280620565083,2.066881914907884,3.7143356427326495,0.22825206659266334,0.34145366415759093,0.3827634751182289,0.47846641111399146,0.1637928334952139,0.2542482130957105,0.29093238605449717,0.3506482909807856
float64,387,random_conditioned,23,2000,2000,0,0.0,1.531540035569008,2.1413891836462002,2.378705519581478,2.8419368620692986,0.6629313269921926,0.9242137078763055,1.0288039461049876,1.258296821749623,0.6405570654255128,0.8389900093081589,0.9168800141683479,1.092147712461861,0.3260437678267221,0.4349371161607943,0.4742072553250009,0.5692403047834853
float64,388,random_conditioned,23,2000,2000,0,0.0,2.686608079327801,3.5383981971806695,3.7978461182904213,4.241829987834911,0.6868179612118126,1.029488836785217,1.151586463071397,1.453470474726253,2.143093613142331,2.8989096738791282,3.164030765081579,3.827828249965314,0.650786008368913,0.8600957583092699,0.9370261357467393,1.1393328113845695
float64,389,random_conditioned,23,2000,2000,0,0.0,4.011539277212293,5.295191543880508,5.741963593922034,6.885480127394895,0.898342495751423,1.197106842954622,1.3218967552476126,1.577531421599155,1.4827572681250847,1.8821262184075185,2.052212357335961,2.378154320677805,0.37353436581442667,0.478831165001799,0.5172759555430138,0.6251254182714507
float64,390,random_conditioned,23,2000,2000,0,0.0,1.283791989964014,2.062366918383064,2.344399683086767,3.1904504187593643,0.6478249532174105,1.0968167024579232,1.2617409023414803,1.7456924759077566,0.34042691838245714,0.4543328253743457,0.5028835684702749,0.6351717749899143,0.21838136549020765,0.30696113287560034,0.3411007434302756,0.43426559159944156
float64,391,random_conditioned,23,2000,2000,0,0.0,2.7056015790330115,3.467708997281297,3.7390710653444055,4.231452152964382,0.6968895720779419,1.0192124681377879,1.1636545138696086,1.4313903088505826,2.122075782790234,2.8612909693865936,3.0968612736264327,3.6321930719429236,0.652405488882208,0.8484395126489498,0.9095977312232668,1.0624661343422956
float64,392,random_conditioned,23,2000,2000,0,0.0,5.640196563898413,10.651641827829321,13.334508367932457,21.08696819281467,1.2258167356762502,2.2675840462576367,2.786980520604186,4.227099826602658,1.3828654662635427,1.7670096681485623,1.9174752136614057,2.342824494727814,0.35571265793345,0.4562806148193203,0.49798255139227166,0.5959654327170387
float64,393,random_conditioned,23,2000,2000,0,0.0,1.206955764226804,2.2534696109593,2.7487103807608113,4.301349435157364,0.6556089351161107,1.2169436087519816,1.4671653363995523,2.3252229509812805,0.27379851358462937,0.3800771988568468,0.415456207602352,0.5060833572477828,0.18221575422373787,0.2744455984235292,0.3003103316203452,0.37811922554507627
float64,394,random_conditioned,23,2000,2000,0,0.0,2.6859286814991723,3.473529070764155,3.777212077588167,4.452622774525347,0.6921734743245379,1.0157946928164836,1.1186467324259808,1.4526351360364118,2.1328340739194993,2.8712545487160996,3.145105951640695,3.7071719811437527,0.6479680369279314,0.8456454856350045,0.915026306083897,1.0961914389686689
float64,395,random_conditioned,23,2000,2000,0,0.0,6.035287960778724,22.127799018327465,33.3654244852312,84.65977456520955,1.3118397442420342,4.381955993332224,7.0501518872144455,17.88775925882506,1.371413337144951,1.7567459017268354,1.8745883966976604,2.2111465027451365,0.3505199642316131,0.4566510035690046,0.49821359146401145,0.5959303892282115
float64,396,random_conditioned,23,2000,2000,0,0.0,1.255255360373063,2.663050997559356,3.2776166223349614,4.758339676713438,0.6877244901560666,1.468763515275997,1.8322450797536216,2.732478374091528,0.24799082748486306,0.3372965451396931,0.36645549843967384,0.458834991887927,0.16856271933900335,0.24353645959918696,0.2709694290283602,0.328882561768555
float64,397,random_conditioned,23,2000,2000,0,0.0,2.6786557034880047,3.4701358988172615,3.7874393789100287,4.357383217963269,0.688787819248857,1.0003434600293024,1.1139726076263408,1.3693523024754821,2.1599561911682232,2.8885087033995345,3.2095950739266716,3.8495629292747977,0.6552028364484694,0.8563988434979963,0.9208881091527876,1.084941410957868
float64,398,random_conditioned,23,2000,2000,0,0.0,5.987666557790851,23.89350297325856,45.76153945392071,203.07342378802156,1.312607736196834,4.83346438663745,9.537848038237646,40.975009756371946,1.3728131983879925,1.7673181722845472,1.9413516020146495,2.2528948414324215,0.35467995523878154,0.45659247255486674,0.49884517671399603,0.5990297354555061
float64,399,random_conditioned,23,2000,2000,0,0.0,1.301493674751703,3.0884850367583723,3.897411982670872,6.591705888485242,0.7271276187141886,1.7537450220810857,2.259573727921252,4.115036968757416,0.23445372257802977,0.33111097904803843,0.36564058748994166,0.43683581437861774,0.16010935198255333,0.2392835367391416,0.2703898983686636,0.3626418904594791
float64,400,random_conditioned,23,2000,2000,0,0.0,2.7118566509188495,3.483086908519707,3.7940281254780484,4.362105441386936,0.6939948357951052,1.0326304616366697,1.1602630915481373,1.404723516279512,2.1416184747280584,2.8723248479093515,3.15303010969859,3.600833134068861,0.6525888569246777,0.8487121078819468,0.915298160380501,1.0609595233277884
float64,401,random_conditioned,23,2000,2000,0,0.0,5.891755351484382,21.135688558124112,38.20035570016457,205.03828513392384,1.2952615243913645,4.3326052816324605,8.003222037474062,45.443929755615336,1.383584797079255,1.7869821830457573,1.9425008708621767,2.266788309942126,0.3561512529294759,0.45740279176767984,0.49230820707839634,0.5751968848758247
float64,402,random_conditioned,23,2000,2000,0,0.0,1.3518398705632015,3.468820591427843,4.533094991824129,7.287851706747808,0.759723486060526,1.943265639472348,2.549934435611256,4.255289616604407,0.2206433274768509,0.3164808768546795,0.3636670856368647,0.43615933288426023,0.14934187247816288,0.23058520247849174,0.26339112888764565,0.33963138619470995
float64,403,random_conditioned,23,2000,2000,0,0.0,2.708254843266123,3.494608669432999,3.7272528194629997,4.3359185774228,0.6921915075903591,1.0150190057451924,1.1441910561481445,1.491155646353707,2.1509209890569077,2.869774949262009,3.163554454124512,3.645917698128617,0.6568392432843402,0.8510734681164274,0.9418111266135856,1.0852949099508848
float64,404,random_conditioned,23,2000,2000,0,0.0,6.005805342708138,22.050732997365465,45.77280764096112,196.8596216712482,1.298271743725946,4.633464921992505,9.406668863398854,42.06472110715433,1.3687670088205113,1.7675103738112723,1.9207736572237262,2.217888530540081,0.3553768525210441,0.4634120118630112,0.5004712297035141,0.610107327629527
float64,405,random_conditioned,23,2000,2000,0,0.0,1.3826258908339253,4.14481572276526,5.87122922494477,10.617438368613781,0.7782284684760281,2.2907121129866956,3.235141065089538,5.800920948498529,0.21877848812309766,0.3151793886333082,0.35257035450374713,0.42957605246613195,0.1459012261407539,0.22403911821238048,0.25947414839469596,0.32233150864356985
float64,406,random_conditioned,23,2000,2000,0,0.0,2.694529696141372,3.48046016213259,3.734195533683606,4.308899303081121,0.6997336765261497,1.0119672903471753,1.125134879236712,1.42086754684802,2.151132413048556,2.91681199873832,3.149154773170021,3.9444438560505324,0.6559503317771623,0.8588325575390567,0.9161319786686444,1.0802708128612903
float64,407,random_conditioned,23,2000,2000,0,0.0,6.096579042135817,20.359428454565325,34.806832430995556,172.46996041125587,1.3474838241879104,4.141530927840614,7.310702939911628,33.68596414184076,1.3732044592166632,1.7438639103412095,1.8750997944356405,2.21705352230807,0.352143943098471,0.4535873270321911,0.5038098036224826,0.6264149880180151
float64,408,random_conditioned,23,2000,2000,0,0.0,9.518122515512488,11.919103055942669,12.95838335705822,14.93221671474243,1.2870962971424897,1.645451571966305,1.7988400669081703,2.1805363004220344,9.455719475581594,11.96526190090755,12.984118177281719,14.968013209586454,1.1646646824418148,1.4209341944763298,1.522734448407031,1.75050686846593
float64,418,vandermonde,23,2000,2000,0,0.0,3.0449857648841343,9.846605706708944,13.664346540126266,28.174693643722257,1.5028460154090106,4.3254162257110504,5.896597397403701,12.614511830632479,0.4266823802916095,0.7355736264377131,0.8660416607687845,1.0823609540040888,0.40980253714706705,0.7951220872135965,0.922885863368598,1.161357467409188
float64,419,vandermonde,23,2000,2000,0,0.0,7.024214207686575,17.7978148107825,24.046786508667353,50.5772286266764,2.463781997746284,6.3804343354656625,8.185481726953332,17.95497349781806,0.5893962555133045,1.0101154444839977,1.1697495320856373,1.5508785536269913,0.4144573371400146,0.785312273643652,0.9238904099302955,1.2465311711057505
float64,453,scaled_adversarial,23,2000,2000,0,0.0,7.464833289408775e-06,9.033459040640225e-05,0.00017854336096827396,0.0007053959053206433,8.072351248458979e-06,9.16647775630433e-05,0.0001765823200004295,0.0006857651181444245,0.00012730712166913606,0.014728439310188992,0.04343543076412718,0.22327123826103995,0.00012624065781864353,0.014368844482779884,0.04205989919131513,0.21852303167635012
float64,454,scaled_adversarial,23,2000,2000,0,0.0,4.8165975285576895e-09,6.270443636535295e-07,2.1745593421219672e-06,2.5161531372593044e-05,4.754265695131884e-09,6.271357003146304e-07,2.1934844397329866e-06,2.511680706406597e-05,1.5694194782920856e-07,6.879347379029208e-05,0.00033742664711525184,0.005566083667656664,1.562079888714868e-07,6.86241466039313e-05,0.0003238380259243556,0.004708073428144436
float64,455,scaled_adversarial,23,2000,2000,0,0.0,1.9098726567924793e-15,6.817468532071642e-12,7.027765063690405e-11,2.3366976579404927e-09,1.928599186716679e-15,6.784075320646522e-12,6.985417688125324e-11,2.6180774720976186e-09,3.2590172449035944e-14,3.288379602374089e-10,3.5565007343067076e-09,4.15888333195783e-07,3.203589560894947e-14,3.2208227043006244e-10,3.5159935844708605e-09,3.880674751081547e-07
float64,456,scaled_adversarial,23,2000,2000,0,0.0,4.424062060575113e-22,8.889075039739263e-17,2.4170631131948864e-15,2.5713281050914213e-12,4.243307223341082e-22,8.374170937109703e-17,2.4170631131863588e-15,2.557091107029454e-12,4.879885710955444e-21,3.0558777127877933e-15,1.1890748285895778e-13,3.859044478468288e-11,4.762661131257159e-21,3.0142774183754145e-15,1.1890418973932314e-13,3.8589827197718316e-11
float64,457,scaled_adversarial,23,2000,2000,0,0.0,1.845714212143765e-06,2.1730537959052312e-05,4.474350243630268e-05,0.00018063797335848494,1.8418456640298835e-06,2.1505639282693587e-05,4.425292311341937e-05,0.00018035503083937618,1.874530161935954e-06,2.1863318363931433e-05,4.342959841212049e-05,0.00017351372354484302,1.8463916197208776e-06,2.1730945510243854e-05,4.140219685446319e-05,0.0001695269577193124
float64,458,scaled_adversarial,23,2000,2000,0,0.0,2.799104091833087e-12,3.6750976949937775e-10,1.4706855417276277e-09,1.6182330494232705e-08,2.8626817336319466e-12,3.732950327670962e-10,1.4912728339852426e-09,1.6063561927120402e-08,1.997743746825914e-11,1.7460252640941074e-05,0.0007389441315506444,0.05430979994643081,2.041062492457965e-11,1.7299256563310878e-05,0.0007369822946059129,0.05430979166762971
float64,459,scaled_adversarial,23,2000,2000,0,0.0,5.955084945239305e-19,7.126782377715784e-15,2.0133853877367787e-13,2.9031383690837436e-11,5.922450318206545e-19,7.126782431137238e-15,2.0127331554258143e-13,2.9024432828910344e-11,1.8188534995065276e-14,7.175195363984451e-08,2.0117976675150444e-06,0.00024207454699596575,1.782268979174706e-14,7.175098262415733e-08,2.011111655329495e-06,0.00024193453677430986
float64,460,scaled_adversarial,23,2000,2000,0,0.0,6.728680002687525e-25,6.432329311135469e-19,2.1046390612746618e-17,1.68272173997251e-14,6.736347554939278e-25,6.360589469010158e-19,2.062882135583756e-17,1.8424964439119216e-14,8.741326343832954e-21,4.0187239989022545e-13,2.4142975835525422e-11,6.687675236167295e-08,8.741326326458195e-21,4.018725268339738e-13,2.414297583553946e-11,6.683355931074598e-08
float64,461,scaled_adversarial,23,2000,2000,0,0.0,1.0731595303412805e-06,1.1335974520203853e-05,2.5210263015132122e-05,8.512672510861647e-05,1.0678211662006868e-06,1.078091536246607e-05,2.432758433229808e-05,8.508707701758348e-05,1.0731595333746662e-06,1.133597452020369e-05,2.5210263012359617e-05,8.512672512665117e-05,1.067821158162662e-06,1.0780915371613516e-05,2.432758462757489e-05,8.508709621077468e-05
float64,462,scaled_adversarial,23,2000,2000,0,0.0,9.830796372622987e-13,1.1851365245472194e-10,4.4184227594671803e-10,3.5563632139758386e-09,9.830914820686393e-13,1.1743584821676781e-10,4.335422371995446e-10,3.555721297236808e-09,9.830807582011285e-13,1.185136524547672e-10,4.418422759467331e-10,3.5563631431959813e-09,9.8308076708985e-13,1.1743585045948408e-10,4.3354223721209687e-10,3.555718215796206e-09
float64,463,scaled_adversarial,23,2000,2000,0,0.0,6.383230542621926e-23,1.1081719036874272e-18,1.2031301481876412e-17,3.940306150681143e-15,6.464130092126095e-23,1.1088900467274398e-18,1.2150901192349092e-17,3.942510354661737e-15,1.6060034166769344e-19,3.95582237539871e-09,4.651834198373803e-07,0.0006670937242310182,1.6022293719237116e-19,3.950761894531284e-09,4.6517650817536163e-07,0.000667093724214024
float64,464,scaled_adversarial,23,2000,2000,0,0.0,6.827482093569126e-29,2.271654391179006e-22,1.3226731103831867e-20,7.165785750970726e-17,6.827482093616876e-29,2.271654391179667e-22,1.3131286480223037e-20,7.11386002745079e-17,4.480499129034048e-23,1.1960641604220117e-12,2.721720435832491e-10,4.8554210706672524e-06,4.480499143328946e-23,1.1960626874284368e-12,2.7217495120019133e-10,4.855421070658929e-06
float64,465,row_diagonal_dominant_random,23,2000,2000,0,0.0,3.5513532319506447,5.303075483755576,5.836599402320235,7.0550259995918205,2.6531373007677725,3.7342739633484827,4.137107425215382,4.829356586016748,3.5476720132325315,5.289545817572633,5.5597952436929186,7.030812998261028,2.6281432040191723,3.7278113372396877,4.075832220509247,4.91878196284777
float64,466,row_diagonal_dominant_random,23,2000,2000,0,0.0,3.1277323217380033,4.624031527955443,4.8147253377116215,6.104571932086733,2.1371173781857564,2.9108288389813186,3.0314055451091972,3.7418722890035805,3.10932622018343,4.609975952201773,4.808494974325492,6.106109536890252,2.1082892059960527,2.918776574089948,3.0667412534862377,3.784195695068158
float64,467,row_diagonal_dominant_random,23,2000,2000,0,0.0,2.8615809369935574,4.217544826885798,4.396029342287556,5.638187080283248,1.8887936456428052,2.5368730287450427,2.654917347962296,3.2501442827813563,2.8620203426822197,4.2172629043095045,4.385705372438833,5.415442999755079,1.8580033881392906,2.520634023998021,2.6623059937058247,3.1913885771383574
float64,468,row_diagonal_dominant_random,23,2000,2000,0,0.0,2.6074082137081414,3.7864820484359893,4.003208442540044,5.022448685785854,1.6856703244406692,2.195012024766735,2.3060100071289655,2.7245741369010816,2.6020781390543557,3.8063210973531105,4.029934603796623,5.131001832736939,1.6255696035537626,2.191778866249216,2.3439646754504704,2.758030036592929
float64,469,row_diagonal_dominant_random,23,2000,2000,0,0.0,2.4601336811179375,3.5976350151373166,3.773202930824435,4.699641840144629,1.5725247204423138,2.03885967132661,2.1357920462478783,2.5332179899492244,2.4474998453346393,3.5663531462986664,3.7489551937962204,4.652002665266687,1.5087258580711658,2.000440548296574,2.105952576091992,2.4680555543915883
float64,470,row_diagonal_dominant_random,23,2000,2000,0,0.0,2.38966043784929,3.47691747680949,3.678811492646969,4.587427810598249,1.5214607451454358,1.947553532309378,2.0847312945639147,2.4268815060552478,2.3804835958306922,3.4332622446643537,3.629995430290892,4.349761751090981,1.4622336789536456,1.9051443205487628,2.0199773707842463,2.350690966975464
float64,471,row_diagonal_dominant_random,23,2000,2000,0,0.0,2.3928391006641974,3.465188868367628,3.6903169249262655,4.449548836535058,1.5303950433138047,1.962727385096846,2.1006933901205738,2.412857664583863,2.3612079192484385,3.4464320398979877,3.7413039858352506,4.671190141889809,1.460456234338782,1.9444610749803495,2.086359869406253,2.4647358387602787
float64,472,row_diagonal_dominant_random,23,2000,2000,0,0.0,2.386980748805704,3.4256033541722077,3.6612319323846565,4.649500637077064,1.5224070180169438,1.9514534245177073,2.0745868781655785,2.407505856851039,2.3834913998615557,3.4768845118671874,3.674705997684635,4.489374588784495,1.4778413794588225,1.9441293499465704,2.0895554039564437,2.4857871216614367
float64,473,row_diagonal_dominant_random,23,2000,2000,0,0.0,2.3842478761460275,3.4715154785871354,3.7295259232648426,4.65858199615877,1.5214298061258127,1.9555266905944821,2.1054159939243884,2.481710599656028,2.3625234440872065,3.4595463980961982,3.714159353198987,4.6166211437664835,1.4795895947760593,1.9744878872628104,2.1452132094870175,2.4749117704025587
float64,474,row_diagonal_dominant_random,23,2000,2000,0,0.0,2.3832488148086535,3.4663160940180178,3.8176274893454636,4.658672889453109,1.5214459490282781,1.9561659366191226,2.147301204282828,2.495565964316513,2.3566181856903237,3.447597804486443,3.783672196802965,4.5248659736468335,1.4811784953996956,1.9692030463497834,2.1391878959512294,2.433849449849937
float64,495,row_diagonal_dominant_stochastic,23,2000,2000,0,0.0,3.201439804420882,4.460090086905833,5.093172428371229,5.724310155667124,2.9082387653894752,3.8471433825638606,4.3434334229469735,4.867228536341107,3.205067318782163,4.444770207655867,5.106882428368359,5.697549733418123,2.903871655735627,3.842289716846061,4.346144173996017,4.862555949639707
float64,496,row_diagonal_dominant_stochastic,23,2000,2000,0,0.0,2.1207639687652082,2.927725032513808,3.3593698038597273,3.532235985269352,2.04025027954859,2.6246563460783716,2.863627641668178,3.135618088497651,2.128461418780894,2.9601174320474466,3.366790397334458,3.7022421525396294,1.9839522937702143,2.55634282771647,2.8449984033476814,3.103983391986421
float64,497,row_diagonal_dominant_stochastic,23,2000,2000,0,0.0,1.5073041695570295,1.9175166346983086,2.3109801891424038,2.47900982691213,1.597891803016962,1.986078472582284,2.1148032043574316,2.3785587073493755,1.5236595403284323,2.0127767098717086,2.3556893277929705,2.4817497602388814,1.5383982864368675,1.8762239679903407,2.0499917331080417,2.221359514088966
float64,498,row_diagonal_dominant_stochastic,23,2000,2000,0,0.0,1.0500910411263684,1.2990039199725718,1.3595938268462116,1.5995147445262312,1.310598679547243,1.6428618598381342,1.7328293493955405,1.9388653095679504,1.004950939171957,1.268136868148547,1.3313959632800816,1.5878768674012165,1.0981054865299478,1.3036068350689924,1.3737444467957023,1.5474117340001048
float64,499,row_diagonal_dominant_stochastic,23,2000,2000,0,0.0,0.9323046562072057,1.0962108834338737,1.1457937914231513,1.2265118507328796,1.21840891592979,1.54114467564503,1.6593644202523414,1.8930615588616997,0.7916039930349104,0.9340508203963318,0.971167642514141,1.0445769966550913,0.85023398112895,0.9754332513660448,1.0190590986281653,1.096127316720975
float64,500,row_diagonal_dominant_stochastic,23,2000,2000,0,0.0,0.9528855250464339,1.1214886407520201,1.172952888362588,1.2593489466586325,1.2427895843512125,1.6048893105830178,1.7213395441507002,1.9472659731242967,0.6994469460391399,0.8213112124290858,0.8553340429326656,0.94813149191911,0.7358683147518574,0.8186839038315298,0.8456988359483051,0.8971919558979017
float64,501,row_diagonal_dominant_stochastic,23,2000,2000,0,0.0,0.9762471667456181,1.1640580933548557,1.2296871391006956,1.329881235804298,1.2695858656880894,1.6548160461099617,1.783370274475859,2.0676530795777577,0.6738945832353673,0.7974650292141837,0.8377267784791099,0.9219565805129575,0.7172110372966141,0.7970006394875632,0.819305219412639,0.8776088627657244
float64,502,row_diagonal_dominant_stochastic,23,2000,2000,0,0.0,1.0122280518823765,1.216819417891488,1.2862853711762066,1.4031461773857494,1.326311890867601,1.7167969635038574,1.8420501149095883,2.0855385968156823,0.6639832186478716,0.7825789424173163,0.8160495524431663,0.8891200305373269,0.7086322571246464,0.7880036603784419,0.8106312652230596,0.8647203189572448
float64,503,row_diagonal_dominant_stochastic,23,2000,2000,0,0.0,1.0394718218244567,1.2480035038152426,1.320693352307853,1.4734984265088662,1.358630711275141,1.754491690814932,1.916219885585091,2.158422866821073,0.6671441072764221,0.7817503502896024,0.8163168259753875,0.8814059625656955,0.7120453527033602,0.7934452978556509,0.8211688021446135,0.8722944989099081
float64,504,row_diagonal_dominant_stochastic,23,2000,2000,0,0.0,1.0399970730519854,1.2644069521703545,1.3241547902403266,1.4726042491626576,1.3603577419883521,1.7749129043651037,1.9100923772429976,2.197247020043165,0.6623909324752141,0.7808513279310579,0.8164109326632083,0.8918366273952637,0.7101566656134284,0.7902581568597783,0.8172710396181099,0.8645068664136416
float64,505,spd_prescribed_spectrum,23,2000,2000,0,0.0,0.8502773277550804,1.0547725444549556,1.123502952722414,1.2608768797832193,0.5368167514876274,0.6663904036507171,0.7160139816142278,0.8250514429795727,0.7045342517092144,0.8940890620175995,0.9635546432317692,1.1138813386028785,0.4378606434189386,0.5474035526790242,0.5872273254733544,0.6773377530374403
float64,506,spd_prescribed_spectrum,23,2000,2000,0,0.0,0.7269942729641108,0.9628971340515422,1.0496579556991188,1.2835277744022158,0.4380398242795735,0.582939002677216,0.6379229380310139,0.7771968485162494,0.36717739166308205,0.46279946786175735,0.5041813209168724,0.6463505706748853,0.25962331246990467,0.33018843822064514,0.358544340720986,0.4138610227329334
float64,507,spd_prescribed_spectrum,23,2000,2000,0,0.0,0.9834260541482434,1.5537099505924794,1.75872032865976,2.2245650014810736,0.5666142535332758,0.8925405905688131,1.0182294558896516,1.3026516995241066,0.3349357574182523,0.4560882935659873,0.5096381897465773,0.6180028315312862,0.23920824123826157,0.3191777265572212,0.3571945994504716,0.40942896670626716
float64,508,spd_prescribed_spectrum,23,2000,2000,0,0.0,1.1715732194457669,1.9157315071915688,2.1916495281205104,2.983391101773181,0.6683606512972471,1.1058263301412743,1.2754500252106926,1.746295235005042,0.3120078578636426,0.42206455698486295,0.4553998877016576,0.5573814475683176,0.2203122315591326,0.30267715586701477,0.3336639006608447,0.41139737417945554
float64,509,spd_prescribed_spectrum,23,2000,2000,0,0.0,1.2021090379974124,2.146230302543839,2.4794675485226536,3.4535311214456943,0.6858045974555613,1.211310665688799,1.4963274843938392,2.013948789263189,0.2881730810927119,0.39397499436596967,0.4388099078301148,0.524389630592771,0.20394765546959398,0.28788243262722,0.3178634157065511,0.38620204763031096
float64,510,spd_prescribed_spectrum,23,2000,2000,0,0.0,1.1989273114968821,2.1756793533700725,2.7061023807428484,3.7806689585173143,0.694338086911606,1.2673307744502749,1.5778225259258831,2.3268508921279834,0.2704232566456306,0.3735764076772528,0.408920118735712,0.4867491789882027,0.1939334033893737,0.2708630181603883,0.29940229060266166,0.38838325050463757
float64,511,spd_prescribed_spectrum,23,2000,2000,0,0.0,1.212702211579416,2.3938727874426124,2.9061306846015853,4.4993585453147915,0.7033148519743416,1.3638663999650449,1.6862430133624495,2.573780692240161,0.2578013358739112,0.35590995836120515,0.38741353392398115,0.4735669625966817,0.1799058266128425,0.2674647448464957,0.30050151633184957,0.3903492058457498
float64,512,spd_prescribed_spectrum,23,2000,2000,0,0.0,1.2541525310743944,2.555214325396779,3.363770023235428,5.559811559489961,0.7090896163211505,1.4764172823181214,1.9030454691736394,3.198987577294194,0.2485496500586231,0.3441450051655526,0.37498468264187435,0.4663379290788618,0.17310804629256693,0.25783447395783593,0.2875517922930995,0.3653005743738255
float64,516,random_conditioned,32,2000,2000,0,0.0,2.107705777843786,2.7921987166239943,3.0538924613126817,3.5304723306642845,0.7604940222607564,1.0049574217934079,1.0844713546231757,1.3005779997386833,0.8049734984215418,1.0133923274004817,1.0880324305117746,1.2599335987816231,0.351843974727151,0.44916317693156016,0.4837357040358728,0.5645492224669414
float64,517,random_conditioned,32,2000,2000,0,0.0,3.5941651954863714,4.481179766179703,4.844720403956554,5.599403931781884,0.7966162675362403,1.1449930792689935,1.278257389179959,1.5769677561811053,2.8076866947253905,3.6911635991108707,3.979972053525468,4.738945641183361,0.7331761174268305,0.9414259678560318,1.0191083425472773,1.1843535720799478
float64,518,random_conditioned,32,2000,2000,0,0.0,5.477012050875409,6.894907596622523,7.539068929749256,8.671441126399897,0.9925818035749924,1.2658491846833446,1.3577272722276588,1.5847361740963668,1.9513696253301438,2.44821567140563,2.61425981902853,3.06811544978819,0.40376976141827936,0.4993888295809361,0.5327216100630949,0.6229264540832359
float64,519,random_conditioned,32,2000,2000,0,0.0,1.6514639782165854,2.450839886589851,2.8041358950040807,3.6492740887218793,0.7504849170038224,1.1472182587713193,1.294206326024635,1.712953019173394,0.3918968687862874,0.5022139055365693,0.5435794843721069,0.6449345999407298,0.23428258301312055,0.30857891295150647,0.33541641268444705,0.4133920265518878
float64,520,random_conditioned,32,2000,2000,0,0.0,3.572113158278187,4.4952725296017375,4.799557526922067,5.447210054326699,0.7930894859720998,1.1458337598313308,1.2577289858284793,1.524422298811469,2.8072200440295227,3.5937038478519816,3.875451295943841,4.553992473369399,0.7353925111279942,0.9368349112408852,1.0053967202034566,1.1708258639865132
float64,521,random_conditioned,32,2000,2000,0,0.0,7.5348974454521365,12.36365370237682,14.61127022119126,20.33244522973728,1.3395860523283627,2.111540414717882,2.472817595203325,3.8184920632007824,1.8456634852166793,2.325195195575866,2.497902072654674,2.942382314076163,0.37901743334426474,0.47503791646237886,0.5136292243632133,0.6104659784222376
float64,522,random_conditioned,32,2000,2000,0,0.0,1.5688654841871252,2.5863977242632035,2.9770666455390287,3.823395823623115,0.7696785734913467,1.2778803731418622,1.4899875512706753,2.0310396895178338,0.2979224987333833,0.39114191531624143,0.4283850537022625,0.4848526482525541,0.19344531063592876,0.26641009895968987,0.29375020732548146,0.33692382838314927
float64,523,random_conditioned,32,2000,2000,0,0.0,3.5724626923905953,4.441659656520831,4.734772640670395,5.526099279852051,0.7867373475941619,1.118578947174811,1.2636091686461461,1.5340670862552865,2.7759464510882004,3.587637166329711,3.8881214008891325,4.7058403284875805,0.7274831259978536,0.9250395741729186,0.9929108844177972,1.1402815476028638
float64,524,random_conditioned,32,2000,2000,0,0.0,8.464031841705541,27.184917432522802,43.747931569419464,84.77995231263398,1.5051924035245055,4.611089183962105,7.282613270577965,13.909137142507863,1.8273869662436606,2.315221408383199,2.491755174287187,2.8122944892416735,0.381899676312655,0.4796921330801535,0.5133685638618348,0.5849057286610927
float64,525,random_conditioned,32,2000,2000,0,0.0,1.565618516334923,2.7740490583799575,3.2957633844823655,4.438526347933993,0.8074045300011511,1.4291273885256688,1.705562584805001,2.354689659555052,0.2552193584102902,0.33749704172405454,0.36762972227810864,0.43445348906752373,0.17011152964572496,0.2408034668873908,0.2654547922078918,0.31989464124204525
float64,526,random_conditioned,32,2000,2000,0,0.0,3.5868797446103198,4.484536790961795,4.754747379289927,5.325736973594286,0.7899848737740185,1.124301521230084,1.2353585611770825,1.5070800809681046,2.7889528508160946,3.679005442986901,4.003606526429633,4.593066589572003,0.7376908490827132,0.9446442527927628,1.0252722203295557,1.1491171715864437
float64,527,random_conditioned,32,2000,2000,0,0.0,8.258597880448239,27.96843307068086,58.85472999795614,308.62203413995286,1.4718701844429611,4.599419921440968,9.57247691419691,50.14732181167099,1.8384722615547398,2.3196401240331554,2.478675378129256,2.9904909974539944,0.3820154497504441,0.4734224141065263,0.5163485707685019,0.6224647098435814
float64,528,random_conditioned,32,2000,2000,0,0.0,1.6389983161497406,3.1985890054366592,3.9348812260277684,5.401315544378143,0.8620883167091065,1.6764234688574058,2.020706296745282,3.0349643002376405,0.23464663998909754,0.3151960367407578,0.3479854899679292,0.42175914273851456,0.15965793911538703,0.22930055902944224,0.2582383936043927,0.3134735400825688
float64,529,random_conditioned,32,2000,2000,0,0.0,3.5578702152090464,4.516491771959141,4.789676650297873,5.445190084516928,0.7911403097677013,1.132656903560216,1.2846999269113273,1.5470477105928422,2.8312549642928713,3.6104640072756427,3.914911734189992,4.591056595655593,0.7369454349494917,0.9374304671390733,1.013337305124,1.159123958397763
float64,530,random_conditioned,32,2000,2000,0,0.0,8.268343510806803,29.558596097147582,58.74110276594345,326.84376172300676,1.4598625259961313,4.858888738357774,9.253622492486613,51.098908476760585,1.8390149654969603,2.3418572527236954,2.5256762177621903,2.9261801144900774,0.3829523247769664,0.47922125518955355,0.5148756487812769,0.5839544333603918
float64,531,random_conditioned,32,2000,2000,0,0.0,1.6675335777668985,3.4983547264602923,4.428240968638781,6.965154443445441,0.8799329111269569,1.9193525911376612,2.365765178277608,3.658595163703738,0.2243411813060478,0.3024628930513205,0.33144019481183856,0.4087663342574596,0.15211820165640863,0.21913489542474726,0.24267854187640553,0.3050147119815237
float64,532,random_conditioned,32,2000,2000,0,0.0,3.526454412927718,4.479495634184941,4.840023912980092,5.337804059311146,0.7744566606707385,1.1333672346314676,1.2521097849853597,1.5624089910460048,2.8156614356944294,3.6480748786451036,3.8835098934382053,4.452194583036247,0.736604007730031,0.9410148190696914,1.014230878102333,1.1751317509128916
float64,533,random_conditioned,32,2000,2000,0,0.0,8.246704731199905,31.22723996834655,58.01704939038346,294.55808510982877,1.4736496323420816,5.153312727055013,9.327170008749507,44.47245904562622,1.8249120554996676,2.320610211730635,2.500586085956729,2.929590451788613,0.3781417023336574,0.4754186350850897,0.5171031244814603,0.6038278345787783
float64,534,random_conditioned,32,2000,2000,0,0.0,1.695215624132441,3.895493565677655,4.957832832371876,8.863775560500871,0.8821822706150362,2.0906835705837694,2.6904721310758735,4.695037151876678,0.2111441853268004,0.2892053889173004,0.3171915992574413,0.4111435592097139,0.14226131482425203,0.21294529977721036,0.24115052670876763,0.29812142059928043
float64,535,random_conditioned,32,2000,2000,0,0.0,3.5819999121449735,4.534403081379355,4.8326823328934,5.579737986012211,0.784717058365636,1.1389689059470225,1.2750804112876934,1.5518723831449768,2.824604715422673,3.6100443668151105,3.880904028743018,4.601066529461525,0.7381456217285637,0.9366629552154865,0.9990177399528793,1.1793854454141666
float64,536,random_conditioned,32,2000,2000,0,0.0,8.503943939044937,29.52874529976352,60.65618441410088,298.462582667333,1.528342534869795,5.134043809120419,9.589042599537771,49.431811552656626,1.8301742010812805,2.3295162396872646,2.533576182223717,2.9351208569872758,0.38237246877750486,0.4822564247712688,0.5169484625612583,0.5959833281887928
float64,537,random_conditioned,32,2000,2000,0,0.0,13.393817438927533,16.359685242599657,17.53212550812705,20.3832427212873,1.4461117763194842,1.810987527794519,1.949211447452943,2.274186215266452,13.526693036317502,16.441195825862476,17.65876588955039,20.949350574511712,1.3461538143916751,1.6358491918784241,1.7422580460755508,2.0420748541729203
float64,547,vandermonde,32,2000,2000,0,0.0,23.310383974984653,79.046705983726,112.59166140728409,215.78687907018426,9.876099338642623,31.105669315812847,44.16457124171889,89.1590875630915,0.45145338775259825,0.7612625092978677,0.865921195267759,1.205011155271023,0.43883278792349434,0.7839066521430775,0.9280206369957908,1.3162911647371414
float64,548,vandermonde,32,2000,2000,0,0.0,55.391602180637676,161.386438735599,219.5893780879162,464.9870412969347,16.747466623802953,49.71230069034051,68.38289101263346,157.18507881922753,0.6265161792611764,1.0877861767045107,1.2405441084668902,1.6122404169106297,0.4307252314566998,0.8233353089800163,0.946620735603161,1.3162196576394027
float64,582,scaled_adversarial,32,2000,2000,0,0.0,4.550390367685339e-06,5.040714486056291e-05,9.848020495660634e-05,0.0003338656602166458,4.83994843984938e-06,5.269394173289231e-05,9.786673712352831e-05,0.0003358938440573507,0.0001712272638652269,0.013809601062255277,0.030047836233087818,0.17925587670395868,0.00016981685906766335,0.013485171858075337,0.029530614157764076,0.17517323328711595
float64,583,scaled_adversarial,32,2000,2000,0,0.0,8.966461023058838e-10,1.0890340271493392e-07,3.829003307155088e-07,2.801343894880619e-06,8.900336548877672e-10,1.0611495192794346e-07,3.7270146503481963e-07,2.7551828073040517e-06,1.640405646966973e-07,4.286442818027996e-05,0.00015935651697264618,0.0017224769005041924,1.6190488091461803e-07,4.375553292957899e-05,0.00015297424914063404,0.0017255512894133731
float64,584,scaled_adversarial,32,2000,2000,0,0.0,2.7062213546072706e-17,2.2652780601602973e-13,2.792568752434357e-12,1.9827871766425435e-10,2.6589964093543216e-17,2.2445217939035015e-13,2.7169741820951925e-12,1.9827842645412833e-10,1.4181691236828032e-14,6.031110025038856e-11,7.749443551805063e-10,6.658856878517847e-08,1.387182698100468e-14,5.7428893353957114e-11,7.746144423930008e-10,6.658848899620041e-08
float64,585,scaled_adversarial,32,2000,2000,0,0.0,6.090124141162625e-25,2.664733482576051e-19,8.047567991203371e-18,1.0273756829911445e-14,6.04825703299786e-25,2.510353599784078e-19,7.865819296203312e-18,9.944745465757857e-15,1.8126361867783646e-21,8.559063409291993e-17,4.162528736476738e-15,3.1461146382802535e-12,1.8073953653486896e-21,8.182460070729603e-17,4.470776669095516e-15,3.0616818029969886e-12
float64,586,scaled_adversarial,32,2000,2000,0,0.0,9.394899539827936e-07,6.766143270672143e-06,1.2432955740481801e-05,3.840020751669981e-05,9.329899048477775e-07,6.669421073320949e-06,1.2211476046790303e-05,3.6614381329937034e-05,9.298345000273151e-07,6.560248631067743e-06,1.225215679967433e-05,3.826971172595398e-05,9.19390584462855e-07,6.459318819207847e-06,1.2139101021522914e-05,3.6565205636193145e-05
float64,587,scaled_adversarial,32,2000,2000,0,0.0,7.842508923938654e-13,3.895828338643261e-11,1.387397473363677e-10,1.2332655973532386e-09,8.065329304370578e-13,4.0085840057382524e-11,1.353069947992867e-10,1.2348768898062098e-09,1.486910758890926e-11,0.00014745807139561506,0.006356393776683333,0.13241866096024418,1.490685322208341e-11,0.00014745806533437663,0.006319534321094654,0.13022191113694323
float64,588,scaled_adversarial,32,2000,2000,0,0.0,4.8848013452654606e-21,1.2437683550915165e-16,1.7131473158871697e-15,4.14903054383805e-13,4.799441670318329e-21,1.2436010666495175e-16,1.7034681138340076e-15,4.149030556386664e-13,4.6087715594719804e-14,2.154113607615736e-08,6.629554389386365e-07,9.554579391745532e-05,4.6087714455066483e-14,2.154113603989738e-08,6.629554389386364e-07,9.554199759236397e-05
float64,589,scaled_adversarial,32,2000,2000,0,0.0,6.542076620138867e-28,8.49503290837078e-22,3.2520761581679256e-20,4.416890252650934e-17,6.542077745373026e-28,8.333985252478194e-22,3.2519982585689334e-20,4.41688981230385e-17,7.108828803527543e-21,7.665548874655405e-14,3.2899017881648163e-12,2.4493076721200886e-09,7.108826536810546e-21,7.559207848360958e-14,3.2890966991792243e-12,2.439430405859893e-09
float64,590,scaled_adversarial,32,2000,2000,0,0.0,4.900016874410831e-07,3.746959308432922e-06,6.913449724339044e-06,2.4285300345078505e-05,4.862926192730249e-07,3.6759903175066472e-06,6.817571101381235e-06,2.428529772963532e-05,4.900016874410831e-07,3.7469593084717635e-06,6.913449724339044e-06,2.4285300345078505e-05,4.862925905174659e-07,3.675990318318938e-06,6.817571011766424e-06,2.4285297738881813e-05
float64,591,scaled_adversarial,32,2000,2000,0,0.0,2.891995497725752e-13,1.4980596182991856e-11,4.3162654403202136e-11,3.0957412943561295e-10,2.877754762889919e-13,1.464043831998859e-11,4.2968789932000933e-11,3.0898717386363687e-10,2.8919954977245703e-13,1.4980596304755304e-11,4.316264936334557e-11,3.0957412943603823e-10,2.8776062686133064e-13,1.4640463174078977e-11,4.296880557971581e-11,3.089871739985014e-10
float64,592,scaled_adversarial,32,2000,2000,0,0.0,3.1238008908300338e-24,2.6479931800818767e-20,3.0555454682181285e-19,7.524716397075653e-17,3.148104287879675e-24,2.794779914972514e-20,3.0554985379271394e-19,7.524708898895499e-17,5.42113648421285e-19,7.449753551369365e-09,1.9920541910069485e-06,0.002019614280022478,5.420747330127026e-19,7.449753551337234e-09,1.992054190978314e-06,0.0020196133378503917
float64,593,scaled_adversarial,32,2000,2000,0,0.0,8.90760789414292e-32,3.9166196591631467e-25,2.1840189819297193e-23,1.6151518925424384e-20,9.000899563280594e-32,3.912799504184944e-25,2.1840189819297184e-23,1.6151518915826425e-20,8.065904969929824e-23,2.9898460767561296e-13,7.558129706517462e-11,3.13280609113305e-07,8.051638883516742e-23,2.989846076756128e-13,7.558129706491477e-11,3.132806091132354e-07
float64,594,row_diagonal_dominant_random,32,2000,2000,0,0.0,3.567049561014351,4.035323232789137,4.59012296419995,5.481642514019083,2.6225884357579785,3.0922778617051785,3.3321671899178886,3.8694193074079406,5.167909714525523,6.9568035953584255,7.213837107245421,8.846137006752995,3.657965684726524,4.789334783630205,4.913692569608924,5.9261522040011885
float64,595,row_diagonal_dominant_random,32,2000,2000,0,0.0,3.17078757112865,3.391347780217075,4.0413464333108315,4.869947284808019,2.100101708123673,2.363061943268949,2.6262875741484586,3.0056356457468665,4.329801922154642,6.052801045163762,6.459026654728313,7.41435992223299,2.815927951941248,3.6519762419137876,3.8333896969528625,4.283190258784697
float64,596,row_diagonal_dominant_random,32,2000,2000,0,0.0,2.9189114868707966,3.166514368133943,3.6767497386323464,4.533755506937048,1.8349818297828937,2.117463071963684,2.2831063942395193,2.670080026527321,4.025307921263005,5.42070783275313,5.988369119235463,7.449600619438618,2.450794089702061,3.1081257779844704,3.340614004851951,3.9988715459693895
float64,597,row_diagonal_dominant_random,32,2000,2000,0,0.0,2.6726649029178704,2.926628208474177,3.2877518307822444,4.031290012710088,1.637351573192079,1.903221215794563,2.0153482226569435,2.3062838613471373,3.6382248452320156,5.217506353713439,5.53247140219035,6.469844302715554,2.086650161000671,2.717278717023168,2.8637024242629674,3.2955080786941258
float64,598,row_diagonal_dominant_random,32,2000,2000,0,0.0,2.521051216617261,2.7986993347308027,3.1613322664923205,3.83173992249353,1.5296576117273286,1.806520430512965,1.92667728861763,2.1900371085516173,3.449726220127615,4.7361725261215355,5.176508482777529,6.221792413877371,1.9332369938886107,2.4511886303585912,2.626277484460986,3.1230754887879573
float64,599,row_diagonal_dominant_random,32,2000,2000,0,0.0,2.465765334986033,2.710028823324108,2.993145111229332,3.7435407911849254,1.4811486603765873,1.7567456654549842,1.850359318003108,2.135427697356913,3.3496327925433276,4.485838877450666,4.971795048837673,5.5769173634913125,1.8452917916904972,2.3283764500454884,2.47614870659833,2.74064531727519
float64,600,row_diagonal_dominant_random,32,2000,2000,0,0.0,2.4643044631008655,2.7547519506206886,3.132226889653195,3.8173265533026073,1.4910520583213396,1.7713046185989019,1.9136127446631641,2.179683493987328,3.401896607243104,4.705215982422652,5.056630518596081,6.15221319780518,1.840161309995009,2.3793669607035945,2.5304663325521286,2.9754368804930005
float64,601,row_diagonal_dominant_random,32,2000,2000,0,0.0,2.48120082909062,3.090250068986972,3.5953963919057035,3.9976745499303425,1.5128435616483378,1.8474439442898647,2.00348606551592,2.2228682088214846,3.4824729994890067,4.782076859494595,5.057263446247695,6.01441601240178,1.8672516574238496,2.4081563549890266,2.5695400621905358,2.9455282273323222
float64,602,row_diagonal_dominant_random,32,2000,2000,0,0.0,2.5093107918996873,3.259769935822452,3.7036787078190394,4.057925501948061,1.531418665697789,1.8843132842352655,2.0187686985292106,2.264952842777033,3.533683269454083,4.785251131675218,5.087048018750604,6.016522855787919,1.8847592484486042,2.4055118263455806,2.5801566195494505,2.9743829450446713
float64,603,row_diagonal_dominant_random,32,2000,2000,0,0.0,2.5000342584185584,3.167123005232136,3.6194541769694584,3.9261913126375747,1.5236740298711635,1.8498620382487068,1.9805773671762164,2.1557901055289634,3.55226960747465,4.81220476782324,5.108571705539586,6.1123578178763776,1.8931159700432643,2.4482329605788116,2.613102613226054,3.033946834776202
float64,624,row_diagonal_dominant_stochastic,32,2000,2000,0,0.0,2.7158917596950145,3.900646738065744,4.0772731348578075,5.051867396527644,2.494140624999999,3.233984375,3.4766113281249975,3.6728613281249975,4.363930961744117,6.15050194651106,6.683971186987292,8.221357108042158,3.526607545161843,4.560713438998272,5.342648517028333,5.916938870990703
float64,625,row_diagonal_dominant_stochastic,32,2000,2000,0,0.0,1.7551660865999081,2.1793598687430067,2.585135357880796,2.6505115516849114,1.8046874999999987,2.1796874999999982,2.353124999999998,2.6671874999999985,2.6201747775137396,3.5083618650073785,4.235133617990736,4.762073493298082,2.3984986945198306,3.06660877589924,3.4154090144178415,3.807781690524778
float64,626,row_diagonal_dominant_stochastic,32,2000,2000,0,0.0,1.2848667911026888,1.5632095828028632,1.8198405081455438,1.882382088101949,1.5062499999999988,1.8499999999999983,1.9749999999999983,2.206249999999998,1.8677675471909931,2.476428525447093,2.7523607522162616,3.117164030756969,1.8293814652257827,2.245343532199612,2.3624539917418015,2.646869344093633
float64,627,row_diagonal_dominant_stochastic,32,2000,2000,0,0.0,1.0277858409015979,1.1905116688933395,1.2355898408038262,1.3225097518662252,1.35625,1.6881250000000008,1.7937500000000004,2.0313125,1.1370542130404715,1.3906978609612999,1.5492572173371013,1.7129485066010959,1.2587883406104956,1.4798754506022698,1.5443930303667486,1.7270316223320157
float64,628,row_diagonal_dominant_stochastic,32,2000,2000,0,0.0,0.9779253664990745,1.129342331446663,1.1732190009727361,1.2663880415204036,1.318750000000001,1.6500000000000012,1.7750000000000006,1.9878125000000004,0.894184448932372,1.0316663199338392,1.0691598297968927,1.1628271010266324,0.982086675037761,1.1167789860542727,1.1613504767437368,1.255185233191461
float64,629,row_diagonal_dominant_stochastic,32,2000,2000,0,0.0,0.9698218091496513,1.1238396907156862,1.1639214278838312,1.2495803212843448,1.3000000000000012,1.670000000000001,1.780000000000002,2.0401000000000007,0.7693102142013597,0.8834898652965714,0.9196895446580985,0.9974897503395278,0.8014904080317393,0.8804063482787187,0.9040241994029463,0.9619265058558243
float64,630,row_diagonal_dominant_stochastic,32,2000,2000,0,0.0,1.0138584441644927,1.1793800472320348,1.2246235002955626,1.3303267182148726,1.3600000000000023,1.7300000000000024,1.8700000000000006,2.1199999999999983,0.739061675803782,0.8461732299585762,0.8817247744185847,0.9333713973130664,0.7709739914137148,0.8418116876815329,0.861897803866305,0.9224253130686835
float64,631,row_diagonal_dominant_stochastic,32,2000,2000,0,0.0,1.0427943174981265,1.2173706645942168,1.274940910066556,1.3771492582247085,1.3799999999999855,1.7604999999999797,1.8899999999999768,2.190099999999963,0.7141507777120424,0.8165931933780288,0.8457648148691277,0.9154741040483839,0.7525146184756344,0.8178645785904312,0.8367257099932802,0.8828460363724767
float64,632,row_diagonal_dominant_stochastic,32,2000,2000,0,0.0,1.0955778025397906,1.2799608192755296,1.3354224612573309,1.4681150518445354,1.4479999999999777,1.8647999999999758,1.9999999999999791,2.2799999999999634,0.710474727756167,0.8149619687581233,0.8478725800436413,0.9093595320390095,0.7462490580529335,0.8094220056347523,0.8271065635905397,0.8770275681901695
float64,633,row_diagonal_dominant_stochastic,32,2000,2000,0,0.0,1.1152307749934076,1.3064706138794642,1.3734989816345042,1.4632144605739263,1.4719999999999018,1.9039999999998418,2.0479999999998673,2.3359999999998426,0.7007202267630647,0.8060693946941057,0.8366130493744026,0.8915673737059575,0.7421920600852563,0.807344908954803,0.8313082472773784,0.8763083576974976
float64,634,spd_prescribed_spectrum,32,2000,2000,0,0.0,0.9068534483693294,1.0731843286961917,1.1356971776598221,1.2617993794637825,0.5340601255364961,0.6436135427867712,0.6813315831083411,0.7625286202503041,0.8443489940494153,1.0628099290332114,1.1489100736828217,1.3218584113422402,0.4733151197144766,0.5725200652873664,0.606314911750586,0.7048688955979364
float64,635,spd_prescribed_spectrum,32,2000,2000,0,0.0,0.8229482371954545,1.025000997127921,1.0963171401769678,1.3022066874207123,0.4441076880575402,0.5633973693248668,0.6113996434220083,0.7143545243895095,0.4074626589625918,0.4898351517049695,0.5233573310105355,0.5877650924155204,0.2695713012345035,0.3276385687325996,0.3465525205271176,0.38993891214172344
float64,636,spd_prescribed_spectrum,32,2000,2000,0,0.0,1.0512124154292515,1.6316049105338817,1.8539810935789687,2.3411767142891153,0.5455215022780173,0.8422365365049653,0.9676929229138429,1.2609449113969113,0.3484936294877139,0.44912514871191656,0.4926058092768371,0.5829940262209897,0.23481634190775327,0.2946366048921217,0.3153537009795429,0.36475106981279876
float64,637,spd_prescribed_spectrum,32,2000,2000,0,0.0,1.4521456532906438,2.2149254775561498,2.5601446760141404,3.2379098902242855,0.7474833605637199,1.1328700666816185,1.3068950406481465,1.7573893615938319,0.32782422923215027,0.42725973272195916,0.465894444963499,0.5573574689861608,0.2249962040587885,0.2904558488759155,0.3196181197398241,0.36891083404271263
float64,638,spd_prescribed_spectrum,32,2000,2000,0,0.0,1.500720554602586,2.356508659626101,2.7606622868613737,3.8794522864702947,0.7815944589872221,1.2822157552418196,1.4672718246801404,2.0295668426555955,0.30410724982329185,0.39190290079454515,0.4408297166829342,0.5202290695229271,0.20918830207063105,0.27295270170232583,0.29909726997946945,0.35321380224602206
float64,639,spd_prescribed_spectrum,32,2000,2000,0,0.0,1.5325311178851977,2.569059569468306,2.9941053767572487,4.021297781989158,0.8033447308128154,1.3664679399009942,1.5744634622887375,2.1030328847362525,0.28224335051662086,0.37161014072134474,0.40889665714808987,0.48270279237120745,0.19561924916989554,0.2661634173779856,0.2883725053774507,0.34510332411169414
float64,640,spd_prescribed_spectrum,32,2000,2000,0,0.0,1.5517974887566104,2.7603660029136385,3.2792942713476187,4.7403257269072885,0.8227177108903538,1.50941579263919,1.7706431029561764,2.508848431703123,0.2663452362255241,0.3483599000918736,0.3810261116222679,0.45919578961371665,0.18740862326811936,0.25862207409785887,0.2826848309441558,0.34701332558510717
float64,641,spd_prescribed_spectrum,32,2000,2000,0,0.0,1.539904662774021,2.75581832437322,3.2232375107731213,4.953960117664057,0.8263102859418412,1.4953221760791482,1.7922825092958075,2.6746576088768004,0.2565679840680098,0.3396736276606817,0.3709960301882702,0.4595572963283687,0.1774983830243097,0.24503414340381416,0.2734610551975372,0.33075125444612685
float64,645,random_conditioned,45,2000,2000,0,0.0,2.926371639872573,3.667716194687823,3.912838189508996,4.540786218962793,0.8958621159734945,1.1256582154573154,1.1996060276384097,1.4033065556576303,1.076423616987301,1.3426336545079558,1.4407682610837877,1.6707060728083853,0.3955630171271529,0.4900099816525467,0.5204342263408533,0.5950018322719852
float64,646,random_conditioned,45,2000,2000,0,0.0,4.800816235597678,5.782976668116179,6.105086339556705,6.881915423565192,0.9044413568962026,1.2660511445485108,1.3875137072817678,1.7096020637769016,3.6840399433352617,4.603904062402207,4.907382406399702,5.830889651184176,0.8417803895875458,1.05170242908876,1.1155555857621735,1.2653868741042535
float64,647,random_conditioned,45,2000,2000,0,0.0,7.617940593511555,9.134488239655024,9.581988965272608,10.811508920425613,1.135819775191159,1.3806835952180543,1.464164693185869,1.6293312291533482,2.8157831197355825,3.5445249840833917,3.7878856401599093,4.2744378410218395,0.4587022837099822,0.5651215159752772,0.6033087590199969,0.6868968729601252
float64,648,random_conditioned,45,2000,2000,0,0.0,2.229448792441111,3.0282977246020057,3.3383051483652313,3.936776612671354,0.8777872697446474,1.2265702866241317,1.331683974075435,1.5898288247202852,0.48046816659069436,0.6116329823959218,0.6635230452364066,0.7792419590170189,0.25583674368035925,0.32974105002551934,0.35774241126464024,0.41099979260003816
float64,649,random_conditioned,45,2000,2000,0,0.0,4.7762479152075645,5.797217180716257,6.2083776651453935,6.8206823607036515,0.903391178075951,1.2938466745548278,1.4287330848888,1.7338475660129034,3.7167547367321663,4.6874797704938205,4.968152547033774,5.723718434988627,0.840127658017773,1.04163795248547,1.130188241879262,1.3093580495616257
float64,650,random_conditioned,45,2000,2000,0,0.0,10.072288064063741,15.148217627377838,16.961983992031993,22.505457522941278,1.4813412168793634,2.1381718184149983,2.414572505423958,3.279158573417723,2.679201870140135,3.354181287619577,3.5958713636197603,4.207062329593598,0.4402767282488316,0.5437983011437849,0.582453810307429,0.6794138544729865
float64,651,random_conditioned,45,2000,2000,0,0.0,2.018171606436482,2.9961759659129155,3.3379971004915787,4.036277390331223,0.8883194104789284,1.3490886177778754,1.4926234407438757,1.8638751456908649,0.34846901872540587,0.4359437172932944,0.4717295047019519,0.5470562186109453,0.21077991446517136,0.2781682356464847,0.30588073559193946,0.3569709022088756
float64,652,random_conditioned,45,2000,2000,0,0.0,4.8341599449290715,5.845590881713857,6.223704366074393,6.895798545490349,0.9094699633419332,1.2857228633414624,1.4107007427400546,1.6831280169825087,3.654850971025154,4.682120555449865,5.02901123448449,5.7907724985083195,0.8373067438890001,1.0659626958974648,1.1417792851387576,1.2965770990864263
float64,653,random_conditioned,45,2000,2000,0,0.0,11.250298232686678,31.229537167820386,50.000261250688084,92.11777628140557,1.6483455156279798,4.331642081882318,6.6261583609200505,12.306401932719885,2.65157692121098,3.3476340887346483,3.607042231945037,4.220373759030684,0.43975565430897157,0.5478131438984258,0.5972266931310051,0.7052474525220928
float64,654,random_conditioned,45,2000,2000,0,0.0,1.9695802619753415,3.092958166137707,3.5470662260269834,4.478168394025846,0.9090593244078105,1.4810623516153327,1.7009137954022622,2.270797120189844,0.29341970799341344,0.3703846394263362,0.40281534354153414,0.49126062586028807,0.1867650588815311,0.2501862724429314,0.27192698900849627,0.33685357184693454
float64,655,random_conditioned,45,2000,2000,0,0.0,4.765690251630548,5.890435166712881,6.177874562473618,6.769911929054564,0.9151441371831721,1.2924204661271899,1.4374874012571186,1.7219845060451595,3.6837252880934033,4.607643153393562,4.910825127305131,5.599372467446874,0.8394430166130449,1.0301682565099992,1.1181767201705508,1.2678353097577921
float64,656,random_conditioned,45,2000,2000,0,0.0,11.489038499152128,39.480199797596114,76.95725741746672,299.2628658680963,1.6696163535073074,5.398943863114297,10.228374546047876,39.75610905232829,2.6537044270443695,3.351402909593066,3.614470692378527,4.190583950474321,0.43831789451367953,0.5394592926280097,0.5839158974480523,0.6963965604561906
float64,657,random_conditioned,45,2000,2000,0,0.0,1.9525523356185215,3.381803742217707,3.898599935553946,5.269470170746785,0.9366425228911692,1.6045685633031224,1.922879326100497,2.6381371400940625,0.2632345310482772,0.33506893500065643,0.36349714019602225,0.42400624989681573,0.17201759125371618,0.23281342485210063,0.25238170255819337,0.3084408624449668
float64,658,random_conditioned,45,2000,2000,0,0.0,4.782899276960547,5.80678028230629,6.103409099139262,6.683226610966673,0.9155615349617617,1.2679951440559885,1.399812078360064,1.6162371989045163,3.670619713282732,4.635317454137714,4.984875274675245,5.751705320372915,0.838441937843264,1.0506358302029621,1.1253027788605208,1.2747300539735404
float64,659,random_conditioned,45,2000,2000,0,0.0,11.470983543021063,39.08518008713251,79.31141433407616,428.57229257601205,1.6751840563629297,5.305616089326219,10.084498058290695,56.72146753556406,2.672580949588009,3.380711531347074,3.654592608258234,4.1864633043349135,0.4402158254290699,0.5422131085399633,0.5907042892769501,0.687329178341541
float64,660,random_conditioned,45,2000,2000,0,0.0,1.955385923974922,3.566897825532605,4.228881138703962,6.474607527296871,0.9604354194957536,1.7583379561108656,2.123503620170121,3.068603643696383,0.24553512846949738,0.31803916875332056,0.34353878068476956,0.40223928621578675,0.16011921410120117,0.22272305261196512,0.24494060279600816,0.3112235622926837
float64,661,random_conditioned,45,2000,2000,0,0.0,4.807706403338447,5.884591530792702,6.207139225604158,6.963056244721684,0.9138814288790654,1.3031442144922851,1.4457004632264736,1.6830629555887444,3.710215897556153,4.635365532270269,5.000478821443741,5.7638767571210465,0.8450107018367161,1.0448314378352077,1.1181842552796202,1.2694354501889618
float64,662,random_conditioned,45,2000,2000,0,0.0,11.590367494085044,40.20211980775824,85.06065230638096,440.67532602283706,1.6620024784031746,5.308203841965736,11.281265902165593,56.58971715155498,2.6571405354243067,3.3526382840277895,3.626112618201602,4.234595729319997,0.4394897792795783,0.543625509887949,0.5880559830296377,0.6904736585730757
float64,663,random_conditioned,45,2000,2000,0,0.0,2.0266913167245084,3.9837694149008174,5.101072991104752,7.322135516558116,1.013138449523744,2.047706396303587,2.5767795971700553,3.761248971107863,0.22950581485087646,0.29870293256028607,0.32369299166495763,0.3788751919028629,0.15145699360594955,0.20979506181166394,0.2305678460394135,0.2923585681900367
float64,664,random_conditioned,45,2000,2000,0,0.0,4.759931347422276,5.843400597178803,6.199415290266086,6.932456607018425,0.905141424875136,1.255098642234084,1.3786514309017206,1.7035089911749672,3.697305325922145,4.6110781243070464,4.951983516198631,5.674261288294683,0.8383402137871255,1.049986546550586,1.1274063389307698,1.3343641864269067
float64,665,random_conditioned,45,2000,2000,0,0.0,11.357092080774722,37.77716396928481,78.3112323882821,388.95839561876915,1.6586295153290984,5.030839782100552,10.63260378898256,55.13299647366147,2.6518952613571996,3.3447209948190406,3.619073650497138,4.1729724372209205,0.4406090250368591,0.540377750388638,0.5792146469269586,0.6838598519307669
float64,666,random_conditioned,45,2000,2000,0,0.0,19.680120434137486,23.779100437544994,25.1277646025823,28.945965500338442,1.6911644113137565,2.0385386889528316,2.1807254783309395,2.476112423969756,19.695462557347568,23.756895887565147,25.077835525551638,28.933573945929442,1.6077690518211447,1.9250033736869958,2.0434211504568145,2.31373230142325
float64,676,vandermonde,45,2000,2000,0,0.0,744.8048579730761,3082.680662467014,4863.20363551804,11336.593493371167,275.7297314807695,1145.8173707270416,1774.7665340822357,4596.575104481118,0.5699359773395478,0.988925813171469,1.1272401020421292,1.4042823057352456,0.3482021335443999,0.6441028603309507,0.7579496488819489,0.9533652882002474
float64,677,vandermonde,45,2000,2000,0,0.0,1641.6089223069212,6181.83825730491,9465.344068957567,25413.59686081949,458.0303682216281,1825.043458641582,2959.5032244878726,7753.9688410501385,0.823453753738494,1.4013618575416036,1.6504781317799169,2.1134462883896736,0.3604553212353432,0.6638153488569606,0.7840330228553359,1.0702055881229147
float64,711,scaled_adversarial,45,2000,2000,0,0.0,3.717190533182228e-06,2.532057295442286e-05,4.762972816960513e-05,0.00015507413586958276,3.907188674465254e-06,2.5376054054700104e-05,4.772008447821794e-05,0.00015502959447814336,0.00033336192359103867,0.01373234639453039,0.030039366463945602,0.11796326059951327,0.000327932514944803,0.013445114826595342,0.02903423883861608,0.11688227162068614
float64,712,scaled_adversarial,45,2000,2000,0,0.0,1.4635877518864342e-09,5.981414360477223e-08,1.6106636823487345e-07,1.1685170344861347e-06,1.4321224260991495e-09,6.073031731161062e-08,1.6111335572279178e-07,1.0675675320299815e-06,1.1324537235712432e-07,2.1513779486567522e-05,6.537623980805778e-05,0.0009502784292993406,1.1141560992709285e-07,2.091651854587204e-05,6.394417978212483e-05,0.0009503401381756787
float64,713,scaled_adversarial,45,2000,2000,0,0.0,2.0012732360155807e-16,1.2437050261079304e-13,1.0844214312700783e-12,2.9887071562095026e-11,2.0134120438899542e-16,1.2042281492723783e-13,9.905726303712004e-13,2.695668776758194e-11,1.0050594590840504e-14,1.9879412935773142e-11,1.4686871743345557e-10,1.0152687232151861e-08,9.953616763595361e-15,1.9404707018370275e-11,1.4661987442768675e-10,1.0084586731359323e-08
float64,714,scaled_adversarial,45,2000,2000,0,0.0,1.9535731895033153e-23,2.0828091766068763e-19,3.788176484676252e-18,8.164781855984661e-16,1.9080324438646998e-23,2.0495491458197255e-19,3.5958286038476014e-18,8.164720199639271e-16,5.278754591151913e-22,7.504838371995144e-18,1.1121015616414372e-16,6.556750926392972e-14,5.237876564322761e-22,7.002078660689148e-18,1.0894878966750553e-16,6.55603439258168e-14
float64,715,scaled_adversarial,45,2000,2000,0,0.0,5.407379982114755e-07,3.110844706399712e-06,5.067340818486085e-06,1.2974385706375943e-05,5.355721153242035e-07,3.0481220775029856e-06,5.038671467299632e-06,1.2672188639715922e-05,5.409597076272746e-07,3.1108434797163017e-06,5.067340859770331e-06,1.2974384091538022e-05,5.374192736836164e-07,3.048299963570153e-06,5.0385898779652185e-06,1.2662720163008673e-05
float64,716,scaled_adversarial,45,2000,2000,0,0.0,3.5811277390108143e-13,1.0174802073707963e-11,2.8104210070289458e-11,5.152633579719362e-10,3.6758647785495303e-13,1.0168832045294295e-11,3.012647769577264e-11,5.479399280622061e-10,1.1989988108605711e-11,0.00012608656158565954,0.002270838802190593,0.06855430661277796,1.230261409723999e-11,0.00012608656019855952,0.002243833919165533,0.06809397910541215
float64,717,scaled_adversarial,45,2000,2000,0,0.0,3.98507749453703e-20,8.740647298917723e-17,5.781039854986122e-16,7.148119710497387e-14,3.971503431957545e-20,8.710330303275028e-17,5.781211640029457e-16,7.144028273190945e-14,4.1565970731785935e-14,1.4948910408214683e-08,1.964949154550617e-07,1.1554638863558115e-05,4.15658948523243e-14,1.4945533979981436e-08,1.9649462759797242e-07,1.1554638875938595e-05
float64,718,scaled_adversarial,45,2000,2000,0,0.0,1.0472548009681115e-26,7.082768779982327e-22,1.8926301372797016e-20,7.064724361148848e-18,1.0472538115692977e-26,7.016772177818651e-22,1.887401909923554e-20,6.973402698904376e-18,4.838339950167728e-21,2.478041313324018e-14,6.988988174323842e-13,8.305232005773446e-10,4.83256289296409e-21,2.4780413119487106e-14,6.989973911994127e-13,8.3052354836861e-10
float64,719,scaled_adversarial,45,2000,2000,0,0.0,2.7373565492075756e-07,1.6166902483410647e-06,2.541382208166642e-06,7.179947316548247e-06,2.7292945023198746e-07,1.5942317168125043e-06,2.5118377218707234e-06,6.722470200377015e-06,2.73735654371036e-07,1.6166902489978015e-06,2.541382208166642e-06,7.179947316471367e-06,2.7292954326100233e-07,1.594231718004943e-06,2.5118377361588796e-06,6.72247026010063e-06
float64,720,scaled_adversarial,45,2000,2000,0,0.0,8.195540436788187e-14,2.23271129361003e-12,7.397674515755125e-12,4.063549431902807e-11,8.170242278980522e-14,2.217965790296888e-12,7.1340180134184875e-12,4.062314445619781e-11,8.195541182502243e-14,2.2327112336145327e-12,7.397674534678311e-12,4.0635494373628866e-11,8.170824781126544e-14,2.2178015900856784e-12,7.134018149205939e-12,4.0623294060714184e-11
float64,721,scaled_adversarial,45,2000,2000,0,0.0,5.306695464093393e-24,8.671434304805765e-21,5.869563938587332e-20,6.987309422503311e-18,5.30504971856096e-24,8.723281243811613e-21,5.845098539020868e-20,6.98755404347211e-18,4.978689628444469e-18,6.091956140289937e-09,6.301653347058855e-07,0.0004855431532882215,4.9786143072648454e-18,6.0919565503004745e-09,5.762226761260463e-07,0.00048529081768421595
float64,722,scaled_adversarial,45,2000,2000,0,0.0,1.4491688866713872e-30,1.3418897162450392e-25,2.4021752189172056e-24,1.616153112318244e-21,1.4455000776050825e-30,1.3418891804750646e-25,2.4021752189059782e-24,1.616153112313773e-21,4.296875841573133e-22,2.0187835798469274e-13,1.1751974873352747e-11,2.293661334582538e-08,4.2135397654540743e-22,1.9997785319603466e-13,1.175193401210766e-11,2.2936612805379517e-08
float64,723,row_diagonal_dominant_random,45,2000,2000,0,0.0,5.67663212585296,8.315784237686534,9.220842747753117,11.012991317238566,4.258521854070537,5.521776540678215,6.0640422276158645,7.164658739162251,6.301387154194309,8.391582385189555,9.306146759058892,11.22612037401424,4.329125140063377,5.711770121835041,6.142617964616307,7.3518545866321166
float64,724,row_diagonal_dominant_random,45,2000,2000,0,0.0,5.186873003677225,7.6746178684716595,8.454241250302791,10.019291666505678,3.215749556417717,4.391723491517622,4.762968419236758,5.568254549561898,5.23054683876342,7.58242667291215,8.409159893733358,9.966166007274047,3.2997272345255317,4.337284188791177,4.719777983478867,5.4852585001612475
float64,725,row_diagonal_dominant_random,45,2000,2000,0,0.0,4.917338158495982,6.9336514743460125,7.887668894548513,9.496752254852824,2.9003105848773845,3.707644402887811,4.108483707043812,4.836306869588909,4.8915559712933945,6.976080077309003,7.884914337421926,8.662857083116844,2.8676677904968075,3.6757507961556426,4.078043253276028,4.536635330081091
float64,726,row_diagonal_dominant_random,45,2000,2000,0,0.0,4.539164230843216,6.507854221686802,7.284614717875549,8.713475124589484,2.498231904346313,3.2438240952251856,3.540099198610171,4.043847986944316,4.569601902261961,6.327924865529338,7.292371483706262,8.710089989284606,2.507225001471952,3.2101792588352525,3.5114254805586613,4.113408465981961
float64,727,row_diagonal_dominant_random,45,2000,2000,0,0.0,4.400048063988484,6.272922292834051,6.994287805561466,8.00036958102677,2.3608308450745437,3.012685228290116,3.2619007085776217,3.6236790336234113,4.369804784427589,6.195296262435076,6.978883783103267,8.084765134664876,2.3242885857915665,2.9567748713094497,3.230833186885125,3.690786916950665
float64,728,row_diagonal_dominant_random,45,2000,2000,0,0.0,4.273598619433031,6.1112023742361545,6.767033220625126,7.981203245676148,2.2484859806734514,2.89154460931474,3.098541402691721,3.5486979320569785,4.273756217937789,5.966152302402287,6.749157141644319,8.160435781166395,2.228827627217685,2.8149436435019917,3.0774335893517657,3.57591831245742
float64,729,row_diagonal_dominant_random,45,2000,2000,0,0.0,4.224039308941704,5.963188799446822,6.748686848103465,7.5822982941003385,2.2192953599565177,2.8171494628805105,3.0627062413184327,3.4350416673367596,4.230400326670985,5.834227866585421,6.624673622585616,7.549340444304842,2.2009180450387658,2.798422339194278,3.0166348853671034,3.3245369007104846
float64,730,row_diagonal_dominant_random,45,2000,2000,0,0.0,4.25721562062555,6.1607732845366066,6.72809695000399,7.924607066312046,2.247919228255408,2.8607739331076445,3.0384817533535164,3.4850643312798746,4.254930537896673,6.1528752006365615,6.713578260802696,7.868860782157383,2.21692013188241,2.8618712421140766,3.04941141710297,3.491059599121925
float64,731,row_diagonal_dominant_random,45,2000,2000,0,0.0,4.393939620537732,6.285555797472241,6.783923612822445,7.937906643288465,2.2730494299606985,2.915575631534469,3.10537629879596,3.5307499495479546,4.4062313003393445,6.2898323275206005,6.823673198086183,8.058968588931966,2.273430138171562,2.9448222701744466,3.1520533774144517,3.657641234938749
float64,732,row_diagonal_dominant_random,45,2000,2000,0,0.0,4.590969195434013,6.319796755604599,6.810398547623215,7.950180719539139,2.318699126398587,2.934203096521347,3.104090205475099,3.6341914556274126,4.5280996092578105,6.387226355868679,6.84933150127231,8.390479158443327,2.327129628715422,2.961069299872656,3.1967430892716444,3.873852424336245
float64,753,row_diagonal_dominant_stochastic,45,2000,2000,0,0.0,5.311074491600384,7.0817346731950535,7.8938902561006765,9.24735516604748,4.52010679366964,5.6218678703600125,6.392793114063048,7.0809849419294775,5.318992641024501,7.017021788882583,7.8775215742164795,9.21510851815136,4.515915250713137,5.627359452477892,6.406324217259433,7.089705339924182
float64,754,row_diagonal_dominant_stochastic,45,2000,2000,0,0.0,3.5050935750353416,4.431368807554392,4.883610326776457,5.62556629756388,3.0355181121796937,3.7513968154636284,4.1109710766953045,4.491357316184232,3.501821923434821,4.421415347044185,4.884661911538024,5.714611198381593,3.0117185638451094,3.719532551621063,4.10041083056385,4.501992696859732
float64,755,row_diagonal_dominant_stochastic,45,2000,2000,0,0.0,2.4939539204612706,3.1615728332172526,3.67361927493231,4.127993896023149,2.274100967426776,2.794584438847256,3.0000231795947405,3.4316931657732592,2.48291228220522,3.1325137989259932,3.41213534976237,3.7975185847254784,2.2351116303122494,2.690996829757595,2.8417787024992607,3.1556838175046953
float64,756,row_diagonal_dominant_stochastic,45,2000,2000,0,0.0,1.370483707698393,1.7066891852281694,1.8288380277686005,2.0656870887830316,1.6275815897511414,1.9304032967372087,2.041473593435928,2.2729258860030876,1.3612734511813693,1.7148217922531208,1.8624187136402672,2.059298058803645,1.4602056269240116,1.7231669390135553,1.8014057977458193,1.9453960247880593
float64,757,row_diagonal_dominant_stochastic,45,2000,2000,0,0.0,1.082938638329363,1.2347894231800853,1.2818403790511306,1.3629819307555235,1.4693778940699644,1.8028448772524812,1.9139977424826435,2.165020767633019,0.9685667803791171,1.1078377081587705,1.14265325730739,1.272753337754252,1.115534992969111,1.2505893721318007,1.2978314659096157,1.3852346337167107
float64,758,row_diagonal_dominant_stochastic,45,2000,2000,0,0.0,1.0463169334044387,1.1804876378213829,1.2180581017888557,1.3133936535697897,1.439285162887763,1.7962876567177573,1.908361708137754,2.1825946497309214,0.8306437953469821,0.9318183764618683,0.9619036174124337,1.0304635686842514,0.8950369721434217,0.9667463075584668,0.9930565478963517,1.0426672538514223
float64,759,row_diagonal_dominant_stochastic,45,2000,2000,0,0.0,1.0782657057923393,1.2258564610049698,1.2746540525759331,1.360938911698274,1.4757212375998856,1.8263868528101503,1.9696242208639014,2.233834527169012,0.7685879977713985,0.8642411901621019,0.8962368700787104,0.9557693484921975,0.8380672707199395,0.9035778917324725,0.9269503753506082,0.9816979947783364
float64,760,row_diagonal_dominant_stochastic,45,2000,2000,0,0.0,1.1173142874129502,1.2666311982113092,1.3135933348896844,1.4034227052590391,1.5086324162093516,1.8652070300747001,1.9867388333212739,2.2257371860745323,0.7484732414339017,0.8435666502749192,0.8714435952900816,0.9195867407546322,0.8280321232805712,0.8876474692950856,0.9099323076845246,0.9547133181311585
float64,761,row_diagonal_dominant_stochastic,45,2000,2000,0,0.0,1.1336978883151771,1.2910533190807938,1.3474524344370702,1.4288553409164775,1.5472168450775277,1.916587148100867,2.0509064960089325,2.346523822421934,0.7318668329933014,0.8270968002661263,0.8493747848597886,0.9005640194557323,0.8282351140817514,0.8903223183202684,0.9160685493296814,0.9653250591646481
float64,762,row_diagonal_dominant_stochastic,45,2000,2000,0,0.0,1.1637789956511342,1.330181520196404,1.3754187736661834,1.4780923006689315,1.5693793935017162,1.9725562533976275,2.1114025382320727,2.37170276037705,0.7273670436793136,0.8173768289200629,0.8464359573422052,0.8931137387024168,0.8245324838696928,0.889038462424567,0.9089393437322092,0.9610049788195635
float64,763,spd_prescribed_spectrum,45,2000,2000,0,0.0,1.2012775901472945,1.432634902994222,1.5171995050803921,1.6958209490372176,0.6175422644675065,0.7154203018651142,0.7516558561331895,0.817616075496307,1.0060823869143625,1.270539134287215,1.3642061572865454,1.5633414147352158,0.5008909809718586,0.6046614876613118,0.6417340717097069,0.7297686989528644
float64,764,spd_prescribed_spectrum,45,2000,2000,0,0.0,0.971129728438151,1.1798230226458106,1.2506554280739726,1.3962052401108191,0.4791760246740889,0.5795535663717301,0.619660355290791,0.685000012238462,0.4588878951241334,0.5377046691184032,0.5662714735153421,0.6325159345113024,0.2799857072111567,0.33348921662998054,0.3490861361500303,0.3908168598466732
float64,765,spd_prescribed_spectrum,45,2000,2000,0,0.0,1.0965206084717098,1.5391929571691234,1.7353494539460144,2.226952926971917,0.5225567404967875,0.711706179135339,0.785214674004043,1.0103384599179068,0.37658326886337734,0.4531295433251448,0.4797312000155068,0.5429943497295198,0.23885498694550317,0.28777486851287604,0.3060787896710423,0.3504050820932183
float64,766,spd_prescribed_spectrum,45,2000,2000,0,0.0,1.7114956696670143,2.494007951456579,2.7993447650789904,3.6284398305871313,0.790381097600472,1.1454973901920116,1.2948870349162016,1.6734407241664626,0.358206306013873,0.45319772490134963,0.49074285473300866,0.5680164788149951,0.22776761689947755,0.28106923618118496,0.30092356241652396,0.3526536538489615
float64,767,spd_prescribed_spectrum,45,2000,2000,0,0.0,1.92562120011607,2.7320404391165463,3.1085769942230104,3.9448810774726217,0.9018422863112272,1.3273202708646306,1.5250984364201605,1.852086518761944,0.3374718242671253,0.4237114276383666,0.45431599392447114,0.5130188756838943,0.21759405514200528,0.27272738286287573,0.2921140582122801,0.34379714975931586
float64,768,spd_prescribed_spectrum,45,2000,2000,0,0.0,1.9704422236214483,2.9740506571579526,3.364015291134129,4.212281866821356,0.9297696370518262,1.4031375065241083,1.630037421410336,2.0446000617082367,0.317648329391101,0.4061130820259617,0.43637486663027725,0.5021992347586065,0.20808829924187963,0.2700898405602296,0.29531978338513687,0.3497871947096809
float64,769,spd_prescribed_spectrum,45,2000,2000,0,0.0,1.9662753671280664,3.0095497375917013,3.475666651202189,4.349499465387502,0.956357708318267,1.5083848734009693,1.712259336359095,2.197938450699218,0.2991600178540196,0.3768590811924837,0.40966414148597774,0.4686324797304282,0.19912730401923864,0.26210408982362904,0.2830783508385268,0.33760832901973326
float64,770,spd_prescribed_spectrum,45,2000,2000,0,0.0,1.9424617943836702,3.103290069151268,3.6087834159586403,5.049506021679255,0.9580950707711836,1.5734684783428332,1.8043222822533023,2.3259159895300683,0.2822317948190948,0.36096316372488596,0.3940138141029055,0.4530005153358254,0.19041776024427726,0.250660664788096,0.27528017594014575,0.32650735558418514
float64,774,random_conditioned,64,2000,2000,0,0.0,4.09345889758959,4.91785773036581,5.212765564527689,5.884102833277186,1.043627075895623,1.2538223233996517,1.3277632411364084,1.4683080428748048,1.503371237262003,1.8336930606808828,1.9715154335619247,2.2402558511683774,0.4554664368939222,0.5484935692318247,0.5786235072806843,0.6563683420617271
float64,775,random_conditioned,64,2000,2000,0,0.0,6.501017719219053,7.738893518785939,8.161184397408917,8.96846941036234,1.0600891423454164,1.4461587427481002,1.5738265707686128,1.9417440998129092,4.932668366091699,6.07924420698038,6.460162515341008,7.198889558174159,0.9702558375589637,1.1774981897244992,1.2512129541891681,1.433734617044501
float64,776,random_conditioned,64,2000,2000,0,0.0,10.590753356385147,12.367732657084423,12.973441313979455,14.201002818273468,1.2952719062350402,1.5099587110911061,1.5770821477945358,1.763324967324685,4.016663818243357,4.993047599842177,5.369625996958361,6.283040695732129,0.5110089145597652,0.6191091064073637,0.6632973081073131,0.7616991298334639
float64,777,random_conditioned,64,2000,2000,0,0.0,2.9853529238401704,3.8389296265086736,4.169815077617014,4.742914254291006,1.0094329403163746,1.308635564608015,1.4414675413031444,1.6710714469633625,0.6083483569193471,0.7609780584163254,0.8147499530625424,0.9555454400806442,0.28228870528275773,0.35270409607615893,0.37874683242889984,0.44045142707168533
float64,778,random_conditioned,64,2000,2000,0,0.0,6.582175165095457,7.824052584472446,8.241507220494563,9.026736284615312,1.060274030745978,1.4567966251039357,1.5886668772694263,1.9419404263605362,4.979561297799421,6.05005938448496,6.431465081602671,7.182490587905011,0.9750546802452733,1.18200348011045,1.248004685915499,1.39660315639889
float64,779,random_conditioned,64,2000,2000,0,0.0,13.30419758719109,17.65348929838571,19.500585332495078,24.311423036746078,1.6176577591344352,2.091687203737972,2.2874342427382803,2.809744943999625,3.794803070057463,4.711779206997633,5.034070671868211,5.795452072448175,0.4836264815295199,0.5860377278209082,0.6268528012178218,0.7146108620331664
float64,780,random_conditioned,64,2000,2000,0,0.0,2.660891594614943,3.6085803199362245,3.887467184737967,4.620067347259433,1.0268115702503149,1.394364725133379,1.556902213052326,1.835010067515091,0.4157673624182219,0.5140586430364676,0.5470779938678522,0.6326797951469395,0.2293116759241111,0.287232887792149,0.3068835134990546,0.3669503615017915
float64,781,random_conditioned,64,2000,2000,0,0.0,6.583404212065181,7.841683473241353,8.187501474225952,8.991025852746203,1.0622452599653678,1.4481772362788738,1.5855083798633596,1.89997699035137,4.949025481317314,6.022401855733167,6.352377046924338,7.140487980781509,0.9751448750532399,1.1926551709506077,1.258681656283708,1.4071240070616127
float64,782,random_conditioned,64,2000,2000,0,0.0,15.31343148884303,43.49212207406466,60.22791039474348,105.91851333354636,1.854928193501693,4.5095696653189306,6.4904673150735706,11.107996146279895,3.800780062964682,4.698212719081418,5.022029122666337,5.868213861930983,0.48286331968786467,0.5834196452294012,0.6230670076239415,0.6985491130314683
float64,783,random_conditioned,64,2000,2000,0,0.0,2.5085264551560282,3.671324297590182,4.051256767126305,4.996462795147176,1.0373875476226893,1.523212922976921,1.7051057021970724,2.139166526919938,0.33905633334817875,0.415639578359391,0.44252145485347316,0.5125793346275895,0.2013715663859297,0.25684662012680887,0.2779530689663756,0.3280445583259019
float64,784,random_conditioned,64,2000,2000,0,0.0,6.5525316974352865,7.788483192234137,8.286217668192098,8.935183655857434,1.0638211812582146,1.476187081007383,1.6161853143348681,1.9708523871791637,4.9610795787965065,6.055214167858728,6.44383739630697,7.220323325949131,0.9742317929511672,1.1797098137999233,1.2463215075893743,1.4206488881883845
float64,785,random_conditioned,64,2000,2000,0,0.0,15.504702617516772,53.80249148733631,115.35485435831376,413.78157944433104,1.8591547271911844,5.758588123705348,12.339033925002187,44.900830360977004,3.7507801061960446,4.693933216259691,4.9764692248243465,5.8925031170723114,0.4810544294940048,0.5890854523753015,0.6258514993631878,0.7055079577975685
float64,786,random_conditioned,64,2000,2000,0,0.0,2.484601326993892,3.7517667196686655,4.262623439473079,5.259437633368885,1.0878501929783675,1.6574416548970594,1.9051732261370236,2.4162841891014546,0.2979111926142536,0.36523451814810165,0.39366413704921555,0.47250416944041607,0.18236224233523074,0.2364320393558628,0.2544860906541642,0.29892006481352706
float64,787,random_conditioned,64,2000,2000,0,0.0,6.538453206864572,7.747897908065412,8.138843413090193,8.92437229863197,1.0600615518277912,1.4417031878282818,1.5694284416899758,1.8918525754881994,5.011094441898213,6.138815754779997,6.517952453846371,7.267843623113522,0.9761840135612794,1.1828502008226958,1.2523831808878636,1.4072116457658257
float64,788,random_conditioned,64,2000,2000,0,0.0,15.621909350441587,56.98405530442524,110.47782329301475,590.1089765262965,1.883921141694497,6.255842345899912,11.783546916124935,62.319093472617055,3.774278613234812,4.73817723491366,5.0666422205925405,5.86435676241197,0.48345500895369964,0.5917337247312452,0.630251859867743,0.7323058450333146
float64,789,random_conditioned,64,2000,2000,0,0.0,2.4300502287895505,3.7130366582910375,4.2975400724219615,5.720278342785731,1.08159416502797,1.723267346643053,1.9409587654621647,2.6568671344448362,0.2725267188892723,0.3367134582695735,0.35994356900989505,0.41755660089560315,0.1700186582274768,0.22007184529840895,0.23928883829059794,0.29418836611784194
float64,790,random_conditioned,64,2000,2000,0,0.0,6.560264101798378,7.81647889534945,8.194841606688604,8.874002327810313,1.066942879217447,1.4711427748941337,1.6153386040986528,1.9713292096428927,4.969196483238566,6.115031794571773,6.482513822500194,7.267371559590552,0.9718015879692627,1.187148523835895,1.248225860069044,1.3823189627503996
float64,791,random_conditioned,64,2000,2000,0,0.0,15.460803480766732,53.67256534787743,106.09034465154757,461.6863870673992,1.852427327185883,5.776527070253266,11.052704541454647,44.160521122176476,3.7834470166879473,4.778624975919939,5.12807991119204,5.834672029833995,0.4835397333249727,0.5902135608816726,0.629236551669885,0.714649143301163
float64,792,random_conditioned,64,2000,2000,0,0.0,2.4832911783786993,4.161985240856281,4.780005862950558,6.095428328887531,1.1479066499198152,1.9228548979428028,2.2111520181606017,2.919852902792996,0.2540436083074923,0.31326993925076385,0.33606589938631,0.39621222096553704,0.16057096259107378,0.2150061659323354,0.23757472540721689,0.28958743697418793
float64,793,random_conditioned,64,2000,2000,0,0.0,6.522433929733499,7.775899843831461,8.179838711565676,8.89673548778728,1.0479861338380054,1.4586134640674857,1.5871339765994237,1.8942588158728146,4.951997865178829,6.0804602429969385,6.381247049758361,7.1858121943862425,0.9737689779457874,1.1747018503498712,1.2362709469400905,1.3710552929688882
float64,794,random_conditioned,64,2000,2000,0,0.0,15.287147329433761,46.85564742134239,93.32819473428101,346.54455642919754,1.8354163958959195,5.1534355609734845,9.302118811565151,39.66724231106754,3.770317618369946,4.737538608194122,5.048982747990345,5.7206026678288024,0.48297654805094076,0.5890203260604814,0.6272677420314136,0.7197216532905745
float64,795,random_conditioned,64,2000,2000,0,0.0,29.633932337975452,35.498183968668755,37.19122204195481,41.47253639090172,1.958262679021919,2.2733361154507827,2.40011353824086,2.6345799940356303,29.620022575609283,35.45741081715608,37.220782391918334,41.84750386986282,1.955743586127471,2.3226419932190656,2.4722220156312953,2.806466596431233
float64,805,vandermonde,64,2000,2000,0,0.0,124504.92205098015,650274.652983634,999124.8284018439,2459278.7685892656,48970.36093349622,232876.5584334082,353103.4792891183,914110.9595469008,0.6469313164184454,1.0821786268545774,1.2735152087808739,1.6217513974892335,0.27672203384563154,0.4980129678910855,0.600076300846949,0.7784630297261343
float64,806,vandermonde,64,2000,2000,0,0.0,289630.03242507845,1214234.1211199346,1876007.8851028902,4807891.3951116735,77996.03195040506,325043.84524340805,512309.4588365293,1437391.3338672426,0.9594069555053081,1.5909729607603122,1.7944250150672965,2.2621270451409923,0.28372041532350456,0.5135458330640383,0.5849024632832657,0.7661387222264591
float64,840,scaled_adversarial,64,2000,2000,0,0.0,2.8842559996438634e-06,1.6593961478836267e-05,2.6832613896052353e-05,8.56655916810375e-05,2.9512670070957404e-06,1.6768820069355287e-05,2.676888022361818e-05,8.456448817928522e-05,0.0005410146885159444,0.015336342032065003,0.029438248894677707,0.10123346796511425,0.0005350361070551655,0.01470877411890431,0.029399801506560234,0.09785256506200847
float64,841,scaled_adversarial,64,2000,2000,0,0.0,1.0104777498204622e-09,2.719647858573973e-08,7.601960670375726e-08,3.6155918615522554e-07,1.009195875002428e-09,2.6899802475565565e-08,7.311213464295475e-08,3.6132037534650354e-07,1.9556205713685674e-07,1.4690762909256134e-05,4.756756935913495e-05,0.00039552977013581643,1.9091579692658968e-07,1.4261632670911582e-05,4.5199882971445985e-05,0.00039179637457103427
float64,842,scaled_adversarial,64,2000,2000,0,0.0,1.3581286672305569e-16,4.4578210869490497e-14,2.7344485870668494e-13,9.231325869160498e-12,1.3267426841166354e-16,4.164758944096578e-14,2.71020787645765e-13,9.222555865187681e-12,6.202660097199981e-15,6.208334752301899e-12,6.036151765868434e-11,2.1649633993223552e-09,6.19115556937716e-15,6.2080485678136745e-12,6.034121595924084e-11,2.164963311553573e-09
float64,843,scaled_adversarial,64,2000,2000,0,0.0,8.066058431359955e-24,2.3469173842601996e-20,2.896912634745378e-19,4.025045817163252e-17,7.913327477175883e-24,2.345875470116874e-20,2.7531970957529306e-19,4.024808643817821e-17,2.6531377029938843e-22,2.5407038189320537e-18,2.26134872082739e-17,2.1527655188687708e-15,2.6521847120680165e-22,2.4986463004000217e-18,2.2497748497810685e-17,2.1105038129612178e-15
float64,844,scaled_adversarial,64,2000,2000,0,0.0,3.350597630607792e-07,1.4548175278609459e-06,2.280826381938848e-06,4.969336483941667e-06,3.337190273746207e-07,1.4356851409849165e-06,2.2202747602036975e-06,4.871363191078918e-06,3.3519461731990014e-07,1.454817516721773e-06,2.280826374032974e-06,4.969336172697485e-06,3.3406445626387007e-07,1.438094867034087e-06,2.220335255182579e-06,4.872263155271615e-06
float64,845,scaled_adversarial,64,2000,2000,0,0.0,1.5202124723992199e-13,3.7053491710501274e-12,8.838895422727623e-12,3.960020125949644e-11,1.5855481053423998e-13,3.7085350103994554e-12,9.61520110509295e-12,4.033117904005468e-11,2.336419198355675e-10,0.0003195268152138903,0.003006836915869071,0.10952209003329576,2.3353282467411347e-10,0.0003168482635722781,0.0030069255602425877,0.09633198167727736
float64,846,scaled_adversarial,64,2000,2000,0,0.0,1.690128848514148e-20,1.076907056419052e-17,9.778560237375133e-17,1.1992343510706406e-15,1.6684132330042344e-20,1.0756530764330641e-17,9.778049924985934e-17,1.2002593547851948e-15,1.5186545431586426e-13,8.101434947693173e-09,7.824771091428883e-08,7.3302189151644055e-06,1.51056775215998e-13,8.059829954115841e-09,7.820435456955532e-08,7.3302167609492854e-06
float64,847,scaled_adversarial,64,2000,2000,0,0.0,2.460949264069378e-27,2.166255736953061e-23,3.234489860110064e-22,9.2012594922849e-20,2.455429671917593e-27,2.1595618396193382e-23,3.1901845324601004e-22,9.201259491527811e-20,5.398527900215267e-21,7.848028635041504e-15,1.7799657400643347e-13,1.9728535167093163e-11,5.3837012996551366e-21,7.566783151858662e-15,1.7799563477579249e-13,1.9728439685119412e-11
float64,848,scaled_adversarial,64,2000,2000,0,0.0,1.6368253287893742e-07,6.932791703275266e-07,1.0407101052080725e-06,2.715866030144926e-06,1.6026589229674854e-07,6.827049464740047e-07,1.0311867981662746e-06,2.7151062353595963e-06,1.636825328789375e-07,6.932791703178208e-07,1.040710105208079e-06,2.715866030145231e-06,1.6026588512097525e-07,6.827046903301743e-07,1.0311867612547563e-06,2.7151080585094474e-06
float64,849,scaled_adversarial,64,2000,2000,0,0.0,2.839505410123642e-14,4.93928850876603e-13,1.2254999030012279e-12,6.066136882766768e-12,2.821449969720889e-14,4.939303332637463e-13,1.2254851087954499e-12,5.692177283408671e-12,2.8395053449996734e-14,4.939281868096726e-13,1.2255001484638667e-12,6.066137043330228e-12,2.8214464913407967e-14,4.939755336669903e-13,1.2272123299007031e-12,5.692217959553723e-12
float64,850,scaled_adversarial,64,2000,2000,0,0.0,1.3865673620719193e-24,9.425516892171698e-22,6.083683651356148e-21,1.9016729083463758e-19,1.3617167177136627e-24,9.193570801686057e-22,6.083683651356137e-21,1.9016729024503916e-19,2.0346999751237913e-16,8.27396957957988e-09,3.7570711144729313e-07,0.0003292031889145329,2.0346999743903642e-16,8.254550079271554e-09,3.756966426809966e-07,0.0003292008118157459
float64,851,scaled_adversarial,64,2000,2000,0,0.0,2.2602728132975967e-31,3.349456184708741e-27,2.964015897900141e-26,5.165315538063037e-24,2.2602728132968803e-31,3.336844800692425e-27,2.9640145991761504e-26,5.165315442710378e-24,2.4845949270896706e-21,1.1441571269806162e-13,6.470821842660426e-12,4.2142829652919976e-09,2.4845949270790757e-21,1.1441571269796355e-13,6.4708218426428334e-12,4.214282963767957e-09
float64,852,row_diagonal_dominant_random,64,2000,2000,0,0.0,7.603472261349042,11.120994471014642,11.395736204231731,13.343977359312031,5.155914814369599,7.221715045453052,7.37092109558306,8.512710512702157,7.634450085712219,11.177054893801778,11.436035900600116,13.270788429959907,5.348845624111255,7.208528119351767,7.430372292013956,8.508705732656816
float64,853,row_diagonal_dominant_random,64,2000,2000,0,0.0,7.064630511622838,10.194522391014361,10.579828015011,12.437437107403316,4.114418698497355,5.5581878706512,5.735679831966895,6.522777030204893,7.068674221767631,9.66652425444932,10.556263070752362,12.396029978200184,4.105485030315678,5.350644827021717,5.737249043019386,6.674393432427441
float64,854,row_diagonal_dominant_random,64,2000,2000,0,0.0,6.724853280662578,9.189758708471562,10.024085540033397,11.819412229625401,3.6265231579324237,4.6483400878024295,4.9776037856458375,5.676032352341206,6.719944703488787,9.184760850940686,10.016376903672539,11.725749015182894,3.616985859069365,4.691883537856012,5.018335075036007,5.79720474393181
float64,855,row_diagonal_dominant_random,64,2000,2000,0,0.0,6.312697389695686,8.55456309744111,9.413327761931304,11.121239928434946,3.153027461930093,3.9776491551359734,4.275405696778147,4.936061206867565,6.305259055619629,8.597998579881134,9.436521312870106,11.053500691912472,3.14267841378221,4.01483895733352,4.281095518975603,4.879366545247872
float64,856,row_diagonal_dominant_random,64,2000,2000,0,0.0,6.095277067102237,8.237783436969575,9.085821354455705,10.514833020739212,2.935808834509445,3.731536522096735,3.954187862502805,4.498440696651837,6.078262453614691,8.33618439621501,9.144088311084088,10.58911096249165,2.913800325548841,3.712772211710164,3.9805964685258246,4.528490854018062
float64,857,row_diagonal_dominant_random,64,2000,2000,0,0.0,5.924577257697002,7.77888243571619,8.809868922674298,10.32821961203461,2.7888828488389024,3.435752279060091,3.7486221262019095,4.258968307647099,5.919111789975754,8.078155329791265,8.91291922372171,10.22377611959175,2.7782762214949694,3.5397580702570273,3.77821277302572,4.184147455845905
float64,858,row_diagonal_dominant_random,64,2000,2000,0,0.0,5.9020622150158335,7.992164353683172,8.766379649835143,10.210863677060436,2.774184353748164,3.458967942834391,3.698352353528534,4.209547579311195,5.890692178877739,8.072173263084322,8.798775374764512,10.311507826595989,2.7441835651980027,3.4632066597280433,3.728571971062438,4.247957142101785
float64,859,row_diagonal_dominant_random,64,2000,2000,0,0.0,5.897630651368193,8.068671996059402,8.758832174860173,10.164139056626032,2.7554363719318893,3.4809208581372704,3.6885292326106716,4.170299131379184,5.910450015028097,7.968763955868635,8.741574443836225,10.243589868980175,2.7508581845884406,3.4273187544918025,3.6576138087093493,4.210907885969812
float64,860,row_diagonal_dominant_random,64,2000,2000,0,0.0,5.989979737181084,8.510022110598667,8.876775907709295,10.305585061999988,2.8255355749096416,3.605380845498905,3.7802978535277463,4.2209778857753,5.9317682341470865,8.470368787381261,8.810249517629739,10.319340847864854,2.820574249984648,3.5850006042078184,3.786320176042416,4.296329396942668
float64,861,row_diagonal_dominant_random,64,2000,2000,0,0.0,5.957430247416161,8.463557633300136,8.88051142482746,10.441937541710953,2.842860878641167,3.584840859311032,3.8051497642208356,4.257294203959594,5.9670619839760235,8.492342457475015,8.894885642643459,10.361016045189293,2.8654206351115086,3.6610475467953707,3.9108797411226925,4.48557581027722
float64,882,row_diagonal_dominant_stochastic,64,2000,2000,0,0.0,7.827057208342596,10.660435738645583,11.604670004969826,13.6652692320987,5.6281061087169135,7.0571241379833625,7.6269403413679635,8.63065488030391,7.912388777107969,10.746459028880997,11.630696506905453,13.571036141889373,5.637594406172555,7.136968979180345,7.686828612129011,8.677379786715134
float64,883,row_diagonal_dominant_stochastic,64,2000,2000,0,0.0,4.43104472279642,5.405162508443515,6.229458767480712,7.176131882851659,3.739308085146386,4.525932210465436,4.941812785590463,5.543514883638117,4.431755055786776,5.644155929654559,6.224856410979542,7.152168456056376,3.7242477130555036,4.527137309173163,4.914853624519074,5.558639947143548
float64,884,row_diagonal_dominant_stochastic,64,2000,2000,0,0.0,3.1585377403885344,3.8526237670717793,4.429234121567697,5.03924488048484,2.780634988410431,3.376722095463609,3.5933138232602504,3.95767543132442,3.1531730956716966,3.864583644663588,4.404516098520123,5.069977541989769,2.740856621778613,3.303737804041508,3.5266856273980736,3.9545918841793766
float64,885,row_diagonal_dominant_stochastic,64,2000,2000,0,0.0,1.714332050922043,2.1066326415472987,2.3815635965926694,2.7195060059784106,1.9129550397494013,2.261721834408719,2.3852640991557217,2.581509753977392,1.7088958405187107,2.0886593442712043,2.383203765472217,2.7073781554397045,1.7546999054297339,2.029348762167219,2.131887526538104,2.344788038434045
float64,886,row_diagonal_dominant_stochastic,64,2000,2000,0,0.0,1.2043138042399073,1.357748304340226,1.4185071174035748,1.5146332954884638,1.6692235803228619,2.000103342060214,2.125896785180967,2.4663532524165093,1.1109031121465065,1.284702058514215,1.348645830303696,1.4709820209917883,1.3174464888203703,1.475490913847516,1.528143123108313,1.623888444780143
float64,887,row_diagonal_dominant_stochastic,64,2000,2000,0,0.0,1.1197331568260727,1.234254985958557,1.2769075961504166,1.3593771046722851,1.5797819106545745,1.9099142962616904,2.0311834510937508,2.332397708643979,0.9332513975279085,1.0282134660026057,1.0592568646777405,1.1157308905494412,1.025344386197045,1.1055694244641996,1.12756303978013,1.1935793715748775
float64,888,row_diagonal_dominant_stochastic,64,2000,2000,0,0.0,1.100744912205113,1.229078736130857,1.2611655607409162,1.3359227637705542,1.5756074988843152,1.9216785568984347,2.0677699512487555,2.354729128485479,0.8492647078091438,0.9386861367621108,0.9671505746656994,1.0119953977233562,0.9412565306094944,0.9980422493115033,1.0176128112676677,1.053580913846746
float64,889,row_diagonal_dominant_stochastic,64,2000,2000,0,0.0,1.1568003800097708,1.2865713627444992,1.3238536552036597,1.392187324040043,1.6361985340531382,1.9996677473123277,2.131408270398221,2.3776627703612383,0.8136988667246197,0.8954877785177525,0.9218503582295391,0.9666896732773147,0.915836113667116,0.9638627028460816,0.9855066100902177,1.020848323420909
float64,890,row_diagonal_dominant_stochastic,64,2000,2000,0,0.0,1.1769107664122769,1.3108639329346836,1.3573786403070685,1.4540614889824592,1.6455388740785453,2.0141217943733722,2.1362317442546193,2.37719514326666,0.778488209366574,0.8553872552898417,0.8795211208451976,0.929737785778136,0.8830136120007299,0.9345182807353848,0.951953536293317,0.9937685425967768
float64,891,row_diagonal_dominant_stochastic,64,2000,2000,0,0.0,1.2194648226374567,1.370831098674466,1.4216836452897155,1.522032807995035,1.6990648345335349,2.0798328490976887,2.2328870051712615,2.4693000771691027,0.7680057155260306,0.8486587183032899,0.8726031371542777,0.9221579814259643,0.877614811167276,0.9295710093400757,0.9474139453616708,0.9828026104423949
float64,892,spd_prescribed_spectrum,64,2000,2000,0,0.0,1.464442720530387,1.7422248264143556,1.8398514487234137,2.0570720598644283,0.661845692677113,0.7526432755550292,0.7874878938034545,0.8488537444117973,1.2652118842564244,1.5808583011253923,1.6831959763083655,1.9314943467089076,0.545829386010243,0.6458552356406089,0.6841292982603202,0.7760550694489774
float64,893,spd_prescribed_spectrum,64,2000,2000,0,0.0,1.159735362563345,1.3546334158925715,1.4244875832803492,1.5639379127374657,0.5044192946997657,0.5948653914251871,0.6301504316855147,0.704713807879694,0.5260241063073849,0.5979423635655865,0.6213122257278368,0.6836103722269209,0.2929654885082893,0.3392328301615485,0.3551236719130151,0.3891544942203384
float64,894,spd_prescribed_spectrum,64,2000,2000,0,0.0,1.2349563598391247,1.5250076791720129,1.6453503371186933,1.9219558570948918,0.5215220993186034,0.6375308975056994,0.6823970436568562,0.7868514996056256,0.4286744604242173,0.5012412768834376,0.5257323195989648,0.5955516849464652,0.2450867989222886,0.2885025416287268,0.3002825683327689,0.32633500365075874
float64,895,spd_prescribed_spectrum,64,2000,2000,0,0.0,1.7043078496320825,2.5176150094781815,2.79750219542299,3.3623347711150364,0.7019978871082757,1.0252897211408554,1.1336055989595575,1.3745254455295823,0.39285716243569785,0.47202628902894367,0.503686374072085,0.5754076842889376,0.22662399266863298,0.27157042887456806,0.28383319947265834,0.31596043382361366
float64,896,spd_prescribed_spectrum,64,2000,2000,0,0.0,2.3663569351474902,3.2481672404821706,3.5442013041576903,4.206493158040054,0.9931850628504588,1.3469750091911026,1.5037515939266166,1.7727236068593832,0.3700964408556512,0.4503279151667066,0.47772129291310417,0.5560225863934594,0.22138492476890514,0.26855349218170865,0.2827617843207852,0.3110445337315378
float64,897,spd_prescribed_spectrum,64,2000,2000,0,0.0,2.495357725372555,3.4864870082753754,3.770012901384142,4.656053719351976,1.062709764384695,1.4927337069702482,1.663984261323159,1.9811123284609338,0.3521320890946531,0.4312205933167485,0.4598516838346179,0.5268558298792536,0.21300970474242187,0.2614428353255226,0.2774779805411985,0.31319894950623434
float64,898,spd_prescribed_spectrum,64,2000,2000,0,0.0,2.532863460646011,3.5476846257872117,3.968489307503035,4.776493626312529,1.1115018208051537,1.6030304642807451,1.7508916315932033,2.1614669650326195,0.33480868879584574,0.4090487763384412,0.4347629175936436,0.49803403864705265,0.20666898886489396,0.26041593593299567,0.280541822362354,0.3164297342231344
float64,899,spd_prescribed_spectrum,64,2000,2000,0,0.0,2.5219606531748813,3.614487910647673,4.105403597215702,5.115209762110094,1.1229405277919613,1.6304488307494625,1.8356717923323231,2.2727419088789453,0.3168715481239783,0.39113694148638045,0.4142106869795744,0.47144475936372404,0.19967989078824627,0.2535446428932993,0.27424024913321876,0.32102188641239576
float64,903,random_conditioned,91,2000,2000,0,0.0,6.863135819286015,8.189531656791132,8.654344624698657,9.766065517322255,1.4032824251047757,1.664660081311052,1.757372256982888,1.9268692570819368,3.0027670565711544,3.6892660529422217,3.9604787741581857,4.548249942089699,0.7159917397586124,0.8776954938920363,0.9444910968213753,1.1044790801469768
float64,904,random_conditioned,91,2000,2000,0,0.0,9.049601164940396,10.49497444480133,10.917185524215219,11.729993209674452,1.2935176856024806,1.7182816478835656,1.8696569282623847,2.2081073545611014,6.953714226914798,8.237653382699214,8.664580451276334,9.58932281579015,1.3793676686712435,1.6915214606852276,1.8060726939027256,2.1004324180396243
float64,905,random_conditioned,91,2000,2000,0,0.0,17.973946972841965,21.11606175452357,22.21465019917621,24.2132960991659,1.6837161593698629,1.9250981839127106,2.008288891608716,2.1736495166093945,8.461621551313838,10.438746761878763,11.062436215421728,12.808234430434636,0.8309911636321663,1.0235242336171977,1.100881167354949,1.3127368135298756
float64,906,random_conditioned,91,2000,2000,0,0.0,4.490813881541429,5.381997011508685,5.724424397256145,6.388043131576224,1.290168621633725,1.5701724574536813,1.6630605714456586,1.8364155797038864,1.147096662363189,1.4501321939575733,1.5777068525171236,1.8458316207205039,0.43014558956799326,0.5471609409769456,0.5972230887557094,0.7110412959586287
float64,907,random_conditioned,91,2000,2000,0,0.0,8.992490735675219,10.426981375976252,10.895508062919543,11.92041146534251,1.2690029535330583,1.668548697979821,1.8177864244363688,2.213148546311017,6.993114388203535,8.28751272353882,8.715742226977138,9.631196721610152,1.3660527129808915,1.6881881482168644,1.7852801278382389,2.0851843162345403
float64,908,random_conditioned,91,2000,2000,0,0.0,19.76799022363911,23.489443010717835,24.868913645996905,28.034225197545098,1.928464326385701,2.2875138597592524,2.415271924470976,2.6969121676743777,8.11192273221743,10.028998839312477,10.713265339198465,12.106671003400194,0.7976263955495617,0.9870878722865,1.0517019786506914,1.2196942716366157
float64,909,random_conditioned,91,2000,2000,0,0.0,3.8539897777087484,4.758086205407407,5.1094488468103405,5.813356125692754,1.2674848251684308,1.6163650722954324,1.7412351262425367,2.0167858544427992,0.7083170694593113,0.9218072198575,1.0066994721034717,1.193179014766638,0.328612642284483,0.4335679917284603,0.47036994556429507,0.5522005966650431
float64,910,random_conditioned,91,2000,2000,0,0.0,8.992638327092678,10.409861635291705,10.914495663584617,11.659870292768726,1.2774622413533911,1.6987779943679937,1.8357889607856264,2.104220217431583,6.946071873980598,8.236820766298782,8.623741912455413,9.528517048632343,1.3692869575012427,1.694589932561126,1.7968344896033406,2.048258370649291
float64,911,random_conditioned,91,2000,2000,0,0.0,22.199704599434206,45.10985114483583,62.61308601875276,103.89609766705179,2.1679939912238684,4.004636622858554,5.437213881428242,8.804941700637254,8.015743812940022,9.954860026132087,10.786540506414086,12.341621898426677,0.7896348610893851,0.97942638501408,1.0578426600107302,1.2084426774449784
float64,912,random_conditioned,91,2000,2000,0,0.0,3.5483587707428366,4.8049873517084665,5.186442449991603,6.266325488878279,1.2991482370089253,1.7273090192751877,1.916518475971759,2.2887090708036237,0.5307327979838036,0.6881335059403857,0.7551374018633488,0.904709125912586,0.28282515578767153,0.3732464092578229,0.41932672534023296,0.5138423668362773
float64,913,random_conditioned,91,2000,2000,0,0.0,9.033948736289005,10.494735461814912,10.928951416458759,11.885238487763985,1.275916023327385,1.7207265586765754,1.877897599003684,2.1449137505565243,6.952148493500437,8.19123979907967,8.580238926396623,9.4516931359912,1.3751936407162981,1.6891752321168165,1.7861093678711644,2.0385731912866034
float64,914,random_conditioned,91,2000,2000,0,0.0,22.202443321542184,64.04425924114977,117.42260724806714,366.83420503802563,2.203089131571768,5.518659051692748,10.075939190343494,31.2386156283748,8.07136284796956,10.030224325280901,10.651327772608155,12.295427527675907,0.7833489336904687,0.9797374908455805,1.051443830859704,1.216710510604158
float64,915,random_conditioned,91,2000,2000,0,0.0,3.3725949729082885,4.697820657887007,5.177792539844943,6.05407625498045,1.3136743880531445,1.8183600606038863,2.0563913526092374,2.437643323349377,0.4302744909190793,0.5638215656501621,0.61861380258761,0.7235365748599142,0.2485603670453606,0.3391398417736137,0.3714402793573467,0.4695001176506242
float64,916,random_conditioned,91,2000,2000,0,0.0,9.004423479763645,10.447476301274454,10.853076927604894,11.906658550114148,1.2887393449280955,1.7402864176405595,1.8905436355924496,2.2925316586600384,6.983354691428871,8.216740010284825,8.614659180381723,9.453888688358772,1.37123917838603,1.6932354774927432,1.7860716604758937,1.9605822601286544
float64,917,random_conditioned,91,2000,2000,0,0.0,22.688147576040755,68.02085863950919,122.71937038965677,534.309451825005,2.2102534282562436,5.845323341472202,10.54700994167903,42.239436396882546,8.107008956213242,9.992301460382182,10.731116585379153,12.315472991795424,0.7942713363629383,0.9831971154836681,1.0598238995320282,1.2148214200776943
float64,918,random_conditioned,91,2000,2000,0,0.0,3.2899917694507224,4.665682938643863,5.118101041334125,6.193866705583017,1.3363068499830053,1.9528957792658768,2.1681970444583825,2.6995441278824095,0.37435002776268655,0.4890457904958338,0.5444095979466899,0.6413107862320674,0.2307546288436335,0.314743840798547,0.34913021713765846,0.4202353010631937
float64,919,random_conditioned,91,2000,2000,0,0.0,8.993543636588846,10.421014478853534,10.879227334486284,11.703508226863793,1.2843235972380316,1.689140390929268,1.836492622405274,2.214451357060837,7.008740140470045,8.301002601537133,8.798834432577367,9.53464016490415,1.3730546588926922,1.7095325718352434,1.8295240719828982,2.07977132769212
float64,920,random_conditioned,91,2000,2000,0,0.0,22.543479437137677,70.37320327997163,127.48278746454451,778.2583821533733,2.2182726927813032,6.1537401885928675,11.129084484031438,65.67872531747572,8.049118971860723,10.113491771860918,10.693374056073775,12.233836618337582,0.7931245424567916,0.9878470864608851,1.0599871074244216,1.2255311952177437
float64,921,random_conditioned,91,2000,2000,0,0.0,3.266439737702372,4.8271700588782265,5.322469681006838,6.737129154455556,1.3470686714403803,2.050732817810229,2.2725437079463897,2.853150275174054,0.3394454924061283,0.4430748122468824,0.4878016099885296,0.6089153846713425,0.21390859616835545,0.29767881316455475,0.3281912024372302,0.4214503972287121
float64,922,random_conditioned,91,2000,2000,0,0.0,9.010870341401766,10.401612990179297,10.886118510956962,11.740357086840682,1.2839632614079752,1.7185606730707732,1.8636272315280555,2.159614398397151,6.949177410122379,8.233604773290994,8.692113499393173,9.475457692455247,1.3787411447354985,1.6886883748931591,1.808286872922369,2.0789969748650536
float64,923,random_conditioned,91,2000,2000,0,0.0,22.55316494370959,74.38758079447177,138.98406234395853,606.3192423225366,2.2128044192419143,6.565700574630016,12.051761489913156,54.658810581113976,8.010982348973581,9.901097418210533,10.654873705054014,11.813083693738006,0.7866694107723293,0.9844286557308419,1.070740792768216,1.253976079125549
float64,924,random_conditioned,91,2000,2000,0,0.0,54.630259329484346,64.54994329054648,68.06966238393862,75.46134878656693,2.522038617124707,2.8567585893099494,2.9765976311403057,3.31923531401417,54.62327797618731,64.71550125134284,68.14340608547722,75.64039535969883,2.7346793323306082,3.2364813486546202,3.431031952963749,3.833145325038124
float64,934,vandermonde,91,2000,2000,0,0.0,25429389.295612812,141020650.20965645,207207016.8325782,397919689.8205245,9681145.765989687,45796656.53307433,69206009.78465994,122243419.67590366,1.0822865181599304,1.9729251314218361,2.2925002870175204,3.1565235603779254,0.37884104015640474,0.73335854932218,0.8998947692125782,1.3305715296002238
float64,935,vandermonde,91,2000,2000,0,0.0,58387808.276228346,261078683.98869652,366953371.21704155,708200472.0078138,14997210.2394927,73537078.4244702,100955699.66075246,192073153.53886098,1.566163495063776,2.7769800463970196,3.3040779783322827,4.530227788678105,0.38747313365954356,0.7333405807035804,0.9015616266657754,1.2359221691178117
float64,969,scaled_adversarial,91,2000,2000,0,0.0,2.3409796744076535e-06,1.0071192193482369e-05,1.7045656669097666e-05,3.874809262091977e-05,2.364583608342053e-06,9.964511318487725e-06,1.634824703367768e-05,3.811581287208589e-05,0.0005974118863859574,0.01208784549058556,0.02658050232223168,0.07456791130042802,0.0005935923039490398,0.011886081151440336,0.0262765303223671,0.07296468090764703
float64,970,scaled_adversarial,91,2000,2000,0,0.0,6.850025806067317e-10,1.0318702035821586e-08,1.9978825938175403e-08,1.011627199055525e-07,6.788765311291703e-10,1.0011801337392321e-08,1.923150359178643e-08,1.0012017153904683e-07,1.7745342425645068e-07,9.46655045273368e-06,2.6306255506395323e-05,0.00012829262368438,1.736418564698418e-07,9.281280193007866e-06,2.5803495951705248e-05,0.00012713584604843366
float64,971,scaled_adversarial,91,2000,2000,0,0.0,5.338158181952952e-17,6.173066714309303e-15,2.993315217011662e-14,2.383084503981561e-13,5.337083104015897e-17,6.116699744383272e-15,2.889881115809517e-14,2.3829866195407114e-13,4.37383758111493e-15,2.0404101479778284e-12,1.3772162545233426e-11,2.99435615982959e-10,4.260098127013725e-15,2.025506414213888e-12,1.346566677017905e-11,2.994405474744931e-10
float64,972,scaled_adversarial,91,2000,2000,0,0.0,3.4499103798941614e-24,4.501109942225656e-21,2.890344648853525e-20,2.489281486378377e-18,3.436334566302026e-24,4.422711616422032e-21,2.8851196348102456e-20,2.4812738109837645e-18,1.2925720738517466e-22,3.931970546339451e-19,3.772219344306103e-18,2.293075280426549e-16,1.270623086001022e-22,3.9228260524040774e-19,3.74388366295049e-18,2.304447107696571e-16
float64,973,scaled_adversarial,91,2000,2000,0,0.0,2.2436332197820265e-07,7.524631423059119e-07,1.113714583993961e-06,2.2002584032656544e-06,2.2034101756908555e-07,7.277118599643944e-07,1.065483612011486e-06,2.1620958640547317e-06,2.2436286809004443e-07,7.524624103678931e-07,1.1137166890581733e-06,2.2002581715904823e-06,2.20383702395336e-07,7.27722617134399e-07,1.0653422404573494e-06,2.161509029008992e-06
float64,974,scaled_adversarial,91,2000,2000,0,0.0,7.642438372347728e-14,1.068414226735239e-12,2.4548376819297015e-12,8.894633650268716e-12,8.108984626056523e-14,1.1319179551649407e-12,2.475768175022981e-12,9.141149806219306e-12,7.338718964469036e-09,0.0005819329428086452,0.00474601360266211,0.050603361921345104,7.338637730591144e-09,0.0005825065766672719,0.004554168453730695,0.050071336610649005
float64,975,scaled_adversarial,91,2000,2000,0,0.0,7.139245873582296e-21,1.2453501152863254e-18,5.331492271247067e-18,1.7063244377807956e-16,7.136799938697822e-21,1.2453325010373834e-18,5.331484128361529e-18,1.7060526696959795e-16,3.266641061954695e-13,4.008656105660067e-09,2.9513813651862658e-08,9.607898530704457e-07,3.26663896585199e-13,4.008651253957814e-09,2.9267131750476656e-08,9.606234994522938e-07
float64,976,scaled_adversarial,91,2000,2000,0,0.0,7.78071583235547e-28,3.77822028196417e-24,4.8702104394600685e-23,1.8146870975482527e-21,7.780715816451683e-28,3.7782201582342794e-24,4.865424061876468e-23,1.798499759861027e-21,1.1542017753905076e-20,2.174929563647108e-15,2.6474560999686638e-14,2.6552081653582076e-12,1.1486044494690027e-20,2.174929563631073e-15,2.594520005138466e-14,2.6552044430054924e-12
float64,977,scaled_adversarial,91,2000,2000,0,0.0,1.061538352236462e-07,4.034058338534862e-07,5.846969987100679e-07,1.2516628862867775e-06,1.0407290793652006e-07,3.964698293779157e-07,5.734616259852413e-07,1.1887441760456355e-06,1.0615383521585554e-07,4.0340583385348634e-07,5.846969988490174e-07,1.2516628862867783e-06,1.040729084666161e-07,3.964698255860714e-07,5.734616158417416e-07,1.1887441800087938e-06
float64,978,scaled_adversarial,91,2000,2000,0,0.0,1.0926416249683063e-14,1.4252900573242074e-13,2.8415049429560643e-13,8.32737979313677e-13,1.0890382310719591e-14,1.413399571778176e-13,2.8374458611130515e-13,8.32797046677525e-13,1.0926416247144914e-14,1.4252897524143416e-13,2.8415011182243515e-13,8.327379797010909e-13,1.089107818755333e-14,1.413437319263302e-13,2.838182533343134e-13,8.3273802892487e-13
float64,979,scaled_adversarial,91,2000,2000,0,0.0,6.11293721064043e-25,1.6599796168081132e-22,9.932824853449574e-22,2.0376606870147334e-20,6.115517548748066e-25,1.657977392607792e-22,9.878167020942904e-22,2.037680064323318e-20,1.944480012702838e-13,5.843511187798603e-07,9.524220801024905e-06,0.0007435406932047154,1.9053010641391935e-13,5.82608270315062e-07,9.524220782308699e-06,0.0007435348645526092
float64,980,scaled_adversarial,91,2000,2000,0,0.0,5.469029936121398e-32,1.7020127279907744e-28,1.3761114504564448e-27,1.050668196736362e-25,5.481142464659724e-32,1.68986533085381e-28,1.3761114504577296e-27,1.0506681967364792e-25,8.599586491933266e-19,1.3732467379751985e-12,4.7277071517770615e-11,8.079658105009403e-09,8.599586491831542e-19,1.3732467379599362e-12,4.488486730675624e-11,8.075097078544527e-09
float64,981,row_diagonal_dominant_random,91,2000,2000,0,0.0,9.543818252998154,12.748296383472356,13.499239088877392,16.327645835031706,6.1851633150830025,8.295554648316179,8.505461740863305,10.104548104828524,9.55209709130019,12.46145295252822,13.440816271826874,15.410798955711783,6.195205947290567,7.933228184304035,8.448884688294568,9.629119943443673
float64,982,row_diagonal_dominant_random,91,2000,2000,0,0.0,9.04543143737861,11.801909037288011,12.725679947532743,15.560847695032887,4.927826064086597,6.248610055623786,6.6223916963702525,7.914741556233435,9.023092148601375,12.314186542489155,12.727339294468335,14.566515224603513,4.891307744918511,6.445007116175144,6.627921924626415,7.5112733123026585
float64,983,row_diagonal_dominant_random,91,2000,2000,0,0.0,8.669598235846209,11.314625434034687,12.225537394955106,14.156505263853976,4.317262588234585,5.443831727409915,5.778727605150626,6.493974615421241,8.66439060787884,11.29081596549225,12.185368323156808,13.96133087133233,4.303522917073735,5.4134382482706025,5.744682677698244,6.462536926830733
float64,984,row_diagonal_dominant_random,91,2000,2000,0,0.0,8.24277405453524,11.141106688907557,11.667734926155992,13.437396716993936,3.7602286286450757,4.813903075246442,5.019227846764529,5.673429787334535,8.208032561429494,10.765622842047334,11.660676013899508,13.623854459969277,3.7381557532995053,4.675398382041919,4.977114792686983,5.753629176386144
float64,985,row_diagonal_dominant_random,91,2000,2000,0,0.0,7.9815344885780775,10.331780408715547,11.246001108530196,13.043496184449715,3.495096898833603,4.289930240829275,4.56591652823587,5.162561699603378,7.996508559320239,10.467824031754784,11.349152113356189,13.203813586074581,3.4870176717175445,4.3686432917042755,4.606286724754366,5.248797909414986
float64,986,row_diagonal_dominant_random,91,2000,2000,0,0.0,7.854812030454817,10.735998073224575,11.160763323834786,12.703191968528742,3.3461954228570456,4.241471744949418,4.473024614835678,4.91945484690016,7.8441772814944475,10.4217801102317,11.157517651905614,12.727518441393451,3.3315728354409844,4.177225347761026,4.408754008911542,4.898809703585972
float64,987,row_diagonal_dominant_random,91,2000,2000,0,0.0,7.750232606350645,10.386566480856317,11.023638055779928,12.646608908418072,3.2727595916826573,4.148154807515476,4.357318224406325,4.861250113251874,7.784928973458065,10.207671192454843,10.988989237844645,13.050772516759181,3.262912046904096,4.090020597502891,4.305510614576302,4.928836637144074
float64,988,row_diagonal_dominant_random,91,2000,2000,0,0.0,7.738123081172961,10.030244377373023,10.9885796317372,12.828867367684502,3.2604240607505792,3.9918517287070174,4.296316295429489,4.856835166061161,7.731434805271098,9.939042580637123,10.876448637486755,12.621144355675588,3.2300321231118208,3.9859104813209694,4.234940674286882,4.76376894957606
float64,989,row_diagonal_dominant_random,91,2000,2000,0,0.0,7.7331797729912575,10.186086349254598,10.996495121050298,12.708835672775724,3.2452128099536655,4.04825874517228,4.26989537176668,4.8294198927980725,7.761295150303328,10.289870621317375,11.024986214057718,12.877894521957602,3.247630454640155,4.060219711306125,4.273408925534344,4.860907336694128
float64,990,row_diagonal_dominant_random,91,2000,2000,0,0.0,7.758619782128307,10.332469250946131,10.962393261302893,13.50347408921523,3.2791600708594473,4.065143916125642,4.3416234932263436,5.074321540122216,7.744015857310041,10.502002888110143,10.982849010819209,12.62782154494813,3.244128559298378,4.049622341999351,4.25112723046995,4.790994989920844
float64,1011,row_diagonal_dominant_stochastic,91,2000,2000,0,0.0,8.704230119341354,11.535156361221999,12.758957604768625,15.180565640509155,6.624778277306451,8.176987240811131,8.67544161070698,9.793286802450561,8.78738728763864,11.71661142951155,12.85400583488663,15.137604307328978,6.6331016964243705,8.472375379885175,8.703243758851897,9.688274048986559
float64,1012,row_diagonal_dominant_stochastic,91,2000,2000,0,0.0,5.359074655638377,6.744797403977359,7.208582217665134,8.126026101424307,4.391579385179477,5.414040801308051,5.667345168160082,6.291710249161531,5.355436543399819,6.73751647630539,7.200644557281567,8.131176949538114,4.365878466239629,5.313453683300721,5.618109235625991,6.311334358119591
float64,1013,row_diagonal_dominant_stochastic,91,2000,2000,0,0.0,3.829266133391614,4.775775231372845,5.132754884492795,5.791712638664779,3.2639920504171274,3.8754624591180487,4.087399689979293,4.482050013720773,3.8348148691247697,4.819013906909689,5.147255040713517,5.811266769367575,3.217003817524798,3.868392861971718,4.042098733048097,4.481722453381252
float64,1014,row_diagonal_dominant_stochastic,91,2000,2000,0,0.0,2.0769484303915124,2.5969027249897954,2.773596147385132,3.1485277093351476,2.1585045599998676,2.4974523209636046,2.6100737549599557,2.8924480889467454,2.080192373010437,2.5936064411362816,2.780765589244674,3.1285873303797946,2.052421014928493,2.3648968808811417,2.4728341754016476,2.6679132320930434
float64,1015,row_diagonal_dominant_stochastic,91,2000,2000,0,0.0,1.2508245401150622,1.4312905005882957,1.4995686262489967,1.669948963487564,1.779896240934022,2.0699415392077287,2.169877442009748,2.3728674488933663,1.1904135761513381,1.4212413599263916,1.4928890759698266,1.669021371191039,1.4859108421134268,1.6426300170432002,1.7003021288859108,1.7980179655527473
float64,1016,row_diagonal_dominant_stochastic,91,2000,2000,0,0.0,1.1315300702242466,1.2354078375521744,1.2629583764246155,1.3206252294482166,1.659715629410387,1.93633726938497,2.0425766910929775,2.2565369346377278,0.978477227102175,1.067706666852916,1.0956032333041241,1.1404259279000413,1.1726571701431037,1.248113077967961,1.2786657178602931,1.3385043265861578
float64,1017,row_diagonal_dominant_stochastic,91,2000,2000,0,0.0,1.1363643934402652,1.2355739734294056,1.2625905056600673,1.328061388936982,1.6693159653382414,1.9947186581172076,2.109880470410406,2.3413291937507714,0.9010360132401125,0.9844553773161285,1.009231770479202,1.0510126797576322,1.086145579231407,1.140295386266709,1.1543374577761774,1.1961583586001927
float64,1018,row_diagonal_dominant_stochastic,91,2000,2000,0,0.0,1.2075418670120621,1.3209969224472113,1.3510190102948498,1.410823223311236,1.75132241405856,2.1002303099915656,2.228733452314729,2.4908494157408647,0.8579246735937083,0.9317603760310238,0.9555241627161762,0.9891199673804952,1.0580584909856383,1.111768122904543,1.1309132602358998,1.1646698406143225
float64,1019,row_diagonal_dominant_stochastic,91,2000,2000,0,0.0,1.2244214562150435,1.3383644027796326,1.3713700787945953,1.44074744792371,1.782454737660348,2.114076906091382,2.235575101836557,2.489814845601246,0.8133227257442279,0.8848298675374469,0.9014744584678033,0.9324261421313854,1.0529307365587437,1.1019827422162172,1.1157569892419212,1.148501343817214
float64,1020,row_diagonal_dominant_stochastic,91,2000,2000,0,0.0,1.2475739285777312,1.3700790664875802,1.4067898970124348,1.480387187699851,1.7990877541209205,2.1265965855951503,2.2455637900795584,2.5968421918044706,0.7980144953929995,0.8637060411040293,0.8835884646059143,0.9182095801262086,1.0512733530606497,1.0992572495446378,1.1155709801037057,1.1492999628004932
float64,1021,spd_prescribed_spectrum,91,2000,2000,0,0.0,1.5644455443959977,1.8810477484416988,2.0009747530150883,2.1962453051554416,0.6455464309522128,0.7213783132590569,0.7466872559989958,0.8057076424753811,1.4458681285217767,1.7991443247441496,1.914426169806967,2.1905046182334047,0.5129750036853464,0.5713489174729649,0.5900126224837553,0.6339202277707071
float64,1022,spd_prescribed_spectrum,91,2000,2000,0,0.0,1.3545498925767583,1.5377241018487307,1.5978647587629455,1.692704531129492,0.5240798184748081,0.5966820232749054,0.6166719659111973,0.6701447698600052,0.6237478331634945,0.69738795313139,0.7205001881368103,0.7841628239364911,0.3182509808200247,0.35903652349581333,0.37653834184649126,0.41681435666826805
float64,1023,spd_prescribed_spectrum,91,2000,2000,0,0.0,1.4878482088464258,1.7412380011595259,1.8171135418238809,1.972408407023865,0.556393554900888,0.6505854352769942,0.6859228744715892,0.7504016295320962,0.5176503131437122,0.5868867322270114,0.6106614776998208,0.658854354249133,0.27651769130525033,0.3162968656594582,0.3302890636352199,0.36291280453375463
float64,1024,spd_prescribed_spectrum,91,2000,2000,0,0.0,1.686527300242792,2.2179196617754404,2.5280219533435524,3.3292161095637667,0.6247738436053996,0.7999294689862675,0.8836024523061463,1.1208032781010573,0.4650992862312675,0.5392845293143248,0.5678547740744294,0.6271024128254905,0.2540654251452907,0.2971575370736116,0.3118210886014272,0.34273395709587606
float64,1025,spd_prescribed_spectrum,91,2000,2000,0,0.0,2.7854261297598573,3.7577431594611,4.100605630817657,4.839454920907227,1.0132883940991482,1.3779878814281983,1.4935012952127333,1.7560038147209873,0.43533666047202735,0.5179116659100558,0.5482666200673174,0.6468300809889613,0.24392158805989855,0.28940105575892444,0.3035043097833698,0.3513950964540785
float64,1026,spd_prescribed_spectrum,91,2000,2000,0,0.0,3.380977410243055,4.391067535949601,4.763512970554568,5.386301134826967,1.269162424412471,1.6454485777842103,1.7821594895543462,2.071145711280673,0.41767517062691456,0.5136965138168154,0.5613848848287184,0.6835930255017197,0.24252317991446465,0.30010795044086613,0.32436266664277574,0.3646929210618674
float64,1027,spd_prescribed_spectrum,91,2000,2000,0,0.0,3.500056391757853,4.562337392627031,4.893313876722533,5.640318146904572,1.3578285006040445,1.770992865864441,1.9152475345484088,2.2081676545431317,0.4130567753478799,0.5232919983996628,0.5733613164020058,0.6777656151966879,0.24357434436351477,0.3082957965210138,0.329873121799027,0.386728354815463
float64,1028,spd_prescribed_spectrum,91,2000,2000,0,0.0,3.442620155210126,4.524104559082339,4.870604549237393,5.627345049240341,1.364256271975571,1.8274564209511277,2.003841186695241,2.3082202502883553,0.3993359538894097,0.5206193164776584,0.5632475714612828,0.694474368638024,0.2405540505116956,0.3114147480125994,0.33982114841328537,0.3989228521449962
float64,1032,random_conditioned,128,2000,2000,0,0.0,10.910015021916188,12.84760602852865,13.60594651774259,15.131808619452014,1.792529669325418,2.0474221324308863,2.137657775978026,2.3375269879871117,4.715582504966676,5.659588000849558,6.051972872795948,6.818831612038768,0.9081715836169804,1.0815121270978092,1.1538881833988375,1.3092556340535635
float64,1033,random_conditioned,128,2000,2000,0,0.0,12.185291307940929,13.792768560861978,14.239714526185994,15.29299618362474,1.512647763132636,1.9464417940359786,2.132637591829754,2.4442231078994974,9.453656710720498,10.989199387312189,11.464607965747248,12.284103198217775,1.7540942924136944,2.116746604466979,2.250062043913094,2.475118520139208
float64,1034,random_conditioned,128,2000,2000,0,0.0,28.321036510612437,32.71897486340468,34.39056696531816,37.79203118436679,2.0769884131922836,2.3356641228521067,2.423732679879109,2.595062201315532,13.281016647295534,16.19073723629323,17.339528264623798,19.468790788592923,1.0257867066448805,1.248415589670905,1.326687200549322,1.501051685753263
float64,1035,random_conditioned,128,2000,2000,0,0.0,6.531056344539256,7.739125852314358,8.10477435139077,8.975381524643868,1.5898727831931165,1.853087858792078,1.9421265044587346,2.134205995407479,1.7234863856676308,2.1362891038438425,2.2685256507215876,2.638945088676247,0.5203008508870928,0.6520687146586045,0.7101477441783433,0.8109970982369471
float64,1036,random_conditioned,128,2000,2000,0,0.0,12.165744912845977,13.864787635878033,14.358822513889175,15.302890051377796,1.5108752894472879,1.9700185584387293,2.140821161694714,2.4903227286767584,9.48827499346855,10.921345673823419,11.47008838213542,12.540261378277398,1.7489152100103147,2.11075368818503,2.25436631398236,2.585163475189246
float64,1037,random_conditioned,128,2000,2000,0,0.0,29.072024663295927,33.76573026333372,35.639487631476754,39.21065267822101,2.278499100451688,2.608718100994482,2.7299194023603057,2.991365162632573,12.605090680460687,15.329646705747377,16.46016113788829,19.043224864794762,0.9746989064167875,1.1923063675233971,1.2779385221443584,1.5010043731479255
float64,1038,random_conditioned,128,2000,2000,0,0.0,5.332928652193395,6.499630116236713,6.8650694143047435,7.5471854726102405,1.5482872391631097,1.8784390589933204,1.991869712288918,2.155126418007236,1.0180939172397376,1.2894469151700594,1.4079396530358805,1.6428502098187145,0.3957489299876727,0.5077781694291766,0.5518431044301806,0.6488190467326536
float64,1039,random_conditioned,128,2000,2000,0,0.0,12.14588130967089,13.83873296377347,14.258409455602838,15.306647012250908,1.496966143437299,1.9525566865905686,2.108791817735088,2.424842760090649,9.464351779966496,10.910703836255543,11.324696001489402,12.183711449914291,1.7430018890887753,2.1033591753980945,2.25235733686785,2.5124066518928783
float64,1040,random_conditioned,128,2000,2000,0,0.0,32.228230752730155,52.68149723247037,66.8050705017112,105.61999972487914,2.54037230227417,4.007114816917047,4.934275142843843,7.70389703039257,12.684325413739925,15.439168379055763,16.435711421788948,18.937011222257855,0.9701933042081343,1.1827334084038414,1.2721258023401707,1.450369185874437
float64,1041,random_conditioned,128,2000,2000,0,0.0,4.854377621769208,6.029097458017588,6.501068111747903,7.179640242199562,1.5475093736978827,1.9367944540507136,2.0645355081989667,2.3441139487522413,0.7206884549975134,0.9234366126635797,1.0021225395623075,1.137840524424302,0.32801180216241865,0.42816725431571856,0.46172189791415447,0.5357101183120124
float64,1042,random_conditioned,128,2000,2000,0,0.0,12.153475107662686,13.709252461604787,14.282931196411681,15.26212403804249,1.5323764490916219,1.979003252993291,2.1252185636903884,2.5461339346371243,9.443165711458533,10.899207415788954,11.37852011551234,12.209282018867247,1.7522996794262955,2.105362297199894,2.2104766883139386,2.53588492454846
float64,1043,random_conditioned,128,2000,2000,0,0.0,33.011777890081675,97.16065621459693,193.02250418865657,442.4768674649603,2.595186013154121,6.857779540079081,13.151874021768776,33.17793999717445,12.61540329909815,15.464470401947931,16.389490160968375,18.781136281931943,0.9651172705794149,1.1717532006005842,1.2583417613213213,1.4425055585412145
float64,1044,random_conditioned,128,2000,2000,0,0.0,4.53004112654429,5.791478193189052,6.24339548059483,7.458045004249124,1.555003738817482,2.0123934513389967,2.214229122031104,2.5935206873420733,0.5649672341847629,0.7443080704252284,0.8104073032528972,0.9235749372819719,0.2904551063160318,0.37499571978700236,0.4064911734094432,0.4832548759368021
float64,1045,random_conditioned,128,2000,2000,0,0.0,12.22923683223721,13.821470899663895,14.27066938263326,15.257948628771064,1.519234721243917,2.004576105483982,2.1732801691099706,2.5452509144462985,9.50962116234652,10.968367132516457,11.465529017198666,12.285424799004334,1.742755476597186,2.107333718068938,2.224511833952546,2.5284185225419717
float64,1046,random_conditioned,128,2000,2000,0,0.0,32.54893279084122,85.8531932725451,156.04164089668518,1099.2808210927326,2.579636084672958,6.304232015460877,11.393134337433665,76.22392831600037,12.594207709835459,15.64918270436856,16.693298804914996,19.8028919208605,0.9668254910298704,1.1806223269753016,1.2637752895483794,1.4743538052576095
float64,1047,random_conditioned,128,2000,2000,0,0.0,4.397654964914484,5.780691171962054,6.3098701593253725,7.595498564470219,1.5941520508492804,2.0930182979991145,2.2949218745241167,2.6905568928283388,0.47738511312411896,0.6331155125053067,0.6916661317159828,0.8400771564211009,0.264958897447615,0.35023019647012915,0.38823997883427747,0.46460452602192226
float64,1048,random_conditioned,128,2000,2000,0,0.0,12.212382924956245,13.767704109760153,14.307310849333268,15.266823688958368,1.5183744596438378,1.9755661851072193,2.1191097052468333,2.4829602892398044,9.428582007931666,10.937654953018447,11.43268991244692,12.416075427831998,1.74768298570512,2.123691570318617,2.2497905459894025,2.5132754868214175
float64,1049,random_conditioned,128,2000,2000,0,0.0,32.39601515755061,96.40508686379438,188.44055152864124,678.1517361734473,2.5904471695853872,6.9597843781855815,13.314045866597784,43.411560740671774,12.677730717532857,15.498165020926892,16.50945394137621,18.714234225849843,0.9738775602817573,1.1954211301073139,1.2900379630846757,1.517396834749382
float64,1050,random_conditioned,128,2000,2000,0,0.0,4.267000634475152,5.7555632294165475,6.354303748842309,7.826313294079127,1.6186707379425433,2.201443494139537,2.407103161351957,2.9307949962049054,0.4164335123593397,0.5502163760280051,0.6075971467650854,0.7438565440209142,0.2432576539601097,0.32053446494861343,0.3526625758147935,0.44280669086681157
float64,1051,random_conditioned,128,2000,2000,0,0.0,12.117478715675942,13.759738466172184,14.399228900799331,15.406752341332815,1.51687252232896,1.9804908218810893,2.136078062612108,2.4744292821953007,9.476747193024902,10.865028673704124,11.401110086377878,12.398753021051661,1.7531148490129058,2.1180485270455027,2.269771200169535,2.550378756791045
float64,1052,random_conditioned,128,2000,2000,0,0.0,32.68129106730718,88.39453685549641,171.67606466056952,708.6052295671283,2.5854982057409712,6.3079714055405,12.051805669216659,44.123200245204366,12.544484940223374,15.585725598632665,16.687750143188623,19.058934298524694,0.9736690239749279,1.1771669904955435,1.2546115648031433,1.5083876191350143
float64,1053,random_conditioned,128,2000,2000,0,0.0,100.50165335382337,119.12888707660647,126.95402914484457,146.29278650773844,3.3156617617411306,3.7273011779965817,3.8648902783449803,4.175703623691759,100.82137087784105,119.42629625981698,127.01987263681288,147.49586220664267,3.800507207071415,4.456967179815398,4.668562740981402,5.184064502257873
float64,1063,vandermonde,128,2000,2000,0,0.0,1289522621.5519242,6477321432.863467,9061543735.943708,15738303320.648632,418992968.0362958,1877342802.4275236,2579399181.8038063,4491760288.963236,1.214970251134927,2.2309251082791155,2.6082676498998163,3.5427272414608706,0.34551886253822306,0.6594467580181596,0.7847781538801656,1.1388280092414864
float64,1064,vandermonde,128,2000,2000,0,0.0,2779482447.8811417,11964923527.683079,16718510170.453754,26056246711.713993,645145115.5878346,2930535619.2226357,4079098350.749987,6447512263.620962,1.7765735571762855,3.070829005665362,3.5008373386109586,4.494434449969417,0.3657220914995788,0.6602166909793884,0.7701877842892924,1.0438677146427877
float64,1098,scaled_adversarial,128,2000,2000,0,0.0,2.1224658314992233e-06,7.967637427652003e-06,1.1889296524835506e-05,2.6628717145392543e-05,2.153481865894255e-06,7.905169025892019e-06,1.1622034008297644e-05,2.534238869741062e-05,0.0010929919205853165,0.013752865113000449,0.024339389201713527,0.05304447507115429,0.0010698556853221781,0.013308583632364838,0.023513269851256378,0.0527159921282956
float64,1099,scaled_adversarial,128,2000,2000,0,0.0,5.15501036367054e-10,6.120682219798768e-09,1.141749264106033e-08,4.201313726221701e-08,5.079831642738933e-10,5.792816295087469e-09,1.111665363060076e-08,4.149187368040603e-08,2.0848392212743273e-07,8.070667525378625e-06,1.924754221490306e-05,6.582673558970315e-05,2.085182321612306e-07,7.988328548248978e-06,1.9075572906811482e-05,6.568938989612277e-05
float64,1100,scaled_adversarial,128,2000,2000,0,0.0,2.6923780397039067e-17,2.513857981343064e-15,9.465400116670478e-15,9.284568599005771e-14,2.649692970912943e-17,2.491643772449688e-15,8.883502028614703e-15,9.483548294061263e-14,2.6777679164222536e-15,1.0843604828088729e-12,5.362483048902572e-12,1.0410676458959231e-10,2.6109915475862844e-15,1.0820924999411766e-12,5.28466869795926e-12,1.0290482284323574e-10
float64,1101,scaled_adversarial,128,2000,2000,0,0.0,1.1220659683213655e-24,5.8695792607546855e-22,4.281401825660418e-21,1.0175485041859037e-19,1.1220655331098903e-24,5.869633290732316e-22,4.254824482415382e-21,1.0166114136718477e-19,6.999960593581717e-23,1.2971742605610117e-19,1.0790744364268633e-18,4.922144475358212e-17,6.842016952637745e-23,1.2709371952626113e-19,1.0790725904893784e-18,4.7895976092671833e-17
float64,1102,scaled_adversarial,128,2000,2000,0,0.0,1.5430290197118356e-07,4.352705569821383e-07,6.115892510905751e-07,1.1879526942686848e-06,1.5218231296935853e-07,4.185195537650364e-07,6.071943882207148e-07,1.1632363248275308e-06,1.5430294539462771e-07,4.3527053023636774e-07,6.115894944245003e-07,1.1879525027352872e-06,1.519107222673003e-07,4.185438463856993e-07,6.070576878960749e-07,1.1625035582755143e-06
float64,1103,scaled_adversarial,128,2000,2000,0,0.0,4.934199910116704e-14,5.536635498748937e-13,1.0660208848765889e-12,3.682301137246532e-12,5.253528407217806e-14,5.590097230596734e-13,1.0965871404795218e-12,3.7286854545070415e-12,8.010104317558852e-08,0.0005777125086552262,0.004235142315742624,0.05705004284801489,7.985333441487291e-08,0.0005777042977854129,0.004234886422282784,0.05705004181139917
float64,1104,scaled_adversarial,128,2000,2000,0,0.0,2.8746110973771814e-21,3.166375176049305e-19,1.6625465107455041e-18,1.8227069128104875e-17,2.8685229432183963e-21,3.1663640322578608e-19,1.6625463077165765e-18,1.8228680959081906e-17,7.209604054799629e-13,1.951011615225479e-09,8.371757372618557e-09,2.023684023215905e-07,7.212986634505709e-13,1.9510045873387014e-09,8.371270831246542e-09,2.0236838891710053e-07
float64,1105,scaled_adversarial,128,2000,2000,0,0.0,2.1893895057515234e-28,2.411592604166852e-25,2.085531087159405e-24,2.925670179130341e-22,2.1659092815036166e-28,2.3272194543705612e-25,2.0855303060722185e-24,2.9247157738529206e-22,1.9097495649092465e-20,6.763520886943058e-16,8.064808145462341e-15,1.2897752523880503e-12,1.9088471091070293e-20,6.762924391010066e-16,8.064487195508904e-15,1.2897735937045508e-12
float64,1106,scaled_adversarial,128,2000,2000,0,0.0,7.31504450911811e-08,2.154201382104128e-07,2.977970389159738e-07,5.079646841370719e-07,7.167151542496438e-08,2.0950442784549437e-07,2.884921971009657e-07,4.837738072859802e-07,7.315044509291821e-08,2.1542013821093222e-07,2.9779703891529203e-07,5.079646840602963e-07,7.167152670874903e-08,2.095044390673547e-07,2.884922022987149e-07,4.837738190638042e-07
float64,1107,scaled_adversarial,128,2000,2000,0,0.0,5.647677349770131e-15,4.582874426583882e-14,9.231774744371918e-14,3.45755814262354e-13,5.5782076545185424e-15,4.570777563689486e-14,9.173733762916377e-14,3.4425729864339567e-13,5.6476772951798406e-15,4.5828743582646497e-14,9.231709893250749e-14,3.4575583982138096e-13,5.578462659106384e-15,4.570730196567924e-14,9.173701388186989e-14,3.4425571891670006e-13
float64,1108,scaled_adversarial,128,2000,2000,0,0.0,2.93442343872726e-25,2.7918936499137506e-23,1.1435434518917926e-22,1.16603266135555e-21,2.9392303408812547e-25,2.811036579833033e-23,1.1172118343691858e-22,1.166032661338563e-21,1.7241012944870196e-12,5.496944528325941e-07,7.732398642621791e-06,0.0002216737796788572,1.724090763616846e-12,5.496944528325592e-07,7.732398642621612e-06,0.00022167377967881224
float64,1109,scaled_adversarial,128,2000,2000,0,0.0,2.1656228673494377e-32,2.907700640768087e-29,2.301525077951779e-28,7.614705517945128e-27,2.1903717702527314e-32,2.9077006259457765e-29,2.22827569094657e-28,7.613797439870632e-27,3.819570901960966e-18,6.96945323867763e-13,9.707495600844369e-12,2.09392395037788e-09,3.807142015999826e-18,6.969449636058317e-13,9.56376947348442e-12,2.0939237439682094e-09
float64,1110,row_diagonal_dominant_random,128,2000,2000,0,0.0,11.642696925631455,15.507803760964697,17.332234335486064,19.357338540027868,7.459696272611543,9.64665991495184,10.671732001957087,11.881569851191015,11.649388970530685,15.506499231364696,17.350425069421636,19.34885852474162,7.466865726381398,9.649788801642787,10.69798094236667,11.910566248173422
float64,1111,row_diagonal_dominant_random,128,2000,2000,0,0.0,11.201086157098244,14.884380054512063,16.574869489985037,18.584783663676777,6.014154757001368,7.552131124875596,8.257799458113933,9.230000007084165,11.176866464372498,14.840976544047582,16.521728126696615,19.23196082330926,5.934114137485412,7.510852987416175,8.25034092330533,9.441980174741246
float64,1112,row_diagonal_dominant_random,128,2000,2000,0,0.0,10.833049008635196,14.381967083120013,15.939877971307045,18.036988368578182,5.279991960358959,6.574535854680252,7.187708731246897,8.01915576193618,10.843768375177692,14.365353044793846,15.272146046462169,18.034262655919136,5.22074198906032,6.547531362080891,6.981322872918036,8.031688004930695
float64,1113,row_diagonal_dominant_random,128,2000,2000,0,0.0,10.430939629274913,13.835081469094753,15.330498876753536,17.882076547672288,4.56882414844789,5.699458298364097,6.180165033682767,7.023909727626089,10.415049849848486,13.773783782516025,15.23081956705922,17.323582758732496,4.528929793805416,5.648802974683651,6.100530504218201,6.856269381653401
float64,1114,row_diagonal_dominant_random,128,2000,2000,0,0.0,10.201848395000717,13.444084648755172,14.432670463363742,16.947114802583535,4.253176233785442,5.25929323515024,5.605896829886707,6.369010992216826,10.158608554408055,13.457229088639037,14.890918791665802,16.739166576571744,4.217221461108661,5.229472118032685,5.665624967992195,6.343956228427958
float64,1115,row_diagonal_dominant_random,128,2000,2000,0,0.0,10.029765333415742,13.258442220815706,14.520167992902032,16.646607866105406,4.059388559844836,4.996690375104166,5.378639678846293,6.027952923961027,10.06013591211794,13.18411366953482,14.163358847682217,16.43234799744722,4.069731870396598,4.971667304650964,5.307085459291417,5.94597248356986
float64,1116,row_diagonal_dominant_random,128,2000,2000,0,0.0,9.971743828371562,13.193958532268272,14.5454366068672,17.215479571600238,4.005156650001008,4.912373329714574,5.296947092577572,6.04497230008,9.99142283761387,13.199117635621631,14.627468413433206,17.14360525876801,4.0012079550066835,4.920474369610243,5.294878896732193,6.062666071211865
float64,1117,row_diagonal_dominant_random,128,2000,2000,0,0.0,9.907708138245047,13.109375756230397,14.33384064293969,16.10011938574075,3.949906829605907,4.865530043521864,5.224004418078712,5.828487616682436,9.91675669405631,13.083169829973288,14.366555174461661,16.46796357284378,3.9396262066176178,4.848658290789354,5.21748528852205,5.843485656963699
float64,1118,row_diagonal_dominant_random,128,2000,2000,0,0.0,9.943021326985276,13.154025917283743,14.482752554418173,16.33868674033215,3.9735189410372715,4.870507082104726,5.227919970280455,5.84008659861305,9.911681921560952,13.171338311865922,14.618676444511774,16.615433470862534,3.932686818396737,4.872077190306157,5.282344823834244,5.944045611930792
float64,1119,row_diagonal_dominant_random,128,2000,2000,0,0.0,9.875594030673813,13.113303927721809,14.574523884801666,16.311126967265807,3.921436165649645,4.859037090466839,5.227055632899353,5.773672486123005,9.918851260363152,13.116137059721455,14.414856303698233,16.3412706173945,3.9589602374105355,4.84730574778329,5.213832476019199,5.78549154861623
float64,1140,row_diagonal_dominant_stochastic,128,2000,2000,0,0.0,11.317219245818885,14.747930223481632,16.135592449388163,17.993704955754797,8.176714009544206,9.85843292102915,10.710360842773367,11.826683289573374,11.28672816094473,14.673482166226194,15.904220015614593,19.092060833419158,8.109916499745811,9.781252472085832,10.67054383945788,11.772332349881124
float64,1141,row_diagonal_dominant_stochastic,128,2000,2000,0,0.0,6.356190368255955,8.162616624951216,9.038491181211885,10.00144414269319,5.301943987486183,6.407061324248143,6.895063965308324,7.53806867009515,6.3567781792192815,8.174908995996441,9.047310203898487,10.448252300867711,5.287923044319292,6.369640995006485,6.883144041274213,7.741300130616567
float64,1142,row_diagonal_dominant_stochastic,128,2000,2000,0,0.0,4.558656116120804,5.8435825843766285,6.46711080701932,7.1347314467261,3.932643983286453,4.674767928340404,4.953818859044523,5.44648840270809,4.581941951224974,5.862412867668809,6.484871037585881,7.168624327716084,3.8755139426523995,4.600044844014268,4.928424281553807,5.434273152614031
float64,1143,row_diagonal_dominant_stochastic,128,2000,2000,0,0.0,2.5017458544555233,3.2286341945993255,3.5033100345095156,3.883121138999603,2.588062570761859,3.0005893359494813,3.1322283106994084,3.4316838321729137,2.480518097560969,3.1740126345448214,3.5043043529148314,3.8656549325726655,2.4600446515689125,2.8370036248863757,2.954082253656405,3.2048723783491915
float64,1144,row_diagonal_dominant_stochastic,128,2000,2000,0,0.0,1.4185556066577556,1.69607716822442,1.8500047306183773,2.1134556641814983,2.0408735543153345,2.3115302210043924,2.4204366474632355,2.6350432523070935,1.3893534182972096,1.6997598733625272,1.848892490660673,2.0507949601472237,1.7773019445070593,1.9662204429073065,2.036819339692317,2.175566981283993
float64,1145,row_diagonal_dominant_stochastic,128,2000,2000,0,0.0,1.208553850362762,1.3021361938871967,1.3294939832232218,1.3775133867497507,1.8671751129215797,2.1545330226263233,2.2476964498024765,2.501740136270432,1.076125738821755,1.1580271315430195,1.1813302872245832,1.2316275439316877,1.412101076542323,1.4947762211404754,1.5205059590272711,1.5903553462393403
float64,1146,row_diagonal_dominant_stochastic,128,2000,2000,0,0.0,1.2135294512624566,1.3045826010430908,1.328633338566104,1.3771307258451098,1.86564156669849,2.14361379010752,2.2384581743685947,2.4930350262135637,1.0155233223399174,1.0935700827122086,1.113544371572167,1.148218190271043,1.3145903776400332,1.369686611408417,1.388465439510358,1.4293333075460035
float64,1147,row_diagonal_dominant_stochastic,128,2000,2000,0,0.0,1.2008629376784175,1.2944618071634109,1.3186142477242564,1.3697252150430308,1.857423104129763,2.151603318269545,2.2448003403181764,2.444428941453808,0.931393211464753,0.9998995286397967,1.0235352805919424,1.0608903807183083,1.271015100920137,1.318078958387213,1.3337441123188285,1.373562105190297
float64,1148,row_diagonal_dominant_stochastic,128,2000,2000,0,0.0,1.2443049972344356,1.3527470283536422,1.383680528487404,1.4501982433879603,1.8923753405765429,2.218455726691654,2.3256349691619445,2.546429522677387,0.8683132860716432,0.9292283064154396,0.9466837620906521,0.9830867445855234,1.2144899393660094,1.2625908694601549,1.2773648718699004,1.3105042907655085
float64,1149,row_diagonal_dominant_stochastic,128,2000,2000,0,0.0,1.2607159828897105,1.3665314674630196,1.4046567671773005,1.4624492806884926,1.8985479805290812,2.2246890282591933,2.321905797703251,2.5589542438050485,0.8435938082487238,0.9029990008726667,0.9189931221753158,0.955671016324639,1.210431749093174,1.2566473953611363,1.2724599703335175,1.3103811807399601
float64,1150,spd_prescribed_spectrum,128,2000,2000,0,0.0,1.8388467871317884,2.2128000258658913,2.3305342992596767,2.6527533787545403,0.647910459910704,0.7116075621817607,0.7310841010193162,0.7863819944644022,1.7327510803326007,2.133541337289525,2.272126924710332,2.6242760256310773,0.5191982418479024,0.5713051686456421,0.5882999625028338,0.6219922596319091
float64,1151,spd_prescribed_spectrum,128,2000,2000,0,0.0,1.5446909977722951,1.7100041700290085,1.7569065085244122,1.8815046645278373,0.5342060333049672,0.5949457416062972,0.6169212693792232,0.6631077706751731,0.7211466093142258,0.7853099433136304,0.80972510391341,0.8787365059315644,0.3303069098589184,0.36713175751235766,0.3776538159388227,0.40699645520403144
float64,1152,spd_prescribed_spectrum,128,2000,2000,0,0.0,1.733751758913579,1.9650461775389,2.0326166187182246,2.1719482921005913,0.5653054116132876,0.6438967905938731,0.66460026272364,0.7111792260762332,0.5990030413968206,0.6629092423470057,0.6849040961197499,0.7240794010125474,0.28656951286157084,0.320941751728018,0.3337287800749242,0.3632919452340771
float64,1153,spd_prescribed_spectrum,128,2000,2000,0,0.0,1.883844673290108,2.1880784992497038,2.281775810163048,2.738355764983895,0.625484361715431,0.7247461007754703,0.75856232186032,0.8321241304186511,0.5396506481579134,0.6105249203226943,0.6328440460651514,0.6806761292363842,0.2656874110331765,0.301029041702129,0.31302398981712476,0.33947092109179444
float64,1154,spd_prescribed_spectrum,128,2000,2000,0,0.0,2.2326073776716626,3.435855851948607,3.8916628109921034,4.894268054014114,0.740487912090432,1.0798479164070858,1.2032614016576604,1.4447294544837803,0.500862145591329,0.5708050967691124,0.5960152091209355,0.6376606625103722,0.2518277370180688,0.2892362818726222,0.3010558035908929,0.3247057247695281
float64,1155,spd_prescribed_spectrum,128,2000,2000,0,0.0,3.9430086954365176,5.128102685445436,5.455803240604612,6.138508349977875,1.296850224625472,1.6781767833373604,1.8150199782723035,2.076741893453558,0.46770052926406863,0.5393642585507088,0.569933355149248,0.6460796794020698,0.24198279316170057,0.2829506062171012,0.2947545756347292,0.33077322779906315
float64,1156,spd_prescribed_spectrum,128,2000,2000,0,0.0,4.477322812840818,5.568682803335887,5.9192144260387725,6.737188417446916,1.5413875710706733,1.9031617858534635,2.0282937596964077,2.2875828206777133,0.44662771058753137,0.5261336961354073,0.5648788312088109,0.659914888750487,0.23859306488086252,0.28664608161257776,0.3020716660030858,0.3501475388578483
float64,1157,spd_prescribed_spectrum,128,2000,2000,0,0.0,4.581586062594127,5.721540529838543,6.143934290367835,6.934001612447493,1.6190168969366794,2.0135292268167753,2.131944757811845,2.416243300110845,0.43431968809413835,0.5374015749944021,0.59311780734324,0.7108917214654082,0.24100981465471932,0.29727686115647955,0.31774706473233977,0.36486679950165307
float64,1161,random_conditioned,181,2000,2000,0,0.0,16.79048234960603,19.494232860673602,20.497629191908114,22.190708792828033,2.231819001875469,2.5067426806713606,2.6056172947432326,2.782751647942265,7.665712352231441,9.130120700646989,9.62505827981314,10.727473985783618,1.1803721283404705,1.3851199858160674,1.4759553213655805,1.6604190362386528
float64,1162,random_conditioned,181,2000,2000,0,0.0,16.519703222453092,18.407029631232916,19.04716386547909,20.061715904762263,1.8150449225950276,2.2932997226975127,2.480545620670429,2.838217986152232,12.969135286482206,14.704905085762904,15.223070998244264,16.137523436538935,2.203068594834188,2.6164214903177254,2.752187417003639,3.0172377885579125
float64,1163,random_conditioned,181,2000,2000,0,0.0,44.39279328860487,50.99910025189186,53.23226806669165,58.43213118708269,2.537923884438172,2.8212890824701957,2.9178648053312366,3.1161077455800417,22.19223917934556,26.555953343973737,28.13646894329178,31.06283133004597,1.3286066290349492,1.5767029018019842,1.6620776871910723,1.8534486235094434
float64,1164,random_conditioned,181,2000,2000,0,0.0,9.680889649164012,11.244976665924765,11.710051366410351,12.788184446224205,1.9540598870949921,2.2244448242548787,2.3158145812795135,2.511154117879621,2.7151314934038706,3.3134430844448004,3.533486135835008,3.9648781148999435,0.6662087152654843,0.8135486143516968,0.8681045269457258,0.9668518595102897
float64,1165,random_conditioned,181,2000,2000,0,0.0,16.564050112954718,18.400780228505763,18.848964056354873,19.7700338400193,1.8027804522844693,2.306850272013367,2.5015205335681783,2.8836247920598037,12.948888443092951,14.713114178901481,15.206230685634425,16.4110719593699,2.188615918718615,2.5976832331120403,2.7395970155100136,3.074263299800093
float64,1166,random_conditioned,181,2000,2000,0,0.0,44.70902549865228,51.12380948511937,52.97110759515933,57.208199450402,2.700384634906202,2.9770267633168364,3.0875731055903564,3.290155729428039,21.162243770303117,25.538623004248496,26.80746845722422,30.39111941418097,1.2591779363004223,1.5103221990173459,1.601765492752876,1.8162623809867395
float64,1167,random_conditioned,181,2000,2000,0,0.0,7.607583918301028,8.95548228832516,9.375789530890552,10.201156473423401,1.8695048198380875,2.1862228354876097,2.302806234429707,2.5147318114273025,1.5297066397183907,1.9094390966437937,2.045517528144762,2.3589193601036813,0.4905677334451666,0.6104363840799779,0.6545436625366691,0.7628676268260179
float64,1168,random_conditioned,181,2000,2000,0,0.0,16.58109944337854,18.383634666881377,18.99962715422444,20.248663691390796,1.8021380563221854,2.3020450693362786,2.452397546913408,2.798914170470275,12.922137006997975,14.702038201833062,15.17969369553802,16.42146896076293,2.197655812485994,2.6296349386377478,2.783694407886215,3.1224326930203565
float64,1169,random_conditioned,181,2000,2000,0,0.0,48.587019691217236,73.17726002244275,90.34124078756541,136.02935729868028,3.033362995941923,4.480109949652097,5.369662127421571,7.468194827650832,21.091965951802422,25.29729924210316,26.95069293381523,29.7442336066234,1.2494229589073482,1.5127448090169047,1.6185706222271583,1.8383453036440256
float64,1170,random_conditioned,181,2000,2000,0,0.0,6.657711831107278,7.915348062814577,8.327266214349676,9.367165494455211,1.8435891249042307,2.186330035370547,2.286635110241672,2.5178664729242275,1.044259799941244,1.327937206474711,1.4231794144171985,1.6077308099910546,0.39708309897130983,0.5031434795852294,0.5403693775741922,0.6451524310655171
float64,1171,random_conditioned,181,2000,2000,0,0.0,16.54726717162471,18.30665959795108,18.846512237874855,19.76645957892279,1.7950209898176894,2.316828819495963,2.5033576644192257,2.8403765990202796,12.983998039558696,14.597916557403762,15.089743747304228,16.108560819384195,2.197037728249912,2.602089635767195,2.7477476998113084,3.0346474228350844
float64,1172,random_conditioned,181,2000,2000,0,0.0,50.20927747126984,150.79858505755078,278.9144291311889,570.8480386257525,3.1168441456887725,8.289245038631256,15.438674748223926,33.578452340937176,21.11013916822216,25.456386163929622,26.87862770744269,30.11908983151008,1.2565718016849863,1.4871692518591926,1.5838628980879672,1.8256810422180025
float64,1173,random_conditioned,181,2000,2000,0,0.0,6.151021303211948,7.432431856965943,7.88621217636552,8.689449761768007,1.8413848680786729,2.232645140402106,2.373097706245413,2.6623296112449717,0.8033294467799874,1.031015174244253,1.1243528321836516,1.3362808828168216,0.34300132722922827,0.44580992345267595,0.48577599107749003,0.5608713426759461
float64,1174,random_conditioned,181,2000,2000,0,0.0,16.52560690306514,18.48072742658377,18.97753547564344,19.93721116687606,1.78726385886601,2.255799337433566,2.4555336927779665,2.880981109011582,12.89937035677034,14.617379471154724,15.09105678432641,16.303245707302914,2.1906174392111506,2.5830568046538627,2.7401859997032987,3.0506675171412967
float64,1175,random_conditioned,181,2000,2000,0,0.0,49.90259329507802,157.81521287758807,336.9048240467029,1559.5697568397059,3.1168259768113886,8.884344073049519,18.89315530652092,76.35665792956826,20.95779864790544,25.49136788608515,27.15734409449736,30.226166134271544,1.2468931405091686,1.485568063823602,1.5904129040716457,1.8416614471174277
float64,1176,random_conditioned,181,2000,2000,0,0.0,5.82340373494009,7.126542922368177,7.530692336062149,8.329544394102602,1.8564406435434906,2.302809735188101,2.4594031520402124,2.7767762946641934,0.6568286982124705,0.8512672641068317,0.9092733883923368,1.0900694673292481,0.3106241731599775,0.40662835760660415,0.44143934672367874,0.5526683992054059
float64,1177,random_conditioned,181,2000,2000,0,0.0,16.551872833821555,18.40847870753674,18.96503120328526,20.025716366859168,1.7968819714851088,2.313154418664534,2.510876708075287,2.820331376092413,12.915106086268754,14.67593596448819,15.186655644846704,16.26564279599985,2.1826677796806453,2.6162148289400764,2.753287009754739,3.132306413456607
float64,1178,random_conditioned,181,2000,2000,0,0.0,49.71077705046784,156.53836443092632,334.67011806052324,1732.3344793161882,3.096044440315316,8.6216348031288,19.065698503352486,88.81787056248497,21.087792526971576,25.48178391882068,27.013297729058003,29.255481201712016,1.2475707439492512,1.4880812382870978,1.5769531263692802,1.7551513497170286
float64,1179,random_conditioned,181,2000,2000,0,0.0,5.565954520181792,7.106588735565271,7.647248529078173,8.754140398089131,1.8752552458944658,2.3832515868377957,2.572348569570003,2.9274485764642573,0.557188832724062,0.7305990219594587,0.7861609251818219,0.9380030745459734,0.2858979110749978,0.371316062738668,0.4069795314511551,0.4874935602504102
float64,1180,random_conditioned,181,2000,2000,0,0.0,16.545469322665582,18.491689697017396,18.985275957935844,20.193789753097022,1.790066780618885,2.2989530646948797,2.490462166194294,2.8643400005799573,12.999255307930095,14.777252638352754,15.244345371543114,16.434425295260233,2.1939425498784852,2.6008724570341735,2.782925131684234,3.14227853174291
float64,1181,random_conditioned,181,2000,2000,0,0.0,49.41851818253416,146.12122847871765,284.0766219585159,1663.5906688159155,3.082119707165166,8.473552982592182,16.24670096292306,92.26497127762252,20.890507779992152,25.19322142207787,26.73119229755973,29.651361068316447,1.2530858198029615,1.4920798269577327,1.5702086771887303,1.7683831035089859
float64,1182,random_conditioned,181,2000,2000,0,0.0,156.07224510035795,181.55561938783114,192.0740085039746,209.05146852336787,3.934095340421668,4.3254435943131275,4.466302961464928,4.742438499557255,155.88662073269876,181.61188456330052,191.41882167352585,209.14875253587812,5.076398452432853,5.972784359292005,6.313615106021347,7.39031150985729
float64,1192,vandermonde,181,2000,2000,0,0.0,23259417076.391136,107271308023.82301,147487531138.13724,261690693749.39618,6671124105.012095,27849074244.5507,37293456516.23954,56859073152.77509,1.4179214919324767,2.523270986270778,2.868635135770597,3.5704681455838396,0.34013979265090427,0.6231829073426224,0.7580485547179829,1.015457576615553
float64,1193,vandermonde,181,2000,2000,0,0.0,52430851006.004166,174885412235.8531,226878147012.85547,343488750877.79517,11136579920.861809,37174677064.56534,49040605691.203316,79920796885.88982,2.084601852842025,3.601467917499238,4.093756581394583,5.2912551508735595,0.35680125727665485,0.6518941213231586,0.7704012553046397,1.0585562588814326
float64,1227,scaled_adversarial,181,2000,2000,0,0.0,1.8852014655180033e-06,5.641336305667238e-06,7.5505677999097455e-06,1.563607880710874e-05,1.8882798324265847e-06,5.587313576750556e-06,7.5756846250260104e-06,1.5166507839343425e-05,0.0012556883946908026,0.012242838029505057,0.019675704336989768,0.04559974721092253,0.001214093470772117,0.011858193709194206,0.0195822636452199,0.04456076648611351
float64,1228,scaled_adversarial,181,2000,2000,0,0.0,3.5066476144264395e-10,3.02248865255036e-09,5.279089481823217e-09,1.8653772641114463e-08,3.4788768475781e-10,3.0122554322481535e-09,5.297301147953127e-09,1.768418838198351e-08,2.2420955830776487e-07,5.053396731159468e-06,1.0806484266223997e-05,5.60031717432472e-05,2.204733057076521e-07,4.993943619226754e-06,1.0764290893885974e-05,5.114858019531176e-05
float64,1229,scaled_adversarial,181,2000,2000,0,0.0,1.5711965596057234e-17,7.19905742384777e-16,2.3379065608607644e-15,2.23879278546497e-14,1.571400219721167e-17,7.19851490942089e-16,2.284815921437055e-15,2.001031369793918e-14,2.5789652642113823e-15,4.1769329057963153e-13,1.7480819930141688e-12,2.3520574409586873e-11,2.5795932637975854e-15,3.9839585857531055e-13,1.7481605487664504e-12,2.1296436481882856e-11
float64,1230,scaled_adversarial,181,2000,2000,0,0.0,6.1942584690901565e-25,1.3541931782803284e-22,5.356204386580959e-22,1.577893314626653e-20,6.138920650662461e-25,1.2840887936681384e-22,5.245194282750355e-22,1.578134029708242e-20,5.418289528818981e-23,4.3178186533417214e-20,1.967186298603961e-19,5.068656805756342e-18,5.182025722214153e-23,4.2031552336384934e-20,1.8608288629292016e-19,5.068157487652284e-18
float64,1231,scaled_adversarial,181,2000,2000,0,0.0,1.0962923301399479e-07,2.6941936139091253e-07,3.507516730740564e-07,6.387388328204229e-07,1.078352511483858e-07,2.625797911603657e-07,3.4420831811918815e-07,5.82899648337946e-07,1.09629246364681e-07,2.6941929055702015e-07,3.5075178232231636e-07,6.387389522534665e-07,1.0777674646470166e-07,2.624177387431874e-07,3.440791797677385e-07,5.83584825842535e-07
float64,1232,scaled_adversarial,181,2000,2000,0,0.0,3.6214419062753983e-14,2.720646684765827e-13,5.506196927265882e-13,1.6874193894083464e-12,3.818946737563751e-14,2.752311882106445e-13,5.398974900324681e-13,1.6978780135976472e-12,3.9849147041879146e-07,0.0012401820182974558,0.006773354637101024,0.03988676206148573,3.9519167261909237e-07,0.0012401819978681665,0.006724028883704969,0.039675282591767905
float64,1233,scaled_adversarial,181,2000,2000,0,0.0,1.5005191690082138e-21,9.110966699412203e-20,3.394091877100587e-19,2.97102564126566e-18,1.5083719243750298e-21,9.024763673610493e-20,3.3940916204593013e-19,2.9690873319567442e-18,1.5482537100293645e-12,1.1644611560602888e-09,4.646837937789127e-09,8.120587269780348e-08,1.532783840320716e-12,1.1644275592326435e-09,4.559539955493294e-09,8.120587039346072e-08
float64,1234,scaled_adversarial,181,2000,2000,0,0.0,8.380094147586994e-29,1.8921974826131154e-26,1.1433430680642587e-25,4.004452331920632e-24,8.380583614452817e-29,1.892197389137582e-26,1.1433454949141506e-25,4.004474993565807e-24,3.763824898525046e-20,1.7614815960056837e-16,1.7335019194272532e-15,7.534432967585454e-14,3.7214128309434085e-20,1.7614815958681275e-16,1.7335014557915675e-15,7.5343647084909e-14
float64,1235,scaled_adversarial,181,2000,2000,0,0.0,5.473556714435222e-08,1.383650033260886e-07,1.7829771954784462e-07,3.198423440600144e-07,5.35510553704452e-08,1.3432761374408e-07,1.7487435974266315e-07,3.0909824774125587e-07,5.473556715240007e-08,1.3836500322167505e-07,1.7829771960175586e-07,3.1984234405937936e-07,5.355105101595073e-08,1.3432761274516345e-07,1.748743903998741e-07,3.090981766410724e-07
float64,1236,scaled_adversarial,181,2000,2000,0,0.0,2.8752662894133294e-15,1.6934493296630048e-14,3.183079380383912e-14,7.743300939779716e-14,2.831180191510582e-15,1.6795766509738248e-14,3.1550794436450155e-14,7.387866023955227e-14,2.8752662298342e-15,1.6934499220609724e-14,3.1830792461739294e-14,7.743300917878844e-14,2.831407322480759e-15,1.679649113191374e-14,3.155218645385799e-14,7.384231333954521e-14
float64,1237,scaled_adversarial,181,2000,2000,0,0.0,1.8236330875913769e-25,9.049937647529936e-24,2.424299435477494e-23,2.2816693794862946e-22,1.8112038898119242e-25,9.049509148488347e-24,2.4163992098279425e-23,2.28166937940024e-22,2.0514018247335755e-11,7.904229295532534e-07,7.070642505734008e-06,8.892160042140882e-05,2.0490947311575604e-11,7.806847182165755e-07,6.914175229450626e-06,8.892160039668731e-05
float64,1238,scaled_adversarial,181,2000,2000,0,0.0,7.06536611458158e-33,2.692665115097603e-30,1.545191002551281e-29,3.8582726674180514e-28,7.065366023441244e-33,2.690266647070394e-30,1.5418841479204094e-29,3.858272667333541e-28,7.076359325845652e-18,3.3617602354117845e-13,3.4325500137673247e-12,1.1633325233331495e-10,7.076359174373494e-18,3.343672907082258e-13,3.4325079771446385e-12,1.1633325216769408e-10
float64,1239,row_diagonal_dominant_random,181,2000,2000,0,0.0,15.395486039393035,19.52341209473854,21.41441967649285,23.449162397573115,9.664538446513145,11.94087913308579,13.019553999130066,14.216042438301537,15.43364741141037,19.521085918088303,21.460475674414354,23.995122651623966,9.659023664352869,11.962806663423367,13.050299437660268,14.646668766616884
float64,1240,row_diagonal_dominant_random,181,2000,2000,0,0.0,14.959726724445567,18.8731905918858,20.68705789862203,23.607922050361715,7.565660162489217,9.297796891450773,10.08775134378397,11.377629486151227,14.921738157577007,18.887734317541103,20.6659924621082,22.790406175905257,7.56514194861176,9.30930204023128,10.054475135753087,11.003706000375901
float64,1241,row_diagonal_dominant_random,181,2000,2000,0,0.0,14.508224228375271,18.422021841721556,20.178110596609727,22.891397007780135,6.600636679429025,8.091193120305478,8.656179425955543,9.777299358436126,14.476959587722725,18.336500657981553,19.522150061017083,22.40645686369636,6.589586975133818,8.052195209604527,8.587654091587615,9.839120099707221
float64,1242,row_diagonal_dominant_random,181,2000,2000,0,0.0,14.009885840584273,17.816352812732255,18.948434510411595,21.56275070934695,5.68385708184211,6.954515510127509,7.435422447865639,8.233261576040034,14.00119582287539,17.78379642876401,18.882678468114563,21.59909820028551,5.68771463793312,6.905001611928829,7.399076218185144,8.286064586479505
float64,1243,row_diagonal_dominant_random,181,2000,2000,0,0.0,13.780599795364445,17.48470397190691,19.04922471301167,22.26986671370614,5.296493181069073,6.4191469613643335,6.883452693120911,7.944523118610376,13.806471831275633,17.45678420304981,18.815709757938365,21.297241100731664,5.2904147037823614,6.415590518100663,6.852460458844417,7.633177053966019
float64,1244,row_diagonal_dominant_random,181,2000,2000,0,0.0,13.593777497569203,17.261979537442016,18.904126105874422,21.519149022598384,5.033855817026096,6.101148473428334,6.555061610694659,7.505776351636058,13.526152099214535,17.19761190257929,18.216456724302798,20.8707210774052,5.008888519469332,6.0748217590887155,6.453634040479874,7.2100122022966024
float64,1245,row_diagonal_dominant_random,181,2000,2000,0,0.0,13.53692973975996,17.140497612419125,18.68115613689963,20.785248691626606,4.971658587648459,6.0026321208164894,6.437957321640525,7.099282880848369,13.50979683890234,17.11634502475777,18.749965262922412,21.365237848016115,4.938691889408378,5.9898605974467145,6.388067363101256,7.218550977019738
float64,1246,row_diagonal_dominant_random,181,2000,2000,0,0.0,13.4988876558703,17.084943631007004,18.374039973435707,20.59622320577793,4.905032474227468,5.951163630351493,6.329481036476572,7.005387336497929,13.508039853053063,17.108152614870953,18.74617268000398,21.24445690579602,4.903073477046956,5.975450461204791,6.375394937155339,7.147710673871312
float64,1247,row_diagonal_dominant_random,181,2000,2000,0,0.0,13.49855094780786,16.9675369065132,17.955931151425865,20.609071806542033,4.885495089794707,5.873441995619081,6.229475107721783,6.956805624436806,13.466684213334126,17.059068532290304,18.545315319114554,20.66680312246987,4.873024782527555,5.916858053001259,6.2939165831860135,6.9971594298304
float64,1248,row_diagonal_dominant_random,181,2000,2000,0,0.0,13.456155264505039,17.047271288529657,18.647385172123297,20.723073379121168,4.877919599379705,5.908368287709777,6.343676956643812,6.964367610600864,13.490688980677405,17.073194800566682,18.543172547861065,20.55959787385715,4.8760307678115655,5.883901496374527,6.303354887032669,6.9763904152126495
float64,1269,row_diagonal_dominant_stochastic,181,2000,2000,0,0.0,15.141798534931262,19.202220665387937,20.477956125463344,23.389062904103433,9.892110399201105,11.926535003501932,12.811219159522429,14.17736340920579,15.060757044995714,19.20554876219511,20.44199547203088,23.505760289496727,9.827065631365798,11.853649647624506,12.77396075489725,14.340530936328154
float64,1270,row_diagonal_dominant_stochastic,181,2000,2000,0,0.0,8.173364666782614,10.051188014365335,10.92704126693553,12.716173650184494,6.526233005302066,7.791017538031262,8.25203764650812,9.26024064556683,8.169200589666715,10.026167446744301,10.91115895930346,12.732934410667445,6.444297309164878,7.685298444871492,8.176386535517961,9.10090969979152
float64,1271,row_diagonal_dominant_stochastic,181,2000,2000,0,0.0,5.8616244586647435,7.207781419214165,7.8326622505723105,8.817426018805687,4.79466624984138,5.673756894306046,5.9983725204892675,6.539470179044282,5.855313674211779,7.190509052555152,7.812851708903126,8.517626535088604,4.684089930197331,5.540030184566057,5.842983879561674,6.314071749698527
float64,1272,row_diagonal_dominant_stochastic,181,2000,2000,0,0.0,3.1852180916118233,3.913030283252379,4.246482364389475,4.923288369682603,3.0862566987999887,3.535186546783123,3.703822921814607,4.061155390083932,3.1865995601706327,3.907062458288547,4.247328301441604,4.913930876113445,2.967082110983563,3.3623502758828976,3.518532935153499,3.8484101882711883
float64,1273,row_diagonal_dominant_stochastic,181,2000,2000,0,0.0,1.684117284415084,2.0563029770444077,2.2267729863266696,2.601919912129087,2.2911725567749115,2.541140594382721,2.626088415101216,2.8438589781842722,1.6837264289111005,2.068482595560751,2.2337530115164568,2.5376894490400663,2.096327796974783,2.317244357602764,2.3868088096483167,2.51352784382921
float64,1274,row_diagonal_dominant_stochastic,181,2000,2000,0,0.0,1.2329166279459185,1.3106594139969958,1.3344801447542352,1.376516915166532,2.0043880112028853,2.2485379331895796,2.3560326679604247,2.5910301478092275,1.1254665326331632,1.1974106237327369,1.2219138089074462,1.2672346042168092,1.5952359630003585,1.6881754236411817,1.7199391399966075,1.7804763599882882
float64,1275,row_diagonal_dominant_stochastic,181,2000,2000,0,0.0,1.2203325085511776,1.2991789114544396,1.3226951722697635,1.3624055375291337,1.9720528186839354,2.228782267818402,2.336415683264473,2.5465768109898392,1.055859020126718,1.122288203864371,1.1420930266540017,1.1804306440101753,1.4549150202480061,1.5104062564191052,1.528362457608755,1.5667613003599061
float64,1276,row_diagonal_dominant_stochastic,181,2000,2000,0,0.0,1.2263093637477533,1.3077979733386456,1.3308812608268281,1.3744446464078721,1.98537661665859,2.27608638324762,2.390759136309019,2.6022833115648907,0.9739145700078672,1.036092987163892,1.054782644662558,1.0870029172596312,1.4039758624105643,1.4495763182127777,1.4674122703693637,1.4997218072743865
float64,1277,row_diagonal_dominant_stochastic,181,2000,2000,0,0.0,1.2860972041400518,1.3737701159969578,1.3978958821729357,1.4485376586840688,2.0956547513458705,2.4002598950554987,2.496003679654706,2.6795086131718255,0.9128189662629578,0.9664493152493681,0.9836402217760007,1.0189571480458308,1.4189961938162208,1.4622288770533278,1.4752713266119346,1.509397359299089
float64,1278,row_diagonal_dominant_stochastic,181,2000,2000,0,0.0,1.308331161300758,1.3925186418717592,1.4191943319971967,1.4626592710229258,2.1144693260659504,2.404870765379211,2.5123677723513325,2.7514138157139643,0.8732702543931427,0.9241369925763699,0.93796935301256,0.960600031311101,1.4104154174342998,1.454162989747086,1.470826954818195,1.5044124461604804
float64,1279,spd_prescribed_spectrum,181,2000,2000,0,0.0,2.2157934837519404,2.6528095175124538,2.7998758109627664,3.1646666481363317,0.6453032583335621,0.700040622967017,0.72159080925861,0.7596209140700529,2.135377291040213,2.582463458873705,2.732190770356725,3.07356708977991,0.5271774123069222,0.5716057995892655,0.5886743622543447,0.621985901657159
float64,1280,spd_prescribed_spectrum,181,2000,2000,0,0.0,1.743407879223322,1.9015215078281376,1.9470810686513476,2.0394687111039453,0.5292834033192444,0.5773092902997093,0.5941150461865182,0.626074657473746,0.8440169220008158,0.9201339349002949,0.9501241587051678,1.0208055708238104,0.3446164011665589,0.37968717520495926,0.3903067575061434,0.41904811776507817
float64,1281,spd_prescribed_spectrum,181,2000,2000,0,0.0,1.9486966929302147,2.158457327488538,2.2263936156975275,2.3742580328121043,0.5651196261036903,0.6250274744973837,0.6478079806592433,0.6860446116098062,0.7024805587403552,0.7700660434589125,0.7935158696164006,0.837219483210317,0.3018820394799834,0.3329268758518147,0.343602835903973,0.363471267665687
float64,1282,spd_prescribed_spectrum,181,2000,2000,0,0.0,2.131633033713638,2.391500489794946,2.466747080774821,2.6119063665968625,0.6201639666080281,0.6935619406404427,0.7157610107724515,0.766942008291815,0.6349965097370972,0.6992226136384586,0.7224756710733822,0.7631732486552553,0.2790724876220728,0.31075565264968513,0.3210410698455332,0.3382965082748081
float64,1283,spd_prescribed_spectrum,181,2000,2000,0,0.0,2.3103982623236736,2.659840981111622,2.8150219101171765,3.949661053315487,0.6818209010477452,0.7897989001344196,0.8356986386722314,0.9503791231591139,0.5849661517730725,0.6472984822167028,0.6659985153368563,0.7068525016954961,0.26448945367521237,0.29684448752878134,0.3083545754996675,0.3284900611300357
float64,1284,spd_prescribed_spectrum,181,2000,2000,0,0.0,2.7446623965681685,4.668700899393233,5.296653400064061,6.316809288996592,0.8257730919255633,1.3072812614028986,1.475631977149235,1.75821419840451,0.5462065126477129,0.6088551302577387,0.6305503013794443,0.6828371952533274,0.2543611797194417,0.2878043084451653,0.29782766924629944,0.3215794846469982
float64,1285,spd_prescribed_spectrum,181,2000,2000,0,0.0,5.101015689076933,6.391151574522931,6.827333201718978,7.728018744538495,1.5153652058954596,1.9051228466344532,2.0223360445614857,2.316144088413403,0.5129326755591934,0.5757900840940705,0.599385567259133,0.6564320163583639,0.24527627734127255,0.27935223917683644,0.2900256183032824,0.31627825214391747
float64,1286,spd_prescribed_spectrum,181,2000,2000,0,0.0,5.885917561734534,7.0460347995014425,7.470295467413407,8.115472582784498,1.8178455519050214,2.1697623498217786,2.278557334526255,2.569286132307883,0.4875319551079344,0.5555628311575235,0.58079161682158,0.6806410889670872,0.24211015409419015,0.27894111319643755,0.29391481554401344,0.3230233070824944
float64,1290,random_conditioned,256,2000,2000,0,0.0,26.82970568320084,30.539061041020524,31.714108433698772,34.418703999960165,2.8466119492675936,3.144099570972155,3.25089456552432,3.4526948712778593,12.586604616162553,14.744356845910437,15.43258149063222,17.136580446083695,1.5374468023029144,1.7625582676425442,1.844135867874958,2.0545564611161744
float64,1291,random_conditioned,256,2000,2000,0,0.0,22.535014916970166,24.61772471777761,25.187919327182218,26.299841983202025,2.1490423748624083,2.6744524746401774,2.8689934893592857,3.2712086198765156,17.730780754944178,19.65976260864388,20.281555568350537,21.324432425233717,2.81319060328346,3.309519174293232,3.4496148441386696,3.725774165560209
float64,1292,random_conditioned,256,2000,2000,0,0.0,71.09374704431153,80.30049142084574,83.18946839703503,89.37156946595879,3.1609110714186093,3.456620632520796,3.547867974770432,3.812397121525073,36.62533521545808,43.475189449043384,45.53630559929893,50.84312689885062,1.7012750203742897,1.9775193949422698,2.0697153310242444,2.307469727348971
float64,1293,random_conditioned,256,2000,2000,0,0.0,14.890044704145314,17.215800133825816,17.886237810624895,19.129270338001067,2.4479376239017796,2.754071260782137,2.8494722754600734,3.0292461002766773,4.3074578682173765,5.129041213053361,5.388489079828621,6.003131078395229,0.8481377089907811,1.0252385968621893,1.0833626573251434,1.244480982761544
float64,1294,random_conditioned,256,2000,2000,0,0.0,22.56281914157752,24.646470912992783,25.190091745722754,26.37454712048799,2.1248781425991448,2.685908731136879,2.871603071810888,3.278296731016489,17.75490458630341,19.7110139822948,20.349983760450957,21.411678883378915,2.806441170662655,3.291883940639868,3.482361060001035,3.8207938006342315
float64,1295,random_conditioned,256,2000,2000,0,0.0,70.27058859003603,79.82974490618331,83.35154258758101,90.1640651189763,3.28736782165994,3.588539532871397,3.677095328073725,3.953367575783904,34.83936017617836,40.78702504890483,43.426188316152235,48.564977211009094,1.6001672411423256,1.8688802157812,1.9658031457080312,2.205287082558261
float64,1296,random_conditioned,256,2000,2000,0,0.0,11.310759712020657,12.986237923577585,13.497291496476787,14.833300981812341,2.325979294947526,2.6304892623904714,2.7331310801941426,2.909994512080466,2.363289355369216,2.8997743521333925,3.0736090044323863,3.4764442406476683,0.6131974425461018,0.7478653883140046,0.7928804121345874,0.9170685484341602
float64,1297,random_conditioned,256,2000,2000,0,0.0,22.54154067377697,24.686857317602787,25.275350738822493,26.57868764715145,2.128075077100979,2.6571019132562435,2.842701856861281,3.185113597529237,17.68694119660625,19.62989147334925,20.28950732720344,21.5107581926104,2.799149159860555,3.265506346635539,3.4699657712491345,3.8516149786683798
float64,1298,random_conditioned,256,2000,2000,0,0.0,73.24594921053796,85.25246232851087,91.43762718111562,111.13590604357233,3.548963408365914,4.327390923066632,4.731065862063878,5.825503205191978,34.99284735614634,41.09306862330206,43.3904098832938,47.41320164114677,1.6103287422701604,1.8806344530610035,1.9995268667848234,2.2155763241454967
float64,1299,random_conditioned,256,2000,2000,0,0.0,9.624228103354671,11.109320222074903,11.606014490912369,12.65140176983574,2.2615689644574015,2.604544751733203,2.694148855972417,2.8854802011135767,1.586124214634495,1.9723543297677926,2.111576663307338,2.441360815706851,0.49092117605868757,0.6099255829319636,0.6540255611765062,0.7509311985106158
float64,1300,random_conditioned,256,2000,2000,0,0.0,22.60881005194622,24.664437032708292,25.24677265288563,26.310438556523994,2.1313919409120636,2.6851657197007563,2.876094652071597,3.203437686745551,17.719319019164764,19.618627136368175,20.189645919030742,21.4669093161277,2.8110812191420282,3.30905286507642,3.464658088202899,3.7825031667861864
float64,1301,random_conditioned,256,2000,2000,0,0.0,75.31453143935457,162.00980083190987,263.41548970147187,519.054570963737,3.6625397841325955,7.589149982392707,12.232832094141687,22.269291721719867,35.006692175042886,41.84284412410231,43.851815506343335,48.11912967809916,1.6151115062698735,1.9043223459977014,2.0160589795256865,2.242765119422739
float64,1302,random_conditioned,256,2000,2000,0,0.0,8.712055417970502,10.146527111355429,10.617984956227652,11.543118115681844,2.2541322473592373,2.6155740667484877,2.7179258516434803,3.026220419247374,1.192668987288402,1.4993591621926534,1.6197628598677078,1.822002162101461,0.4218744079608636,0.5235592200023254,0.5682854454319326,0.6524482791622759
float64,1303,random_conditioned,256,2000,2000,0,0.0,22.567601991018478,24.75661371483137,25.324600318361522,26.54854573682733,2.131248659307512,2.674479949329481,2.858165817252091,3.216394614608208,17.789459255575313,19.605178956595488,20.129086530429905,21.394178421898463,2.821736643494717,3.2902356413719867,3.453194185297382,3.798433520636886
float64,1304,random_conditioned,256,2000,2000,0,0.0,75.40105074986957,159.8060632617869,306.91094904661725,1191.3539886584845,3.6402553155121176,7.845212430426619,14.18951380491448,59.21760432037067,34.787096339416365,41.697427180147955,44.08765376641764,48.88572298989907,1.6118292131898482,1.8879517753949882,2.000513431280928,2.310800378633105
float64,1305,random_conditioned,256,2000,2000,0,0.0,8.012927951333271,9.521499987734611,9.923384317409118,11.056062480487078,2.2293045577285393,2.638730343617523,2.765360504959,2.9965517407492563,0.9424799264046664,1.1854028414685613,1.2644664096868141,1.4168352119863106,0.3693925264035656,0.476238378816689,0.5118584790294507,0.599388011000528
float64,1306,random_conditioned,256,2000,2000,0,0.0,22.535297768036735,24.605678557853985,25.218600636214195,26.451714122770984,2.1108967099379687,2.6770608715099304,2.869143733325657,3.2485626790307673,17.714309742406392,19.694394874783665,20.296796681792827,21.242623272229675,2.8004346622619387,3.2781405034618336,3.4388169423335397,3.856624991794531
float64,1307,random_conditioned,256,2000,2000,0,0.0,75.36124113600059,172.45424985116225,329.68010597856846,1432.4168968397269,3.665252417902771,8.016976685700728,15.048220902469517,59.85153109142478,35.134824666761965,41.73649528969308,43.83574691756794,48.71911044744921,1.6076739202638641,1.8897308886653748,1.9843601302486302,2.2354119300627637
float64,1308,random_conditioned,256,2000,2000,0,0.0,7.624312821747137,9.060723845922112,9.574904685680805,10.559528264849355,2.226896358170783,2.653630338113959,2.7989873673960326,3.1173710409789868,0.7880174918239264,1.0104802112396023,1.0942759026586502,1.2655179984979625,0.3415375814154804,0.4292700819704253,0.4626981739115394,0.5580918862339642
float64,1309,random_conditioned,256,2000,2000,0,0.0,22.554958949886107,24.624739979065655,25.207955337227972,26.389674852532952,2.1344783400550327,2.724597289284398,2.925196662384983,3.2585713126594715,17.67827785823198,19.607231949628986,20.258198919277344,21.373148567518495,2.8130343666622704,3.2862949654254616,3.441987604834841,3.859296118287527
float64,1310,random_conditioned,256,2000,2000,0,0.0,74.2221550424754,149.98788057091465,273.46571646276414,1018.2671067934772,3.6296465269846925,7.296362149618742,12.271771332816618,48.92731515287054,34.661414312561035,41.115430019774145,43.434032894907716,48.539126181041844,1.6122269917105188,1.8915524719751815,1.997520421618377,2.2711253563355105
float64,1311,random_conditioned,256,2000,2000,0,0.0,266.4044677518543,302.6841371341329,313.8847718705042,343.66028969088245,5.0119426983396815,5.439254559516514,5.581400242283796,5.89813397776809,266.79798628408435,302.5271355953999,313.93835691271505,342.2656180401931,7.1590019871168735,8.336201137295976,8.783016054864994,10.081054236531022
float64,1321,vandermonde,256,2000,2000,0,0.0,231511543496.0871,796569909891.4622,1065261112192.0358,1663012001082.5295,55190289040.97087,182013710525.27905,232929967692.53885,381260173226.7144,1.615868367153358,2.8581562227889536,3.3389794557329693,4.274090369975185,0.33246236577386035,0.5972397937310753,0.7004151032048287,0.9845679418738565
float64,1322,vandermonde,256,2000,2000,0,0.0,455236649445.4696,1272660616124.5146,1639661151207.4011,2369181208712.266,85540017618.6614,244089564797.83304,306980551457.3887,472433396342.26965,2.3222273317154416,4.022926078206127,4.592308313849959,5.514138423109854,0.3439567323058818,0.6111329634545055,0.7264305217346609,0.9608541779651447
float64,1356,scaled_adversarial,256,2000,2000,0,0.0,1.7846494187472175e-06,5.028341551837993e-06,6.648057979529553e-06,1.1490335577502115e-05,1.7760873046897795e-06,4.920838056878738e-06,6.388772469631335e-06,1.0932591770164245e-05,0.0017162020965181355,0.012911213103831825,0.02123434467835109,0.041447326591923045,0.0016656683438145393,0.0125196825963555,0.020538531427590462,0.04020373490520677
float64,1357,scaled_adversarial,256,2000,2000,0,0.0,3.0017212708410137e-10,1.7544618438164714e-09,3.207704868571806e-09,8.43445301247326e-09,2.984690440198954e-10,1.7344102548341116e-09,3.1107754243825304e-09,7.710537878099939e-09,2.5132415203092166e-07,3.954814572051282e-06,8.027294340944782e-06,2.816903020502145e-05,2.464735203193661e-07,3.884595529266738e-06,7.929523076547788e-06,2.7201482474767176e-05
float64,1358,scaled_adversarial,256,2000,2000,0,0.0,9.456415953152675e-18,3.2532547372874353e-16,8.193821266233863e-16,6.840114377377445e-15,9.411814628433906e-18,3.189092772117147e-16,8.198477524764315e-16,6.344244390931768e-15,3.336063235949377e-15,2.928645252527812e-13,1.1105494448309884e-12,1.0978174641586691e-11,3.309920726378304e-15,2.8580105895108237e-13,1.0999184489562378e-12,1.0667913421689512e-11
float64,1359,scaled_adversarial,256,2000,2000,0,0.0,3.022542036284362e-25,3.383662875089134e-23,1.1704779326791198e-22,1.2475813933738524e-21,2.976121307378866e-25,3.310421626762113e-23,1.1498596342089885e-22,1.2475813215609615e-21,3.748196271819833e-23,2.1180398093844508e-20,1.1426261606356896e-19,2.4937600369934558e-18,3.698308139408779e-23,2.0963948373280865e-20,1.1335279993135348e-19,2.425496894855448e-18
float64,1360,scaled_adversarial,256,2000,2000,0,0.0,8.180414521240882e-08,1.7801212309507443e-07,2.2635518478262016e-07,3.3341383693923006e-07,7.989113484606761e-08,1.7084819926935e-07,2.1473720606452017e-07,3.245309165196936e-07,8.180409054001102e-08,1.7801212388322454e-07,2.2635448603365495e-07,3.3341383413132383e-07,8.005228665897118e-08,1.708213483739037e-07,2.148806440918635e-07,3.2425935330910964e-07
float64,1361,scaled_adversarial,256,2000,2000,0,0.0,2.904327949834486e-14,1.5889991405382562e-13,2.7126860675155753e-13,6.315001865323474e-13,2.980532872081584e-14,1.5815034010018031e-13,2.7182342577459533e-13,6.117304151171596e-13,1.5102940168791398e-06,0.0016507432476922067,0.007098085613473319,0.03180452623073245,1.4883913579193e-06,0.0016481049504639223,0.0067868795941666855,0.031736613837525185
float64,1362,scaled_adversarial,256,2000,2000,0,0.0,1.1131686518661915e-21,3.0120332013005797e-20,7.73044211921092e-20,5.089488994208414e-19,1.1153104985553713e-21,3.001645275540806e-20,7.476492352714662e-20,5.089356766193805e-19,2.4465259812640625e-12,1.0288440722728418e-09,4.29743194546144e-09,3.675430046669213e-08,2.431906724449393e-12,1.0084617415582002e-09,4.292046637757027e-09,3.537581766602788e-08
float64,1363,scaled_adversarial,256,2000,2000,0,0.0,3.6733929260314006e-29,5.839206825143284e-27,2.857810532647408e-26,3.173420329735653e-25,3.669490499612195e-29,5.741777675860048e-27,2.854174559594959e-26,3.1292138098892895e-25,3.4072842657040383e-20,7.642097915378959e-17,7.132111254526666e-16,1.2658334793236592e-14,3.347269194822404e-20,7.525013307475649e-17,6.942686618761332e-16,1.2657179784913131e-14
float64,1364,scaled_adversarial,256,2000,2000,0,0.0,4.105817108306228e-08,9.212961373875193e-08,1.1550332173326663e-07,1.8164299847361977e-07,4.003785621656618e-08,8.844335635573371e-08,1.1141181307299364e-07,1.798668777310427e-07,4.105817097774818e-08,9.212961321882236e-08,1.1550332178737964e-07,1.8164299847022012e-07,4.003786001557839e-08,8.844335112503237e-08,1.114118082711357e-07,1.7986676111356482e-07
float64,1365,scaled_adversarial,256,2000,2000,0,0.0,1.7251644847456774e-15,7.1028690555215305e-15,1.0346966733544672e-14,3.1713037418872065e-14,1.6957055746297356e-15,7.071187200463366e-15,1.0347426206432755e-14,3.066223539755641e-14,1.7251645808983767e-15,7.102864979976404e-15,1.0346966252256114e-14,3.1713020910927996e-14,1.6981393143504744e-15,7.069508388254557e-15,1.0347077050438393e-14,3.066689706453947e-14
float64,1366,scaled_adversarial,256,2000,2000,0,0.0,1.0167503391533003e-25,3.1476027528574653e-24,7.903198097772517e-24,4.830327302220818e-23,1.0106537750123989e-25,3.119202977653887e-24,7.822893403880541e-24,4.716914041043709e-23,1.0697659015034673e-10,7.068079466172138e-07,4.0786956519300075e-06,4.2717012353684805e-05,1.0562934955469512e-10,6.869044562812478e-07,4.053011146158789e-06,4.239979581583079e-05
float64,1367,scaled_adversarial,256,2000,2000,0,0.0,4.0942179085231154e-33,6.64478429846098e-31,2.9473019585898676e-30,4.809511075388059e-29,4.0246681929474196e-33,6.643973550656006e-31,2.946932495549359e-30,4.809343064234976e-29,1.5940288877072325e-17,1.449606163655609e-13,1.008912238865826e-12,3.1125043558072065e-11,1.5773084810052778e-17,1.4480645622834792e-13,1.00812251106353e-12,3.111907328531316e-11
float64,1368,row_diagonal_dominant_random,256,2000,2000,0,0.0,18.970970130886286,23.64044352565342,25.586292501483832,29.466111126818625,12.000012425544,14.404054502827892,15.490818475443099,17.644606329287484,18.75144132302505,24.01596352511175,25.606688578636074,29.498358444754643,11.970663564707753,14.821901522580232,15.49488573545875,17.672334467632414
float64,1369,row_diagonal_dominant_random,256,2000,2000,0,0.0,18.85704028379174,23.129175391535185,24.948952541765003,28.74170365581843,9.39714292244756,11.277671646321906,12.011631155355113,13.62085007590051,18.251047832100504,23.02408339314797,24.923693026634215,28.81127177380567,9.334189479476931,11.152312258160181,11.965781308704276,13.56986501435797
float64,1370,row_diagonal_dominant_random,256,2000,2000,0,0.0,18.339159185319502,22.674511506740412,24.510133349262027,28.367096936995576,8.152625796143095,9.763237743042028,10.414698257337008,11.874024555854193,18.237358825841664,22.694448771668764,24.534347497654053,28.207573255795445,8.145682317511142,9.825694347335572,10.39675222952532,11.798738296178257
float64,1371,row_diagonal_dominant_random,256,2000,2000,0,0.0,17.515119709884814,22.006700270924295,23.644947538964907,25.85728069765145,6.988066800305584,8.312359276541317,8.854528603019999,9.647046534786917,17.67492262022016,22.105801597098473,24.374930276978823,28.566524574316983,7.00953792545263,8.440761248075086,9.151252617842626,10.525854603305797
float64,1372,row_diagonal_dominant_random,256,2000,2000,0,0.0,17.38456065672633,21.842577124895183,23.640901435953612,27.25523760678155,6.47881648635426,7.80440627436689,8.360234617898474,9.359990681868439,17.76030343658432,22.048152111439798,23.553152955111212,27.298835576257634,6.519321656845527,7.843441159288139,8.26678290215864,9.429862902297577
float64,1373,row_diagonal_dominant_random,256,2000,2000,0,0.0,17.48541642408094,21.546628945471955,23.231200658278592,27.873914267629363,6.203794617904039,7.410725304716626,7.887476090210644,9.07616714868932,17.41606104713241,21.599915422939244,23.318181071107862,27.057145798465704,6.194151022948486,7.405414010827996,7.881721972546865,8.914828289992892
float64,1374,row_diagonal_dominant_random,256,2000,2000,0,0.0,17.044345440199823,21.47329493591132,23.158403763127595,26.755437334983082,6.055598666482046,7.277380702330838,7.735968701441967,8.685849321175645,17.406265713557932,21.418777494803695,23.275223033767908,26.80336100123366,6.064946094757536,7.228696645872226,7.762662713121576,8.710963353880588
float64,1375,row_diagonal_dominant_random,256,2000,2000,0,0.0,16.92394971652721,21.449883651561294,23.158013408121526,27.00217432176086,6.0038992349089835,7.203327890979854,7.7312527353786935,8.703934306092293,17.18893643871094,21.46708087544092,23.191566972741583,26.59254787088751,6.0430835689991,7.17937927499223,7.627499330817983,8.491775330540754
float64,1376,row_diagonal_dominant_random,256,2000,2000,0,0.0,17.343483191632643,21.408138745647335,23.19418825752653,26.621480263010326,6.009194838397674,7.206241506024037,7.586114129424354,8.456671652506957,17.277582310873093,21.414883248910343,23.17726251296267,26.711736599127036,6.01407369952118,7.191383093006182,7.611833542819413,8.494802970209676
float64,1377,row_diagonal_dominant_random,256,2000,2000,0,0.0,17.017795941827174,21.377844718360375,23.094043330862036,26.638384699621565,5.967666985639123,7.127261611655043,7.620634895780524,8.581969251476416,17.253233546975714,21.320251196949528,23.056683819496904,26.606081043307842,5.966367355615462,7.119485015743746,7.533762211148683,8.55363182862326
float64,1398,row_diagonal_dominant_stochastic,256,2000,2000,0,0.0,20.215149696143406,25.124488283586828,26.770095403488142,30.87432397405686,12.341662472299548,14.910663752041586,15.838495972448397,17.881040321008943,20.06523966284059,25.49751983330212,26.909485137753993,30.181082493082844,12.345103997492826,14.873184984712273,15.813922857301122,17.43329781480358
float64,1399,row_diagonal_dominant_stochastic,256,2000,2000,0,0.0,10.182195787427357,12.79459458605309,13.723928989550942,15.547995242585122,8.099130181947633,9.643790091668016,10.192159740416415,11.034343460064852,10.058778310707243,12.778900038461632,13.712696279874814,15.809943962291065,7.95732380292843,9.49473150134395,10.0824176320114,11.247461600734304
float64,1400,row_diagonal_dominant_stochastic,256,2000,2000,0,0.0,7.237992615403634,9.122600183835543,9.530840648694078,11.161216258479087,5.89495376520133,6.927173266489269,7.234662806818396,8.08974717202428,7.214527423305325,9.109856568995097,9.484955668763318,10.51702622518906,5.76396970891059,6.78365419451889,7.077603470214064,7.646768157083627
float64,1401,row_diagonal_dominant_stochastic,256,2000,2000,0,0.0,3.917045009952064,4.962896114178204,5.196946763791157,6.020319890284188,3.7241704105382585,4.260088327998098,4.415984512826148,4.84397483832217,3.9282875860972437,4.9715302509684856,5.179463496121122,5.899975962820517,3.602803459724699,4.100636688596559,4.231335660436769,4.606715798561509
float64,1402,row_diagonal_dominant_stochastic,256,2000,2000,0,0.0,2.071944275883162,2.5994265177174936,2.72080989875092,3.077450646562884,2.7402060889112705,3.026239516917568,3.1323001619716395,3.2988773077931737,2.0702757169218238,2.5646634413649965,2.713420936310077,2.9915957648982103,2.5102710454064017,2.750858574452755,2.8422954448878417,3.0070125088391086
float64,1403,row_diagonal_dominant_stochastic,256,2000,2000,0,0.0,1.2998510875396296,1.3761894679385618,1.3990689496031208,1.438370603667054,2.3367931766777073,2.5473373360951412,2.6284066505606574,2.836781159381317,1.2192386955036496,1.291579336374932,1.3123617929520182,1.3862339943337316,1.9439513543128237,2.0492262076107726,2.0856067261341527,2.1635203853955463
float64,1404,row_diagonal_dominant_stochastic,256,2000,2000,0,0.0,1.2757623477288895,1.3418768866691877,1.3600179468356117,1.4006526097601277,2.259328643660375,2.491264829752191,2.573909378528176,2.769934331896069,1.138099402222838,1.2025414109302457,1.2187129908482945,1.2548417638385316,1.7700986324764743,1.8323072808256435,1.8519700358046287,1.8967157923560822
float64,1405,row_diagonal_dominant_stochastic,256,2000,2000,0,0.0,1.286195147641564,1.3534891634232364,1.3722822238056434,1.4158953436885933,2.26261027136212,2.50894447255059,2.588995384917597,2.7621823723133225,1.0891182364229897,1.1470318781776667,1.1634133015805903,1.1941303826045446,1.7121138055106548,1.7544766175248978,1.771870485820688,1.806509994523247
float64,1406,row_diagonal_dominant_stochastic,256,2000,2000,0,0.0,1.2785733504633647,1.3512127109623366,1.373032368733623,1.4074018091333658,2.2202787652053653,2.4758538053790824,2.588152131131944,2.803193518489907,0.9772200643354163,1.0309038646895838,1.0464510779082072,1.0731326621868946,1.619191022087802,1.6595285119701577,1.6747762800044887,1.7092838805602986
float64,1407,row_diagonal_dominant_stochastic,256,2000,2000,0,0.0,1.309713353653363,1.3852516083158721,1.4049563006967192,1.4507012663627552,2.259485557032159,2.5385395536514324,2.619794904804241,2.8249639313978565,0.9217894295013811,0.9701090738531842,0.9847991336185544,1.0151033961967566,1.609297517474226,1.6519361096871927,1.6659544287589079,1.693892443620238
float64,1408,spd_prescribed_spectrum,256,2000,2000,0,0.0,2.7042143472110736,3.2334222622320508,3.4034204179248797,3.7726322088095903,0.6518379499674652,0.6974832413499317,0.7099871860560006,0.7439726127480927,2.60865141467347,3.1594906394290834,3.3477245244691924,3.729735356061824,0.5467528027956776,0.5872405798782012,0.6016934896571257,0.6295125496930452
float64,1409,spd_prescribed_spectrum,256,2000,2000,0,0.0,2.010573006481306,2.156512181832448,2.199482498039372,2.280726619703403,0.5342165362708895,0.5748155575607575,0.5898257483551086,0.6120156211306755,1.0026200087920922,1.0867224447008488,1.122569359716739,1.20650327713651,0.3639816180879004,0.3977773515909842,0.41383412778921247,0.45600937020519217
float64,1410,spd_prescribed_spectrum,256,2000,2000,0,0.0,2.246061505361685,2.4427881373457874,2.5035821520953476,2.6145274209866445,0.5709765962672549,0.6243595397639828,0.6404475635436897,0.6810144248080017,0.8271872022200493,0.8887760740013535,0.9049410833429021,0.9458735832116669,0.3193160131981113,0.34998245051378446,0.361275090713139,0.38545544588345254
float64,1411,spd_prescribed_spectrum,256,2000,2000,0,0.0,2.4700402331025657,2.7071480742719958,2.782689327672126,2.9426742058867377,0.6306699051271449,0.6946450630178121,0.7133661803909832,0.7716637181296705,0.7486057713096786,0.8141679295816195,0.8314149955962199,0.8794137906430607,0.29525090421413314,0.3229549694829512,0.3333551905403014,0.35392401257551154
float64,1412,spd_prescribed_spectrum,256,2000,2000,0,0.0,2.6808953748222746,2.973735461970224,3.063983187700977,3.283315176969608,0.6922360705183541,0.7697290378571232,0.7922533035969327,0.8489071318417047,0.690791819286185,0.7555510489554877,0.7766045776656217,0.8127925023622004,0.27886400287661095,0.30600897018639517,0.3154348626162661,0.3383933581223783
float64,1413,spd_prescribed_spectrum,256,2000,2000,0,0.0,2.8778009598358887,3.2655179584201988,3.4081081143920104,4.5743464098954085,0.7597318231529893,0.8582355747011771,0.8958478555131627,1.0302981793950428,0.6446659149721168,0.7095162446274809,0.7299252083293175,0.7687246736657426,0.26785109032371573,0.29665366460707515,0.3041964181373004,0.32457317461298474
float64,1414,spd_prescribed_spectrum,256,2000,2000,0,0.0,3.2422609255161117,5.584399923947953,6.61994985815125,7.98795944772063,0.868730851668133,1.3748683613266783,1.606131334602387,1.991883143508228,0.6090023191491509,0.6687863850836258,0.6913576386838469,0.737680903993887,0.25966289483443517,0.2886597122646194,0.29697551722429083,0.31395304550382896
float64,1415,spd_prescribed_spectrum,256,2000,2000,0,0.0,6.165119734430229,8.217938001128397,8.789016329559637,9.769019891797681,1.6290606866686301,2.1432489262394636,2.2751906253500462,2.4822147374259385,0.5729294622943578,0.6365778333321296,0.6563632422573284,0.6966543727213145,0.2520033016027976,0.2819471066764807,0.29244007032874014,0.3128755630849687
float64,1419,random_conditioned,362,2000,2000,0,0.0,43.19854867380133,48.534065418138255,50.508179307708545,53.755004451250365,3.626741393944089,3.935955018985287,4.0497943814522745,4.280495649790366,20.583723363577068,23.79653502521223,24.92315064015835,26.707209906644387,2.0073599083706792,2.268082399381503,2.3776224661872924,2.542853887632968
float64,1420,random_conditioned,362,2000,2000,0,0.0,30.95236656774441,33.40938009977723,34.17496609427482,35.50353555808433,2.575054917790366,3.238910613446038,3.4798042267172495,3.9532379254279317,24.603894958193866,26.955843482686333,27.64457615644446,28.806619108849542,3.637071696401817,4.177418993821424,4.389783491527038,4.777126530696092
float64,1421,random_conditioned,362,2000,2000,0,0.0,113.1218242984919,126.59812213573313,131.8270537169296,142.15515989082297,3.9244552278344504,4.240592938036647,4.331295876995258,4.590204992644272,60.27644091636914,70.01739879406111,73.97068227927798,82.08599154833325,2.179694833111886,2.491987725839916,2.6026695382224605,2.9058569868401167
float64,1422,random_conditioned,362,2000,2000,0,0.0,23.535999750630822,26.77717041872385,27.82249571480896,29.649585801423424,3.140794013256433,3.4515847253121614,3.5450028142922267,3.7132457143964874,6.944546875421713,8.203968352710413,8.638764083555209,9.616772983655972,1.089619560148746,1.2865415493519476,1.3561100792051766,1.512697214793213
float64,1423,random_conditioned,362,2000,2000,0,0.0,31.054025863249702,33.604806716274084,34.20960224851382,35.69843388758354,2.6013351739526867,3.22957524086097,3.4630047421738985,3.9185581809823185,24.565931527743672,26.764915528837964,27.566756376409135,28.742058255593598,3.6343629680513767,4.2072962925474195,4.382110741002575,4.769081413685916
float64,1424,random_conditioned,362,2000,2000,0,0.0,111.77070580966088,125.31999300907391,129.80493136232533,138.56457145867364,4.010226466334,4.317835267958625,4.438363003541075,4.633440642953729,57.70810650413127,67.29395045521942,71.40513524779331,78.42022239281955,2.0709419038713994,2.3834603831785612,2.496359572485064,2.7374791661437907
float64,1425,random_conditioned,362,2000,2000,0,0.0,17.450340268108295,19.76369039228283,20.50726636993551,22.074628580103173,2.9400833062779688,3.2627627393502667,3.3580522789367584,3.5763371631530014,3.758572861107652,4.491985656718677,4.753599136858959,5.429010298035656,0.7851599143225603,0.9354383168055033,0.9932889835545007,1.1574234576438789
float64,1426,random_conditioned,362,2000,2000,0,0.0,30.831089993252213,33.33243825744903,34.0297053552678,35.39986875184765,2.5646651271248273,3.17244234584523,3.362869192341904,3.8478811141543834,24.68042365310507,26.85701704687146,27.555451598909812,28.897263771344125,3.6448204704879905,4.199391388955961,4.376476462572789,4.730196622932369
float64,1427,random_conditioned,362,2000,2000,0,0.0,113.81766080833916,127.68781203210193,133.01131794625368,144.01950191124578,4.276304715846965,4.870108843217176,5.1453571356561705,5.696013453661751,57.46025339460695,66.41473006859677,69.59402815083301,76.78294477215047,2.061086962802882,2.363831432631363,2.4835056287598603,2.762788072417877
float64,1428,random_conditioned,362,2000,2000,0,0.0,14.453883662047993,16.553678553760708,17.083442398495322,18.484424908657072,2.849918556265475,3.1887578497865543,3.285076282266108,3.5811612095407632,2.460247275173313,2.999341075158494,3.168091561444592,3.5666833009442844,0.6179387175487985,0.7584092306707495,0.8142299248550626,0.9010425486450744
float64,1429,random_conditioned,362,2000,2000,0,0.0,30.83674468894391,33.285192370839916,34.04215617533581,35.16656350718535,2.564769025157472,3.1898820847171967,3.3663408606205363,3.850695481344187,24.568802741954674,26.72398132991437,27.391257933366244,28.986341157824654,3.632313670582499,4.214713416008411,4.3808438381508585,4.903215750091654
float64,1430,random_conditioned,362,2000,2000,0,0.0,117.53027726899265,201.86398459452286,316.47496928582126,661.2117833822019,4.402100179905848,7.734143076565819,11.870529264488427,22.223267068138703,57.33545079394449,67.05070629607428,70.84729478919155,77.21692211643163,2.0560145519120505,2.3615564827944846,2.475677021763498,2.7114101698690307
float64,1431,random_conditioned,362,2000,2000,0,0.0,12.693950163316646,14.47340519798809,15.092390627948795,16.692316413627672,2.7916751341263115,3.161288455353619,3.2795762120073015,3.507863633093216,1.8148681647713683,2.21574970195765,2.3552674881995537,2.698941861101916,0.5276798484251515,0.638691941338464,0.6842491629189403,0.8128516966944611
float64,1432,random_conditioned,362,2000,2000,0,0.0,30.881238829537835,33.41034291277921,34.09457288153663,35.451780108684986,2.57002816620208,3.211226002554857,3.404817008608662,3.8000898828594054,24.6302494536759,26.856966620939613,27.51625934016535,28.736332766344713,3.618338207288013,4.158046573862518,4.3156480436353855,4.655507412279509
float64,1433,random_conditioned,362,2000,2000,0,0.0,116.83830784778534,226.5044683153669,424.2007800901688,2038.5801351368273,4.398375944243046,8.7034877958899,15.170516964785282,76.5968264250903,57.42749186277642,66.85704604932604,70.51556075305925,76.40204130105674,2.067948398784833,2.365073146684884,2.4798731939201883,2.6964765736261778
float64,1434,random_conditioned,362,2000,2000,0,0.0,11.523627328563451,13.188916398268871,13.798145278374994,15.10094256445838,2.7460745100750117,3.1233035777811495,3.2406911037741066,3.4717978588131335,1.4136789607721838,1.7369016389540552,1.851355004871156,2.0832486653917552,0.45788212414001206,0.561246179613174,0.598333092653335,0.7207901911716789
float64,1435,random_conditioned,362,2000,2000,0,0.0,30.801284522531887,33.349579423257524,33.96727542163506,35.162443645705274,2.5443181745434584,3.1461262880983325,3.3554174552039684,3.8788330967227194,24.59336425028386,26.790896503349643,27.444885898928607,28.494953448015682,3.631816887935736,4.181819511166147,4.427282421021326,4.8925930266412445
float64,1436,random_conditioned,362,2000,2000,0,0.0,116.59510076602372,219.47352794552438,425.5769527646339,2016.3359032422616,4.402105832498287,8.366342966874361,14.603927214950447,75.92982096575915,57.42663775488504,66.44466436587278,69.81550269315936,77.678492440813,2.0493552843659177,2.353111334217081,2.4886824220739396,2.735092752007533
float64,1437,random_conditioned,362,2000,2000,0,0.0,10.701082039281559,12.41887090239451,12.954147539867632,13.974859848797372,2.7221327724209248,3.1558293914790494,3.275114189294678,3.5252545950918632,1.1516254208888967,1.4374022153345352,1.5285948802566598,1.75353049867021,0.4120762806128525,0.5085136324884407,0.5516130829199375,0.6546255372466111
float64,1438,random_conditioned,362,2000,2000,0,0.0,30.882960366374952,33.34724578691913,34.074680318191,35.60693085614139,2.564694768357776,3.184963678328701,3.3727004734199806,3.921280905924965,24.622252066830825,26.942003052259317,27.59784306318903,28.634324349391356,3.6298938610722855,4.162119991894453,4.34372335312997,4.650861118652279
float64,1439,random_conditioned,362,2000,2000,0,0.0,115.66422909996533,237.70832495264318,505.00212220419724,2346.680532145531,4.421059496485441,9.335572672429304,18.580040271659257,88.879602799805,56.43937261615683,65.97272064129417,69.81263633978251,76.81160325616099,2.0575270716592184,2.368369618261228,2.490672349486955,2.77039816174974
float64,1440,random_conditioned,362,2000,2000,0,0.0,452.497923559448,515.8200469213464,536.174917744412,579.6542212977091,6.384898619283755,6.8623473621441216,7.001182164663273,7.365211360791825,452.55585397079585,516.3511160301183,535.1224724718427,580.1612411495638,9.796869672503314,11.359279786753559,11.966379474105862,13.529390312881576
float64,1450,vandermonde,362,2000,2000,0,0.0,1086794518023.9231,3805431103287.7036,4904848003771.067,7366019776933.117,240431152570.84125,754019245106.0205,1005190432121.6486,1394991884590.0347,1.8628136265183002,3.2539526501396248,3.7666807302209406,4.869165716619667,0.3325220748373471,0.5903420735094278,0.7144810771478293,0.9810782427299168
float64,1451,vandermonde,362,2000,2000,0,0.0,2131047106514.602,5453713510174.807,6911988499958.392,10603352408196.016,342680143820.37946,903139296453.0093,1117936500016.7803,1598013697609.586,2.779457708589331,4.647724201621181,5.277264942333538,6.733766570840374,0.34712221828245077,0.6092907032437518,0.7126700067313847,0.985628196543499
float64,1485,scaled_adversarial,362,2000,2000,0,0.0,1.6247001863295224e-06,3.852302314482982e-06,5.033290467088422e-06,7.778001685283224e-06,1.6310880062767384e-06,3.7342379240421586e-06,4.907273222741573e-06,7.5183163750075745e-06,0.002197914760981307,0.01242000487041025,0.018926232850234224,0.03831541035189015,0.0021414758625131584,0.012025486421218444,0.018199194930806503,0.036182687716045325
float64,1486,scaled_adversarial,362,2000,2000,0,0.0,2.4971793936125823e-10,1.2147555579465966e-09,1.992717375023856e-09,4.764532578338249e-09,2.4547024044421544e-10,1.1796928867812665e-09,1.948271116293769e-09,4.6776092023570306e-09,3.477627606033448e-07,3.369108252689522e-06,5.861789462513518e-06,1.5054766862622203e-05,3.429227173593668e-07,3.298899979051985e-06,5.765145408322829e-06,1.4651019772099328e-05
float64,1487,scaled_adversarial,362,2000,2000,0,0.0,6.829460509860133e-18,1.1797308565557663e-16,3.025952052153956e-16,1.6589802923086584e-15,6.83164431208301e-18,1.1378052223670905e-16,2.989295493563532e-16,1.6585440157197385e-15,3.60653009911211e-15,1.726979884028936e-13,5.407053847964794e-13,4.159835261813955e-12,3.577594427242579e-15,1.7445718272514665e-13,5.242591557263072e-13,4.159528539861563e-12
float64,1488,scaled_adversarial,362,2000,2000,0,0.0,2.229360063162201e-25,1.2721237058167779e-23,3.9140595796013884e-23,3.457134413506787e-22,2.2283803949332774e-25,1.271586318186539e-23,3.8192870659745096e-23,3.4429253591185645e-22,3.723173641198133e-23,1.0953249214152595e-20,4.047083252133816e-20,5.005273535474175e-19,3.6721248752312606e-23,1.0923241590708482e-20,4.043160058498476e-20,4.165808065627254e-19
float64,1489,scaled_adversarial,362,2000,2000,0,0.0,6.737031517842596e-08,1.2589729829219013e-07,1.4981379069045255e-07,2.226987018162298e-07,6.520231971769077e-08,1.2175865094425817e-07,1.431684681030423e-07,2.1369555222996812e-07,6.737030352985897e-08,1.2589734557704245e-07,1.4981354309297418e-07,2.2269868658322634e-07,6.514001301996054e-08,1.2173730369533195e-07,1.433987857714936e-07,2.136751404063366e-07
float64,1490,scaled_adversarial,362,2000,2000,0,0.0,2.4875879829647523e-14,1.1212494090223559e-13,1.8002548099065523e-13,4.629642481269179e-13,2.519258598693965e-14,1.1168986989406315e-13,1.7947877930710182e-13,4.64870559041557e-13,6.9614210423790615e-06,0.0025013764428310587,0.008120237403569406,0.04348437818310633,6.773920199248047e-06,0.0024969705176181634,0.008087496626457615,0.0416368805603682
float64,1491,scaled_adversarial,362,2000,2000,0,0.0,6.09401847458342e-22,1.3024316172638261e-20,3.3286668199782e-20,1.669110604862639e-19,6.100723186101285e-22,1.2772786435727647e-20,3.2827367557471034e-20,1.6158908133892603e-19,3.3532775589970083e-12,5.941534846828447e-10,1.6941537485373428e-09,1.9745503101316242e-08,3.3651155300042754e-12,5.914791927983306e-10,1.667875290718767e-09,1.9690551201790846e-08
float64,1492,scaled_adversarial,362,2000,2000,0,0.0,2.3478914156174641e-29,1.4812178210109407e-27,6.362721295442477e-27,6.605620967797327e-26,2.355429159346432e-29,1.4763364782471556e-27,6.374463667258166e-27,6.604203809654771e-26,6.746304943484171e-20,3.804656772735812e-17,1.8608325428501517e-16,2.7230057532820467e-15,6.746304942302098e-20,3.804221034491373e-17,1.8608101138551097e-16,2.7213594526413834e-15
float64,1493,scaled_adversarial,362,2000,2000,0,0.0,3.3071384443270654e-08,6.217035597376725e-08,7.375962545188698e-08,1.0382774305629522e-07,3.222867837557858e-08,5.941503932154738e-08,7.098734058860443e-08,9.724793152336627e-08,3.3071384408760454e-08,6.217035644013743e-08,7.375962553067601e-08,1.0382774306054103e-07,3.2228671831861655e-08,5.941504419641385e-08,7.098734290197605e-08,9.724794247474361e-08
float64,1494,scaled_adversarial,362,2000,2000,0,0.0,1.0724407520322733e-15,3.795124159583496e-15,6.001241257102047e-15,1.1642452303870735e-14,1.049481794261731e-15,3.748834924726367e-15,5.9104495776530715e-15,1.1244508866631665e-14,1.0724441119161007e-15,3.795124121753075e-15,6.001239640184124e-15,1.1642452552698409e-14,1.0492282552887324e-15,3.742391993781036e-15,5.896565995195269e-15,1.1248550705922574e-14
float64,1495,scaled_adversarial,362,2000,2000,0,0.0,6.479140433835677e-26,1.0682967654061257e-24,2.673673914336292e-24,1.8616251575707646e-23,6.507635355038933e-26,1.0575131689541931e-24,2.6248853551454966e-24,1.699681014490861e-23,3.4613624816971126e-10,5.703579995984852e-07,3.542609047141571e-06,3.3432959366067885e-05,3.4556211575179577e-10,5.69352082225581e-07,3.5399316724066943e-06,3.2867751683306496e-05
float64,1496,scaled_adversarial,362,2000,2000,0,0.0,1.873070026549927e-33,1.4138850557100902e-31,5.160101267265917e-31,4.3230672310107375e-30,1.8727954932873e-33,1.4074071403904647e-31,5.1600898424517805e-31,4.317295530583793e-30,4.53497531279209e-17,1.131682627311737e-13,7.340239120816148e-13,2.0085042765128027e-11,4.5185905261944436e-17,1.1152072820545388e-13,7.299469429312817e-13,2.008504140082209e-11
float64,1497,row_diagonal_dominant_random,362,2000,2000,0,0.0,23.617672710489884,29.62349591401819,31.60580001246347,36.594104364285066,14.48875764028838,17.82390629451514,18.962487860272294,21.702311637506163,23.595849735479476,29.611672220879974,31.617667669244533,35.544233002295165,14.470287932053598,17.812378060280402,18.933863012883567,21.28255121674021
float64,1498,row_diagonal_dominant_random,362,2000,2000,0,0.0,23.097800175145046,29.06513905025889,31.052092483331283,35.94316105630044,11.30584378111322,13.816087094075113,14.653297929097011,16.70124410087331,23.22046198645281,29.052385083556814,31.081536541678574,35.02756349131904,11.376640427955575,13.77903621613312,14.71595585055483,16.4923689977554
float64,1499,row_diagonal_dominant_random,362,2000,2000,0,0.0,22.802932845497686,28.645744478843145,30.56161340626154,34.5422387340507,9.858037007079925,11.993173006829696,12.700647538211337,14.134928511473923,22.846683175624364,28.655283640871993,30.617946535118026,35.23641679565733,9.88499482326895,12.008346553611068,12.746253086948167,14.446652518457253
float64,1500,row_diagonal_dominant_random,362,2000,2000,0,0.0,22.42052725655452,28.07350118055431,30.0332728652227,34.697757874130176,8.569681777906075,10.313444128757869,10.959971527735739,12.310711198657074,22.323346635130648,28.120861312791437,30.070360772621797,33.99032505894961,8.51385962737773,10.337738702292942,10.885234575741942,12.247574671174291
float64,1501,row_diagonal_dominant_random,362,2000,2000,0,0.0,22.049779720557453,27.591038550872113,29.406116626095965,33.46999233453271,7.886509090670735,9.42621615352096,10.005599807077315,11.099367266732543,22.1188943099756,27.803402646788385,29.686156569401806,33.50790403006137,7.890707397720835,9.52911127665204,10.036645775423922,11.223394405258937
float64,1502,row_diagonal_dominant_random,362,2000,2000,0,0.0,22.02778245451014,27.49418408029154,29.426904990373142,33.19558426838114,7.590420599422304,9.03465606216992,9.56816766158322,10.524079672001605,21.91576792271165,27.562451211822122,29.424527152902332,33.17051737155958,7.515887324138475,9.087483547587327,9.557938822921683,10.693123172402387
float64,1503,row_diagonal_dominant_random,362,2000,2000,0,0.0,21.904978671162674,27.534613425982425,29.456392173829464,33.23042115613035,7.437078155109012,8.978164977645415,9.452689484699247,10.497394699537985,21.801518557679238,27.518811150115148,29.43236881386138,33.68124185874408,7.383394824871869,8.938389428923259,9.469823558846617,10.718187404635612
float64,1504,row_diagonal_dominant_random,362,2000,2000,0,0.0,21.869569081715063,27.519357466680848,29.285667231828253,32.966317732775124,7.401821966137247,8.86455567070771,9.32738469637044,10.291642576453343,21.87321001686201,27.468371674613213,29.37848274118379,34.59711642797062,7.369748558135823,8.848807413432228,9.378499604527688,10.668624589300531
float64,1505,row_diagonal_dominant_random,362,2000,2000,0,0.0,21.80152283883387,27.341548932906722,29.15298577636539,33.21146452118621,7.279671375280262,8.73088606558509,9.212943421173554,10.330660459122692,21.8531618094715,27.401405900955513,29.21863964361763,34.055129598545854,7.321175560553167,8.733788217312807,9.227979950929686,10.573837043744904
float64,1506,row_diagonal_dominant_random,362,2000,2000,0,0.0,21.781105991710348,27.392325740967827,29.212072789009294,33.08778781100373,7.302183588819156,8.770285617470945,9.224107601887791,10.24890467479716,21.792801161354866,27.279815176254075,29.110398656427055,32.71303019098372,7.299352321699834,8.705354520471696,9.222515470752128,10.077773575068443
float64,1527,row_diagonal_dominant_stochastic,362,2000,2000,0,0.0,26.75570732525479,32.64070563776159,34.808370911374176,39.12701306937201,15.115026176247977,18.04901582911399,19.13127990754961,21.16804047872027,26.777767454692906,32.622023958324924,33.86928666301296,38.15880798757007,15.06818389559981,18.01218901329394,18.99376486889636,21.035790271634777
float64,1528,row_diagonal_dominant_stochastic,362,2000,2000,0,0.0,12.790330316914003,16.15442487095432,17.905357168578227,24.61109476094562,9.831776771125368,11.531217535869036,12.152017580145094,13.347815768273495,12.811612168202734,16.00528262426829,17.928404293590827,24.586881536200003,9.739838145021405,11.47505928514394,12.03142618095536,13.307875468812211
float64,1529,row_diagonal_dominant_stochastic,362,2000,2000,0,0.0,9.079522548150992,10.890138043111923,11.545523478680492,13.208817609608037,7.188839236722693,8.259353321653677,8.646820040364624,9.71101229153962,9.102225493415066,11.198040037254993,11.863886846939995,13.201310449737004,7.063733206067555,8.242927481261106,8.60913451425658,9.391585044105653
float64,1530,row_diagonal_dominant_stochastic,362,2000,2000,0,0.0,4.959873634331811,6.0783508424431405,6.4435615404873285,7.17411847251824,4.5264853487925745,5.169933980756987,5.379043392339123,5.7537738531233265,4.953959761556761,6.072392947860051,6.436877341684032,7.354915988587412,4.366183112294102,4.930128797767551,5.16791625529614,5.609258562805339
float64,1531,row_diagonal_dominant_stochastic,362,2000,2000,0,0.0,2.6058642630480056,3.152032837593615,3.371615845614899,3.849793523934115,3.2805322922703164,3.5972172388205568,3.716154763407796,3.9498597187478475,2.596732002929289,3.1051742460355323,3.2887438257957093,3.7569603813452437,3.0587671631375697,3.3216518538214577,3.419334436392408,3.6696646726035533
float64,1532,row_diagonal_dominant_stochastic,362,2000,2000,0,0.0,1.3247268541882997,1.4165409661170671,1.4474572689265208,1.585779881834395,2.5827296584302233,2.775981048090025,2.834863973271913,2.998539583986297,1.2715826828823145,1.3607169674592219,1.4304077305832126,1.5761089871907763,2.244572567007911,2.3558691725445633,2.4031179080073355,2.4814452093618855
float64,1533,row_diagonal_dominant_stochastic,362,2000,2000,0,0.0,1.3021452053256308,1.3578492428403073,1.3726710071121178,1.4021275521315377,2.4748547120528612,2.664295412279746,2.7313128148351327,2.901513221918833,1.1852232033017729,1.238717561684391,1.254107421876464,1.2878741654709105,2.006174984136608,2.0733545198274954,2.0947170602101415,2.136717081012406
float64,1534,row_diagonal_dominant_stochastic,362,2000,2000,0,0.0,1.2963325027372847,1.3566149142744692,1.3705433773457558,1.3997543454477857,2.4545541953430465,2.646067199296387,2.7257453732949863,2.864096697011482,1.1251862674398,1.1751602668601022,1.1886749549106947,1.2197880298168862,1.919004872016922,1.9654540258304185,1.9802883858363747,2.009179413607315
float64,1535,row_diagonal_dominant_stochastic,362,2000,2000,0,0.0,1.2965790740719756,1.356808310922528,1.3733201282472165,1.4049649534472326,2.5928659386104758,2.793121749566487,2.873212875196207,3.044527221519213,1.0244814330052585,1.0674577058236203,1.0815187530406667,1.1030499983630424,1.9655822038659192,2.006181429910583,2.0211952476379316,2.0590678782607252
float64,1536,row_diagonal_dominant_stochastic,362,2000,2000,0,0.0,1.3391670442130588,1.4002135568098222,1.416560520787807,1.4518348187279595,2.6446529746214145,2.87015148712479,2.953565307759131,3.0978806182898415,0.9705844591983628,1.0171017171365908,1.0291280284372373,1.051096891771269,1.9587494570801631,2.0013794523429818,2.0152058593102047,2.0435175484635915
float64,1537,spd_prescribed_spectrum,362,2000,2000,0,0.0,3.3033301251097367,3.9470187309853237,4.159489144025339,4.629968668195954,0.6586364953742236,0.699929698407719,0.7133214689765407,0.7362552686901066,3.227801318154288,3.8792748963932655,4.067753362467142,4.609142229961653,0.5605022270140299,0.5979044182170138,0.6113421854332772,0.6435052757141888
float64,1538,spd_prescribed_spectrum,362,2000,2000,0,0.0,2.324460199938578,2.4660106433350117,2.509608303064978,2.5783452555285384,0.5381295460888154,0.5713438257603763,0.5818437636511083,0.6062183132241802,1.200286759862483,1.2995227525086277,1.3605123469607274,1.515059514417832,0.3923175554728414,0.4448351965309836,0.4654194237360929,0.5099291250497395
float64,1539,spd_prescribed_spectrum,362,2000,2000,0,0.0,2.6099817514992276,2.7924296295883857,2.8494157692099353,2.967137163467813,0.5760452014735826,0.6174994408141309,0.6345725315626727,0.6655593915677979,0.980096651117006,1.0389983705591206,1.0575135980487043,1.0916248541318505,0.3388707793283362,0.3793948592595284,0.4018977607385644,0.4399075886251001
float64,1540,spd_prescribed_spectrum,362,2000,2000,0,0.0,2.8760518766941647,3.098731438117917,3.1728225776091574,3.2961761386220947,0.6354601855355971,0.6871260978417199,0.7040824059475854,0.7376585714781845,0.8871963791353623,0.9453112143476159,0.963925438331006,1.0012465356356264,0.31113348312289507,0.3399377593731482,0.35167556285739615,0.38147985139176194
float64,1541,spd_prescribed_spectrum,362,2000,2000,0,0.0,3.1105202706075668,3.3902202444713465,3.48076019912835,3.6464532827798997,0.7013697379876341,0.7588370991598731,0.7793097040110548,0.8162846249533481,0.8224156584013156,0.8799248418629108,0.897705300431796,0.9388141945124981,0.29457929855036874,0.3202939402739905,0.32895724171592633,0.34842763385675324
float64,1542,spd_prescribed_spectrum,362,2000,2000,0,0.0,3.3484149123381988,3.696797613635291,3.7989281069061516,4.050023280223664,0.7693593379456457,0.8419566394971997,0.8657279559411999,0.9227531915261266,0.7678493391804765,0.8285750871461103,0.8514837202786066,0.8895555067118498,0.28297835962822293,0.3096511981338959,0.31763750112133904,0.3384990592863302
float64,1543,spd_prescribed_spectrum,362,2000,2000,0,0.0,3.559073611810984,3.9493773913328565,4.095812471827936,4.773238445487163,0.8358353034395047,0.9253195435577845,0.944616113644025,1.0230758081890199,0.7238955600947148,0.7818336890524173,0.8024564569742968,0.8357134258027753,0.27359284274448237,0.29973688949636335,0.30807474420818115,0.3275054797712684
float64,1544,spd_prescribed_spectrum,362,2000,2000,0,0.0,3.8356745707751054,4.927509440043108,6.547387813745697,9.244215582452453,0.9208994967296166,1.1000692593667802,1.3404403746921882,1.7656025662796104,0.6806085070025008,0.7406545120059624,0.7613960104505542,0.7976083913478336,0.26516921245588126,0.2907397105329031,0.3010114319027988,0.31772973641916075
float64,1548,random_conditioned,512,2000,2000,0,0.0,70.43505887860229,78.45721287089432,81.05302500020332,87.31232892187502,4.848873562321582,5.213127632709828,5.332696419583272,5.616397337016685,33.3542686469592,37.850557657396664,39.554023430117944,43.735348827977745,2.5800778396827773,2.8652850620460475,2.975455239056924,3.2224283809209355
float64,1549,random_conditioned,512,2000,2000,0,0.0,44.59503097035842,47.58479721759392,48.60863499778494,50.368255253493764,3.171440274152058,3.810756137972382,4.06517572946234,4.589472784124932,33.80216364748237,36.49036415431283,37.30896063595149,38.72144262393266,4.713672377133523,5.35131636329029,5.560800253189751,6.03203016286119
float64,1550,random_conditioned,512,2000,2000,0,0.0,186.2783787421081,205.36143091588033,213.6310609644265,228.05523242441765,5.189710578238151,5.544740185933362,5.653399458149069,5.953118170489004,98.5107408169661,112.6761724760857,117.85411451130824,127.02074927883035,2.7763283902837097,3.105584540772912,3.232009936362837,3.4750341720107
float64,1551,random_conditioned,512,2000,2000,0,0.0,37.736354947669895,42.018124181972,43.47826275753504,46.88144029113438,4.176346148449496,4.544879850110529,4.645772477686251,4.861647901572241,10.908118567894846,12.703416714938166,13.227495167855187,14.239847613851468,1.3764129424625902,1.5609160372612834,1.6305436966650095,1.7908285827041095
float64,1552,random_conditioned,512,2000,2000,0,0.0,44.620536587867704,47.655020070768146,48.57209000418235,50.71314642404518,3.1605270054603607,3.8148762248649906,4.030105125453592,4.615615598263616,33.708370393041804,36.4436748436773,37.25035977535479,38.706088024118706,4.716122585023612,5.349234487451167,5.54923788266817,5.981705473688555
float64,1553,random_conditioned,512,2000,2000,0,0.0,182.10787845891372,201.29426203912308,207.86443486121618,221.95655520075016,5.202473977513931,5.527654706482742,5.669723103409189,5.897071598612824,94.55643287271712,108.75546734634001,114.29784539719478,124.93467914819975,2.6090914953708157,2.9568596579754005,3.066622208245891,3.375946379873859
float64,1554,random_conditioned,512,2000,2000,0,0.0,27.77819567500047,31.2701500037566,32.2969809516723,34.59164767946708,3.929069514307875,4.309050625187901,4.43248389934234,4.734602610161224,5.6925616291214975,6.6442148066805125,6.956039518800617,7.559754376658584,0.9535087860209284,1.1075840251502687,1.1545390297803402,1.2681260021457328
float64,1555,random_conditioned,512,2000,2000,0,0.0,44.619348302375286,47.64985284394358,48.59797129363058,50.07749857192113,3.1500433131097934,3.8150215767084767,4.069551721846393,4.488127335393971,33.63496756184494,36.28535726952493,37.13899630839513,38.907049420048345,4.707756990956353,5.295634656749593,5.488863699642225,5.828976686744012
float64,1556,random_conditioned,512,2000,2000,0,0.0,183.05597720414238,202.80190456854848,209.267834349052,223.76369555919064,5.3348949273671185,5.725388980591455,5.850930323601841,6.105406886297853,93.8256855370709,107.9347804356936,112.84035985409378,124.76046728085154,2.5886713726536126,2.938166237303468,3.0595026594113337,3.3170827850905567
float64,1557,random_conditioned,512,2000,2000,0,0.0,22.605353333425704,25.433370357013562,26.287983526887373,28.44703880039355,3.7728088824989,4.145232465025367,4.25798650231329,4.4719665698072975,3.666506011672867,4.337358027466148,4.536650847933522,5.02445452721299,0.7383234463668722,0.8691483947649844,0.9173846936319721,1.0416695862544767
float64,1558,random_conditioned,512,2000,2000,0,0.0,44.554683036169756,47.830835273559565,48.623530016252225,50.41182489840637,3.1634277070307393,3.8051778499891995,4.041594019783897,4.470900209990775,33.7040880705898,36.240658333150606,37.013147305689024,39.035183244883875,4.707056111025674,5.318245825871842,5.5135117262716795,5.933276680511201
float64,1559,random_conditioned,512,2000,2000,0,0.0,186.7258979076336,223.0648211265261,271.32934989054576,445.0203043268782,5.491338071180608,7.428021692608305,9.15288351328067,13.332874682058177,94.02720106366908,108.82680715351873,112.53735360287402,122.69925888551565,2.6055351420710497,2.9293626712198613,3.0396290744741674,3.313358135367254
float64,1560,random_conditioned,512,2000,2000,0,0.0,19.697432106912864,22.18830606096766,22.948124806756475,24.43882449733774,3.6673030599829675,4.065962494125486,4.181765689539168,4.434751684259537,2.6187990403549137,3.159353436352281,3.3189462710850153,3.7143904982016926,0.6121280552242416,0.7399543124783252,0.7845791896782114,0.8866465632671745
float64,1561,random_conditioned,512,2000,2000,0,0.0,44.61379008717347,47.663809319208696,48.62900106298721,50.56421111961695,3.147770036132765,3.85664121500188,4.069601991846881,4.589733667637366,33.67970497607827,36.23717184475597,36.95923445887032,38.601764618640495,4.6909564148251395,5.342790930276083,5.569681845364259,5.979216395821617
float64,1562,random_conditioned,512,2000,2000,0,0.0,187.43656726494225,244.53424610565563,484.0933070137539,1711.2504546664704,5.493110718019576,8.373934420630649,14.377334712712852,47.90488234460334,94.10447099074369,108.69485980258693,113.23066670185113,124.91141244033845,2.612351354283045,2.9415307881053487,3.0703871198784256,3.4247372636560254
float64,1563,random_conditioned,512,2000,2000,0,0.0,17.56749699402471,19.75785003850051,20.414828726864,21.910700414873432,3.6064004589381216,3.9795140487369594,4.085617104784306,4.315921903551541,2.008778054792667,2.446475293723237,2.6089633771972123,2.923982782741391,0.5284665382563403,0.6346111969993472,0.6807629105430452,0.7883928722676418
float64,1564,random_conditioned,512,2000,2000,0,0.0,44.622587881802545,47.69097109477849,48.54597452915832,50.156017360809244,3.1639655574433156,3.8780726432195056,4.077529772526304,4.6266258678760686,33.64425923611073,36.30712732021731,37.15268133494976,38.86839312532351,4.682397671661425,5.274609589900726,5.479946011845586,5.968257385799607
float64,1565,random_conditioned,512,2000,2000,0,0.0,186.33310352566906,234.70224985115712,424.5452540549222,1903.0221190084158,5.477811500502526,8.057620081009121,13.071631704751173,60.955362392267055,94.06050524108034,108.1317757010962,112.52141690274367,124.95528306154486,2.599595947054468,2.9230715578046955,3.0488768457841156,3.368452884443207
float64,1566,random_conditioned,512,2000,2000,0,0.0,16.20338830539881,18.242779209418067,19.00539858534484,20.166641410559297,3.5260834590321712,3.9634228862870704,4.096897963722985,4.388432450702046,1.6235440255252893,2.0036456517595775,2.122741658528017,2.369839330991725,0.4734203098127192,0.5798777431155812,0.6182654318558729,0.6930181006949251
float64,1567,random_conditioned,512,2000,2000,0,0.0,44.62478613155224,47.74746887101338,48.626414611294194,50.2026465350862,3.153612731021113,3.8348079446579337,4.077319871570464,4.535024570715573,33.68164145225354,36.22928433992522,37.11524746748186,38.68580915323475,4.707281458695912,5.322285808930349,5.5498157292393,5.924851942358702
float64,1568,random_conditioned,512,2000,2000,0,0.0,183.40559439730146,223.9567972610346,373.85322065223886,2092.1784309555724,5.478633219238172,7.859559931228299,12.093308007678061,61.90004727936499,92.15964481319159,106.7579237426733,112.0749478957855,121.09363258058413,2.6054769633802044,2.94510591908672,3.0913331399694073,3.408337192233099
float64,1569,random_conditioned,512,2000,2000,0,0.0,773.0392981100006,860.7111143050296,887.5344459054679,951.1812064145985,8.339179307117073,8.87205807575399,9.033168446017367,9.403663449783611,772.1487068437837,860.2948021968291,888.9709794375443,947.7561011174004,12.426194576018885,14.023869948152875,14.722435651284048,16.21175600178176
float64,1579,vandermonde,512,2000,2000,0,0.0,3751435370307.7114,11195298507560.135,13822751004787.793,20655369222736.62,702269129500.1853,1950322490429.5942,2438020153768.863,3477121950972.0137,2.0579524030670626,3.5489707780585795,4.007012046427012,5.283445260068245,0.31449000486631723,0.5498875858295517,0.645551267790251,0.8899915089859723
float64,1580,vandermonde,512,2000,2000,0,0.0,6770046502483.049,15035877653120.451,18525966370634.35,25076635401562.918,938199321464.4261,2110158615940.3213,2632059456185.92,3554646020395.7056,3.0212619579853257,5.054146089525404,5.739055579967042,7.2429350740897505,0.32495119774182407,0.5530125616710612,0.6452375500966356,0.829861300018151
float64,1614,scaled_adversarial,512,2000,2000,0,0.0,1.5656122175376936e-06,3.317724249491626e-06,4.120160310358013e-06,6.292117376772302e-06,1.5308983499651422e-06,3.214699699326657e-06,4.011844384017147e-06,6.222493837637246e-06,0.002811716016147643,0.011789333169899401,0.017958501319747848,0.03131131126755316,0.002686307193734365,0.011320153392463101,0.017071203591112902,0.030454457675382355
float64,1615,scaled_adversarial,512,2000,2000,0,0.0,2.029037719871055e-10,7.943587870704219e-10,1.1509950011259693e-09,2.0530629207749633e-09,2.0173276570966055e-10,7.689635768090853e-10,1.0996474838005487e-09,2.0140277430615296e-09,3.591415212722038e-07,2.757243573793672e-06,4.597353158093419e-06,1.1472245718128817e-05,3.536712120445775e-07,2.6927573954342573e-06,4.497810357926857e-06,1.0919617532084306e-05
float64,1616,scaled_adversarial,512,2000,2000,0,0.0,4.8269286043381245e-18,5.69664066381216e-17,1.0619516634427461e-16,4.184647182471045e-16,4.7944683179508535e-18,5.651290203220139e-17,1.0495916136825639e-16,4.0736116242794004e-16,4.649766364398206e-15,1.1579193431857406e-13,3.0916637378633445e-13,1.3301941574121924e-12,4.609386625754598e-15,1.1498040081572465e-13,3.045837708940835e-13,1.3069556105032795e-12
float64,1617,scaled_adversarial,512,2000,2000,0,0.0,1.1823695122862523e-25,4.204105516589827e-24,1.1436572564799718e-23,7.06417325896037e-23,1.1747445718656737e-25,4.142878513539921e-24,1.1244903873529976e-23,6.779263330310605e-23,4.0631511887234003e-23,4.960780776104148e-21,1.8545745469237586e-20,1.2216026499481592e-19,4.014535904224962e-23,4.9152072165438555e-21,1.7575307689454893e-20,1.222884371389141e-19
float64,1618,scaled_adversarial,512,2000,2000,0,0.0,5.530730366034504e-08,9.549652293594705e-08,1.1130481169850847e-07,1.469343025794436e-07,5.3760386593078305e-08,9.185530206178881e-08,1.0790364039102952e-07,1.3936316872259582e-07,5.530728251194711e-08,9.549651468053485e-08,1.1130480234746639e-07,1.4693432065542476e-07,5.384415003760519e-08,9.177794693264641e-08,1.0779598518859966e-07,1.3951340224384074e-07
float64,1619,scaled_adversarial,512,2000,2000,0,0.0,2.1464450303538415e-14,8.36052551730429e-14,1.254601667156304e-13,3.077026407969308e-13,2.1841635090231463e-14,8.378866030414463e-14,1.2329762980907001e-13,3.051346706663847e-13,1.9854087532311884e-05,0.0027663611083396664,0.00812470484056233,0.02514877443261371,1.963393347527842e-05,0.0027200372928294072,0.007576887288514924,0.02510558705668908
float64,1620,scaled_adversarial,512,2000,2000,0,0.0,5.035790925120966e-22,5.983303171399185e-21,1.2703865728925103e-20,5.726487718903157e-20,5.06826443543202e-22,5.9317471394128496e-21,1.3116843256648584e-20,5.667372591042982e-20,7.0588946031938335e-12,4.709043779632276e-10,1.4007557726590569e-09,9.344487157305515e-09,7.058719652265065e-12,4.695017167014166e-10,1.396212302282039e-09,9.344457226901688e-09
float64,1621,scaled_adversarial,512,2000,2000,0,0.0,1.0665721185821269e-29,4.096575548216531e-28,1.2486380752238593e-27,1.406648455971274e-26,1.0624039732030484e-29,4.089500070829572e-28,1.24863806876072e-27,1.3834251993304537e-26,1.1595809568723994e-19,2.6502940743956024e-17,1.0451395243758721e-16,7.566349899365437e-16,1.1595805445491233e-19,2.583788794603708e-17,1.0395922723164172e-16,7.566347723699603e-16
float64,1622,scaled_adversarial,512,2000,2000,0,0.0,2.7476928164400458e-08,4.782471915415195e-08,5.8912639403909084e-08,7.880761821127658e-08,2.6631538947474102e-08,4.5095465518597365e-08,5.542952966640784e-08,7.509349583444182e-08,2.7476928164841464e-08,4.782471915672352e-08,5.891263938900093e-08,7.880761824919068e-08,2.663154512774978e-08,4.5095465139470904e-08,5.542952766538463e-08,7.509349515337595e-08
float64,1623,scaled_adversarial,512,2000,2000,0,0.0,7.229824484389636e-16,2.2587350611235748e-15,3.204169697368297e-15,5.7924552188155075e-15,7.070520776532906e-16,2.1989544115929618e-15,3.150676341251516e-15,5.6649381056026444e-15,7.229824426762871e-16,2.2587386308862374e-15,3.2041697976955016e-15,5.792401902759123e-15,7.074056314075521e-16,2.19882413472095e-15,3.149831774045497e-15,5.664578781707309e-15
float64,1624,scaled_adversarial,512,2000,2000,0,0.0,5.0112279260806364e-26,6.1955682623526455e-25,1.1588743214242047e-24,4.514836924662682e-24,4.9741371948533855e-26,6.126928187291262e-25,1.1570249771621972e-24,4.5149332736745196e-24,1.082623455316777e-09,6.476435759274803e-07,2.318547709156904e-06,1.8693235196364617e-05,1.08260721605738e-09,6.351351527142606e-07,2.305547140632193e-06,1.8455880904301034e-05
float64,1625,scaled_adversarial,512,2000,2000,0,0.0,1.375407317464017e-33,5.45251989314389e-32,1.7022380996372357e-31,1.0105577037853189e-30,1.3581903203602812e-33,5.376608225617927e-32,1.7022380996415521e-31,1.0086843531566813e-30,1.5905836978808678e-16,9.214446898437964e-14,4.061034663099546e-13,8.678407360588317e-12,1.5848384402613202e-16,9.213410748448768e-14,3.84453070212684e-13,8.678396537672832e-12
float64,1626,row_diagonal_dominant_random,512,2000,2000,0,0.0,21.632214004923526,25.985806152539805,27.796927403993106,31.751154755545933,13.546778447987093,16.34953490998282,17.329808942920067,19.186121957715535,21.618159910520376,26.731096442185397,28.73668443366202,32.63863486771073,13.564579339293363,16.792171845911614,17.89071314751075,19.676795682757103
float64,1627,row_diagonal_dominant_random,512,2000,2000,0,0.0,21.301890927863894,26.093701713562453,27.447306824730735,31.346626300715666,10.722346251136205,12.830749983472518,13.372280992546596,14.936667556231589,21.362941207584708,26.342141016226158,27.45120720032995,31.310972999771675,10.724730456546318,12.829802358806068,13.336100215553328,14.944849830135098
float64,1628,row_diagonal_dominant_random,512,2000,2000,0,0.0,21.203967211459013,26.159966575339666,28.18231484471421,31.111642355965103,9.50107973630029,11.392286000492417,12.132826498433896,13.117985733092949,21.19194037990372,26.10288089286468,27.188746925223718,31.95436518372835,9.487622257663256,11.318746856114233,11.794172183226872,13.2155555410845
float64,1629,row_diagonal_dominant_random,512,2000,2000,0,0.0,20.765640544821267,25.64055045122657,26.812617131725105,30.637239503514337,8.22898333010074,9.728869927543707,10.157280891057951,11.238932539309905,20.963223798522893,26.2930223775749,27.655451362466717,30.592076678873845,8.272443648168178,9.915676140767342,10.368302820833968,11.275173122193756
float64,1630,row_diagonal_dominant_random,512,2000,2000,0,0.0,20.618933090292337,25.774640622871715,27.316887253889465,31.2578017824627,7.651570253939135,9.170313693997404,9.574067123170783,10.797794986990814,20.63278839093479,25.0290981561439,26.566093641901865,30.445672569472624,7.640676178634958,8.962993340669867,9.405660128613677,10.470338734368623
float64,1631,row_diagonal_dominant_random,512,2000,2000,0,0.0,20.492314039547985,24.78821817826669,26.623932358345304,30.141323047520903,7.3045279748142224,8.582412465092121,9.028315693238968,9.999268517834514,20.498588167147197,25.277677862635,27.11019242206844,30.990718389114516,7.305572759099341,8.632831194167577,9.072610997918925,10.0645961226828
float64,1632,row_diagonal_dominant_random,512,2000,2000,0,0.0,20.514134745748724,24.66514591919201,26.759756551075775,30.089029658318868,7.2202092912176195,8.53644300171703,8.945343392764045,9.772532225814237,20.503505871542806,25.23791573929974,26.364901301280018,30.804891490358585,7.209718157158127,8.462790479530277,8.88248629344376,9.912136086376485
float64,1633,row_diagonal_dominant_random,512,2000,2000,0,0.0,20.468586170728138,25.303368845906082,27.494418370693307,30.16162102058043,7.145538580593838,8.467821236914117,8.985822454710457,9.775966635599358,20.481959543645246,25.131189768742978,26.354906240829294,29.99326109741896,7.151935235986286,8.3514926794884,8.812771809008227,9.67316131505326
float64,1634,row_diagonal_dominant_random,512,2000,2000,0,0.0,20.465321806210262,25.2510684419003,26.36483038950073,30.33489170381691,7.131902618266585,8.447939094888946,8.804379229358782,9.967576072723284,20.435357395354877,25.59800881712117,27.118845231926045,30.976422650470887,7.1189680524237895,8.434549807038984,8.93327342674707,9.856349736560606
float64,1635,row_diagonal_dominant_random,512,2000,2000,0,0.0,20.40035931393198,25.192210633061237,26.251784574022665,29.87767376518311,7.1071767441294895,8.34939893769229,8.654583027835553,9.57120117980279,20.476638768965152,25.217521734481004,26.94414646281553,30.05714910439632,7.110948657400375,8.359267034187623,8.769495630875664,9.647757479450137
float64,1656,row_diagonal_dominant_stochastic,512,2000,2000,0,0.0,21.346239436652574,25.969389984386282,27.698356500617646,31.30597091839675,13.747436523437473,16.31010742187496,16.979754638671825,18.982226562499953,21.443047759810426,26.108523629415437,27.85102749604745,31.161735629478567,13.749023437499964,16.254345703124955,17.193487548828088,18.770903320312453
float64,1657,row_diagonal_dominant_stochastic,512,2000,2000,0,0.0,11.000129981682846,13.313720948775021,14.19817004671034,16.518017463347924,9.280957031249976,10.740058593749975,11.202421874999965,12.47262011718747,10.975446178597245,13.323181912668005,14.230229124435475,16.073654235322078,9.080859374999978,10.59307617187497,11.069824218749972,12.08416992187497
float64,1658,row_diagonal_dominant_stochastic,512,2000,2000,0,0.0,7.92155447418186,9.630726492213121,10.020803092916074,11.254593727851157,6.977148437499978,7.92308593749998,8.242988281249977,8.886886718749976,7.919912101511304,9.59199633270433,10.123004846618036,11.248423328041515,6.724609374999982,7.642148437499977,7.945273437499979,8.550062499999974
float64,1659,row_diagonal_dominant_stochastic,512,2000,2000,0,0.0,4.31474982825511,5.222224442292918,5.412253727183414,6.297456681427335,4.652343749999993,5.131171874999986,5.315468749999988,5.682449218749987,4.31813126000735,5.359516510500222,5.592414260980393,6.129032661071993,4.349218749999991,4.827773437499991,4.989199218749991,5.34069140624999
float64,1660,row_diagonal_dominant_stochastic,512,2000,2000,0,0.0,2.2730249182278186,2.7427602333153254,2.9264400824797536,3.3034515230119488,3.581445312499995,3.857109374999995,3.9509374999999944,4.161343749999993,2.2736610580895618,2.8018149774914063,2.99040623783063,3.296966210884335,3.142578124999995,3.380273437499996,3.4712890624999955,3.639070312499994
float64,1661,row_diagonal_dominant_stochastic,512,2000,2000,0,0.0,1.382889800317641,1.4444739053046547,1.4589112950064766,1.4956035318906238,3.064999999999997,3.2206249999999983,3.2813124999999963,3.396968749999997,1.3069413472698408,1.3645770883584039,1.379488745179414,1.4228930972822633,2.5399999999999987,2.642499999999997,2.6764062499999985,2.7643812499999965
float64,1662,row_diagonal_dominant_stochastic,512,2000,2000,0,0.0,1.3770071199967076,1.4284792570730853,1.4445865779264528,1.4722335307867616,2.9621874999999953,3.1249999999999956,3.201874999999994,3.346956249999996,1.2506609147721965,1.2991382940670269,1.3109836189740092,1.331067390879836,2.3537499999999962,2.410062499999998,2.4306562499999957,2.4725124999999957
float64,1663,row_diagonal_dominant_stochastic,512,2000,2000,0,0.0,1.3829652604205707,1.4358610591748566,1.4497245821008191,1.4800559736831558,2.9662499999999543,3.1569374999999527,3.2293749999999513,3.3887937499999503,1.1971615634219477,1.2442776069304522,1.2568551905730625,1.2769253245048497,2.2862499999999635,2.3274999999999624,2.3399999999999643,2.375006249999965
float64,1664,row_diagonal_dominant_stochastic,512,2000,2000,0,0.0,1.3906448331895944,1.4444038656732334,1.4626098916454024,1.488853528871755,2.786749999999952,3.011049999999954,3.100724999999948,3.291579999999944,1.115682300954995,1.1597981648528475,1.1731840629856218,1.1967239297587084,2.1574999999999704,2.194999999999959,2.203524999999962,2.2305049999999644
float64,1665,row_diagonal_dominant_stochastic,512,2000,2000,0,0.0,1.3905154446951307,1.4535753839940104,1.4714537360616537,1.5012080244089605,2.8197499999997833,3.0680499999997757,3.1504999999997483,3.4125449999997413,1.0279126682607482,1.0664479967856895,1.0782155439617118,1.099425451366828,2.143499999999829,2.1804999999998436,2.1915249999998423,2.217504999999834
float64,1666,spd_prescribed_spectrum,512,2000,2000,0,0.0,3.109856277702523,3.5880717231353416,3.7740392795339566,4.270662155856518,0.6843530542941049,0.7155837799876769,0.7273058721555635,0.7503677803088508,2.9583224200642375,3.495507573039037,3.680348870081192,4.1288118569895875,0.5632794708125994,0.5892161260008908,0.5978660994975461,0.6190797674571281
float64,1667,spd_prescribed_spectrum,512,2000,2000,0,0.0,2.963679400724538,3.124755803528003,3.1718204150278284,3.2370446857175614,0.5899488191008062,0.6209476373467372,0.6318245406814988,0.6515928494652801,1.3622628914816788,1.4416572704392654,1.4863668753010941,1.6152450496529998,0.3884506841361819,0.4158536357940342,0.42541978363018224,0.45760502402063186
float64,1668,spd_prescribed_spectrum,512,2000,2000,0,0.0,3.3463775950716013,3.5513271320145567,3.6250577395439647,3.743251215813092,0.6330030820215724,0.6729222087397946,0.6871973307196707,0.713729196724657,1.1472251302184207,1.2082367852359053,1.2249496398278183,1.2612710382522019,0.33497698657442365,0.3566416917079114,0.36433153373495963,0.3830600099710695
float64,1669,spd_prescribed_spectrum,512,2000,2000,0,0.0,3.702489450917368,3.956598800917842,4.026943322831482,4.192152079025742,0.7032250697881834,0.7500106460140498,0.7645967949284513,0.795621653202317,1.0533242328497638,1.1131086315473169,1.1326805494159702,1.1670814658809818,0.31099357749173934,0.3324496577423891,0.3391259694416551,0.35017008163484525
float64,1670,spd_prescribed_spectrum,512,2000,2000,0,0.0,3.993153875475544,4.303681440659692,4.394942820521601,4.5614295178577855,0.7801679804781114,0.8357255506317318,0.8544365373970182,0.8944457619591898,0.9771812179235958,1.039175501149206,1.0571539505930978,1.092003321306922,0.29750913341281326,0.31767567636613386,0.3232888261425264,0.3356501375086157
float64,1671,spd_prescribed_spectrum,512,2000,2000,0,0.0,4.262241368322922,4.62432338747461,4.744122219325398,4.989857318148725,0.8585428078864872,0.9277172468412164,0.947946920152778,0.9863268983432447,0.9095287244450069,0.9699206723808653,0.9877223172732138,1.0283920000577438,0.28782131911444364,0.30882806996831275,0.3159652426087671,0.32572659462416154
float64,1672,spd_prescribed_spectrum,512,2000,2000,0,0.0,4.4965042103426285,4.9058221138328095,5.032447652228843,5.269404283526842,0.9292308813037736,1.0085898329447405,1.036625674887838,1.0866493600893958,0.8490436635173457,0.9088622764029942,0.9260077037440559,0.9616316729288661,0.27758837559512606,0.2990480632454569,0.30463154279267096,0.3187080893985255
float64,1673,spd_prescribed_spectrum,512,2000,2000,0,0.0,4.736375521770593,5.204177096255277,5.347437271014843,5.77622246848975,1.005988750236893,1.094827804414876,1.1237114665677987,1.1896556019938123,0.8014981647432982,0.8603527543170728,0.876768121669893,0.9117548683477927,0.27050322891142264,0.2913165189995907,0.29863614007536243,0.31122342788164503
