block_index,cell_id,family,stochastic,n,parameters_json,expected_matrices,recovered_matrices,completion_fraction,state
0,random_conditioned:3d4ea8f7b0b7ac02,random_conditioned,True,8,"{""condition_number"":100.0,""profile"":""geometric""}",20000,20000,1.0,complete
1,random_conditioned:f13d30e42b69e288,random_conditioned,True,8,"{""condition_number"":100.0,""profile"":""one_small""}",20000,20000,1.0,complete
2,random_conditioned:5e2483f030292e83,random_conditioned,True,8,"{""condition_number"":100.0,""profile"":""clustered""}",20000,20000,1.0,complete
3,random_conditioned:59554964dd17fd28,random_conditioned,True,8,"{""condition_number"":10000.0,""profile"":""geometric""}",20000,20000,1.0,complete
4,random_conditioned:9249e93b9b37b741,random_conditioned,True,8,"{""condition_number"":10000.0,""profile"":""one_small""}",20000,20000,1.0,complete
5,random_conditioned:24db10624cd06023,random_conditioned,True,8,"{""condition_number"":10000.0,""profile"":""clustered""}",20000,20000,1.0,complete
6,random_conditioned:ede4f08ad80ec7c0,random_conditioned,True,8,"{""condition_number"":1000000.0,""profile"":""geometric""}",20000,20000,1.0,complete
7,random_conditioned:58959af1bd395489,random_conditioned,True,8,"{""condition_number"":1000000.0,""profile"":""one_small""}",20000,20000,1.0,complete
8,random_conditioned:60b649f84d12d8bd,random_conditioned,True,8,"{""condition_number"":1000000.0,""profile"":""clustered""}",20000,20000,1.0,complete
9,random_conditioned:d85a46ecb6e00d73,random_conditioned,True,8,"{""condition_number"":100000000.0,""profile"":""geometric""}",20000,20000,1.0,complete
10,random_conditioned:be39cf2c9bb5dcd1,random_conditioned,True,8,"{""condition_number"":100000000.0,""profile"":""one_small""}",20000,20000,1.0,complete
11,random_conditioned:c09b81d86321af6f,random_conditioned,True,8,"{""condition_number"":100000000.0,""profile"":""clustered""}",20000,20000,1.0,complete
12,random_conditioned:37f6a61bc4687e9e,random_conditioned,True,8,"{""condition_number"":10000000000.0,""profile"":""geometric""}",20000,20000,1.0,complete
13,random_conditioned:33289cf8a89ff087,random_conditioned,True,8,"{""condition_number"":10000000000.0,""profile"":""one_small""}",20000,20000,1.0,complete
14,random_conditioned:d512272586bc7c53,random_conditioned,True,8,"{""condition_number"":10000000000.0,""profile"":""clustered""}",20000,20000,1.0,complete
15,random_conditioned:36337c2841740aff,random_conditioned,True,8,"{""condition_number"":1000000000000.0,""profile"":""geometric""}",20000,20000,1.0,complete
16,random_conditioned:982d888343062026,random_conditioned,True,8,"{""condition_number"":1000000000000.0,""profile"":""one_small""}",20000,20000,1.0,complete
17,random_conditioned:3868b8f4f35e5d1d,random_conditioned,True,8,"{""condition_number"":1000000000000.0,""profile"":""clustered""}",20000,20000,1.0,complete
18,random_conditioned:e026603158c7af35,random_conditioned,True,8,"{""condition_number"":100000000000000.0,""profile"":""geometric""}",20000,20000,1.0,complete
19,random_conditioned:5b19efd6ef2b5c0b,random_conditioned,True,8,"{""condition_number"":100000000000000.0,""profile"":""one_small""}",20000,20000,1.0,complete
20,random_conditioned:20591473a1bf5735,random_conditioned,True,8,"{""condition_number"":100000000000000.0,""profile"":""clustered""}",20000,20000,1.0,complete
21,random_conditioned:6ed2736ecab0398d,random_conditioned,True,8,"{""condition_number"":1.0,""profile"":""orthogonal""}",20000,20000,1.0,complete
22,hilbert:b9c548331ca110df,hilbert,False,8,{},1,1,1.0,complete
23,vandermonde:c75e7bcca1c1877c,vandermonde,False,8,"{""cluster_parameter"":10.0,""column_scaling"":false,""node_type"":""equispaced""}",1,1,1.0,complete
24,vandermonde:ceedbcebccced4fc,vandermonde,False,8,"{""cluster_parameter"":10.0,""column_scaling"":true,""node_type"":""equispaced""}",1,1,1.0,complete
25,vandermonde:e7c5154704c3d4c9,vandermonde,False,8,"{""cluster_parameter"":10.0,""column_scaling"":false,""node_type"":""chebyshev""}",1,1,1.0,complete
26,vandermonde:df362d800fc64531,vandermonde,False,8,"{""cluster_parameter"":10.0,""column_scaling"":true,""node_type"":""chebyshev""}",1,1,1.0,complete
27,vandermonde:1a694a5cc930f5b5,vandermonde,False,8,"{""cluster_parameter"":10.0,""column_scaling"":false,""node_type"":""clustered_zero""}",1,1,1.0,complete
28,vandermonde:777568ed0dbc806c,vandermonde,False,8,"{""cluster_parameter"":10.0,""column_scaling"":true,""node_type"":""clustered_zero""}",1,1,1.0,complete
29,vandermonde:b85fbb786a5eb62d,vandermonde,False,8,"{""cluster_parameter"":10.0,""column_scaling"":false,""node_type"":""near_one""}",1,1,1.0,complete
30,vandermonde:bc1c5a7c363c1cb2,vandermonde,False,8,"{""cluster_parameter"":10.0,""column_scaling"":true,""node_type"":""near_one""}",1,1,1.0,complete
31,vandermonde:d4c1dcf1fe7912e5,vandermonde,True,8,"{""cluster_parameter"":10.0,""column_scaling"":false,""node_type"":""random""}",20000,20000,1.0,complete
32,vandermonde:0040369e0b8a027c,vandermonde,True,8,"{""cluster_parameter"":10.0,""column_scaling"":true,""node_type"":""random""}",20000,20000,1.0,complete
33,kahan_type:4290efc4c47e83af,kahan_type,False,8,"{""column_scaling"":false,""theta"":0.1}",1,1,1.0,complete
34,kahan_type:e71b6f9fd30d0d35,kahan_type,False,8,"{""column_scaling"":true,""theta"":0.1}",1,1,1.0,complete
35,kahan_type:55976e314ebada33,kahan_type,False,8,"{""column_scaling"":false,""theta"":0.01}",1,1,1.0,complete
36,kahan_type:3d5fca4b09918941,kahan_type,False,8,"{""column_scaling"":true,""theta"":0.01}",1,1,1.0,complete
37,kahan_type:ea9d2f45216bcaa7,kahan_type,False,8,"{""column_scaling"":false,""theta"":0.001}",1,1,1.0,complete
38,kahan_type:033d150a3a538c2e,kahan_type,False,8,"{""column_scaling"":true,""theta"":0.001}",1,1,1.0,complete
39,kahan_type:bf657253a4babc02,kahan_type,False,8,"{""column_scaling"":false,""theta"":0.0001}",1,1,1.0,complete
40,kahan_type:7de370b15bdacd56,kahan_type,False,8,"{""column_scaling"":true,""theta"":0.0001}",1,1,1.0,complete
41,kahan_type:7411493e1f8f3a01,kahan_type,False,8,"{""column_scaling"":false,""theta"":1e-06}",1,1,1.0,complete
42,kahan_type:7f88c9d87a09d37c,kahan_type,False,8,"{""column_scaling"":true,""theta"":1e-06}",1,1,1.0,complete
43,kahan_type:3fcb70bbfebc9826,kahan_type,False,8,"{""column_scaling"":false,""theta"":1e-08}",1,1,1.0,complete
44,kahan_type:cb92209d4d47c312,kahan_type,False,8,"{""column_scaling"":true,""theta"":1e-08}",1,1,1.0,complete
45,kahan_type:cad9cb441519fc5b,kahan_type,False,8,"{""column_scaling"":false,""theta"":1e-10}",1,1,1.0,complete
46,kahan_type:ea85790adba5c3b2,kahan_type,False,8,"{""column_scaling"":true,""theta"":1e-10}",1,1,1.0,complete
47,kahan_type:ecb64b54443ddd5c,kahan_type,False,8,"{""column_scaling"":false,""theta"":1e-12}",1,1,1.0,complete
48,kahan_type:8457c94dc014b009,kahan_type,False,8,"{""column_scaling"":true,""theta"":1e-12}",1,1,1.0,complete
49,adversarial_rotation:b2c76300f74387b0,adversarial_rotation,False,8,"{""epsilon"":0.1}",1,1,1.0,complete
50,adversarial_rotation:37c4e5a022b50612,adversarial_rotation,False,8,"{""epsilon"":0.01}",1,1,1.0,complete
51,adversarial_rotation:fbc8efe02a7874dc,adversarial_rotation,False,8,"{""epsilon"":0.0001}",1,1,1.0,complete
52,adversarial_rotation:f7cff71dbc36bc98,adversarial_rotation,False,8,"{""epsilon"":1e-06}",1,1,1.0,complete
53,adversarial_rotation:ace807421641f23f,adversarial_rotation,False,8,"{""epsilon"":1e-08}",1,1,1.0,complete
54,adversarial_rotation:6f8f58222266e918,adversarial_rotation,False,8,"{""epsilon"":1e-10}",1,1,1.0,complete
55,adversarial_rotation:45392a8c926cd6a7,adversarial_rotation,False,8,"{""epsilon"":1e-12}",1,1,1.0,complete
56,adversarial_rotation:2cc9ff6f36ee55eb,adversarial_rotation,False,8,"{""epsilon"":1e-14}",1,1,1.0,complete
57,repeated_bad_pivots:ebddf4bf1bcd1f4b,repeated_bad_pivots,False,8,"{""decay"":1.0,""epsilon"":0.01}",1,1,1.0,complete
58,repeated_bad_pivots:22f815a7b3f93bb6,repeated_bad_pivots,False,8,"{""decay"":0.3,""epsilon"":0.01}",1,1,1.0,complete
59,repeated_bad_pivots:cf46139e6aa27490,repeated_bad_pivots,False,8,"{""decay"":0.1,""epsilon"":0.01}",1,1,1.0,complete
60,repeated_bad_pivots:221878ec2b94bb83,repeated_bad_pivots,False,8,"{""decay"":1.0,""epsilon"":1e-06}",1,1,1.0,complete
61,repeated_bad_pivots:142920ff1c832f8b,repeated_bad_pivots,False,8,"{""decay"":0.3,""epsilon"":1e-06}",1,1,1.0,complete
62,repeated_bad_pivots:1be3591d8f74c193,repeated_bad_pivots,False,8,"{""decay"":0.1,""epsilon"":1e-06}",1,1,1.0,complete
63,repeated_bad_pivots:34246cb149b429c4,repeated_bad_pivots,False,8,"{""decay"":1.0,""epsilon"":1e-10}",1,1,1.0,complete
64,repeated_bad_pivots:73c9e8040232fdc6,repeated_bad_pivots,False,8,"{""decay"":0.3,""epsilon"":1e-10}",1,1,1.0,complete
65,repeated_bad_pivots:14488bcb7546a054,repeated_bad_pivots,False,8,"{""decay"":0.1,""epsilon"":1e-10}",1,1,1.0,complete
66,scaled_adversarial:a1544dd12bfc380a,scaled_adversarial,True,8,"{""epsilon"":0.01,""scale_range"":2.0}",20000,20000,1.0,complete
67,scaled_adversarial:bfa61de27cbbe219,scaled_adversarial,True,8,"{""epsilon"":0.01,""scale_range"":4.0}",20000,20000,1.0,complete
68,scaled_adversarial:e73afbc25af72981,scaled_adversarial,True,8,"{""epsilon"":0.01,""scale_range"":8.0}",20000,20000,1.0,complete
69,scaled_adversarial:17741976c2dfbd54,scaled_adversarial,True,8,"{""epsilon"":0.01,""scale_range"":12.0}",20000,20000,1.0,complete
70,scaled_adversarial:1c7b58eee2ed258c,scaled_adversarial,True,8,"{""epsilon"":1e-06,""scale_range"":2.0}",20000,20000,1.0,complete
71,scaled_adversarial:4fa46c9b0730babb,scaled_adversarial,True,8,"{""epsilon"":1e-06,""scale_range"":4.0}",20000,20000,1.0,complete
72,scaled_adversarial:693a2410d358b3b1,scaled_adversarial,True,8,"{""epsilon"":1e-06,""scale_range"":8.0}",20000,20000,1.0,complete
73,scaled_adversarial:44cc26aec2af2f93,scaled_adversarial,True,8,"{""epsilon"":1e-06,""scale_range"":12.0}",20000,20000,1.0,complete
74,scaled_adversarial:47817f90b3ae7eb7,scaled_adversarial,True,8,"{""epsilon"":1e-10,""scale_range"":2.0}",20000,20000,1.0,complete
75,scaled_adversarial:4aad419250638d2a,scaled_adversarial,True,8,"{""epsilon"":1e-10,""scale_range"":4.0}",20000,20000,1.0,complete
76,scaled_adversarial:5d1019a4ba6f1410,scaled_adversarial,True,8,"{""epsilon"":1e-10,""scale_range"":8.0}",20000,20000,1.0,complete
77,scaled_adversarial:a7078d089ccfa660,scaled_adversarial,True,8,"{""epsilon"":1e-10,""scale_range"":12.0}",20000,20000,1.0,complete
78,row_diagonal_dominant_random:93e6f52ebdb3ac55,row_diagonal_dominant_random,True,8,"{""alpha"":0.5}",20000,20000,1.0,complete
79,row_diagonal_dominant_random:03e59f7215597618,row_diagonal_dominant_random,True,8,"{""alpha"":0.3}",20000,20000,1.0,complete
80,row_diagonal_dominant_random:c6616c01f005a03d,row_diagonal_dominant_random,True,8,"{""alpha"":0.2}",20000,20000,1.0,complete
81,row_diagonal_dominant_random:85f3946f6e4679ec,row_diagonal_dominant_random,True,8,"{""alpha"":0.1}",20000,20000,1.0,complete
82,row_diagonal_dominant_random:2976d44433ad1387,row_diagonal_dominant_random,True,8,"{""alpha"":0.05}",20000,20000,1.0,complete
83,row_diagonal_dominant_random:8a85d76f30eb75a6,row_diagonal_dominant_random,True,8,"{""alpha"":0.02}",20000,20000,1.0,complete
84,row_diagonal_dominant_random:3cf57fa76b9a551c,row_diagonal_dominant_random,True,8,"{""alpha"":0.01}",20000,20000,1.0,complete
85,row_diagonal_dominant_random:4cbd4f5958f010f8,row_diagonal_dominant_random,True,8,"{""alpha"":0.005}",20000,20000,1.0,complete
86,row_diagonal_dominant_random:9493eb0855127051,row_diagonal_dominant_random,True,8,"{""alpha"":0.002}",20000,20000,1.0,complete
87,row_diagonal_dominant_random:c93186b88112adec,row_diagonal_dominant_random,True,8,"{""alpha"":0.001}",20000,20000,1.0,complete
88,row_diagonal_dominant_tridiagonal:982220238cdced02,row_diagonal_dominant_tridiagonal,False,8,"{""alpha"":0.5}",1,1,1.0,complete
89,row_diagonal_dominant_tridiagonal:f7dbde840db0a0a1,row_diagonal_dominant_tridiagonal,False,8,"{""alpha"":0.3}",1,1,1.0,complete
90,row_diagonal_dominant_tridiagonal:af932376a9e85180,row_diagonal_dominant_tridiagonal,False,8,"{""alpha"":0.2}",1,1,1.0,complete
91,row_diagonal_dominant_tridiagonal:c27ad42e3f6fa594,row_diagonal_dominant_tridiagonal,False,8,"{""alpha"":0.1}",1,1,1.0,complete
92,row_diagonal_dominant_tridiagonal:b140db102925b3ec,row_diagonal_dominant_tridiagonal,False,8,"{""alpha"":0.05}",1,1,1.0,complete
93,row_diagonal_dominant_tridiagonal:9c6a6927336fc423,row_diagonal_dominant_tridiagonal,False,8,"{""alpha"":0.02}",1,1,1.0,complete
94,row_diagonal_dominant_tridiagonal:a2ab9117ea3a1dfa,row_diagonal_dominant_tridiagonal,False,8,"{""alpha"":0.01}",1,1,1.0,complete
95,row_diagonal_dominant_tridiagonal:80f1643c77f70cd6,row_diagonal_dominant_tridiagonal,False,8,"{""alpha"":0.005}",1,1,1.0,complete
96,row_diagonal_dominant_tridiagonal:e81edd77eaa602f2,row_diagonal_dominant_tridiagonal,False,8,"{""alpha"":0.002}",1,1,1.0,complete
97,row_diagonal_dominant_tridiagonal:3cc535104b50d6a1,row_diagonal_dominant_tridiagonal,False,8,"{""alpha"":0.001}",1,1,1.0,complete
98,row_diagonal_dominant_rankone:9b1d06cd48c40ab2,row_diagonal_dominant_rankone,False,8,"{""alpha"":0.5}",1,1,1.0,complete
99,row_diagonal_dominant_rankone:b2135906babb091e,row_diagonal_dominant_rankone,False,8,"{""alpha"":0.3}",1,1,1.0,complete
100,row_diagonal_dominant_rankone:4b19e252ebf4e64e,row_diagonal_dominant_rankone,False,8,"{""alpha"":0.2}",1,1,1.0,complete
101,row_diagonal_dominant_rankone:f77fdfb3efff94e7,row_diagonal_dominant_rankone,False,8,"{""alpha"":0.1}",1,1,1.0,complete
102,row_diagonal_dominant_rankone:e9f8a9d621908331,row_diagonal_dominant_rankone,False,8,"{""alpha"":0.05}",1,1,1.0,complete
103,row_diagonal_dominant_rankone:f5d1060d84da4649,row_diagonal_dominant_rankone,False,8,"{""alpha"":0.02}",1,1,1.0,complete
104,row_diagonal_dominant_rankone:bbdf2ff377511d2a,row_diagonal_dominant_rankone,False,8,"{""alpha"":0.01}",1,1,1.0,complete
105,row_diagonal_dominant_rankone:b724756e042d2640,row_diagonal_dominant_rankone,False,8,"{""alpha"":0.005}",1,1,1.0,complete
106,row_diagonal_dominant_rankone:9248beec0335477a,row_diagonal_dominant_rankone,False,8,"{""alpha"":0.002}",1,1,1.0,complete
107,row_diagonal_dominant_rankone:6689e0c35681572e,row_diagonal_dominant_rankone,False,8,"{""alpha"":0.001}",1,1,1.0,complete
108,row_diagonal_dominant_stochastic:021519ee0a19df7c,row_diagonal_dominant_stochastic,True,8,"{""alpha"":0.5}",20000,20000,1.0,complete
109,row_diagonal_dominant_stochastic:de30837b1853aaf8,row_diagonal_dominant_stochastic,True,8,"{""alpha"":0.3}",20000,20000,1.0,complete
110,row_diagonal_dominant_stochastic:85d04ae4513fe85f,row_diagonal_dominant_stochastic,True,8,"{""alpha"":0.2}",20000,20000,1.0,complete
111,row_diagonal_dominant_stochastic:0f7feef7c7880b20,row_diagonal_dominant_stochastic,True,8,"{""alpha"":0.1}",20000,20000,1.0,complete
112,row_diagonal_dominant_stochastic:0530909e2322226a,row_diagonal_dominant_stochastic,True,8,"{""alpha"":0.05}",20000,20000,1.0,complete
113,row_diagonal_dominant_stochastic:f5393029996d2c29,row_diagonal_dominant_stochastic,True,8,"{""alpha"":0.02}",20000,20000,1.0,complete
114,row_diagonal_dominant_stochastic:0d717c35c3b2f62d,row_diagonal_dominant_stochastic,True,8,"{""alpha"":0.01}",20000,20000,1.0,complete
115,row_diagonal_dominant_stochastic:6bb9c9b7e1526958,row_diagonal_dominant_stochastic,True,8,"{""alpha"":0.005}",20000,20000,1.0,complete
116,row_diagonal_dominant_stochastic:103e29b8022442fa,row_diagonal_dominant_stochastic,True,8,"{""alpha"":0.002}",20000,20000,1.0,complete
117,row_diagonal_dominant_stochastic:3f149f338e70104c,row_diagonal_dominant_stochastic,True,8,"{""alpha"":0.001}",20000,20000,1.0,complete
118,spd_prescribed_spectrum:f3c8ebf0e249f88d,spd_prescribed_spectrum,True,8,"{""kappa"":10.0}",20000,20000,1.0,complete
119,spd_prescribed_spectrum:fd9c01d27036b31c,spd_prescribed_spectrum,True,8,"{""kappa"":100.0}",20000,20000,1.0,complete
120,spd_prescribed_spectrum:dc332cd1bfa688f6,spd_prescribed_spectrum,True,8,"{""kappa"":1000.0}",20000,20000,1.0,complete
121,spd_prescribed_spectrum:a954fd91076fe28c,spd_prescribed_spectrum,True,8,"{""kappa"":10000.0}",20000,20000,1.0,complete
122,spd_prescribed_spectrum:79fe5321ebe142a9,spd_prescribed_spectrum,True,8,"{""kappa"":100000.0}",20000,20000,1.0,complete
123,spd_prescribed_spectrum:4953545b5c68c921,spd_prescribed_spectrum,True,8,"{""kappa"":1000000.0}",20000,20000,1.0,complete
124,spd_prescribed_spectrum:70d7805e407478aa,spd_prescribed_spectrum,True,8,"{""kappa"":10000000.0}",20000,20000,1.0,complete
125,spd_prescribed_spectrum:fc3ee47b52f52cc7,spd_prescribed_spectrum,True,8,"{""kappa"":100000000.0}",20000,20000,1.0,complete
126,tnn_vandermonde_positive:d0b487e6f0518b72,tnn_vandermonde_positive,False,8,"{""cluster_parameter"":2.0,""node_type"":""equispaced_positive""}",1,1,1.0,complete
127,tnn_vandermonde_positive:5aaa1a7a23ee6d83,tnn_vandermonde_positive,False,8,"{""cluster_parameter"":2.0,""node_type"":""clustered_positive""}",1,1,1.0,complete
128,pascal:7b24b4808f94bc0d,pascal,False,8,{},1,1,1.0,complete
129,random_conditioned:3d4ea8f7b0b7ac02,random_conditioned,True,11,"{""condition_number"":100.0,""profile"":""geometric""}",20000,20000,1.0,complete
130,random_conditioned:f13d30e42b69e288,random_conditioned,True,11,"{""condition_number"":100.0,""profile"":""one_small""}",20000,20000,1.0,complete
131,random_conditioned:5e2483f030292e83,random_conditioned,True,11,"{""condition_number"":100.0,""profile"":""clustered""}",20000,20000,1.0,complete
132,random_conditioned:59554964dd17fd28,random_conditioned,True,11,"{""condition_number"":10000.0,""profile"":""geometric""}",20000,20000,1.0,complete
133,random_conditioned:9249e93b9b37b741,random_conditioned,True,11,"{""condition_number"":10000.0,""profile"":""one_small""}",20000,20000,1.0,complete
134,random_conditioned:24db10624cd06023,random_conditioned,True,11,"{""condition_number"":10000.0,""profile"":""clustered""}",20000,20000,1.0,complete
135,random_conditioned:ede4f08ad80ec7c0,random_conditioned,True,11,"{""condition_number"":1000000.0,""profile"":""geometric""}",20000,20000,1.0,complete
136,random_conditioned:58959af1bd395489,random_conditioned,True,11,"{""condition_number"":1000000.0,""profile"":""one_small""}",20000,20000,1.0,complete
137,random_conditioned:60b649f84d12d8bd,random_conditioned,True,11,"{""condition_number"":1000000.0,""profile"":""clustered""}",20000,20000,1.0,complete
138,random_conditioned:d85a46ecb6e00d73,random_conditioned,True,11,"{""condition_number"":100000000.0,""profile"":""geometric""}",20000,20000,1.0,complete
139,random_conditioned:be39cf2c9bb5dcd1,random_conditioned,True,11,"{""condition_number"":100000000.0,""profile"":""one_small""}",20000,20000,1.0,complete
140,random_conditioned:c09b81d86321af6f,random_conditioned,True,11,"{""condition_number"":100000000.0,""profile"":""clustered""}",20000,20000,1.0,complete
141,random_conditioned:37f6a61bc4687e9e,random_conditioned,True,11,"{""condition_number"":10000000000.0,""profile"":""geometric""}",20000,20000,1.0,complete
142,random_conditioned:33289cf8a89ff087,random_conditioned,True,11,"{""condition_number"":10000000000.0,""profile"":""one_small""}",20000,20000,1.0,complete
143,random_conditioned:d512272586bc7c53,random_conditioned,True,11,"{""condition_number"":10000000000.0,""profile"":""clustered""}",20000,20000,1.0,complete
144,random_conditioned:36337c2841740aff,random_conditioned,True,11,"{""condition_number"":1000000000000.0,""profile"":""geometric""}",20000,20000,1.0,complete
145,random_conditioned:982d888343062026,random_conditioned,True,11,"{""condition_number"":1000000000000.0,""profile"":""one_small""}",20000,20000,1.0,complete
146,random_conditioned:3868b8f4f35e5d1d,random_conditioned,True,11,"{""condition_number"":1000000000000.0,""profile"":""clustered""}",20000,20000,1.0,complete
147,random_conditioned:e026603158c7af35,random_conditioned,True,11,"{""condition_number"":100000000000000.0,""profile"":""geometric""}",20000,20000,1.0,complete
148,random_conditioned:5b19efd6ef2b5c0b,random_conditioned,True,11,"{""condition_number"":100000000000000.0,""profile"":""one_small""}",20000,20000,1.0,complete
149,random_conditioned:20591473a1bf5735,random_conditioned,True,11,"{""condition_number"":100000000000000.0,""profile"":""clustered""}",20000,20000,1.0,complete
150,random_conditioned:6ed2736ecab0398d,random_conditioned,True,11,"{""condition_number"":1.0,""profile"":""orthogonal""}",20000,20000,1.0,complete
151,hilbert:b9c548331ca110df,hilbert,False,11,{},1,1,1.0,complete
152,vandermonde:c75e7bcca1c1877c,vandermonde,False,11,"{""cluster_parameter"":10.0,""column_scaling"":false,""node_type"":""equispaced""}",1,1,1.0,complete
153,vandermonde:ceedbcebccced4fc,vandermonde,False,11,"{""cluster_parameter"":10.0,""column_scaling"":true,""node_type"":""equispaced""}",1,1,1.0,complete
154,vandermonde:e7c5154704c3d4c9,vandermonde,False,11,"{""cluster_parameter"":10.0,""column_scaling"":false,""node_type"":""chebyshev""}",1,1,1.0,complete
155,vandermonde:df362d800fc64531,vandermonde,False,11,"{""cluster_parameter"":10.0,""column_scaling"":true,""node_type"":""chebyshev""}",1,1,1.0,complete
156,vandermonde:1a694a5cc930f5b5,vandermonde,False,11,"{""cluster_parameter"":10.0,""column_scaling"":false,""node_type"":""clustered_zero""}",1,1,1.0,complete
157,vandermonde:777568ed0dbc806c,vandermonde,False,11,"{""cluster_parameter"":10.0,""column_scaling"":true,""node_type"":""clustered_zero""}",1,1,1.0,complete
158,vandermonde:b85fbb786a5eb62d,vandermonde,False,11,"{""cluster_parameter"":10.0,""column_scaling"":false,""node_type"":""near_one""}",1,1,1.0,complete
159,vandermonde:bc1c5a7c363c1cb2,vandermonde,False,11,"{""cluster_parameter"":10.0,""column_scaling"":true,""node_type"":""near_one""}",1,1,1.0,complete
160,vandermonde:d4c1dcf1fe7912e5,vandermonde,True,11,"{""cluster_parameter"":10.0,""column_scaling"":false,""node_type"":""random""}",20000,20000,1.0,complete
161,vandermonde:0040369e0b8a027c,vandermonde,True,11,"{""cluster_parameter"":10.0,""column_scaling"":true,""node_type"":""random""}",20000,20000,1.0,complete
162,kahan_type:4290efc4c47e83af,kahan_type,False,11,"{""column_scaling"":false,""theta"":0.1}",1,1,1.0,complete
163,kahan_type:e71b6f9fd30d0d35,kahan_type,False,11,"{""column_scaling"":true,""theta"":0.1}",1,1,1.0,complete
164,kahan_type:55976e314ebada33,kahan_type,False,11,"{""column_scaling"":false,""theta"":0.01}",1,1,1.0,complete
165,kahan_type:3d5fca4b09918941,kahan_type,False,11,"{""column_scaling"":true,""theta"":0.01}",1,1,1.0,complete
166,kahan_type:ea9d2f45216bcaa7,kahan_type,False,11,"{""column_scaling"":false,""theta"":0.001}",1,1,1.0,complete
167,kahan_type:033d150a3a538c2e,kahan_type,False,11,"{""column_scaling"":true,""theta"":0.001}",1,1,1.0,complete
168,kahan_type:bf657253a4babc02,kahan_type,False,11,"{""column_scaling"":false,""theta"":0.0001}",1,1,1.0,complete
169,kahan_type:7de370b15bdacd56,kahan_type,False,11,"{""column_scaling"":true,""theta"":0.0001}",1,1,1.0,complete
170,kahan_type:7411493e1f8f3a01,kahan_type,False,11,"{""column_scaling"":false,""theta"":1e-06}",1,1,1.0,complete
171,kahan_type:7f88c9d87a09d37c,kahan_type,False,11,"{""column_scaling"":true,""theta"":1e-06}",1,1,1.0,complete
172,kahan_type:3fcb70bbfebc9826,kahan_type,False,11,"{""column_scaling"":false,""theta"":1e-08}",1,1,1.0,complete
173,kahan_type:cb92209d4d47c312,kahan_type,False,11,"{""column_scaling"":true,""theta"":1e-08}",1,1,1.0,complete
174,kahan_type:cad9cb441519fc5b,kahan_type,False,11,"{""column_scaling"":false,""theta"":1e-10}",1,1,1.0,complete
175,kahan_type:ea85790adba5c3b2,kahan_type,False,11,"{""column_scaling"":true,""theta"":1e-10}",1,1,1.0,complete
176,kahan_type:ecb64b54443ddd5c,kahan_type,False,11,"{""column_scaling"":false,""theta"":1e-12}",1,1,1.0,complete
177,kahan_type:8457c94dc014b009,kahan_type,False,11,"{""column_scaling"":true,""theta"":1e-12}",1,1,1.0,complete
178,adversarial_rotation:b2c76300f74387b0,adversarial_rotation,False,11,"{""epsilon"":0.1}",1,1,1.0,complete
179,adversarial_rotation:37c4e5a022b50612,adversarial_rotation,False,11,"{""epsilon"":0.01}",1,1,1.0,complete
180,adversarial_rotation:fbc8efe02a7874dc,adversarial_rotation,False,11,"{""epsilon"":0.0001}",1,1,1.0,complete
181,adversarial_rotation:f7cff71dbc36bc98,adversarial_rotation,False,11,"{""epsilon"":1e-06}",1,1,1.0,complete
182,adversarial_rotation:ace807421641f23f,adversarial_rotation,False,11,"{""epsilon"":1e-08}",1,1,1.0,complete
183,adversarial_rotation:6f8f58222266e918,adversarial_rotation,False,11,"{""epsilon"":1e-10}",1,1,1.0,complete
184,adversarial_rotation:45392a8c926cd6a7,adversarial_rotation,False,11,"{""epsilon"":1e-12}",1,1,1.0,complete
185,adversarial_rotation:2cc9ff6f36ee55eb,adversarial_rotation,False,11,"{""epsilon"":1e-14}",1,1,1.0,complete
186,repeated_bad_pivots:ebddf4bf1bcd1f4b,repeated_bad_pivots,False,11,"{""decay"":1.0,""epsilon"":0.01}",1,1,1.0,complete
187,repeated_bad_pivots:22f815a7b3f93bb6,repeated_bad_pivots,False,11,"{""decay"":0.3,""epsilon"":0.01}",1,1,1.0,complete
188,repeated_bad_pivots:cf46139e6aa27490,repeated_bad_pivots,False,11,"{""decay"":0.1,""epsilon"":0.01}",1,1,1.0,complete
189,repeated_bad_pivots:221878ec2b94bb83,repeated_bad_pivots,False,11,"{""decay"":1.0,""epsilon"":1e-06}",1,1,1.0,complete
190,repeated_bad_pivots:142920ff1c832f8b,repeated_bad_pivots,False,11,"{""decay"":0.3,""epsilon"":1e-06}",1,1,1.0,complete
191,repeated_bad_pivots:1be3591d8f74c193,repeated_bad_pivots,False,11,"{""decay"":0.1,""epsilon"":1e-06}",1,1,1.0,complete
192,repeated_bad_pivots:34246cb149b429c4,repeated_bad_pivots,False,11,"{""decay"":1.0,""epsilon"":1e-10}",1,1,1.0,complete
193,repeated_bad_pivots:73c9e8040232fdc6,repeated_bad_pivots,False,11,"{""decay"":0.3,""epsilon"":1e-10}",1,1,1.0,complete
194,repeated_bad_pivots:14488bcb7546a054,repeated_bad_pivots,False,11,"{""decay"":0.1,""epsilon"":1e-10}",1,1,1.0,complete
195,scaled_adversarial:a1544dd12bfc380a,scaled_adversarial,True,11,"{""epsilon"":0.01,""scale_range"":2.0}",20000,20000,1.0,complete
196,scaled_adversarial:bfa61de27cbbe219,scaled_adversarial,True,11,"{""epsilon"":0.01,""scale_range"":4.0}",20000,20000,1.0,complete
197,scaled_adversarial:e73afbc25af72981,scaled_adversarial,True,11,"{""epsilon"":0.01,""scale_range"":8.0}",20000,20000,1.0,complete
198,scaled_adversarial:17741976c2dfbd54,scaled_adversarial,True,11,"{""epsilon"":0.01,""scale_range"":12.0}",20000,20000,1.0,complete
199,scaled_adversarial:1c7b58eee2ed258c,scaled_adversarial,True,11,"{""epsilon"":1e-06,""scale_range"":2.0}",20000,20000,1.0,complete
200,scaled_adversarial:4fa46c9b0730babb,scaled_adversarial,True,11,"{""epsilon"":1e-06,""scale_range"":4.0}",20000,20000,1.0,complete
201,scaled_adversarial:693a2410d358b3b1,scaled_adversarial,True,11,"{""epsilon"":1e-06,""scale_range"":8.0}",20000,20000,1.0,complete
202,scaled_adversarial:44cc26aec2af2f93,scaled_adversarial,True,11,"{""epsilon"":1e-06,""scale_range"":12.0}",20000,20000,1.0,complete
203,scaled_adversarial:47817f90b3ae7eb7,scaled_adversarial,True,11,"{""epsilon"":1e-10,""scale_range"":2.0}",20000,20000,1.0,complete
204,scaled_adversarial:4aad419250638d2a,scaled_adversarial,True,11,"{""epsilon"":1e-10,""scale_range"":4.0}",20000,20000,1.0,complete
205,scaled_adversarial:5d1019a4ba6f1410,scaled_adversarial,True,11,"{""epsilon"":1e-10,""scale_range"":8.0}",20000,20000,1.0,complete
206,scaled_adversarial:a7078d089ccfa660,scaled_adversarial,True,11,"{""epsilon"":1e-10,""scale_range"":12.0}",20000,20000,1.0,complete
207,row_diagonal_dominant_random:93e6f52ebdb3ac55,row_diagonal_dominant_random,True,11,"{""alpha"":0.5}",20000,20000,1.0,complete
208,row_diagonal_dominant_random:03e59f7215597618,row_diagonal_dominant_random,True,11,"{""alpha"":0.3}",20000,20000,1.0,complete
209,row_diagonal_dominant_random:c6616c01f005a03d,row_diagonal_dominant_random,True,11,"{""alpha"":0.2}",20000,20000,1.0,complete
210,row_diagonal_dominant_random:85f3946f6e4679ec,row_diagonal_dominant_random,True,11,"{""alpha"":0.1}",20000,20000,1.0,complete
211,row_diagonal_dominant_random:2976d44433ad1387,row_diagonal_dominant_random,True,11,"{""alpha"":0.05}",20000,20000,1.0,complete
212,row_diagonal_dominant_random:8a85d76f30eb75a6,row_diagonal_dominant_random,True,11,"{""alpha"":0.02}",20000,20000,1.0,complete
213,row_diagonal_dominant_random:3cf57fa76b9a551c,row_diagonal_dominant_random,True,11,"{""alpha"":0.01}",20000,20000,1.0,complete
214,row_diagonal_dominant_random:4cbd4f5958f010f8,row_diagonal_dominant_random,True,11,"{""alpha"":0.005}",20000,20000,1.0,complete
215,row_diagonal_dominant_random:9493eb0855127051,row_diagonal_dominant_random,True,11,"{""alpha"":0.002}",20000,20000,1.0,complete
216,row_diagonal_dominant_random:c93186b88112adec,row_diagonal_dominant_random,True,11,"{""alpha"":0.001}",20000,20000,1.0,complete
217,row_diagonal_dominant_tridiagonal:982220238cdced02,row_diagonal_dominant_tridiagonal,False,11,"{""alpha"":0.5}",1,1,1.0,complete
218,row_diagonal_dominant_tridiagonal:f7dbde840db0a0a1,row_diagonal_dominant_tridiagonal,False,11,"{""alpha"":0.3}",1,1,1.0,complete
219,row_diagonal_dominant_tridiagonal:af932376a9e85180,row_diagonal_dominant_tridiagonal,False,11,"{""alpha"":0.2}",1,1,1.0,complete
220,row_diagonal_dominant_tridiagonal:c27ad42e3f6fa594,row_diagonal_dominant_tridiagonal,False,11,"{""alpha"":0.1}",1,1,1.0,complete
221,row_diagonal_dominant_tridiagonal:b140db102925b3ec,row_diagonal_dominant_tridiagonal,False,11,"{""alpha"":0.05}",1,1,1.0,complete
222,row_diagonal_dominant_tridiagonal:9c6a6927336fc423,row_diagonal_dominant_tridiagonal,False,11,"{""alpha"":0.02}",1,1,1.0,complete
223,row_diagonal_dominant_tridiagonal:a2ab9117ea3a1dfa,row_diagonal_dominant_tridiagonal,False,11,"{""alpha"":0.01}",1,1,1.0,complete
224,row_diagonal_dominant_tridiagonal:80f1643c77f70cd6,row_diagonal_dominant_tridiagonal,False,11,"{""alpha"":0.005}",1,1,1.0,complete
225,row_diagonal_dominant_tridiagonal:e81edd77eaa602f2,row_diagonal_dominant_tridiagonal,False,11,"{""alpha"":0.002}",1,1,1.0,complete
226,row_diagonal_dominant_tridiagonal:3cc535104b50d6a1,row_diagonal_dominant_tridiagonal,False,11,"{""alpha"":0.001}",1,1,1.0,complete
227,row_diagonal_dominant_rankone:9b1d06cd48c40ab2,row_diagonal_dominant_rankone,False,11,"{""alpha"":0.5}",1,1,1.0,complete
228,row_diagonal_dominant_rankone:b2135906babb091e,row_diagonal_dominant_rankone,False,11,"{""alpha"":0.3}",1,1,1.0,complete
229,row_diagonal_dominant_rankone:4b19e252ebf4e64e,row_diagonal_dominant_rankone,False,11,"{""alpha"":0.2}",1,1,1.0,complete
230,row_diagonal_dominant_rankone:f77fdfb3efff94e7,row_diagonal_dominant_rankone,False,11,"{""alpha"":0.1}",1,1,1.0,complete
231,row_diagonal_dominant_rankone:e9f8a9d621908331,row_diagonal_dominant_rankone,False,11,"{""alpha"":0.05}",1,1,1.0,complete
232,row_diagonal_dominant_rankone:f5d1060d84da4649,row_diagonal_dominant_rankone,False,11,"{""alpha"":0.02}",1,1,1.0,complete
233,row_diagonal_dominant_rankone:bbdf2ff377511d2a,row_diagonal_dominant_rankone,False,11,"{""alpha"":0.01}",1,1,1.0,complete
234,row_diagonal_dominant_rankone:b724756e042d2640,row_diagonal_dominant_rankone,False,11,"{""alpha"":0.005}",1,1,1.0,complete
235,row_diagonal_dominant_rankone:9248beec0335477a,row_diagonal_dominant_rankone,False,11,"{""alpha"":0.002}",1,1,1.0,complete
236,row_diagonal_dominant_rankone:6689e0c35681572e,row_diagonal_dominant_rankone,False,11,"{""alpha"":0.001}",1,1,1.0,complete
237,row_diagonal_dominant_stochastic:021519ee0a19df7c,row_diagonal_dominant_stochastic,True,11,"{""alpha"":0.5}",20000,20000,1.0,complete
238,row_diagonal_dominant_stochastic:de30837b1853aaf8,row_diagonal_dominant_stochastic,True,11,"{""alpha"":0.3}",20000,20000,1.0,complete
239,row_diagonal_dominant_stochastic:85d04ae4513fe85f,row_diagonal_dominant_stochastic,True,11,"{""alpha"":0.2}",20000,20000,1.0,complete
240,row_diagonal_dominant_stochastic:0f7feef7c7880b20,row_diagonal_dominant_stochastic,True,11,"{""alpha"":0.1}",20000,20000,1.0,complete
241,row_diagonal_dominant_stochastic:0530909e2322226a,row_diagonal_dominant_stochastic,True,11,"{""alpha"":0.05}",20000,20000,1.0,complete
242,row_diagonal_dominant_stochastic:f5393029996d2c29,row_diagonal_dominant_stochastic,True,11,"{""alpha"":0.02}",20000,20000,1.0,complete
243,row_diagonal_dominant_stochastic:0d717c35c3b2f62d,row_diagonal_dominant_stochastic,True,11,"{""alpha"":0.01}",20000,20000,1.0,complete
244,row_diagonal_dominant_stochastic:6bb9c9b7e1526958,row_diagonal_dominant_stochastic,True,11,"{""alpha"":0.005}",20000,20000,1.0,complete
245,row_diagonal_dominant_stochastic:103e29b8022442fa,row_diagonal_dominant_stochastic,True,11,"{""alpha"":0.002}",20000,20000,1.0,complete
246,row_diagonal_dominant_stochastic:3f149f338e70104c,row_diagonal_dominant_stochastic,True,11,"{""alpha"":0.001}",20000,20000,1.0,complete
247,spd_prescribed_spectrum:f3c8ebf0e249f88d,spd_prescribed_spectrum,True,11,"{""kappa"":10.0}",20000,20000,1.0,complete
248,spd_prescribed_spectrum:fd9c01d27036b31c,spd_prescribed_spectrum,True,11,"{""kappa"":100.0}",20000,20000,1.0,complete
249,spd_prescribed_spectrum:dc332cd1bfa688f6,spd_prescribed_spectrum,True,11,"{""kappa"":1000.0}",20000,20000,1.0,complete
250,spd_prescribed_spectrum:a954fd91076fe28c,spd_prescribed_spectrum,True,11,"{""kappa"":10000.0}",20000,20000,1.0,complete
251,spd_prescribed_spectrum:79fe5321ebe142a9,spd_prescribed_spectrum,True,11,"{""kappa"":100000.0}",20000,20000,1.0,complete
252,spd_prescribed_spectrum:4953545b5c68c921,spd_prescribed_spectrum,True,11,"{""kappa"":1000000.0}",20000,20000,1.0,complete
253,spd_prescribed_spectrum:70d7805e407478aa,spd_prescribed_spectrum,True,11,"{""kappa"":10000000.0}",20000,20000,1.0,complete
254,spd_prescribed_spectrum:fc3ee47b52f52cc7,spd_prescribed_spectrum,True,11,"{""kappa"":100000000.0}",20000,20000,1.0,complete
255,tnn_vandermonde_positive:d0b487e6f0518b72,tnn_vandermonde_positive,False,11,"{""cluster_parameter"":2.0,""node_type"":""equispaced_positive""}",1,1,1.0,complete
256,tnn_vandermonde_positive:5aaa1a7a23ee6d83,tnn_vandermonde_positive,False,11,"{""cluster_parameter"":2.0,""node_type"":""clustered_positive""}",1,1,1.0,complete
257,pascal:7b24b4808f94bc0d,pascal,False,11,{},1,1,1.0,complete
258,random_conditioned:3d4ea8f7b0b7ac02,random_conditioned,True,16,"{""condition_number"":100.0,""profile"":""geometric""}",20000,20000,1.0,complete
259,random_conditioned:f13d30e42b69e288,random_conditioned,True,16,"{""condition_number"":100.0,""profile"":""one_small""}",20000,20000,1.0,complete
260,random_conditioned:5e2483f030292e83,random_conditioned,True,16,"{""condition_number"":100.0,""profile"":""clustered""}",20000,20000,1.0,complete
261,random_conditioned:59554964dd17fd28,random_conditioned,True,16,"{""condition_number"":10000.0,""profile"":""geometric""}",20000,20000,1.0,complete
262,random_conditioned:9249e93b9b37b741,random_conditioned,True,16,"{""condition_number"":10000.0,""profile"":""one_small""}",20000,20000,1.0,complete
263,random_conditioned:24db10624cd06023,random_conditioned,True,16,"{""condition_number"":10000.0,""profile"":""clustered""}",20000,20000,1.0,complete
264,random_conditioned:ede4f08ad80ec7c0,random_conditioned,True,16,"{""condition_number"":1000000.0,""profile"":""geometric""}",20000,20000,1.0,complete
265,random_conditioned:58959af1bd395489,random_conditioned,True,16,"{""condition_number"":1000000.0,""profile"":""one_small""}",20000,20000,1.0,complete
266,random_conditioned:60b649f84d12d8bd,random_conditioned,True,16,"{""condition_number"":1000000.0,""profile"":""clustered""}",20000,20000,1.0,complete
267,random_conditioned:d85a46ecb6e00d73,random_conditioned,True,16,"{""condition_number"":100000000.0,""profile"":""geometric""}",20000,20000,1.0,complete
268,random_conditioned:be39cf2c9bb5dcd1,random_conditioned,True,16,"{""condition_number"":100000000.0,""profile"":""one_small""}",20000,20000,1.0,complete
269,random_conditioned:c09b81d86321af6f,random_conditioned,True,16,"{""condition_number"":100000000.0,""profile"":""clustered""}",20000,20000,1.0,complete
270,random_conditioned:37f6a61bc4687e9e,random_conditioned,True,16,"{""condition_number"":10000000000.0,""profile"":""geometric""}",20000,20000,1.0,complete
271,random_conditioned:33289cf8a89ff087,random_conditioned,True,16,"{""condition_number"":10000000000.0,""profile"":""one_small""}",20000,20000,1.0,complete
272,random_conditioned:d512272586bc7c53,random_conditioned,True,16,"{""condition_number"":10000000000.0,""profile"":""clustered""}",20000,20000,1.0,complete
273,random_conditioned:36337c2841740aff,random_conditioned,True,16,"{""condition_number"":1000000000000.0,""profile"":""geometric""}",20000,20000,1.0,complete
274,random_conditioned:982d888343062026,random_conditioned,True,16,"{""condition_number"":1000000000000.0,""profile"":""one_small""}",20000,20000,1.0,complete
275,random_conditioned:3868b8f4f35e5d1d,random_conditioned,True,16,"{""condition_number"":1000000000000.0,""profile"":""clustered""}",20000,20000,1.0,complete
276,random_conditioned:e026603158c7af35,random_conditioned,True,16,"{""condition_number"":100000000000000.0,""profile"":""geometric""}",20000,20000,1.0,complete
277,random_conditioned:5b19efd6ef2b5c0b,random_conditioned,True,16,"{""condition_number"":100000000000000.0,""profile"":""one_small""}",20000,20000,1.0,complete
278,random_conditioned:20591473a1bf5735,random_conditioned,True,16,"{""condition_number"":100000000000000.0,""profile"":""clustered""}",20000,20000,1.0,complete
279,random_conditioned:6ed2736ecab0398d,random_conditioned,True,16,"{""condition_number"":1.0,""profile"":""orthogonal""}",20000,20000,1.0,complete
280,hilbert:b9c548331ca110df,hilbert,False,16,{},1,1,1.0,complete
281,vandermonde:c75e7bcca1c1877c,vandermonde,False,16,"{""cluster_parameter"":10.0,""column_scaling"":false,""node_type"":""equispaced""}",1,1,1.0,complete
282,vandermonde:ceedbcebccced4fc,vandermonde,False,16,"{""cluster_parameter"":10.0,""column_scaling"":true,""node_type"":""equispaced""}",1,1,1.0,complete
283,vandermonde:e7c5154704c3d4c9,vandermonde,False,16,"{""cluster_parameter"":10.0,""column_scaling"":false,""node_type"":""chebyshev""}",1,1,1.0,complete
284,vandermonde:df362d800fc64531,vandermonde,False,16,"{""cluster_parameter"":10.0,""column_scaling"":true,""node_type"":""chebyshev""}",1,1,1.0,complete
285,vandermonde:1a694a5cc930f5b5,vandermonde,False,16,"{""cluster_parameter"":10.0,""column_scaling"":false,""node_type"":""clustered_zero""}",1,1,1.0,complete
286,vandermonde:777568ed0dbc806c,vandermonde,False,16,"{""cluster_parameter"":10.0,""column_scaling"":true,""node_type"":""clustered_zero""}",1,1,1.0,complete
287,vandermonde:b85fbb786a5eb62d,vandermonde,False,16,"{""cluster_parameter"":10.0,""column_scaling"":false,""node_type"":""near_one""}",1,1,1.0,complete
288,vandermonde:bc1c5a7c363c1cb2,vandermonde,False,16,"{""cluster_parameter"":10.0,""column_scaling"":true,""node_type"":""near_one""}",1,1,1.0,complete
289,vandermonde:d4c1dcf1fe7912e5,vandermonde,True,16,"{""cluster_parameter"":10.0,""column_scaling"":false,""node_type"":""random""}",20000,20000,1.0,complete
290,vandermonde:0040369e0b8a027c,vandermonde,True,16,"{""cluster_parameter"":10.0,""column_scaling"":true,""node_type"":""random""}",20000,20000,1.0,complete
291,kahan_type:4290efc4c47e83af,kahan_type,False,16,"{""column_scaling"":false,""theta"":0.1}",1,1,1.0,complete
292,kahan_type:e71b6f9fd30d0d35,kahan_type,False,16,"{""column_scaling"":true,""theta"":0.1}",1,1,1.0,complete
293,kahan_type:55976e314ebada33,kahan_type,False,16,"{""column_scaling"":false,""theta"":0.01}",1,1,1.0,complete
294,kahan_type:3d5fca4b09918941,kahan_type,False,16,"{""column_scaling"":true,""theta"":0.01}",1,1,1.0,complete
295,kahan_type:ea9d2f45216bcaa7,kahan_type,False,16,"{""column_scaling"":false,""theta"":0.001}",1,1,1.0,complete
296,kahan_type:033d150a3a538c2e,kahan_type,False,16,"{""column_scaling"":true,""theta"":0.001}",1,1,1.0,complete
297,kahan_type:bf657253a4babc02,kahan_type,False,16,"{""column_scaling"":false,""theta"":0.0001}",1,1,1.0,complete
298,kahan_type:7de370b15bdacd56,kahan_type,False,16,"{""column_scaling"":true,""theta"":0.0001}",1,1,1.0,complete
299,kahan_type:7411493e1f8f3a01,kahan_type,False,16,"{""column_scaling"":false,""theta"":1e-06}",1,1,1.0,complete
300,kahan_type:7f88c9d87a09d37c,kahan_type,False,16,"{""column_scaling"":true,""theta"":1e-06}",1,1,1.0,complete
301,kahan_type:3fcb70bbfebc9826,kahan_type,False,16,"{""column_scaling"":false,""theta"":1e-08}",1,1,1.0,complete
302,kahan_type:cb92209d4d47c312,kahan_type,False,16,"{""column_scaling"":true,""theta"":1e-08}",1,1,1.0,complete
303,kahan_type:cad9cb441519fc5b,kahan_type,False,16,"{""column_scaling"":false,""theta"":1e-10}",1,1,1.0,complete
304,kahan_type:ea85790adba5c3b2,kahan_type,False,16,"{""column_scaling"":true,""theta"":1e-10}",1,1,1.0,complete
305,kahan_type:ecb64b54443ddd5c,kahan_type,False,16,"{""column_scaling"":false,""theta"":1e-12}",1,1,1.0,complete
306,kahan_type:8457c94dc014b009,kahan_type,False,16,"{""column_scaling"":true,""theta"":1e-12}",1,1,1.0,complete
307,adversarial_rotation:b2c76300f74387b0,adversarial_rotation,False,16,"{""epsilon"":0.1}",1,1,1.0,complete
308,adversarial_rotation:37c4e5a022b50612,adversarial_rotation,False,16,"{""epsilon"":0.01}",1,1,1.0,complete
309,adversarial_rotation:fbc8efe02a7874dc,adversarial_rotation,False,16,"{""epsilon"":0.0001}",1,1,1.0,complete
310,adversarial_rotation:f7cff71dbc36bc98,adversarial_rotation,False,16,"{""epsilon"":1e-06}",1,1,1.0,complete
311,adversarial_rotation:ace807421641f23f,adversarial_rotation,False,16,"{""epsilon"":1e-08}",1,1,1.0,complete
312,adversarial_rotation:6f8f58222266e918,adversarial_rotation,False,16,"{""epsilon"":1e-10}",1,1,1.0,complete
313,adversarial_rotation:45392a8c926cd6a7,adversarial_rotation,False,16,"{""epsilon"":1e-12}",1,1,1.0,complete
314,adversarial_rotation:2cc9ff6f36ee55eb,adversarial_rotation,False,16,"{""epsilon"":1e-14}",1,1,1.0,complete
315,repeated_bad_pivots:ebddf4bf1bcd1f4b,repeated_bad_pivots,False,16,"{""decay"":1.0,""epsilon"":0.01}",1,1,1.0,complete
316,repeated_bad_pivots:22f815a7b3f93bb6,repeated_bad_pivots,False,16,"{""decay"":0.3,""epsilon"":0.01}",1,1,1.0,complete
317,repeated_bad_pivots:cf46139e6aa27490,repeated_bad_pivots,False,16,"{""decay"":0.1,""epsilon"":0.01}",1,1,1.0,complete
318,repeated_bad_pivots:221878ec2b94bb83,repeated_bad_pivots,False,16,"{""decay"":1.0,""epsilon"":1e-06}",1,1,1.0,complete
319,repeated_bad_pivots:142920ff1c832f8b,repeated_bad_pivots,False,16,"{""decay"":0.3,""epsilon"":1e-06}",1,1,1.0,complete
320,repeated_bad_pivots:1be3591d8f74c193,repeated_bad_pivots,False,16,"{""decay"":0.1,""epsilon"":1e-06}",1,1,1.0,complete
321,repeated_bad_pivots:34246cb149b429c4,repeated_bad_pivots,False,16,"{""decay"":1.0,""epsilon"":1e-10}",1,1,1.0,complete
322,repeated_bad_pivots:73c9e8040232fdc6,repeated_bad_pivots,False,16,"{""decay"":0.3,""epsilon"":1e-10}",1,1,1.0,complete
323,repeated_bad_pivots:14488bcb7546a054,repeated_bad_pivots,False,16,"{""decay"":0.1,""epsilon"":1e-10}",1,1,1.0,complete
324,scaled_adversarial:a1544dd12bfc380a,scaled_adversarial,True,16,"{""epsilon"":0.01,""scale_range"":2.0}",20000,20000,1.0,complete
325,scaled_adversarial:bfa61de27cbbe219,scaled_adversarial,True,16,"{""epsilon"":0.01,""scale_range"":4.0}",20000,20000,1.0,complete
326,scaled_adversarial:e73afbc25af72981,scaled_adversarial,True,16,"{""epsilon"":0.01,""scale_range"":8.0}",20000,20000,1.0,complete
327,scaled_adversarial:17741976c2dfbd54,scaled_adversarial,True,16,"{""epsilon"":0.01,""scale_range"":12.0}",20000,20000,1.0,complete
328,scaled_adversarial:1c7b58eee2ed258c,scaled_adversarial,True,16,"{""epsilon"":1e-06,""scale_range"":2.0}",20000,20000,1.0,complete
329,scaled_adversarial:4fa46c9b0730babb,scaled_adversarial,True,16,"{""epsilon"":1e-06,""scale_range"":4.0}",20000,20000,1.0,complete
330,scaled_adversarial:693a2410d358b3b1,scaled_adversarial,True,16,"{""epsilon"":1e-06,""scale_range"":8.0}",20000,20000,1.0,complete
331,scaled_adversarial:44cc26aec2af2f93,scaled_adversarial,True,16,"{""epsilon"":1e-06,""scale_range"":12.0}",20000,20000,1.0,complete
332,scaled_adversarial:47817f90b3ae7eb7,scaled_adversarial,True,16,"{""epsilon"":1e-10,""scale_range"":2.0}",20000,20000,1.0,complete
333,scaled_adversarial:4aad419250638d2a,scaled_adversarial,True,16,"{""epsilon"":1e-10,""scale_range"":4.0}",20000,20000,1.0,complete
334,scaled_adversarial:5d1019a4ba6f1410,scaled_adversarial,True,16,"{""epsilon"":1e-10,""scale_range"":8.0}",20000,20000,1.0,complete
335,scaled_adversarial:a7078d089ccfa660,scaled_adversarial,True,16,"{""epsilon"":1e-10,""scale_range"":12.0}",20000,20000,1.0,complete
336,row_diagonal_dominant_random:93e6f52ebdb3ac55,row_diagonal_dominant_random,True,16,"{""alpha"":0.5}",20000,20000,1.0,complete
337,row_diagonal_dominant_random:03e59f7215597618,row_diagonal_dominant_random,True,16,"{""alpha"":0.3}",20000,20000,1.0,complete
338,row_diagonal_dominant_random:c6616c01f005a03d,row_diagonal_dominant_random,True,16,"{""alpha"":0.2}",20000,20000,1.0,complete
339,row_diagonal_dominant_random:85f3946f6e4679ec,row_diagonal_dominant_random,True,16,"{""alpha"":0.1}",20000,20000,1.0,complete
340,row_diagonal_dominant_random:2976d44433ad1387,row_diagonal_dominant_random,True,16,"{""alpha"":0.05}",20000,20000,1.0,complete
341,row_diagonal_dominant_random:8a85d76f30eb75a6,row_diagonal_dominant_random,True,16,"{""alpha"":0.02}",20000,20000,1.0,complete
342,row_diagonal_dominant_random:3cf57fa76b9a551c,row_diagonal_dominant_random,True,16,"{""alpha"":0.01}",20000,20000,1.0,complete
343,row_diagonal_dominant_random:4cbd4f5958f010f8,row_diagonal_dominant_random,True,16,"{""alpha"":0.005}",20000,20000,1.0,complete
344,row_diagonal_dominant_random:9493eb0855127051,row_diagonal_dominant_random,True,16,"{""alpha"":0.002}",20000,20000,1.0,complete
345,row_diagonal_dominant_random:c93186b88112adec,row_diagonal_dominant_random,True,16,"{""alpha"":0.001}",20000,20000,1.0,complete
346,row_diagonal_dominant_tridiagonal:982220238cdced02,row_diagonal_dominant_tridiagonal,False,16,"{""alpha"":0.5}",1,1,1.0,complete
347,row_diagonal_dominant_tridiagonal:f7dbde840db0a0a1,row_diagonal_dominant_tridiagonal,False,16,"{""alpha"":0.3}",1,1,1.0,complete
348,row_diagonal_dominant_tridiagonal:af932376a9e85180,row_diagonal_dominant_tridiagonal,False,16,"{""alpha"":0.2}",1,1,1.0,complete
349,row_diagonal_dominant_tridiagonal:c27ad42e3f6fa594,row_diagonal_dominant_tridiagonal,False,16,"{""alpha"":0.1}",1,1,1.0,complete
350,row_diagonal_dominant_tridiagonal:b140db102925b3ec,row_diagonal_dominant_tridiagonal,False,16,"{""alpha"":0.05}",1,1,1.0,complete
351,row_diagonal_dominant_tridiagonal:9c6a6927336fc423,row_diagonal_dominant_tridiagonal,False,16,"{""alpha"":0.02}",1,1,1.0,complete
352,row_diagonal_dominant_tridiagonal:a2ab9117ea3a1dfa,row_diagonal_dominant_tridiagonal,False,16,"{""alpha"":0.01}",1,1,1.0,complete
353,row_diagonal_dominant_tridiagonal:80f1643c77f70cd6,row_diagonal_dominant_tridiagonal,False,16,"{""alpha"":0.005}",1,1,1.0,complete
354,row_diagonal_dominant_tridiagonal:e81edd77eaa602f2,row_diagonal_dominant_tridiagonal,False,16,"{""alpha"":0.002}",1,1,1.0,complete
355,row_diagonal_dominant_tridiagonal:3cc535104b50d6a1,row_diagonal_dominant_tridiagonal,False,16,"{""alpha"":0.001}",1,1,1.0,complete
356,row_diagonal_dominant_rankone:9b1d06cd48c40ab2,row_diagonal_dominant_rankone,False,16,"{""alpha"":0.5}",1,1,1.0,complete
357,row_diagonal_dominant_rankone:b2135906babb091e,row_diagonal_dominant_rankone,False,16,"{""alpha"":0.3}",1,1,1.0,complete
358,row_diagonal_dominant_rankone:4b19e252ebf4e64e,row_diagonal_dominant_rankone,False,16,"{""alpha"":0.2}",1,1,1.0,complete
359,row_diagonal_dominant_rankone:f77fdfb3efff94e7,row_diagonal_dominant_rankone,False,16,"{""alpha"":0.1}",1,1,1.0,complete
360,row_diagonal_dominant_rankone:e9f8a9d621908331,row_diagonal_dominant_rankone,False,16,"{""alpha"":0.05}",1,1,1.0,complete
361,row_diagonal_dominant_rankone:f5d1060d84da4649,row_diagonal_dominant_rankone,False,16,"{""alpha"":0.02}",1,1,1.0,complete
362,row_diagonal_dominant_rankone:bbdf2ff377511d2a,row_diagonal_dominant_rankone,False,16,"{""alpha"":0.01}",1,1,1.0,complete
363,row_diagonal_dominant_rankone:b724756e042d2640,row_diagonal_dominant_rankone,False,16,"{""alpha"":0.005}",1,1,1.0,complete
364,row_diagonal_dominant_rankone:9248beec0335477a,row_diagonal_dominant_rankone,False,16,"{""alpha"":0.002}",1,1,1.0,complete
365,row_diagonal_dominant_rankone:6689e0c35681572e,row_diagonal_dominant_rankone,False,16,"{""alpha"":0.001}",1,1,1.0,complete
366,row_diagonal_dominant_stochastic:021519ee0a19df7c,row_diagonal_dominant_stochastic,True,16,"{""alpha"":0.5}",20000,20000,1.0,complete
367,row_diagonal_dominant_stochastic:de30837b1853aaf8,row_diagonal_dominant_stochastic,True,16,"{""alpha"":0.3}",20000,20000,1.0,complete
368,row_diagonal_dominant_stochastic:85d04ae4513fe85f,row_diagonal_dominant_stochastic,True,16,"{""alpha"":0.2}",20000,20000,1.0,complete
369,row_diagonal_dominant_stochastic:0f7feef7c7880b20,row_diagonal_dominant_stochastic,True,16,"{""alpha"":0.1}",20000,20000,1.0,complete
370,row_diagonal_dominant_stochastic:0530909e2322226a,row_diagonal_dominant_stochastic,True,16,"{""alpha"":0.05}",20000,20000,1.0,complete
371,row_diagonal_dominant_stochastic:f5393029996d2c29,row_diagonal_dominant_stochastic,True,16,"{""alpha"":0.02}",20000,20000,1.0,complete
372,row_diagonal_dominant_stochastic:0d717c35c3b2f62d,row_diagonal_dominant_stochastic,True,16,"{""alpha"":0.01}",20000,20000,1.0,complete
373,row_diagonal_dominant_stochastic:6bb9c9b7e1526958,row_diagonal_dominant_stochastic,True,16,"{""alpha"":0.005}",20000,20000,1.0,complete
374,row_diagonal_dominant_stochastic:103e29b8022442fa,row_diagonal_dominant_stochastic,True,16,"{""alpha"":0.002}",20000,20000,1.0,complete
375,row_diagonal_dominant_stochastic:3f149f338e70104c,row_diagonal_dominant_stochastic,True,16,"{""alpha"":0.001}",20000,20000,1.0,complete
376,spd_prescribed_spectrum:f3c8ebf0e249f88d,spd_prescribed_spectrum,True,16,"{""kappa"":10.0}",20000,20000,1.0,complete
377,spd_prescribed_spectrum:fd9c01d27036b31c,spd_prescribed_spectrum,True,16,"{""kappa"":100.0}",20000,20000,1.0,complete
378,spd_prescribed_spectrum:dc332cd1bfa688f6,spd_prescribed_spectrum,True,16,"{""kappa"":1000.0}",20000,20000,1.0,complete
379,spd_prescribed_spectrum:a954fd91076fe28c,spd_prescribed_spectrum,True,16,"{""kappa"":10000.0}",20000,20000,1.0,complete
380,spd_prescribed_spectrum:79fe5321ebe142a9,spd_prescribed_spectrum,True,16,"{""kappa"":100000.0}",20000,20000,1.0,complete
381,spd_prescribed_spectrum:4953545b5c68c921,spd_prescribed_spectrum,True,16,"{""kappa"":1000000.0}",20000,20000,1.0,complete
382,spd_prescribed_spectrum:70d7805e407478aa,spd_prescribed_spectrum,True,16,"{""kappa"":10000000.0}",20000,20000,1.0,complete
383,spd_prescribed_spectrum:fc3ee47b52f52cc7,spd_prescribed_spectrum,True,16,"{""kappa"":100000000.0}",20000,20000,1.0,complete
384,tnn_vandermonde_positive:d0b487e6f0518b72,tnn_vandermonde_positive,False,16,"{""cluster_parameter"":2.0,""node_type"":""equispaced_positive""}",1,1,1.0,complete
385,tnn_vandermonde_positive:5aaa1a7a23ee6d83,tnn_vandermonde_positive,False,16,"{""cluster_parameter"":2.0,""node_type"":""clustered_positive""}",1,1,1.0,complete
386,pascal:7b24b4808f94bc0d,pascal,False,16,{},1,1,1.0,complete
387,random_conditioned:3d4ea8f7b0b7ac02,random_conditioned,True,23,"{""condition_number"":100.0,""profile"":""geometric""}",20000,20000,1.0,complete
388,random_conditioned:f13d30e42b69e288,random_conditioned,True,23,"{""condition_number"":100.0,""profile"":""one_small""}",20000,20000,1.0,complete
389,random_conditioned:5e2483f030292e83,random_conditioned,True,23,"{""condition_number"":100.0,""profile"":""clustered""}",20000,20000,1.0,complete
390,random_conditioned:59554964dd17fd28,random_conditioned,True,23,"{""condition_number"":10000.0,""profile"":""geometric""}",20000,20000,1.0,complete
391,random_conditioned:9249e93b9b37b741,random_conditioned,True,23,"{""condition_number"":10000.0,""profile"":""one_small""}",20000,20000,1.0,complete
392,random_conditioned:24db10624cd06023,random_conditioned,True,23,"{""condition_number"":10000.0,""profile"":""clustered""}",20000,20000,1.0,complete
393,random_conditioned:ede4f08ad80ec7c0,random_conditioned,True,23,"{""condition_number"":1000000.0,""profile"":""geometric""}",20000,20000,1.0,complete
394,random_conditioned:58959af1bd395489,random_conditioned,True,23,"{""condition_number"":1000000.0,""profile"":""one_small""}",20000,20000,1.0,complete
395,random_conditioned:60b649f84d12d8bd,random_conditioned,True,23,"{""condition_number"":1000000.0,""profile"":""clustered""}",20000,20000,1.0,complete
396,random_conditioned:d85a46ecb6e00d73,random_conditioned,True,23,"{""condition_number"":100000000.0,""profile"":""geometric""}",20000,20000,1.0,complete
397,random_conditioned:be39cf2c9bb5dcd1,random_conditioned,True,23,"{""condition_number"":100000000.0,""profile"":""one_small""}",20000,20000,1.0,complete
398,random_conditioned:c09b81d86321af6f,random_conditioned,True,23,"{""condition_number"":100000000.0,""profile"":""clustered""}",20000,20000,1.0,complete
399,random_conditioned:37f6a61bc4687e9e,random_conditioned,True,23,"{""condition_number"":10000000000.0,""profile"":""geometric""}",20000,20000,1.0,complete
400,random_conditioned:33289cf8a89ff087,random_conditioned,True,23,"{""condition_number"":10000000000.0,""profile"":""one_small""}",20000,20000,1.0,complete
401,random_conditioned:d512272586bc7c53,random_conditioned,True,23,"{""condition_number"":10000000000.0,""profile"":""clustered""}",20000,20000,1.0,complete
402,random_conditioned:36337c2841740aff,random_conditioned,True,23,"{""condition_number"":1000000000000.0,""profile"":""geometric""}",20000,20000,1.0,complete
403,random_conditioned:982d888343062026,random_conditioned,True,23,"{""condition_number"":1000000000000.0,""profile"":""one_small""}",20000,20000,1.0,complete
404,random_conditioned:3868b8f4f35e5d1d,random_conditioned,True,23,"{""condition_number"":1000000000000.0,""profile"":""clustered""}",20000,20000,1.0,complete
405,random_conditioned:e026603158c7af35,random_conditioned,True,23,"{""condition_number"":100000000000000.0,""profile"":""geometric""}",20000,20000,1.0,complete
406,random_conditioned:5b19efd6ef2b5c0b,random_conditioned,True,23,"{""condition_number"":100000000000000.0,""profile"":""one_small""}",20000,20000,1.0,complete
407,random_conditioned:20591473a1bf5735,random_conditioned,True,23,"{""condition_number"":100000000000000.0,""profile"":""clustered""}",20000,20000,1.0,complete
408,random_conditioned:6ed2736ecab0398d,random_conditioned,True,23,"{""condition_number"":1.0,""profile"":""orthogonal""}",20000,20000,1.0,complete
409,hilbert:b9c548331ca110df,hilbert,False,23,{},1,1,1.0,complete
410,vandermonde:c75e7bcca1c1877c,vandermonde,False,23,"{""cluster_parameter"":10.0,""column_scaling"":false,""node_type"":""equispaced""}",1,1,1.0,complete
411,vandermonde:ceedbcebccced4fc,vandermonde,False,23,"{""cluster_parameter"":10.0,""column_scaling"":true,""node_type"":""equispaced""}",1,1,1.0,complete
412,vandermonde:e7c5154704c3d4c9,vandermonde,False,23,"{""cluster_parameter"":10.0,""column_scaling"":false,""node_type"":""chebyshev""}",1,1,1.0,complete
413,vandermonde:df362d800fc64531,vandermonde,False,23,"{""cluster_parameter"":10.0,""column_scaling"":true,""node_type"":""chebyshev""}",1,1,1.0,complete
414,vandermonde:1a694a5cc930f5b5,vandermonde,False,23,"{""cluster_parameter"":10.0,""column_scaling"":false,""node_type"":""clustered_zero""}",1,1,1.0,complete
415,vandermonde:777568ed0dbc806c,vandermonde,False,23,"{""cluster_parameter"":10.0,""column_scaling"":true,""node_type"":""clustered_zero""}",1,1,1.0,complete
416,vandermonde:b85fbb786a5eb62d,vandermonde,False,23,"{""cluster_parameter"":10.0,""column_scaling"":false,""node_type"":""near_one""}",1,1,1.0,complete
417,vandermonde:bc1c5a7c363c1cb2,vandermonde,False,23,"{""cluster_parameter"":10.0,""column_scaling"":true,""node_type"":""near_one""}",1,1,1.0,complete
418,vandermonde:d4c1dcf1fe7912e5,vandermonde,True,23,"{""cluster_parameter"":10.0,""column_scaling"":false,""node_type"":""random""}",20000,20000,1.0,complete
419,vandermonde:0040369e0b8a027c,vandermonde,True,23,"{""cluster_parameter"":10.0,""column_scaling"":true,""node_type"":""random""}",20000,20000,1.0,complete
420,kahan_type:4290efc4c47e83af,kahan_type,False,23,"{""column_scaling"":false,""theta"":0.1}",1,1,1.0,complete
421,kahan_type:e71b6f9fd30d0d35,kahan_type,False,23,"{""column_scaling"":true,""theta"":0.1}",1,1,1.0,complete
422,kahan_type:55976e314ebada33,kahan_type,False,23,"{""column_scaling"":false,""theta"":0.01}",1,1,1.0,complete
423,kahan_type:3d5fca4b09918941,kahan_type,False,23,"{""column_scaling"":true,""theta"":0.01}",1,1,1.0,complete
424,kahan_type:ea9d2f45216bcaa7,kahan_type,False,23,"{""column_scaling"":false,""theta"":0.001}",1,1,1.0,complete
425,kahan_type:033d150a3a538c2e,kahan_type,False,23,"{""column_scaling"":true,""theta"":0.001}",1,1,1.0,complete
426,kahan_type:bf657253a4babc02,kahan_type,False,23,"{""column_scaling"":false,""theta"":0.0001}",1,1,1.0,complete
427,kahan_type:7de370b15bdacd56,kahan_type,False,23,"{""column_scaling"":true,""theta"":0.0001}",1,1,1.0,complete
428,kahan_type:7411493e1f8f3a01,kahan_type,False,23,"{""column_scaling"":false,""theta"":1e-06}",1,1,1.0,complete
429,kahan_type:7f88c9d87a09d37c,kahan_type,False,23,"{""column_scaling"":true,""theta"":1e-06}",1,1,1.0,complete
430,kahan_type:3fcb70bbfebc9826,kahan_type,False,23,"{""column_scaling"":false,""theta"":1e-08}",1,1,1.0,complete
431,kahan_type:cb92209d4d47c312,kahan_type,False,23,"{""column_scaling"":true,""theta"":1e-08}",1,1,1.0,complete
432,kahan_type:cad9cb441519fc5b,kahan_type,False,23,"{""column_scaling"":false,""theta"":1e-10}",1,1,1.0,complete
433,kahan_type:ea85790adba5c3b2,kahan_type,False,23,"{""column_scaling"":true,""theta"":1e-10}",1,1,1.0,complete
434,kahan_type:ecb64b54443ddd5c,kahan_type,False,23,"{""column_scaling"":false,""theta"":1e-12}",1,1,1.0,complete
435,kahan_type:8457c94dc014b009,kahan_type,False,23,"{""column_scaling"":true,""theta"":1e-12}",1,1,1.0,complete
436,adversarial_rotation:b2c76300f74387b0,adversarial_rotation,False,23,"{""epsilon"":0.1}",1,1,1.0,complete
437,adversarial_rotation:37c4e5a022b50612,adversarial_rotation,False,23,"{""epsilon"":0.01}",1,1,1.0,complete
438,adversarial_rotation:fbc8efe02a7874dc,adversarial_rotation,False,23,"{""epsilon"":0.0001}",1,1,1.0,complete
439,adversarial_rotation:f7cff71dbc36bc98,adversarial_rotation,False,23,"{""epsilon"":1e-06}",1,1,1.0,complete
440,adversarial_rotation:ace807421641f23f,adversarial_rotation,False,23,"{""epsilon"":1e-08}",1,1,1.0,complete
441,adversarial_rotation:6f8f58222266e918,adversarial_rotation,False,23,"{""epsilon"":1e-10}",1,1,1.0,complete
442,adversarial_rotation:45392a8c926cd6a7,adversarial_rotation,False,23,"{""epsilon"":1e-12}",1,1,1.0,complete
443,adversarial_rotation:2cc9ff6f36ee55eb,adversarial_rotation,False,23,"{""epsilon"":1e-14}",1,1,1.0,complete
444,repeated_bad_pivots:ebddf4bf1bcd1f4b,repeated_bad_pivots,False,23,"{""decay"":1.0,""epsilon"":0.01}",1,1,1.0,complete
445,repeated_bad_pivots:22f815a7b3f93bb6,repeated_bad_pivots,False,23,"{""decay"":0.3,""epsilon"":0.01}",1,1,1.0,complete
446,repeated_bad_pivots:cf46139e6aa27490,repeated_bad_pivots,False,23,"{""decay"":0.1,""epsilon"":0.01}",1,1,1.0,complete
447,repeated_bad_pivots:221878ec2b94bb83,repeated_bad_pivots,False,23,"{""decay"":1.0,""epsilon"":1e-06}",1,1,1.0,complete
448,repeated_bad_pivots:142920ff1c832f8b,repeated_bad_pivots,False,23,"{""decay"":0.3,""epsilon"":1e-06}",1,1,1.0,complete
449,repeated_bad_pivots:1be3591d8f74c193,repeated_bad_pivots,False,23,"{""decay"":0.1,""epsilon"":1e-06}",1,1,1.0,complete
450,repeated_bad_pivots:34246cb149b429c4,repeated_bad_pivots,False,23,"{""decay"":1.0,""epsilon"":1e-10}",1,1,1.0,complete
451,repeated_bad_pivots:73c9e8040232fdc6,repeated_bad_pivots,False,23,"{""decay"":0.3,""epsilon"":1e-10}",1,1,1.0,complete
452,repeated_bad_pivots:14488bcb7546a054,repeated_bad_pivots,False,23,"{""decay"":0.1,""epsilon"":1e-10}",1,1,1.0,complete
453,scaled_adversarial:a1544dd12bfc380a,scaled_adversarial,True,23,"{""epsilon"":0.01,""scale_range"":2.0}",20000,20000,1.0,complete
454,scaled_adversarial:bfa61de27cbbe219,scaled_adversarial,True,23,"{""epsilon"":0.01,""scale_range"":4.0}",20000,20000,1.0,complete
455,scaled_adversarial:e73afbc25af72981,scaled_adversarial,True,23,"{""epsilon"":0.01,""scale_range"":8.0}",20000,20000,1.0,complete
456,scaled_adversarial:17741976c2dfbd54,scaled_adversarial,True,23,"{""epsilon"":0.01,""scale_range"":12.0}",20000,20000,1.0,complete
457,scaled_adversarial:1c7b58eee2ed258c,scaled_adversarial,True,23,"{""epsilon"":1e-06,""scale_range"":2.0}",20000,20000,1.0,complete
458,scaled_adversarial:4fa46c9b0730babb,scaled_adversarial,True,23,"{""epsilon"":1e-06,""scale_range"":4.0}",20000,20000,1.0,complete
459,scaled_adversarial:693a2410d358b3b1,scaled_adversarial,True,23,"{""epsilon"":1e-06,""scale_range"":8.0}",20000,20000,1.0,complete
460,scaled_adversarial:44cc26aec2af2f93,scaled_adversarial,True,23,"{""epsilon"":1e-06,""scale_range"":12.0}",20000,20000,1.0,complete
461,scaled_adversarial:47817f90b3ae7eb7,scaled_adversarial,True,23,"{""epsilon"":1e-10,""scale_range"":2.0}",20000,20000,1.0,complete
462,scaled_adversarial:4aad419250638d2a,scaled_adversarial,True,23,"{""epsilon"":1e-10,""scale_range"":4.0}",20000,20000,1.0,complete
463,scaled_adversarial:5d1019a4ba6f1410,scaled_adversarial,True,23,"{""epsilon"":1e-10,""scale_range"":8.0}",20000,20000,1.0,complete
464,scaled_adversarial:a7078d089ccfa660,scaled_adversarial,True,23,"{""epsilon"":1e-10,""scale_range"":12.0}",20000,20000,1.0,complete
465,row_diagonal_dominant_random:93e6f52ebdb3ac55,row_diagonal_dominant_random,True,23,"{""alpha"":0.5}",20000,20000,1.0,complete
466,row_diagonal_dominant_random:03e59f7215597618,row_diagonal_dominant_random,True,23,"{""alpha"":0.3}",20000,20000,1.0,complete
467,row_diagonal_dominant_random:c6616c01f005a03d,row_diagonal_dominant_random,True,23,"{""alpha"":0.2}",20000,20000,1.0,complete
468,row_diagonal_dominant_random:85f3946f6e4679ec,row_diagonal_dominant_random,True,23,"{""alpha"":0.1}",20000,20000,1.0,complete
469,row_diagonal_dominant_random:2976d44433ad1387,row_diagonal_dominant_random,True,23,"{""alpha"":0.05}",20000,20000,1.0,complete
470,row_diagonal_dominant_random:8a85d76f30eb75a6,row_diagonal_dominant_random,True,23,"{""alpha"":0.02}",20000,20000,1.0,complete
471,row_diagonal_dominant_random:3cf57fa76b9a551c,row_diagonal_dominant_random,True,23,"{""alpha"":0.01}",20000,20000,1.0,complete
472,row_diagonal_dominant_random:4cbd4f5958f010f8,row_diagonal_dominant_random,True,23,"{""alpha"":0.005}",20000,20000,1.0,complete
473,row_diagonal_dominant_random:9493eb0855127051,row_diagonal_dominant_random,True,23,"{""alpha"":0.002}",20000,20000,1.0,complete
474,row_diagonal_dominant_random:c93186b88112adec,row_diagonal_dominant_random,True,23,"{""alpha"":0.001}",20000,20000,1.0,complete
475,row_diagonal_dominant_tridiagonal:982220238cdced02,row_diagonal_dominant_tridiagonal,False,23,"{""alpha"":0.5}",1,1,1.0,complete
476,row_diagonal_dominant_tridiagonal:f7dbde840db0a0a1,row_diagonal_dominant_tridiagonal,False,23,"{""alpha"":0.3}",1,1,1.0,complete
477,row_diagonal_dominant_tridiagonal:af932376a9e85180,row_diagonal_dominant_tridiagonal,False,23,"{""alpha"":0.2}",1,1,1.0,complete
478,row_diagonal_dominant_tridiagonal:c27ad42e3f6fa594,row_diagonal_dominant_tridiagonal,False,23,"{""alpha"":0.1}",1,1,1.0,complete
479,row_diagonal_dominant_tridiagonal:b140db102925b3ec,row_diagonal_dominant_tridiagonal,False,23,"{""alpha"":0.05}",1,1,1.0,complete
480,row_diagonal_dominant_tridiagonal:9c6a6927336fc423,row_diagonal_dominant_tridiagonal,False,23,"{""alpha"":0.02}",1,1,1.0,complete
481,row_diagonal_dominant_tridiagonal:a2ab9117ea3a1dfa,row_diagonal_dominant_tridiagonal,False,23,"{""alpha"":0.01}",1,1,1.0,complete
482,row_diagonal_dominant_tridiagonal:80f1643c77f70cd6,row_diagonal_dominant_tridiagonal,False,23,"{""alpha"":0.005}",1,1,1.0,complete
483,row_diagonal_dominant_tridiagonal:e81edd77eaa602f2,row_diagonal_dominant_tridiagonal,False,23,"{""alpha"":0.002}",1,1,1.0,complete
484,row_diagonal_dominant_tridiagonal:3cc535104b50d6a1,row_diagonal_dominant_tridiagonal,False,23,"{""alpha"":0.001}",1,1,1.0,complete
485,row_diagonal_dominant_rankone:9b1d06cd48c40ab2,row_diagonal_dominant_rankone,False,23,"{""alpha"":0.5}",1,1,1.0,complete
486,row_diagonal_dominant_rankone:b2135906babb091e,row_diagonal_dominant_rankone,False,23,"{""alpha"":0.3}",1,1,1.0,complete
487,row_diagonal_dominant_rankone:4b19e252ebf4e64e,row_diagonal_dominant_rankone,False,23,"{""alpha"":0.2}",1,1,1.0,complete
488,row_diagonal_dominant_rankone:f77fdfb3efff94e7,row_diagonal_dominant_rankone,False,23,"{""alpha"":0.1}",1,1,1.0,complete
489,row_diagonal_dominant_rankone:e9f8a9d621908331,row_diagonal_dominant_rankone,False,23,"{""alpha"":0.05}",1,1,1.0,complete
490,row_diagonal_dominant_rankone:f5d1060d84da4649,row_diagonal_dominant_rankone,False,23,"{""alpha"":0.02}",1,1,1.0,complete
491,row_diagonal_dominant_rankone:bbdf2ff377511d2a,row_diagonal_dominant_rankone,False,23,"{""alpha"":0.01}",1,1,1.0,complete
492,row_diagonal_dominant_rankone:b724756e042d2640,row_diagonal_dominant_rankone,False,23,"{""alpha"":0.005}",1,1,1.0,complete
493,row_diagonal_dominant_rankone:9248beec0335477a,row_diagonal_dominant_rankone,False,23,"{""alpha"":0.002}",1,1,1.0,complete
494,row_diagonal_dominant_rankone:6689e0c35681572e,row_diagonal_dominant_rankone,False,23,"{""alpha"":0.001}",1,1,1.0,complete
495,row_diagonal_dominant_stochastic:021519ee0a19df7c,row_diagonal_dominant_stochastic,True,23,"{""alpha"":0.5}",20000,20000,1.0,complete
496,row_diagonal_dominant_stochastic:de30837b1853aaf8,row_diagonal_dominant_stochastic,True,23,"{""alpha"":0.3}",20000,20000,1.0,complete
497,row_diagonal_dominant_stochastic:85d04ae4513fe85f,row_diagonal_dominant_stochastic,True,23,"{""alpha"":0.2}",20000,20000,1.0,complete
498,row_diagonal_dominant_stochastic:0f7feef7c7880b20,row_diagonal_dominant_stochastic,True,23,"{""alpha"":0.1}",20000,20000,1.0,complete
499,row_diagonal_dominant_stochastic:0530909e2322226a,row_diagonal_dominant_stochastic,True,23,"{""alpha"":0.05}",20000,20000,1.0,complete
500,row_diagonal_dominant_stochastic:f5393029996d2c29,row_diagonal_dominant_stochastic,True,23,"{""alpha"":0.02}",20000,20000,1.0,complete
501,row_diagonal_dominant_stochastic:0d717c35c3b2f62d,row_diagonal_dominant_stochastic,True,23,"{""alpha"":0.01}",20000,20000,1.0,complete
502,row_diagonal_dominant_stochastic:6bb9c9b7e1526958,row_diagonal_dominant_stochastic,True,23,"{""alpha"":0.005}",20000,20000,1.0,complete
503,row_diagonal_dominant_stochastic:103e29b8022442fa,row_diagonal_dominant_stochastic,True,23,"{""alpha"":0.002}",20000,20000,1.0,complete
504,row_diagonal_dominant_stochastic:3f149f338e70104c,row_diagonal_dominant_stochastic,True,23,"{""alpha"":0.001}",20000,20000,1.0,complete
505,spd_prescribed_spectrum:f3c8ebf0e249f88d,spd_prescribed_spectrum,True,23,"{""kappa"":10.0}",20000,20000,1.0,complete
506,spd_prescribed_spectrum:fd9c01d27036b31c,spd_prescribed_spectrum,True,23,"{""kappa"":100.0}",20000,20000,1.0,complete
507,spd_prescribed_spectrum:dc332cd1bfa688f6,spd_prescribed_spectrum,True,23,"{""kappa"":1000.0}",20000,20000,1.0,complete
508,spd_prescribed_spectrum:a954fd91076fe28c,spd_prescribed_spectrum,True,23,"{""kappa"":10000.0}",20000,20000,1.0,complete
509,spd_prescribed_spectrum:79fe5321ebe142a9,spd_prescribed_spectrum,True,23,"{""kappa"":100000.0}",20000,20000,1.0,complete
510,spd_prescribed_spectrum:4953545b5c68c921,spd_prescribed_spectrum,True,23,"{""kappa"":1000000.0}",20000,20000,1.0,complete
511,spd_prescribed_spectrum:70d7805e407478aa,spd_prescribed_spectrum,True,23,"{""kappa"":10000000.0}",20000,20000,1.0,complete
512,spd_prescribed_spectrum:fc3ee47b52f52cc7,spd_prescribed_spectrum,True,23,"{""kappa"":100000000.0}",20000,20000,1.0,complete
513,tnn_vandermonde_positive:d0b487e6f0518b72,tnn_vandermonde_positive,False,23,"{""cluster_parameter"":2.0,""node_type"":""equispaced_positive""}",1,1,1.0,complete
514,tnn_vandermonde_positive:5aaa1a7a23ee6d83,tnn_vandermonde_positive,False,23,"{""cluster_parameter"":2.0,""node_type"":""clustered_positive""}",1,1,1.0,complete
515,pascal:7b24b4808f94bc0d,pascal,False,23,{},1,1,1.0,complete
516,random_conditioned:3d4ea8f7b0b7ac02,random_conditioned,True,32,"{""condition_number"":100.0,""profile"":""geometric""}",20000,20000,1.0,complete
517,random_conditioned:f13d30e42b69e288,random_conditioned,True,32,"{""condition_number"":100.0,""profile"":""one_small""}",20000,20000,1.0,complete
518,random_conditioned:5e2483f030292e83,random_conditioned,True,32,"{""condition_number"":100.0,""profile"":""clustered""}",20000,20000,1.0,complete
519,random_conditioned:59554964dd17fd28,random_conditioned,True,32,"{""condition_number"":10000.0,""profile"":""geometric""}",20000,20000,1.0,complete
520,random_conditioned:9249e93b9b37b741,random_conditioned,True,32,"{""condition_number"":10000.0,""profile"":""one_small""}",20000,20000,1.0,complete
521,random_conditioned:24db10624cd06023,random_conditioned,True,32,"{""condition_number"":10000.0,""profile"":""clustered""}",20000,20000,1.0,complete
522,random_conditioned:ede4f08ad80ec7c0,random_conditioned,True,32,"{""condition_number"":1000000.0,""profile"":""geometric""}",20000,20000,1.0,complete
523,random_conditioned:58959af1bd395489,random_conditioned,True,32,"{""condition_number"":1000000.0,""profile"":""one_small""}",20000,20000,1.0,complete
524,random_conditioned:60b649f84d12d8bd,random_conditioned,True,32,"{""condition_number"":1000000.0,""profile"":""clustered""}",20000,20000,1.0,complete
525,random_conditioned:d85a46ecb6e00d73,random_conditioned,True,32,"{""condition_number"":100000000.0,""profile"":""geometric""}",20000,20000,1.0,complete
526,random_conditioned:be39cf2c9bb5dcd1,random_conditioned,True,32,"{""condition_number"":100000000.0,""profile"":""one_small""}",20000,20000,1.0,complete
527,random_conditioned:c09b81d86321af6f,random_conditioned,True,32,"{""condition_number"":100000000.0,""profile"":""clustered""}",20000,20000,1.0,complete
528,random_conditioned:37f6a61bc4687e9e,random_conditioned,True,32,"{""condition_number"":10000000000.0,""profile"":""geometric""}",20000,20000,1.0,complete
529,random_conditioned:33289cf8a89ff087,random_conditioned,True,32,"{""condition_number"":10000000000.0,""profile"":""one_small""}",20000,20000,1.0,complete
530,random_conditioned:d512272586bc7c53,random_conditioned,True,32,"{""condition_number"":10000000000.0,""profile"":""clustered""}",20000,20000,1.0,complete
531,random_conditioned:36337c2841740aff,random_conditioned,True,32,"{""condition_number"":1000000000000.0,""profile"":""geometric""}",20000,20000,1.0,complete
532,random_conditioned:982d888343062026,random_conditioned,True,32,"{""condition_number"":1000000000000.0,""profile"":""one_small""}",20000,20000,1.0,complete
533,random_conditioned:3868b8f4f35e5d1d,random_conditioned,True,32,"{""condition_number"":1000000000000.0,""profile"":""clustered""}",20000,20000,1.0,complete
534,random_conditioned:e026603158c7af35,random_conditioned,True,32,"{""condition_number"":100000000000000.0,""profile"":""geometric""}",20000,20000,1.0,complete
535,random_conditioned:5b19efd6ef2b5c0b,random_conditioned,True,32,"{""condition_number"":100000000000000.0,""profile"":""one_small""}",20000,20000,1.0,complete
536,random_conditioned:20591473a1bf5735,random_conditioned,True,32,"{""condition_number"":100000000000000.0,""profile"":""clustered""}",20000,20000,1.0,complete
537,random_conditioned:6ed2736ecab0398d,random_conditioned,True,32,"{""condition_number"":1.0,""profile"":""orthogonal""}",20000,20000,1.0,complete
538,hilbert:b9c548331ca110df,hilbert,False,32,{},1,1,1.0,complete
539,vandermonde:c75e7bcca1c1877c,vandermonde,False,32,"{""cluster_parameter"":10.0,""column_scaling"":false,""node_type"":""equispaced""}",1,1,1.0,complete
540,vandermonde:ceedbcebccced4fc,vandermonde,False,32,"{""cluster_parameter"":10.0,""column_scaling"":true,""node_type"":""equispaced""}",1,1,1.0,complete
541,vandermonde:e7c5154704c3d4c9,vandermonde,False,32,"{""cluster_parameter"":10.0,""column_scaling"":false,""node_type"":""chebyshev""}",1,1,1.0,complete
542,vandermonde:df362d800fc64531,vandermonde,False,32,"{""cluster_parameter"":10.0,""column_scaling"":true,""node_type"":""chebyshev""}",1,1,1.0,complete
543,vandermonde:1a694a5cc930f5b5,vandermonde,False,32,"{""cluster_parameter"":10.0,""column_scaling"":false,""node_type"":""clustered_zero""}",1,1,1.0,complete
544,vandermonde:777568ed0dbc806c,vandermonde,False,32,"{""cluster_parameter"":10.0,""column_scaling"":true,""node_type"":""clustered_zero""}",1,1,1.0,complete
545,vandermonde:b85fbb786a5eb62d,vandermonde,False,32,"{""cluster_parameter"":10.0,""column_scaling"":false,""node_type"":""near_one""}",1,1,1.0,complete
546,vandermonde:bc1c5a7c363c1cb2,vandermonde,False,32,"{""cluster_parameter"":10.0,""column_scaling"":true,""node_type"":""near_one""}",1,1,1.0,complete
547,vandermonde:d4c1dcf1fe7912e5,vandermonde,True,32,"{""cluster_parameter"":10.0,""column_scaling"":false,""node_type"":""random""}",20000,20000,1.0,complete
548,vandermonde:0040369e0b8a027c,vandermonde,True,32,"{""cluster_parameter"":10.0,""column_scaling"":true,""node_type"":""random""}",20000,20000,1.0,complete
549,kahan_type:4290efc4c47e83af,kahan_type,False,32,"{""column_scaling"":false,""theta"":0.1}",1,1,1.0,complete
550,kahan_type:e71b6f9fd30d0d35,kahan_type,False,32,"{""column_scaling"":true,""theta"":0.1}",1,1,1.0,complete
551,kahan_type:55976e314ebada33,kahan_type,False,32,"{""column_scaling"":false,""theta"":0.01}",1,1,1.0,complete
552,kahan_type:3d5fca4b09918941,kahan_type,False,32,"{""column_scaling"":true,""theta"":0.01}",1,1,1.0,complete
553,kahan_type:ea9d2f45216bcaa7,kahan_type,False,32,"{""column_scaling"":false,""theta"":0.001}",1,1,1.0,complete
554,kahan_type:033d150a3a538c2e,kahan_type,False,32,"{""column_scaling"":true,""theta"":0.001}",1,1,1.0,complete
555,kahan_type:bf657253a4babc02,kahan_type,False,32,"{""column_scaling"":false,""theta"":0.0001}",1,1,1.0,complete
556,kahan_type:7de370b15bdacd56,kahan_type,False,32,"{""column_scaling"":true,""theta"":0.0001}",1,1,1.0,complete
557,kahan_type:7411493e1f8f3a01,kahan_type,False,32,"{""column_scaling"":false,""theta"":1e-06}",1,1,1.0,complete
558,kahan_type:7f88c9d87a09d37c,kahan_type,False,32,"{""column_scaling"":true,""theta"":1e-06}",1,1,1.0,complete
559,kahan_type:3fcb70bbfebc9826,kahan_type,False,32,"{""column_scaling"":false,""theta"":1e-08}",1,1,1.0,complete
560,kahan_type:cb92209d4d47c312,kahan_type,False,32,"{""column_scaling"":true,""theta"":1e-08}",1,1,1.0,complete
561,kahan_type:cad9cb441519fc5b,kahan_type,False,32,"{""column_scaling"":false,""theta"":1e-10}",1,1,1.0,complete
562,kahan_type:ea85790adba5c3b2,kahan_type,False,32,"{""column_scaling"":true,""theta"":1e-10}",1,1,1.0,complete
563,kahan_type:ecb64b54443ddd5c,kahan_type,False,32,"{""column_scaling"":false,""theta"":1e-12}",1,1,1.0,complete
564,kahan_type:8457c94dc014b009,kahan_type,False,32,"{""column_scaling"":true,""theta"":1e-12}",1,1,1.0,complete
565,adversarial_rotation:b2c76300f74387b0,adversarial_rotation,False,32,"{""epsilon"":0.1}",1,1,1.0,complete
566,adversarial_rotation:37c4e5a022b50612,adversarial_rotation,False,32,"{""epsilon"":0.01}",1,1,1.0,complete
567,adversarial_rotation:fbc8efe02a7874dc,adversarial_rotation,False,32,"{""epsilon"":0.0001}",1,1,1.0,complete
568,adversarial_rotation:f7cff71dbc36bc98,adversarial_rotation,False,32,"{""epsilon"":1e-06}",1,1,1.0,complete
569,adversarial_rotation:ace807421641f23f,adversarial_rotation,False,32,"{""epsilon"":1e-08}",1,1,1.0,complete
570,adversarial_rotation:6f8f58222266e918,adversarial_rotation,False,32,"{""epsilon"":1e-10}",1,1,1.0,complete
571,adversarial_rotation:45392a8c926cd6a7,adversarial_rotation,False,32,"{""epsilon"":1e-12}",1,1,1.0,complete
572,adversarial_rotation:2cc9ff6f36ee55eb,adversarial_rotation,False,32,"{""epsilon"":1e-14}",1,1,1.0,complete
573,repeated_bad_pivots:ebddf4bf1bcd1f4b,repeated_bad_pivots,False,32,"{""decay"":1.0,""epsilon"":0.01}",1,1,1.0,complete
574,repeated_bad_pivots:22f815a7b3f93bb6,repeated_bad_pivots,False,32,"{""decay"":0.3,""epsilon"":0.01}",1,1,1.0,complete
575,repeated_bad_pivots:cf46139e6aa27490,repeated_bad_pivots,False,32,"{""decay"":0.1,""epsilon"":0.01}",1,1,1.0,complete
576,repeated_bad_pivots:221878ec2b94bb83,repeated_bad_pivots,False,32,"{""decay"":1.0,""epsilon"":1e-06}",1,1,1.0,complete
577,repeated_bad_pivots:142920ff1c832f8b,repeated_bad_pivots,False,32,"{""decay"":0.3,""epsilon"":1e-06}",1,1,1.0,complete
578,repeated_bad_pivots:1be3591d8f74c193,repeated_bad_pivots,False,32,"{""decay"":0.1,""epsilon"":1e-06}",1,1,1.0,complete
579,repeated_bad_pivots:34246cb149b429c4,repeated_bad_pivots,False,32,"{""decay"":1.0,""epsilon"":1e-10}",1,1,1.0,complete
580,repeated_bad_pivots:73c9e8040232fdc6,repeated_bad_pivots,False,32,"{""decay"":0.3,""epsilon"":1e-10}",1,1,1.0,complete
581,repeated_bad_pivots:14488bcb7546a054,repeated_bad_pivots,False,32,"{""decay"":0.1,""epsilon"":1e-10}",1,1,1.0,complete
582,scaled_adversarial:a1544dd12bfc380a,scaled_adversarial,True,32,"{""epsilon"":0.01,""scale_range"":2.0}",20000,20000,1.0,complete
583,scaled_adversarial:bfa61de27cbbe219,scaled_adversarial,True,32,"{""epsilon"":0.01,""scale_range"":4.0}",20000,20000,1.0,complete
584,scaled_adversarial:e73afbc25af72981,scaled_adversarial,True,32,"{""epsilon"":0.01,""scale_range"":8.0}",20000,20000,1.0,complete
585,scaled_adversarial:17741976c2dfbd54,scaled_adversarial,True,32,"{""epsilon"":0.01,""scale_range"":12.0}",20000,20000,1.0,complete
586,scaled_adversarial:1c7b58eee2ed258c,scaled_adversarial,True,32,"{""epsilon"":1e-06,""scale_range"":2.0}",20000,20000,1.0,complete
587,scaled_adversarial:4fa46c9b0730babb,scaled_adversarial,True,32,"{""epsilon"":1e-06,""scale_range"":4.0}",20000,20000,1.0,complete
588,scaled_adversarial:693a2410d358b3b1,scaled_adversarial,True,32,"{""epsilon"":1e-06,""scale_range"":8.0}",20000,20000,1.0,complete
589,scaled_adversarial:44cc26aec2af2f93,scaled_adversarial,True,32,"{""epsilon"":1e-06,""scale_range"":12.0}",20000,20000,1.0,complete
590,scaled_adversarial:47817f90b3ae7eb7,scaled_adversarial,True,32,"{""epsilon"":1e-10,""scale_range"":2.0}",20000,20000,1.0,complete
591,scaled_adversarial:4aad419250638d2a,scaled_adversarial,True,32,"{""epsilon"":1e-10,""scale_range"":4.0}",20000,20000,1.0,complete
592,scaled_adversarial:5d1019a4ba6f1410,scaled_adversarial,True,32,"{""epsilon"":1e-10,""scale_range"":8.0}",20000,20000,1.0,complete
593,scaled_adversarial:a7078d089ccfa660,scaled_adversarial,True,32,"{""epsilon"":1e-10,""scale_range"":12.0}",20000,20000,1.0,complete
594,row_diagonal_dominant_random:93e6f52ebdb3ac55,row_diagonal_dominant_random,True,32,"{""alpha"":0.5}",20000,20000,1.0,complete
595,row_diagonal_dominant_random:03e59f7215597618,row_diagonal_dominant_random,True,32,"{""alpha"":0.3}",20000,20000,1.0,complete
596,row_diagonal_dominant_random:c6616c01f005a03d,row_diagonal_dominant_random,True,32,"{""alpha"":0.2}",20000,20000,1.0,complete
597,row_diagonal_dominant_random:85f3946f6e4679ec,row_diagonal_dominant_random,True,32,"{""alpha"":0.1}",20000,20000,1.0,complete
598,row_diagonal_dominant_random:2976d44433ad1387,row_diagonal_dominant_random,True,32,"{""alpha"":0.05}",20000,20000,1.0,complete
599,row_diagonal_dominant_random:8a85d76f30eb75a6,row_diagonal_dominant_random,True,32,"{""alpha"":0.02}",20000,20000,1.0,complete
600,row_diagonal_dominant_random:3cf57fa76b9a551c,row_diagonal_dominant_random,True,32,"{""alpha"":0.01}",20000,20000,1.0,complete
601,row_diagonal_dominant_random:4cbd4f5958f010f8,row_diagonal_dominant_random,True,32,"{""alpha"":0.005}",20000,20000,1.0,complete
602,row_diagonal_dominant_random:9493eb0855127051,row_diagonal_dominant_random,True,32,"{""alpha"":0.002}",20000,20000,1.0,complete
603,row_diagonal_dominant_random:c93186b88112adec,row_diagonal_dominant_random,True,32,"{""alpha"":0.001}",20000,20000,1.0,complete
604,row_diagonal_dominant_tridiagonal:982220238cdced02,row_diagonal_dominant_tridiagonal,False,32,"{""alpha"":0.5}",1,1,1.0,complete
605,row_diagonal_dominant_tridiagonal:f7dbde840db0a0a1,row_diagonal_dominant_tridiagonal,False,32,"{""alpha"":0.3}",1,1,1.0,complete
606,row_diagonal_dominant_tridiagonal:af932376a9e85180,row_diagonal_dominant_tridiagonal,False,32,"{""alpha"":0.2}",1,1,1.0,complete
607,row_diagonal_dominant_tridiagonal:c27ad42e3f6fa594,row_diagonal_dominant_tridiagonal,False,32,"{""alpha"":0.1}",1,1,1.0,complete
608,row_diagonal_dominant_tridiagonal:b140db102925b3ec,row_diagonal_dominant_tridiagonal,False,32,"{""alpha"":0.05}",1,1,1.0,complete
609,row_diagonal_dominant_tridiagonal:9c6a6927336fc423,row_diagonal_dominant_tridiagonal,False,32,"{""alpha"":0.02}",1,1,1.0,complete
610,row_diagonal_dominant_tridiagonal:a2ab9117ea3a1dfa,row_diagonal_dominant_tridiagonal,False,32,"{""alpha"":0.01}",1,1,1.0,complete
611,row_diagonal_dominant_tridiagonal:80f1643c77f70cd6,row_diagonal_dominant_tridiagonal,False,32,"{""alpha"":0.005}",1,1,1.0,complete
612,row_diagonal_dominant_tridiagonal:e81edd77eaa602f2,row_diagonal_dominant_tridiagonal,False,32,"{""alpha"":0.002}",1,1,1.0,complete
613,row_diagonal_dominant_tridiagonal:3cc535104b50d6a1,row_diagonal_dominant_tridiagonal,False,32,"{""alpha"":0.001}",1,1,1.0,complete
614,row_diagonal_dominant_rankone:9b1d06cd48c40ab2,row_diagonal_dominant_rankone,False,32,"{""alpha"":0.5}",1,1,1.0,complete
615,row_diagonal_dominant_rankone:b2135906babb091e,row_diagonal_dominant_rankone,False,32,"{""alpha"":0.3}",1,1,1.0,complete
616,row_diagonal_dominant_rankone:4b19e252ebf4e64e,row_diagonal_dominant_rankone,False,32,"{""alpha"":0.2}",1,1,1.0,complete
617,row_diagonal_dominant_rankone:f77fdfb3efff94e7,row_diagonal_dominant_rankone,False,32,"{""alpha"":0.1}",1,1,1.0,complete
618,row_diagonal_dominant_rankone:e9f8a9d621908331,row_diagonal_dominant_rankone,False,32,"{""alpha"":0.05}",1,1,1.0,complete
619,row_diagonal_dominant_rankone:f5d1060d84da4649,row_diagonal_dominant_rankone,False,32,"{""alpha"":0.02}",1,1,1.0,complete
620,row_diagonal_dominant_rankone:bbdf2ff377511d2a,row_diagonal_dominant_rankone,False,32,"{""alpha"":0.01}",1,1,1.0,complete
621,row_diagonal_dominant_rankone:b724756e042d2640,row_diagonal_dominant_rankone,False,32,"{""alpha"":0.005}",1,1,1.0,complete
622,row_diagonal_dominant_rankone:9248beec0335477a,row_diagonal_dominant_rankone,False,32,"{""alpha"":0.002}",1,1,1.0,complete
623,row_diagonal_dominant_rankone:6689e0c35681572e,row_diagonal_dominant_rankone,False,32,"{""alpha"":0.001}",1,1,1.0,complete
624,row_diagonal_dominant_stochastic:021519ee0a19df7c,row_diagonal_dominant_stochastic,True,32,"{""alpha"":0.5}",20000,20000,1.0,complete
625,row_diagonal_dominant_stochastic:de30837b1853aaf8,row_diagonal_dominant_stochastic,True,32,"{""alpha"":0.3}",20000,20000,1.0,complete
626,row_diagonal_dominant_stochastic:85d04ae4513fe85f,row_diagonal_dominant_stochastic,True,32,"{""alpha"":0.2}",20000,20000,1.0,complete
627,row_diagonal_dominant_stochastic:0f7feef7c7880b20,row_diagonal_dominant_stochastic,True,32,"{""alpha"":0.1}",20000,20000,1.0,complete
628,row_diagonal_dominant_stochastic:0530909e2322226a,row_diagonal_dominant_stochastic,True,32,"{""alpha"":0.05}",20000,20000,1.0,complete
629,row_diagonal_dominant_stochastic:f5393029996d2c29,row_diagonal_dominant_stochastic,True,32,"{""alpha"":0.02}",20000,20000,1.0,complete
630,row_diagonal_dominant_stochastic:0d717c35c3b2f62d,row_diagonal_dominant_stochastic,True,32,"{""alpha"":0.01}",20000,20000,1.0,complete
631,row_diagonal_dominant_stochastic:6bb9c9b7e1526958,row_diagonal_dominant_stochastic,True,32,"{""alpha"":0.005}",20000,20000,1.0,complete
632,row_diagonal_dominant_stochastic:103e29b8022442fa,row_diagonal_dominant_stochastic,True,32,"{""alpha"":0.002}",20000,20000,1.0,complete
633,row_diagonal_dominant_stochastic:3f149f338e70104c,row_diagonal_dominant_stochastic,True,32,"{""alpha"":0.001}",20000,20000,1.0,complete
634,spd_prescribed_spectrum:f3c8ebf0e249f88d,spd_prescribed_spectrum,True,32,"{""kappa"":10.0}",20000,20000,1.0,complete
635,spd_prescribed_spectrum:fd9c01d27036b31c,spd_prescribed_spectrum,True,32,"{""kappa"":100.0}",20000,20000,1.0,complete
636,spd_prescribed_spectrum:dc332cd1bfa688f6,spd_prescribed_spectrum,True,32,"{""kappa"":1000.0}",20000,20000,1.0,complete
637,spd_prescribed_spectrum:a954fd91076fe28c,spd_prescribed_spectrum,True,32,"{""kappa"":10000.0}",20000,20000,1.0,complete
638,spd_prescribed_spectrum:79fe5321ebe142a9,spd_prescribed_spectrum,True,32,"{""kappa"":100000.0}",20000,20000,1.0,complete
639,spd_prescribed_spectrum:4953545b5c68c921,spd_prescribed_spectrum,True,32,"{""kappa"":1000000.0}",20000,20000,1.0,complete
640,spd_prescribed_spectrum:70d7805e407478aa,spd_prescribed_spectrum,True,32,"{""kappa"":10000000.0}",20000,20000,1.0,complete
641,spd_prescribed_spectrum:fc3ee47b52f52cc7,spd_prescribed_spectrum,True,32,"{""kappa"":100000000.0}",20000,20000,1.0,complete
642,tnn_vandermonde_positive:d0b487e6f0518b72,tnn_vandermonde_positive,False,32,"{""cluster_parameter"":2.0,""node_type"":""equispaced_positive""}",1,1,1.0,complete
643,tnn_vandermonde_positive:5aaa1a7a23ee6d83,tnn_vandermonde_positive,False,32,"{""cluster_parameter"":2.0,""node_type"":""clustered_positive""}",1,1,1.0,complete
644,pascal:7b24b4808f94bc0d,pascal,False,32,{},1,1,1.0,complete
645,random_conditioned:3d4ea8f7b0b7ac02,random_conditioned,True,45,"{""condition_number"":100.0,""profile"":""geometric""}",20000,20000,1.0,complete
646,random_conditioned:f13d30e42b69e288,random_conditioned,True,45,"{""condition_number"":100.0,""profile"":""one_small""}",20000,20000,1.0,complete
647,random_conditioned:5e2483f030292e83,random_conditioned,True,45,"{""condition_number"":100.0,""profile"":""clustered""}",20000,20000,1.0,complete
648,random_conditioned:59554964dd17fd28,random_conditioned,True,45,"{""condition_number"":10000.0,""profile"":""geometric""}",20000,20000,1.0,complete
649,random_conditioned:9249e93b9b37b741,random_conditioned,True,45,"{""condition_number"":10000.0,""profile"":""one_small""}",20000,20000,1.0,complete
650,random_conditioned:24db10624cd06023,random_conditioned,True,45,"{""condition_number"":10000.0,""profile"":""clustered""}",20000,20000,1.0,complete
651,random_conditioned:ede4f08ad80ec7c0,random_conditioned,True,45,"{""condition_number"":1000000.0,""profile"":""geometric""}",20000,20000,1.0,complete
652,random_conditioned:58959af1bd395489,random_conditioned,True,45,"{""condition_number"":1000000.0,""profile"":""one_small""}",20000,20000,1.0,complete
653,random_conditioned:60b649f84d12d8bd,random_conditioned,True,45,"{""condition_number"":1000000.0,""profile"":""clustered""}",20000,20000,1.0,complete
654,random_conditioned:d85a46ecb6e00d73,random_conditioned,True,45,"{""condition_number"":100000000.0,""profile"":""geometric""}",20000,20000,1.0,complete
655,random_conditioned:be39cf2c9bb5dcd1,random_conditioned,True,45,"{""condition_number"":100000000.0,""profile"":""one_small""}",20000,20000,1.0,complete
656,random_conditioned:c09b81d86321af6f,random_conditioned,True,45,"{""condition_number"":100000000.0,""profile"":""clustered""}",20000,20000,1.0,complete
657,random_conditioned:37f6a61bc4687e9e,random_conditioned,True,45,"{""condition_number"":10000000000.0,""profile"":""geometric""}",20000,20000,1.0,complete
658,random_conditioned:33289cf8a89ff087,random_conditioned,True,45,"{""condition_number"":10000000000.0,""profile"":""one_small""}",20000,20000,1.0,complete
659,random_conditioned:d512272586bc7c53,random_conditioned,True,45,"{""condition_number"":10000000000.0,""profile"":""clustered""}",20000,20000,1.0,complete
660,random_conditioned:36337c2841740aff,random_conditioned,True,45,"{""condition_number"":1000000000000.0,""profile"":""geometric""}",20000,20000,1.0,complete
661,random_conditioned:982d888343062026,random_conditioned,True,45,"{""condition_number"":1000000000000.0,""profile"":""one_small""}",20000,20000,1.0,complete
662,random_conditioned:3868b8f4f35e5d1d,random_conditioned,True,45,"{""condition_number"":1000000000000.0,""profile"":""clustered""}",20000,20000,1.0,complete
663,random_conditioned:e026603158c7af35,random_conditioned,True,45,"{""condition_number"":100000000000000.0,""profile"":""geometric""}",20000,20000,1.0,complete
664,random_conditioned:5b19efd6ef2b5c0b,random_conditioned,True,45,"{""condition_number"":100000000000000.0,""profile"":""one_small""}",20000,20000,1.0,complete
665,random_conditioned:20591473a1bf5735,random_conditioned,True,45,"{""condition_number"":100000000000000.0,""profile"":""clustered""}",20000,20000,1.0,complete
666,random_conditioned:6ed2736ecab0398d,random_conditioned,True,45,"{""condition_number"":1.0,""profile"":""orthogonal""}",20000,20000,1.0,complete
667,hilbert:b9c548331ca110df,hilbert,False,45,{},1,1,1.0,complete
668,vandermonde:c75e7bcca1c1877c,vandermonde,False,45,"{""cluster_parameter"":10.0,""column_scaling"":false,""node_type"":""equispaced""}",1,1,1.0,complete
669,vandermonde:ceedbcebccced4fc,vandermonde,False,45,"{""cluster_parameter"":10.0,""column_scaling"":true,""node_type"":""equispaced""}",1,1,1.0,complete
670,vandermonde:e7c5154704c3d4c9,vandermonde,False,45,"{""cluster_parameter"":10.0,""column_scaling"":false,""node_type"":""chebyshev""}",1,1,1.0,complete
671,vandermonde:df362d800fc64531,vandermonde,False,45,"{""cluster_parameter"":10.0,""column_scaling"":true,""node_type"":""chebyshev""}",1,1,1.0,complete
672,vandermonde:1a694a5cc930f5b5,vandermonde,False,45,"{""cluster_parameter"":10.0,""column_scaling"":false,""node_type"":""clustered_zero""}",1,1,1.0,complete
673,vandermonde:777568ed0dbc806c,vandermonde,False,45,"{""cluster_parameter"":10.0,""column_scaling"":true,""node_type"":""clustered_zero""}",1,1,1.0,complete
674,vandermonde:b85fbb786a5eb62d,vandermonde,False,45,"{""cluster_parameter"":10.0,""column_scaling"":false,""node_type"":""near_one""}",1,1,1.0,complete
675,vandermonde:bc1c5a7c363c1cb2,vandermonde,False,45,"{""cluster_parameter"":10.0,""column_scaling"":true,""node_type"":""near_one""}",1,1,1.0,complete
676,vandermonde:d4c1dcf1fe7912e5,vandermonde,True,45,"{""cluster_parameter"":10.0,""column_scaling"":false,""node_type"":""random""}",20000,20000,1.0,complete
677,vandermonde:0040369e0b8a027c,vandermonde,True,45,"{""cluster_parameter"":10.0,""column_scaling"":true,""node_type"":""random""}",20000,20000,1.0,complete
678,kahan_type:4290efc4c47e83af,kahan_type,False,45,"{""column_scaling"":false,""theta"":0.1}",1,1,1.0,complete
679,kahan_type:e71b6f9fd30d0d35,kahan_type,False,45,"{""column_scaling"":true,""theta"":0.1}",1,1,1.0,complete
680,kahan_type:55976e314ebada33,kahan_type,False,45,"{""column_scaling"":false,""theta"":0.01}",1,1,1.0,complete
681,kahan_type:3d5fca4b09918941,kahan_type,False,45,"{""column_scaling"":true,""theta"":0.01}",1,1,1.0,complete
682,kahan_type:ea9d2f45216bcaa7,kahan_type,False,45,"{""column_scaling"":false,""theta"":0.001}",1,1,1.0,complete
683,kahan_type:033d150a3a538c2e,kahan_type,False,45,"{""column_scaling"":true,""theta"":0.001}",1,1,1.0,complete
684,kahan_type:bf657253a4babc02,kahan_type,False,45,"{""column_scaling"":false,""theta"":0.0001}",1,1,1.0,complete
685,kahan_type:7de370b15bdacd56,kahan_type,False,45,"{""column_scaling"":true,""theta"":0.0001}",1,1,1.0,complete
686,kahan_type:7411493e1f8f3a01,kahan_type,False,45,"{""column_scaling"":false,""theta"":1e-06}",1,1,1.0,complete
687,kahan_type:7f88c9d87a09d37c,kahan_type,False,45,"{""column_scaling"":true,""theta"":1e-06}",1,1,1.0,complete
688,kahan_type:3fcb70bbfebc9826,kahan_type,False,45,"{""column_scaling"":false,""theta"":1e-08}",1,1,1.0,complete
689,kahan_type:cb92209d4d47c312,kahan_type,False,45,"{""column_scaling"":true,""theta"":1e-08}",1,1,1.0,complete
690,kahan_type:cad9cb441519fc5b,kahan_type,False,45,"{""column_scaling"":false,""theta"":1e-10}",1,1,1.0,complete
691,kahan_type:ea85790adba5c3b2,kahan_type,False,45,"{""column_scaling"":true,""theta"":1e-10}",1,1,1.0,complete
692,kahan_type:ecb64b54443ddd5c,kahan_type,False,45,"{""column_scaling"":false,""theta"":1e-12}",1,1,1.0,complete
693,kahan_type:8457c94dc014b009,kahan_type,False,45,"{""column_scaling"":true,""theta"":1e-12}",1,1,1.0,complete
694,adversarial_rotation:b2c76300f74387b0,adversarial_rotation,False,45,"{""epsilon"":0.1}",1,1,1.0,complete
695,adversarial_rotation:37c4e5a022b50612,adversarial_rotation,False,45,"{""epsilon"":0.01}",1,1,1.0,complete
696,adversarial_rotation:fbc8efe02a7874dc,adversarial_rotation,False,45,"{""epsilon"":0.0001}",1,1,1.0,complete
697,adversarial_rotation:f7cff71dbc36bc98,adversarial_rotation,False,45,"{""epsilon"":1e-06}",1,1,1.0,complete
698,adversarial_rotation:ace807421641f23f,adversarial_rotation,False,45,"{""epsilon"":1e-08}",1,1,1.0,complete
699,adversarial_rotation:6f8f58222266e918,adversarial_rotation,False,45,"{""epsilon"":1e-10}",1,1,1.0,complete
700,adversarial_rotation:45392a8c926cd6a7,adversarial_rotation,False,45,"{""epsilon"":1e-12}",1,1,1.0,complete
701,adversarial_rotation:2cc9ff6f36ee55eb,adversarial_rotation,False,45,"{""epsilon"":1e-14}",1,1,1.0,complete
702,repeated_bad_pivots:ebddf4bf1bcd1f4b,repeated_bad_pivots,False,45,"{""decay"":1.0,""epsilon"":0.01}",1,1,1.0,complete
703,repeated_bad_pivots:22f815a7b3f93bb6,repeated_bad_pivots,False,45,"{""decay"":0.3,""epsilon"":0.01}",1,1,1.0,complete
704,repeated_bad_pivots:cf46139e6aa27490,repeated_bad_pivots,False,45,"{""decay"":0.1,""epsilon"":0.01}",1,1,1.0,complete
705,repeated_bad_pivots:221878ec2b94bb83,repeated_bad_pivots,False,45,"{""decay"":1.0,""epsilon"":1e-06}",1,1,1.0,complete
706,repeated_bad_pivots:142920ff1c832f8b,repeated_bad_pivots,False,45,"{""decay"":0.3,""epsilon"":1e-06}",1,1,1.0,complete
707,repeated_bad_pivots:1be3591d8f74c193,repeated_bad_pivots,False,45,"{""decay"":0.1,""epsilon"":1e-06}",1,1,1.0,complete
708,repeated_bad_pivots:34246cb149b429c4,repeated_bad_pivots,False,45,"{""decay"":1.0,""epsilon"":1e-10}",1,1,1.0,complete
709,repeated_bad_pivots:73c9e8040232fdc6,repeated_bad_pivots,False,45,"{""decay"":0.3,""epsilon"":1e-10}",1,1,1.0,complete
710,repeated_bad_pivots:14488bcb7546a054,repeated_bad_pivots,False,45,"{""decay"":0.1,""epsilon"":1e-10}",1,1,1.0,complete
711,scaled_adversarial:a1544dd12bfc380a,scaled_adversarial,True,45,"{""epsilon"":0.01,""scale_range"":2.0}",20000,20000,1.0,complete
712,scaled_adversarial:bfa61de27cbbe219,scaled_adversarial,True,45,"{""epsilon"":0.01,""scale_range"":4.0}",20000,20000,1.0,complete
713,scaled_adversarial:e73afbc25af72981,scaled_adversarial,True,45,"{""epsilon"":0.01,""scale_range"":8.0}",20000,20000,1.0,complete
714,scaled_adversarial:17741976c2dfbd54,scaled_adversarial,True,45,"{""epsilon"":0.01,""scale_range"":12.0}",20000,20000,1.0,complete
715,scaled_adversarial:1c7b58eee2ed258c,scaled_adversarial,True,45,"{""epsilon"":1e-06,""scale_range"":2.0}",20000,20000,1.0,complete
716,scaled_adversarial:4fa46c9b0730babb,scaled_adversarial,True,45,"{""epsilon"":1e-06,""scale_range"":4.0}",20000,20000,1.0,complete
717,scaled_adversarial:693a2410d358b3b1,scaled_adversarial,True,45,"{""epsilon"":1e-06,""scale_range"":8.0}",20000,20000,1.0,complete
718,scaled_adversarial:44cc26aec2af2f93,scaled_adversarial,True,45,"{""epsilon"":1e-06,""scale_range"":12.0}",20000,20000,1.0,complete
719,scaled_adversarial:47817f90b3ae7eb7,scaled_adversarial,True,45,"{""epsilon"":1e-10,""scale_range"":2.0}",20000,20000,1.0,complete
720,scaled_adversarial:4aad419250638d2a,scaled_adversarial,True,45,"{""epsilon"":1e-10,""scale_range"":4.0}",20000,20000,1.0,complete
721,scaled_adversarial:5d1019a4ba6f1410,scaled_adversarial,True,45,"{""epsilon"":1e-10,""scale_range"":8.0}",20000,20000,1.0,complete
722,scaled_adversarial:a7078d089ccfa660,scaled_adversarial,True,45,"{""epsilon"":1e-10,""scale_range"":12.0}",20000,20000,1.0,complete
723,row_diagonal_dominant_random:93e6f52ebdb3ac55,row_diagonal_dominant_random,True,45,"{""alpha"":0.5}",20000,20000,1.0,complete
724,row_diagonal_dominant_random:03e59f7215597618,row_diagonal_dominant_random,True,45,"{""alpha"":0.3}",20000,20000,1.0,complete
725,row_diagonal_dominant_random:c6616c01f005a03d,row_diagonal_dominant_random,True,45,"{""alpha"":0.2}",20000,20000,1.0,complete
726,row_diagonal_dominant_random:85f3946f6e4679ec,row_diagonal_dominant_random,True,45,"{""alpha"":0.1}",20000,20000,1.0,complete
727,row_diagonal_dominant_random:2976d44433ad1387,row_diagonal_dominant_random,True,45,"{""alpha"":0.05}",20000,20000,1.0,complete
728,row_diagonal_dominant_random:8a85d76f30eb75a6,row_diagonal_dominant_random,True,45,"{""alpha"":0.02}",20000,20000,1.0,complete
729,row_diagonal_dominant_random:3cf57fa76b9a551c,row_diagonal_dominant_random,True,45,"{""alpha"":0.01}",20000,20000,1.0,complete
730,row_diagonal_dominant_random:4cbd4f5958f010f8,row_diagonal_dominant_random,True,45,"{""alpha"":0.005}",20000,20000,1.0,complete
731,row_diagonal_dominant_random:9493eb0855127051,row_diagonal_dominant_random,True,45,"{""alpha"":0.002}",20000,20000,1.0,complete
732,row_diagonal_dominant_random:c93186b88112adec,row_diagonal_dominant_random,True,45,"{""alpha"":0.001}",20000,20000,1.0,complete
733,row_diagonal_dominant_tridiagonal:982220238cdced02,row_diagonal_dominant_tridiagonal,False,45,"{""alpha"":0.5}",1,1,1.0,complete
734,row_diagonal_dominant_tridiagonal:f7dbde840db0a0a1,row_diagonal_dominant_tridiagonal,False,45,"{""alpha"":0.3}",1,1,1.0,complete
735,row_diagonal_dominant_tridiagonal:af932376a9e85180,row_diagonal_dominant_tridiagonal,False,45,"{""alpha"":0.2}",1,1,1.0,complete
736,row_diagonal_dominant_tridiagonal:c27ad42e3f6fa594,row_diagonal_dominant_tridiagonal,False,45,"{""alpha"":0.1}",1,1,1.0,complete
737,row_diagonal_dominant_tridiagonal:b140db102925b3ec,row_diagonal_dominant_tridiagonal,False,45,"{""alpha"":0.05}",1,1,1.0,complete
738,row_diagonal_dominant_tridiagonal:9c6a6927336fc423,row_diagonal_dominant_tridiagonal,False,45,"{""alpha"":0.02}",1,1,1.0,complete
739,row_diagonal_dominant_tridiagonal:a2ab9117ea3a1dfa,row_diagonal_dominant_tridiagonal,False,45,"{""alpha"":0.01}",1,1,1.0,complete
740,row_diagonal_dominant_tridiagonal:80f1643c77f70cd6,row_diagonal_dominant_tridiagonal,False,45,"{""alpha"":0.005}",1,1,1.0,complete
741,row_diagonal_dominant_tridiagonal:e81edd77eaa602f2,row_diagonal_dominant_tridiagonal,False,45,"{""alpha"":0.002}",1,1,1.0,complete
742,row_diagonal_dominant_tridiagonal:3cc535104b50d6a1,row_diagonal_dominant_tridiagonal,False,45,"{""alpha"":0.001}",1,1,1.0,complete
743,row_diagonal_dominant_rankone:9b1d06cd48c40ab2,row_diagonal_dominant_rankone,False,45,"{""alpha"":0.5}",1,1,1.0,complete
744,row_diagonal_dominant_rankone:b2135906babb091e,row_diagonal_dominant_rankone,False,45,"{""alpha"":0.3}",1,1,1.0,complete
745,row_diagonal_dominant_rankone:4b19e252ebf4e64e,row_diagonal_dominant_rankone,False,45,"{""alpha"":0.2}",1,1,1.0,complete
746,row_diagonal_dominant_rankone:f77fdfb3efff94e7,row_diagonal_dominant_rankone,False,45,"{""alpha"":0.1}",1,1,1.0,complete
747,row_diagonal_dominant_rankone:e9f8a9d621908331,row_diagonal_dominant_rankone,False,45,"{""alpha"":0.05}",1,1,1.0,complete
748,row_diagonal_dominant_rankone:f5d1060d84da4649,row_diagonal_dominant_rankone,False,45,"{""alpha"":0.02}",1,1,1.0,complete
749,row_diagonal_dominant_rankone:bbdf2ff377511d2a,row_diagonal_dominant_rankone,False,45,"{""alpha"":0.01}",1,1,1.0,complete
750,row_diagonal_dominant_rankone:b724756e042d2640,row_diagonal_dominant_rankone,False,45,"{""alpha"":0.005}",1,1,1.0,complete
751,row_diagonal_dominant_rankone:9248beec0335477a,row_diagonal_dominant_rankone,False,45,"{""alpha"":0.002}",1,1,1.0,complete
752,row_diagonal_dominant_rankone:6689e0c35681572e,row_diagonal_dominant_rankone,False,45,"{""alpha"":0.001}",1,1,1.0,complete
753,row_diagonal_dominant_stochastic:021519ee0a19df7c,row_diagonal_dominant_stochastic,True,45,"{""alpha"":0.5}",20000,20000,1.0,complete
754,row_diagonal_dominant_stochastic:de30837b1853aaf8,row_diagonal_dominant_stochastic,True,45,"{""alpha"":0.3}",20000,20000,1.0,complete
755,row_diagonal_dominant_stochastic:85d04ae4513fe85f,row_diagonal_dominant_stochastic,True,45,"{""alpha"":0.2}",20000,20000,1.0,complete
756,row_diagonal_dominant_stochastic:0f7feef7c7880b20,row_diagonal_dominant_stochastic,True,45,"{""alpha"":0.1}",20000,20000,1.0,complete
757,row_diagonal_dominant_stochastic:0530909e2322226a,row_diagonal_dominant_stochastic,True,45,"{""alpha"":0.05}",20000,20000,1.0,complete
758,row_diagonal_dominant_stochastic:f5393029996d2c29,row_diagonal_dominant_stochastic,True,45,"{""alpha"":0.02}",20000,20000,1.0,complete
759,row_diagonal_dominant_stochastic:0d717c35c3b2f62d,row_diagonal_dominant_stochastic,True,45,"{""alpha"":0.01}",20000,20000,1.0,complete
760,row_diagonal_dominant_stochastic:6bb9c9b7e1526958,row_diagonal_dominant_stochastic,True,45,"{""alpha"":0.005}",20000,20000,1.0,complete
761,row_diagonal_dominant_stochastic:103e29b8022442fa,row_diagonal_dominant_stochastic,True,45,"{""alpha"":0.002}",20000,20000,1.0,complete
762,row_diagonal_dominant_stochastic:3f149f338e70104c,row_diagonal_dominant_stochastic,True,45,"{""alpha"":0.001}",20000,20000,1.0,complete
763,spd_prescribed_spectrum:f3c8ebf0e249f88d,spd_prescribed_spectrum,True,45,"{""kappa"":10.0}",20000,20000,1.0,complete
764,spd_prescribed_spectrum:fd9c01d27036b31c,spd_prescribed_spectrum,True,45,"{""kappa"":100.0}",20000,20000,1.0,complete
765,spd_prescribed_spectrum:dc332cd1bfa688f6,spd_prescribed_spectrum,True,45,"{""kappa"":1000.0}",20000,20000,1.0,complete
766,spd_prescribed_spectrum:a954fd91076fe28c,spd_prescribed_spectrum,True,45,"{""kappa"":10000.0}",20000,20000,1.0,complete
767,spd_prescribed_spectrum:79fe5321ebe142a9,spd_prescribed_spectrum,True,45,"{""kappa"":100000.0}",20000,20000,1.0,complete
768,spd_prescribed_spectrum:4953545b5c68c921,spd_prescribed_spectrum,True,45,"{""kappa"":1000000.0}",20000,20000,1.0,complete
769,spd_prescribed_spectrum:70d7805e407478aa,spd_prescribed_spectrum,True,45,"{""kappa"":10000000.0}",20000,20000,1.0,complete
770,spd_prescribed_spectrum:fc3ee47b52f52cc7,spd_prescribed_spectrum,True,45,"{""kappa"":100000000.0}",20000,20000,1.0,complete
771,tnn_vandermonde_positive:d0b487e6f0518b72,tnn_vandermonde_positive,False,45,"{""cluster_parameter"":2.0,""node_type"":""equispaced_positive""}",1,1,1.0,complete
772,tnn_vandermonde_positive:5aaa1a7a23ee6d83,tnn_vandermonde_positive,False,45,"{""cluster_parameter"":2.0,""node_type"":""clustered_positive""}",1,1,1.0,complete
773,pascal:7b24b4808f94bc0d,pascal,False,45,{},1,1,1.0,complete
774,random_conditioned:3d4ea8f7b0b7ac02,random_conditioned,True,64,"{""condition_number"":100.0,""profile"":""geometric""}",20000,20000,1.0,complete
775,random_conditioned:f13d30e42b69e288,random_conditioned,True,64,"{""condition_number"":100.0,""profile"":""one_small""}",20000,20000,1.0,complete
776,random_conditioned:5e2483f030292e83,random_conditioned,True,64,"{""condition_number"":100.0,""profile"":""clustered""}",20000,20000,1.0,complete
777,random_conditioned:59554964dd17fd28,random_conditioned,True,64,"{""condition_number"":10000.0,""profile"":""geometric""}",20000,20000,1.0,complete
778,random_conditioned:9249e93b9b37b741,random_conditioned,True,64,"{""condition_number"":10000.0,""profile"":""one_small""}",20000,20000,1.0,complete
779,random_conditioned:24db10624cd06023,random_conditioned,True,64,"{""condition_number"":10000.0,""profile"":""clustered""}",20000,20000,1.0,complete
780,random_conditioned:ede4f08ad80ec7c0,random_conditioned,True,64,"{""condition_number"":1000000.0,""profile"":""geometric""}",20000,20000,1.0,complete
781,random_conditioned:58959af1bd395489,random_conditioned,True,64,"{""condition_number"":1000000.0,""profile"":""one_small""}",20000,20000,1.0,complete
782,random_conditioned:60b649f84d12d8bd,random_conditioned,True,64,"{""condition_number"":1000000.0,""profile"":""clustered""}",20000,20000,1.0,complete
783,random_conditioned:d85a46ecb6e00d73,random_conditioned,True,64,"{""condition_number"":100000000.0,""profile"":""geometric""}",20000,20000,1.0,complete
784,random_conditioned:be39cf2c9bb5dcd1,random_conditioned,True,64,"{""condition_number"":100000000.0,""profile"":""one_small""}",20000,20000,1.0,complete
785,random_conditioned:c09b81d86321af6f,random_conditioned,True,64,"{""condition_number"":100000000.0,""profile"":""clustered""}",20000,20000,1.0,complete
786,random_conditioned:37f6a61bc4687e9e,random_conditioned,True,64,"{""condition_number"":10000000000.0,""profile"":""geometric""}",20000,20000,1.0,complete
787,random_conditioned:33289cf8a89ff087,random_conditioned,True,64,"{""condition_number"":10000000000.0,""profile"":""one_small""}",20000,20000,1.0,complete
788,random_conditioned:d512272586bc7c53,random_conditioned,True,64,"{""condition_number"":10000000000.0,""profile"":""clustered""}",20000,20000,1.0,complete
789,random_conditioned:36337c2841740aff,random_conditioned,True,64,"{""condition_number"":1000000000000.0,""profile"":""geometric""}",20000,20000,1.0,complete
790,random_conditioned:982d888343062026,random_conditioned,True,64,"{""condition_number"":1000000000000.0,""profile"":""one_small""}",20000,20000,1.0,complete
791,random_conditioned:3868b8f4f35e5d1d,random_conditioned,True,64,"{""condition_number"":1000000000000.0,""profile"":""clustered""}",20000,20000,1.0,complete
792,random_conditioned:e026603158c7af35,random_conditioned,True,64,"{""condition_number"":100000000000000.0,""profile"":""geometric""}",20000,20000,1.0,complete
793,random_conditioned:5b19efd6ef2b5c0b,random_conditioned,True,64,"{""condition_number"":100000000000000.0,""profile"":""one_small""}",20000,20000,1.0,complete
794,random_conditioned:20591473a1bf5735,random_conditioned,True,64,"{""condition_number"":100000000000000.0,""profile"":""clustered""}",20000,20000,1.0,complete
795,random_conditioned:6ed2736ecab0398d,random_conditioned,True,64,"{""condition_number"":1.0,""profile"":""orthogonal""}",20000,20000,1.0,complete
796,hilbert:b9c548331ca110df,hilbert,False,64,{},1,1,1.0,complete
797,vandermonde:c75e7bcca1c1877c,vandermonde,False,64,"{""cluster_parameter"":10.0,""column_scaling"":false,""node_type"":""equispaced""}",1,1,1.0,complete
798,vandermonde:ceedbcebccced4fc,vandermonde,False,64,"{""cluster_parameter"":10.0,""column_scaling"":true,""node_type"":""equispaced""}",1,1,1.0,complete
799,vandermonde:e7c5154704c3d4c9,vandermonde,False,64,"{""cluster_parameter"":10.0,""column_scaling"":false,""node_type"":""chebyshev""}",1,1,1.0,complete
800,vandermonde:df362d800fc64531,vandermonde,False,64,"{""cluster_parameter"":10.0,""column_scaling"":true,""node_type"":""chebyshev""}",1,1,1.0,complete
801,vandermonde:1a694a5cc930f5b5,vandermonde,False,64,"{""cluster_parameter"":10.0,""column_scaling"":false,""node_type"":""clustered_zero""}",1,1,1.0,complete
802,vandermonde:777568ed0dbc806c,vandermonde,False,64,"{""cluster_parameter"":10.0,""column_scaling"":true,""node_type"":""clustered_zero""}",1,1,1.0,complete
803,vandermonde:b85fbb786a5eb62d,vandermonde,False,64,"{""cluster_parameter"":10.0,""column_scaling"":false,""node_type"":""near_one""}",1,1,1.0,complete
804,vandermonde:bc1c5a7c363c1cb2,vandermonde,False,64,"{""cluster_parameter"":10.0,""column_scaling"":true,""node_type"":""near_one""}",1,1,1.0,complete
805,vandermonde:d4c1dcf1fe7912e5,vandermonde,True,64,"{""cluster_parameter"":10.0,""column_scaling"":false,""node_type"":""random""}",20000,20000,1.0,complete
806,vandermonde:0040369e0b8a027c,vandermonde,True,64,"{""cluster_parameter"":10.0,""column_scaling"":true,""node_type"":""random""}",20000,20000,1.0,complete
807,kahan_type:4290efc4c47e83af,kahan_type,False,64,"{""column_scaling"":false,""theta"":0.1}",1,1,1.0,complete
808,kahan_type:e71b6f9fd30d0d35,kahan_type,False,64,"{""column_scaling"":true,""theta"":0.1}",1,1,1.0,complete
809,kahan_type:55976e314ebada33,kahan_type,False,64,"{""column_scaling"":false,""theta"":0.01}",1,1,1.0,complete
810,kahan_type:3d5fca4b09918941,kahan_type,False,64,"{""column_scaling"":true,""theta"":0.01}",1,1,1.0,complete
811,kahan_type:ea9d2f45216bcaa7,kahan_type,False,64,"{""column_scaling"":false,""theta"":0.001}",1,1,1.0,complete
812,kahan_type:033d150a3a538c2e,kahan_type,False,64,"{""column_scaling"":true,""theta"":0.001}",1,1,1.0,complete
813,kahan_type:bf657253a4babc02,kahan_type,False,64,"{""column_scaling"":false,""theta"":0.0001}",1,1,1.0,complete
814,kahan_type:7de370b15bdacd56,kahan_type,False,64,"{""column_scaling"":true,""theta"":0.0001}",1,1,1.0,complete
815,kahan_type:7411493e1f8f3a01,kahan_type,False,64,"{""column_scaling"":false,""theta"":1e-06}",1,1,1.0,complete
816,kahan_type:7f88c9d87a09d37c,kahan_type,False,64,"{""column_scaling"":true,""theta"":1e-06}",1,1,1.0,complete
817,kahan_type:3fcb70bbfebc9826,kahan_type,False,64,"{""column_scaling"":false,""theta"":1e-08}",1,1,1.0,complete
818,kahan_type:cb92209d4d47c312,kahan_type,False,64,"{""column_scaling"":true,""theta"":1e-08}",1,1,1.0,complete
819,kahan_type:cad9cb441519fc5b,kahan_type,False,64,"{""column_scaling"":false,""theta"":1e-10}",1,1,1.0,complete
820,kahan_type:ea85790adba5c3b2,kahan_type,False,64,"{""column_scaling"":true,""theta"":1e-10}",1,1,1.0,complete
821,kahan_type:ecb64b54443ddd5c,kahan_type,False,64,"{""column_scaling"":false,""theta"":1e-12}",1,1,1.0,complete
822,kahan_type:8457c94dc014b009,kahan_type,False,64,"{""column_scaling"":true,""theta"":1e-12}",1,1,1.0,complete
823,adversarial_rotation:b2c76300f74387b0,adversarial_rotation,False,64,"{""epsilon"":0.1}",1,1,1.0,complete
824,adversarial_rotation:37c4e5a022b50612,adversarial_rotation,False,64,"{""epsilon"":0.01}",1,1,1.0,complete
825,adversarial_rotation:fbc8efe02a7874dc,adversarial_rotation,False,64,"{""epsilon"":0.0001}",1,1,1.0,complete
826,adversarial_rotation:f7cff71dbc36bc98,adversarial_rotation,False,64,"{""epsilon"":1e-06}",1,1,1.0,complete
827,adversarial_rotation:ace807421641f23f,adversarial_rotation,False,64,"{""epsilon"":1e-08}",1,1,1.0,complete
828,adversarial_rotation:6f8f58222266e918,adversarial_rotation,False,64,"{""epsilon"":1e-10}",1,1,1.0,complete
829,adversarial_rotation:45392a8c926cd6a7,adversarial_rotation,False,64,"{""epsilon"":1e-12}",1,1,1.0,complete
830,adversarial_rotation:2cc9ff6f36ee55eb,adversarial_rotation,False,64,"{""epsilon"":1e-14}",1,1,1.0,complete
831,repeated_bad_pivots:ebddf4bf1bcd1f4b,repeated_bad_pivots,False,64,"{""decay"":1.0,""epsilon"":0.01}",1,1,1.0,complete
832,repeated_bad_pivots:22f815a7b3f93bb6,repeated_bad_pivots,False,64,"{""decay"":0.3,""epsilon"":0.01}",1,1,1.0,complete
833,repeated_bad_pivots:cf46139e6aa27490,repeated_bad_pivots,False,64,"{""decay"":0.1,""epsilon"":0.01}",1,1,1.0,complete
834,repeated_bad_pivots:221878ec2b94bb83,repeated_bad_pivots,False,64,"{""decay"":1.0,""epsilon"":1e-06}",1,1,1.0,complete
835,repeated_bad_pivots:142920ff1c832f8b,repeated_bad_pivots,False,64,"{""decay"":0.3,""epsilon"":1e-06}",1,1,1.0,complete
836,repeated_bad_pivots:1be3591d8f74c193,repeated_bad_pivots,False,64,"{""decay"":0.1,""epsilon"":1e-06}",1,1,1.0,complete
837,repeated_bad_pivots:34246cb149b429c4,repeated_bad_pivots,False,64,"{""decay"":1.0,""epsilon"":1e-10}",1,1,1.0,complete
838,repeated_bad_pivots:73c9e8040232fdc6,repeated_bad_pivots,False,64,"{""decay"":0.3,""epsilon"":1e-10}",1,1,1.0,complete
839,repeated_bad_pivots:14488bcb7546a054,repeated_bad_pivots,False,64,"{""decay"":0.1,""epsilon"":1e-10}",1,1,1.0,complete
840,scaled_adversarial:a1544dd12bfc380a,scaled_adversarial,True,64,"{""epsilon"":0.01,""scale_range"":2.0}",20000,20000,1.0,complete
841,scaled_adversarial:bfa61de27cbbe219,scaled_adversarial,True,64,"{""epsilon"":0.01,""scale_range"":4.0}",20000,20000,1.0,complete
842,scaled_adversarial:e73afbc25af72981,scaled_adversarial,True,64,"{""epsilon"":0.01,""scale_range"":8.0}",20000,20000,1.0,complete
843,scaled_adversarial:17741976c2dfbd54,scaled_adversarial,True,64,"{""epsilon"":0.01,""scale_range"":12.0}",20000,20000,1.0,complete
844,scaled_adversarial:1c7b58eee2ed258c,scaled_adversarial,True,64,"{""epsilon"":1e-06,""scale_range"":2.0}",20000,20000,1.0,complete
845,scaled_adversarial:4fa46c9b0730babb,scaled_adversarial,True,64,"{""epsilon"":1e-06,""scale_range"":4.0}",20000,20000,1.0,complete
846,scaled_adversarial:693a2410d358b3b1,scaled_adversarial,True,64,"{""epsilon"":1e-06,""scale_range"":8.0}",20000,20000,1.0,complete
847,scaled_adversarial:44cc26aec2af2f93,scaled_adversarial,True,64,"{""epsilon"":1e-06,""scale_range"":12.0}",20000,20000,1.0,complete
848,scaled_adversarial:47817f90b3ae7eb7,scaled_adversarial,True,64,"{""epsilon"":1e-10,""scale_range"":2.0}",20000,20000,1.0,complete
849,scaled_adversarial:4aad419250638d2a,scaled_adversarial,True,64,"{""epsilon"":1e-10,""scale_range"":4.0}",20000,20000,1.0,complete
850,scaled_adversarial:5d1019a4ba6f1410,scaled_adversarial,True,64,"{""epsilon"":1e-10,""scale_range"":8.0}",20000,20000,1.0,complete
851,scaled_adversarial:a7078d089ccfa660,scaled_adversarial,True,64,"{""epsilon"":1e-10,""scale_range"":12.0}",20000,20000,1.0,complete
852,row_diagonal_dominant_random:93e6f52ebdb3ac55,row_diagonal_dominant_random,True,64,"{""alpha"":0.5}",20000,20000,1.0,complete
853,row_diagonal_dominant_random:03e59f7215597618,row_diagonal_dominant_random,True,64,"{""alpha"":0.3}",20000,20000,1.0,complete
854,row_diagonal_dominant_random:c6616c01f005a03d,row_diagonal_dominant_random,True,64,"{""alpha"":0.2}",20000,20000,1.0,complete
855,row_diagonal_dominant_random:85f3946f6e4679ec,row_diagonal_dominant_random,True,64,"{""alpha"":0.1}",20000,20000,1.0,complete
856,row_diagonal_dominant_random:2976d44433ad1387,row_diagonal_dominant_random,True,64,"{""alpha"":0.05}",20000,20000,1.0,complete
857,row_diagonal_dominant_random:8a85d76f30eb75a6,row_diagonal_dominant_random,True,64,"{""alpha"":0.02}",20000,20000,1.0,complete
858,row_diagonal_dominant_random:3cf57fa76b9a551c,row_diagonal_dominant_random,True,64,"{""alpha"":0.01}",20000,20000,1.0,complete
859,row_diagonal_dominant_random:4cbd4f5958f010f8,row_diagonal_dominant_random,True,64,"{""alpha"":0.005}",20000,20000,1.0,complete
860,row_diagonal_dominant_random:9493eb0855127051,row_diagonal_dominant_random,True,64,"{""alpha"":0.002}",20000,20000,1.0,complete
861,row_diagonal_dominant_random:c93186b88112adec,row_diagonal_dominant_random,True,64,"{""alpha"":0.001}",20000,20000,1.0,complete
862,row_diagonal_dominant_tridiagonal:982220238cdced02,row_diagonal_dominant_tridiagonal,False,64,"{""alpha"":0.5}",1,1,1.0,complete
863,row_diagonal_dominant_tridiagonal:f7dbde840db0a0a1,row_diagonal_dominant_tridiagonal,False,64,"{""alpha"":0.3}",1,1,1.0,complete
864,row_diagonal_dominant_tridiagonal:af932376a9e85180,row_diagonal_dominant_tridiagonal,False,64,"{""alpha"":0.2}",1,1,1.0,complete
865,row_diagonal_dominant_tridiagonal:c27ad42e3f6fa594,row_diagonal_dominant_tridiagonal,False,64,"{""alpha"":0.1}",1,1,1.0,complete
866,row_diagonal_dominant_tridiagonal:b140db102925b3ec,row_diagonal_dominant_tridiagonal,False,64,"{""alpha"":0.05}",1,1,1.0,complete
867,row_diagonal_dominant_tridiagonal:9c6a6927336fc423,row_diagonal_dominant_tridiagonal,False,64,"{""alpha"":0.02}",1,1,1.0,complete
868,row_diagonal_dominant_tridiagonal:a2ab9117ea3a1dfa,row_diagonal_dominant_tridiagonal,False,64,"{""alpha"":0.01}",1,1,1.0,complete
869,row_diagonal_dominant_tridiagonal:80f1643c77f70cd6,row_diagonal_dominant_tridiagonal,False,64,"{""alpha"":0.005}",1,1,1.0,complete
870,row_diagonal_dominant_tridiagonal:e81edd77eaa602f2,row_diagonal_dominant_tridiagonal,False,64,"{""alpha"":0.002}",1,1,1.0,complete
871,row_diagonal_dominant_tridiagonal:3cc535104b50d6a1,row_diagonal_dominant_tridiagonal,False,64,"{""alpha"":0.001}",1,1,1.0,complete
872,row_diagonal_dominant_rankone:9b1d06cd48c40ab2,row_diagonal_dominant_rankone,False,64,"{""alpha"":0.5}",1,1,1.0,complete
873,row_diagonal_dominant_rankone:b2135906babb091e,row_diagonal_dominant_rankone,False,64,"{""alpha"":0.3}",1,1,1.0,complete
874,row_diagonal_dominant_rankone:4b19e252ebf4e64e,row_diagonal_dominant_rankone,False,64,"{""alpha"":0.2}",1,1,1.0,complete
875,row_diagonal_dominant_rankone:f77fdfb3efff94e7,row_diagonal_dominant_rankone,False,64,"{""alpha"":0.1}",1,1,1.0,complete
876,row_diagonal_dominant_rankone:e9f8a9d621908331,row_diagonal_dominant_rankone,False,64,"{""alpha"":0.05}",1,1,1.0,complete
877,row_diagonal_dominant_rankone:f5d1060d84da4649,row_diagonal_dominant_rankone,False,64,"{""alpha"":0.02}",1,1,1.0,complete
878,row_diagonal_dominant_rankone:bbdf2ff377511d2a,row_diagonal_dominant_rankone,False,64,"{""alpha"":0.01}",1,1,1.0,complete
879,row_diagonal_dominant_rankone:b724756e042d2640,row_diagonal_dominant_rankone,False,64,"{""alpha"":0.005}",1,1,1.0,complete
880,row_diagonal_dominant_rankone:9248beec0335477a,row_diagonal_dominant_rankone,False,64,"{""alpha"":0.002}",1,1,1.0,complete
881,row_diagonal_dominant_rankone:6689e0c35681572e,row_diagonal_dominant_rankone,False,64,"{""alpha"":0.001}",1,1,1.0,complete
882,row_diagonal_dominant_stochastic:021519ee0a19df7c,row_diagonal_dominant_stochastic,True,64,"{""alpha"":0.5}",20000,20000,1.0,complete
883,row_diagonal_dominant_stochastic:de30837b1853aaf8,row_diagonal_dominant_stochastic,True,64,"{""alpha"":0.3}",20000,20000,1.0,complete
884,row_diagonal_dominant_stochastic:85d04ae4513fe85f,row_diagonal_dominant_stochastic,True,64,"{""alpha"":0.2}",20000,20000,1.0,complete
885,row_diagonal_dominant_stochastic:0f7feef7c7880b20,row_diagonal_dominant_stochastic,True,64,"{""alpha"":0.1}",20000,20000,1.0,complete
886,row_diagonal_dominant_stochastic:0530909e2322226a,row_diagonal_dominant_stochastic,True,64,"{""alpha"":0.05}",20000,20000,1.0,complete
887,row_diagonal_dominant_stochastic:f5393029996d2c29,row_diagonal_dominant_stochastic,True,64,"{""alpha"":0.02}",20000,20000,1.0,complete
888,row_diagonal_dominant_stochastic:0d717c35c3b2f62d,row_diagonal_dominant_stochastic,True,64,"{""alpha"":0.01}",20000,20000,1.0,complete
889,row_diagonal_dominant_stochastic:6bb9c9b7e1526958,row_diagonal_dominant_stochastic,True,64,"{""alpha"":0.005}",20000,20000,1.0,complete
890,row_diagonal_dominant_stochastic:103e29b8022442fa,row_diagonal_dominant_stochastic,True,64,"{""alpha"":0.002}",20000,20000,1.0,complete
891,row_diagonal_dominant_stochastic:3f149f338e70104c,row_diagonal_dominant_stochastic,True,64,"{""alpha"":0.001}",20000,20000,1.0,complete
892,spd_prescribed_spectrum:f3c8ebf0e249f88d,spd_prescribed_spectrum,True,64,"{""kappa"":10.0}",20000,20000,1.0,complete
893,spd_prescribed_spectrum:fd9c01d27036b31c,spd_prescribed_spectrum,True,64,"{""kappa"":100.0}",20000,20000,1.0,complete
894,spd_prescribed_spectrum:dc332cd1bfa688f6,spd_prescribed_spectrum,True,64,"{""kappa"":1000.0}",20000,20000,1.0,complete
895,spd_prescribed_spectrum:a954fd91076fe28c,spd_prescribed_spectrum,True,64,"{""kappa"":10000.0}",20000,20000,1.0,complete
896,spd_prescribed_spectrum:79fe5321ebe142a9,spd_prescribed_spectrum,True,64,"{""kappa"":100000.0}",20000,20000,1.0,complete
897,spd_prescribed_spectrum:4953545b5c68c921,spd_prescribed_spectrum,True,64,"{""kappa"":1000000.0}",20000,20000,1.0,complete
898,spd_prescribed_spectrum:70d7805e407478aa,spd_prescribed_spectrum,True,64,"{""kappa"":10000000.0}",20000,20000,1.0,complete
899,spd_prescribed_spectrum:fc3ee47b52f52cc7,spd_prescribed_spectrum,True,64,"{""kappa"":100000000.0}",20000,20000,1.0,complete
900,tnn_vandermonde_positive:d0b487e6f0518b72,tnn_vandermonde_positive,False,64,"{""cluster_parameter"":2.0,""node_type"":""equispaced_positive""}",1,1,1.0,complete
901,tnn_vandermonde_positive:5aaa1a7a23ee6d83,tnn_vandermonde_positive,False,64,"{""cluster_parameter"":2.0,""node_type"":""clustered_positive""}",1,1,1.0,complete
902,pascal:7b24b4808f94bc0d,pascal,False,64,{},1,1,1.0,complete
903,random_conditioned:3d4ea8f7b0b7ac02,random_conditioned,True,91,"{""condition_number"":100.0,""profile"":""geometric""}",20000,20000,1.0,complete
904,random_conditioned:f13d30e42b69e288,random_conditioned,True,91,"{""condition_number"":100.0,""profile"":""one_small""}",20000,20000,1.0,complete
905,random_conditioned:5e2483f030292e83,random_conditioned,True,91,"{""condition_number"":100.0,""profile"":""clustered""}",20000,20000,1.0,complete
906,random_conditioned:59554964dd17fd28,random_conditioned,True,91,"{""condition_number"":10000.0,""profile"":""geometric""}",20000,20000,1.0,complete
907,random_conditioned:9249e93b9b37b741,random_conditioned,True,91,"{""condition_number"":10000.0,""profile"":""one_small""}",20000,20000,1.0,complete
908,random_conditioned:24db10624cd06023,random_conditioned,True,91,"{""condition_number"":10000.0,""profile"":""clustered""}",20000,20000,1.0,complete
909,random_conditioned:ede4f08ad80ec7c0,random_conditioned,True,91,"{""condition_number"":1000000.0,""profile"":""geometric""}",20000,20000,1.0,complete
910,random_conditioned:58959af1bd395489,random_conditioned,True,91,"{""condition_number"":1000000.0,""profile"":""one_small""}",20000,20000,1.0,complete
911,random_conditioned:60b649f84d12d8bd,random_conditioned,True,91,"{""condition_number"":1000000.0,""profile"":""clustered""}",20000,20000,1.0,complete
912,random_conditioned:d85a46ecb6e00d73,random_conditioned,True,91,"{""condition_number"":100000000.0,""profile"":""geometric""}",20000,20000,1.0,complete
913,random_conditioned:be39cf2c9bb5dcd1,random_conditioned,True,91,"{""condition_number"":100000000.0,""profile"":""one_small""}",20000,20000,1.0,complete
914,random_conditioned:c09b81d86321af6f,random_conditioned,True,91,"{""condition_number"":100000000.0,""profile"":""clustered""}",20000,20000,1.0,complete
915,random_conditioned:37f6a61bc4687e9e,random_conditioned,True,91,"{""condition_number"":10000000000.0,""profile"":""geometric""}",20000,20000,1.0,complete
916,random_conditioned:33289cf8a89ff087,random_conditioned,True,91,"{""condition_number"":10000000000.0,""profile"":""one_small""}",20000,20000,1.0,complete
917,random_conditioned:d512272586bc7c53,random_conditioned,True,91,"{""condition_number"":10000000000.0,""profile"":""clustered""}",20000,20000,1.0,complete
918,random_conditioned:36337c2841740aff,random_conditioned,True,91,"{""condition_number"":1000000000000.0,""profile"":""geometric""}",20000,20000,1.0,complete
919,random_conditioned:982d888343062026,random_conditioned,True,91,"{""condition_number"":1000000000000.0,""profile"":""one_small""}",20000,20000,1.0,complete
920,random_conditioned:3868b8f4f35e5d1d,random_conditioned,True,91,"{""condition_number"":1000000000000.0,""profile"":""clustered""}",20000,20000,1.0,complete
921,random_conditioned:e026603158c7af35,random_conditioned,True,91,"{""condition_number"":100000000000000.0,""profile"":""geometric""}",20000,20000,1.0,complete
922,random_conditioned:5b19efd6ef2b5c0b,random_conditioned,True,91,"{""condition_number"":100000000000000.0,""profile"":""one_small""}",20000,20000,1.0,complete
923,random_conditioned:20591473a1bf5735,random_conditioned,True,91,"{""condition_number"":100000000000000.0,""profile"":""clustered""}",20000,20000,1.0,complete
924,random_conditioned:6ed2736ecab0398d,random_conditioned,True,91,"{""condition_number"":1.0,""profile"":""orthogonal""}",20000,20000,1.0,complete
925,hilbert:b9c548331ca110df,hilbert,False,91,{},1,1,1.0,complete
926,vandermonde:c75e7bcca1c1877c,vandermonde,False,91,"{""cluster_parameter"":10.0,""column_scaling"":false,""node_type"":""equispaced""}",1,1,1.0,complete
927,vandermonde:ceedbcebccced4fc,vandermonde,False,91,"{""cluster_parameter"":10.0,""column_scaling"":true,""node_type"":""equispaced""}",1,1,1.0,complete
928,vandermonde:e7c5154704c3d4c9,vandermonde,False,91,"{""cluster_parameter"":10.0,""column_scaling"":false,""node_type"":""chebyshev""}",1,1,1.0,complete
929,vandermonde:df362d800fc64531,vandermonde,False,91,"{""cluster_parameter"":10.0,""column_scaling"":true,""node_type"":""chebyshev""}",1,1,1.0,complete
930,vandermonde:1a694a5cc930f5b5,vandermonde,False,91,"{""cluster_parameter"":10.0,""column_scaling"":false,""node_type"":""clustered_zero""}",1,1,1.0,complete
931,vandermonde:777568ed0dbc806c,vandermonde,False,91,"{""cluster_parameter"":10.0,""column_scaling"":true,""node_type"":""clustered_zero""}",1,1,1.0,complete
932,vandermonde:b85fbb786a5eb62d,vandermonde,False,91,"{""cluster_parameter"":10.0,""column_scaling"":false,""node_type"":""near_one""}",1,1,1.0,complete
933,vandermonde:bc1c5a7c363c1cb2,vandermonde,False,91,"{""cluster_parameter"":10.0,""column_scaling"":true,""node_type"":""near_one""}",1,1,1.0,complete
934,vandermonde:d4c1dcf1fe7912e5,vandermonde,True,91,"{""cluster_parameter"":10.0,""column_scaling"":false,""node_type"":""random""}",20000,20000,1.0,complete
935,vandermonde:0040369e0b8a027c,vandermonde,True,91,"{""cluster_parameter"":10.0,""column_scaling"":true,""node_type"":""random""}",20000,20000,1.0,complete
936,kahan_type:4290efc4c47e83af,kahan_type,False,91,"{""column_scaling"":false,""theta"":0.1}",1,1,1.0,complete
937,kahan_type:e71b6f9fd30d0d35,kahan_type,False,91,"{""column_scaling"":true,""theta"":0.1}",1,1,1.0,complete
938,kahan_type:55976e314ebada33,kahan_type,False,91,"{""column_scaling"":false,""theta"":0.01}",1,1,1.0,complete
939,kahan_type:3d5fca4b09918941,kahan_type,False,91,"{""column_scaling"":true,""theta"":0.01}",1,1,1.0,complete
940,kahan_type:ea9d2f45216bcaa7,kahan_type,False,91,"{""column_scaling"":false,""theta"":0.001}",1,1,1.0,complete
941,kahan_type:033d150a3a538c2e,kahan_type,False,91,"{""column_scaling"":true,""theta"":0.001}",1,1,1.0,complete
942,kahan_type:bf657253a4babc02,kahan_type,False,91,"{""column_scaling"":false,""theta"":0.0001}",1,1,1.0,complete
943,kahan_type:7de370b15bdacd56,kahan_type,False,91,"{""column_scaling"":true,""theta"":0.0001}",1,1,1.0,complete
944,kahan_type:7411493e1f8f3a01,kahan_type,False,91,"{""column_scaling"":false,""theta"":1e-06}",1,1,1.0,complete
945,kahan_type:7f88c9d87a09d37c,kahan_type,False,91,"{""column_scaling"":true,""theta"":1e-06}",1,1,1.0,complete
946,kahan_type:3fcb70bbfebc9826,kahan_type,False,91,"{""column_scaling"":false,""theta"":1e-08}",1,1,1.0,complete
947,kahan_type:cb92209d4d47c312,kahan_type,False,91,"{""column_scaling"":true,""theta"":1e-08}",1,1,1.0,complete
948,kahan_type:cad9cb441519fc5b,kahan_type,False,91,"{""column_scaling"":false,""theta"":1e-10}",1,1,1.0,complete
949,kahan_type:ea85790adba5c3b2,kahan_type,False,91,"{""column_scaling"":true,""theta"":1e-10}",1,1,1.0,complete
950,kahan_type:ecb64b54443ddd5c,kahan_type,False,91,"{""column_scaling"":false,""theta"":1e-12}",1,1,1.0,complete
951,kahan_type:8457c94dc014b009,kahan_type,False,91,"{""column_scaling"":true,""theta"":1e-12}",1,1,1.0,complete
952,adversarial_rotation:b2c76300f74387b0,adversarial_rotation,False,91,"{""epsilon"":0.1}",1,1,1.0,complete
953,adversarial_rotation:37c4e5a022b50612,adversarial_rotation,False,91,"{""epsilon"":0.01}",1,1,1.0,complete
954,adversarial_rotation:fbc8efe02a7874dc,adversarial_rotation,False,91,"{""epsilon"":0.0001}",1,1,1.0,complete
955,adversarial_rotation:f7cff71dbc36bc98,adversarial_rotation,False,91,"{""epsilon"":1e-06}",1,1,1.0,complete
956,adversarial_rotation:ace807421641f23f,adversarial_rotation,False,91,"{""epsilon"":1e-08}",1,1,1.0,complete
957,adversarial_rotation:6f8f58222266e918,adversarial_rotation,False,91,"{""epsilon"":1e-10}",1,1,1.0,complete
958,adversarial_rotation:45392a8c926cd6a7,adversarial_rotation,False,91,"{""epsilon"":1e-12}",1,1,1.0,complete
959,adversarial_rotation:2cc9ff6f36ee55eb,adversarial_rotation,False,91,"{""epsilon"":1e-14}",1,1,1.0,complete
960,repeated_bad_pivots:ebddf4bf1bcd1f4b,repeated_bad_pivots,False,91,"{""decay"":1.0,""epsilon"":0.01}",1,1,1.0,complete
961,repeated_bad_pivots:22f815a7b3f93bb6,repeated_bad_pivots,False,91,"{""decay"":0.3,""epsilon"":0.01}",1,1,1.0,complete
962,repeated_bad_pivots:cf46139e6aa27490,repeated_bad_pivots,False,91,"{""decay"":0.1,""epsilon"":0.01}",1,1,1.0,complete
963,repeated_bad_pivots:221878ec2b94bb83,repeated_bad_pivots,False,91,"{""decay"":1.0,""epsilon"":1e-06}",1,1,1.0,complete
964,repeated_bad_pivots:142920ff1c832f8b,repeated_bad_pivots,False,91,"{""decay"":0.3,""epsilon"":1e-06}",1,1,1.0,complete
965,repeated_bad_pivots:1be3591d8f74c193,repeated_bad_pivots,False,91,"{""decay"":0.1,""epsilon"":1e-06}",1,1,1.0,complete
966,repeated_bad_pivots:34246cb149b429c4,repeated_bad_pivots,False,91,"{""decay"":1.0,""epsilon"":1e-10}",1,1,1.0,complete
967,repeated_bad_pivots:73c9e8040232fdc6,repeated_bad_pivots,False,91,"{""decay"":0.3,""epsilon"":1e-10}",1,1,1.0,complete
968,repeated_bad_pivots:14488bcb7546a054,repeated_bad_pivots,False,91,"{""decay"":0.1,""epsilon"":1e-10}",1,1,1.0,complete
969,scaled_adversarial:a1544dd12bfc380a,scaled_adversarial,True,91,"{""epsilon"":0.01,""scale_range"":2.0}",20000,20000,1.0,complete
970,scaled_adversarial:bfa61de27cbbe219,scaled_adversarial,True,91,"{""epsilon"":0.01,""scale_range"":4.0}",20000,20000,1.0,complete
971,scaled_adversarial:e73afbc25af72981,scaled_adversarial,True,91,"{""epsilon"":0.01,""scale_range"":8.0}",20000,20000,1.0,complete
972,scaled_adversarial:17741976c2dfbd54,scaled_adversarial,True,91,"{""epsilon"":0.01,""scale_range"":12.0}",20000,20000,1.0,complete
973,scaled_adversarial:1c7b58eee2ed258c,scaled_adversarial,True,91,"{""epsilon"":1e-06,""scale_range"":2.0}",20000,20000,1.0,complete
974,scaled_adversarial:4fa46c9b0730babb,scaled_adversarial,True,91,"{""epsilon"":1e-06,""scale_range"":4.0}",20000,20000,1.0,complete
975,scaled_adversarial:693a2410d358b3b1,scaled_adversarial,True,91,"{""epsilon"":1e-06,""scale_range"":8.0}",20000,20000,1.0,complete
976,scaled_adversarial:44cc26aec2af2f93,scaled_adversarial,True,91,"{""epsilon"":1e-06,""scale_range"":12.0}",20000,20000,1.0,complete
977,scaled_adversarial:47817f90b3ae7eb7,scaled_adversarial,True,91,"{""epsilon"":1e-10,""scale_range"":2.0}",20000,20000,1.0,complete
978,scaled_adversarial:4aad419250638d2a,scaled_adversarial,True,91,"{""epsilon"":1e-10,""scale_range"":4.0}",20000,20000,1.0,complete
979,scaled_adversarial:5d1019a4ba6f1410,scaled_adversarial,True,91,"{""epsilon"":1e-10,""scale_range"":8.0}",20000,20000,1.0,complete
980,scaled_adversarial:a7078d089ccfa660,scaled_adversarial,True,91,"{""epsilon"":1e-10,""scale_range"":12.0}",20000,20000,1.0,complete
981,row_diagonal_dominant_random:93e6f52ebdb3ac55,row_diagonal_dominant_random,True,91,"{""alpha"":0.5}",20000,20000,1.0,complete
982,row_diagonal_dominant_random:03e59f7215597618,row_diagonal_dominant_random,True,91,"{""alpha"":0.3}",20000,20000,1.0,complete
983,row_diagonal_dominant_random:c6616c01f005a03d,row_diagonal_dominant_random,True,91,"{""alpha"":0.2}",20000,20000,1.0,complete
984,row_diagonal_dominant_random:85f3946f6e4679ec,row_diagonal_dominant_random,True,91,"{""alpha"":0.1}",20000,20000,1.0,complete
985,row_diagonal_dominant_random:2976d44433ad1387,row_diagonal_dominant_random,True,91,"{""alpha"":0.05}",20000,20000,1.0,complete
986,row_diagonal_dominant_random:8a85d76f30eb75a6,row_diagonal_dominant_random,True,91,"{""alpha"":0.02}",20000,20000,1.0,complete
987,row_diagonal_dominant_random:3cf57fa76b9a551c,row_diagonal_dominant_random,True,91,"{""alpha"":0.01}",20000,20000,1.0,complete
988,row_diagonal_dominant_random:4cbd4f5958f010f8,row_diagonal_dominant_random,True,91,"{""alpha"":0.005}",20000,20000,1.0,complete
989,row_diagonal_dominant_random:9493eb0855127051,row_diagonal_dominant_random,True,91,"{""alpha"":0.002}",20000,20000,1.0,complete
990,row_diagonal_dominant_random:c93186b88112adec,row_diagonal_dominant_random,True,91,"{""alpha"":0.001}",20000,20000,1.0,complete
991,row_diagonal_dominant_tridiagonal:982220238cdced02,row_diagonal_dominant_tridiagonal,False,91,"{""alpha"":0.5}",1,1,1.0,complete
992,row_diagonal_dominant_tridiagonal:f7dbde840db0a0a1,row_diagonal_dominant_tridiagonal,False,91,"{""alpha"":0.3}",1,1,1.0,complete
993,row_diagonal_dominant_tridiagonal:af932376a9e85180,row_diagonal_dominant_tridiagonal,False,91,"{""alpha"":0.2}",1,1,1.0,complete
994,row_diagonal_dominant_tridiagonal:c27ad42e3f6fa594,row_diagonal_dominant_tridiagonal,False,91,"{""alpha"":0.1}",1,1,1.0,complete
995,row_diagonal_dominant_tridiagonal:b140db102925b3ec,row_diagonal_dominant_tridiagonal,False,91,"{""alpha"":0.05}",1,1,1.0,complete
996,row_diagonal_dominant_tridiagonal:9c6a6927336fc423,row_diagonal_dominant_tridiagonal,False,91,"{""alpha"":0.02}",1,1,1.0,complete
997,row_diagonal_dominant_tridiagonal:a2ab9117ea3a1dfa,row_diagonal_dominant_tridiagonal,False,91,"{""alpha"":0.01}",1,1,1.0,complete
998,row_diagonal_dominant_tridiagonal:80f1643c77f70cd6,row_diagonal_dominant_tridiagonal,False,91,"{""alpha"":0.005}",1,1,1.0,complete
999,row_diagonal_dominant_tridiagonal:e81edd77eaa602f2,row_diagonal_dominant_tridiagonal,False,91,"{""alpha"":0.002}",1,1,1.0,complete
1000,row_diagonal_dominant_tridiagonal:3cc535104b50d6a1,row_diagonal_dominant_tridiagonal,False,91,"{""alpha"":0.001}",1,1,1.0,complete
1001,row_diagonal_dominant_rankone:9b1d06cd48c40ab2,row_diagonal_dominant_rankone,False,91,"{""alpha"":0.5}",1,1,1.0,complete
1002,row_diagonal_dominant_rankone:b2135906babb091e,row_diagonal_dominant_rankone,False,91,"{""alpha"":0.3}",1,1,1.0,complete
1003,row_diagonal_dominant_rankone:4b19e252ebf4e64e,row_diagonal_dominant_rankone,False,91,"{""alpha"":0.2}",1,1,1.0,complete
1004,row_diagonal_dominant_rankone:f77fdfb3efff94e7,row_diagonal_dominant_rankone,False,91,"{""alpha"":0.1}",1,1,1.0,complete
1005,row_diagonal_dominant_rankone:e9f8a9d621908331,row_diagonal_dominant_rankone,False,91,"{""alpha"":0.05}",1,1,1.0,complete
1006,row_diagonal_dominant_rankone:f5d1060d84da4649,row_diagonal_dominant_rankone,False,91,"{""alpha"":0.02}",1,1,1.0,complete
1007,row_diagonal_dominant_rankone:bbdf2ff377511d2a,row_diagonal_dominant_rankone,False,91,"{""alpha"":0.01}",1,1,1.0,complete
1008,row_diagonal_dominant_rankone:b724756e042d2640,row_diagonal_dominant_rankone,False,91,"{""alpha"":0.005}",1,1,1.0,complete
1009,row_diagonal_dominant_rankone:9248beec0335477a,row_diagonal_dominant_rankone,False,91,"{""alpha"":0.002}",1,1,1.0,complete
1010,row_diagonal_dominant_rankone:6689e0c35681572e,row_diagonal_dominant_rankone,False,91,"{""alpha"":0.001}",1,1,1.0,complete
1011,row_diagonal_dominant_stochastic:021519ee0a19df7c,row_diagonal_dominant_stochastic,True,91,"{""alpha"":0.5}",20000,20000,1.0,complete
1012,row_diagonal_dominant_stochastic:de30837b1853aaf8,row_diagonal_dominant_stochastic,True,91,"{""alpha"":0.3}",20000,20000,1.0,complete
1013,row_diagonal_dominant_stochastic:85d04ae4513fe85f,row_diagonal_dominant_stochastic,True,91,"{""alpha"":0.2}",20000,20000,1.0,complete
1014,row_diagonal_dominant_stochastic:0f7feef7c7880b20,row_diagonal_dominant_stochastic,True,91,"{""alpha"":0.1}",20000,20000,1.0,complete
1015,row_diagonal_dominant_stochastic:0530909e2322226a,row_diagonal_dominant_stochastic,True,91,"{""alpha"":0.05}",20000,20000,1.0,complete
1016,row_diagonal_dominant_stochastic:f5393029996d2c29,row_diagonal_dominant_stochastic,True,91,"{""alpha"":0.02}",20000,20000,1.0,complete
1017,row_diagonal_dominant_stochastic:0d717c35c3b2f62d,row_diagonal_dominant_stochastic,True,91,"{""alpha"":0.01}",20000,20000,1.0,complete
1018,row_diagonal_dominant_stochastic:6bb9c9b7e1526958,row_diagonal_dominant_stochastic,True,91,"{""alpha"":0.005}",20000,20000,1.0,complete
1019,row_diagonal_dominant_stochastic:103e29b8022442fa,row_diagonal_dominant_stochastic,True,91,"{""alpha"":0.002}",20000,20000,1.0,complete
1020,row_diagonal_dominant_stochastic:3f149f338e70104c,row_diagonal_dominant_stochastic,True,91,"{""alpha"":0.001}",20000,20000,1.0,complete
1021,spd_prescribed_spectrum:f3c8ebf0e249f88d,spd_prescribed_spectrum,True,91,"{""kappa"":10.0}",20000,20000,1.0,complete
1022,spd_prescribed_spectrum:fd9c01d27036b31c,spd_prescribed_spectrum,True,91,"{""kappa"":100.0}",20000,20000,1.0,complete
1023,spd_prescribed_spectrum:dc332cd1bfa688f6,spd_prescribed_spectrum,True,91,"{""kappa"":1000.0}",20000,20000,1.0,complete
1024,spd_prescribed_spectrum:a954fd91076fe28c,spd_prescribed_spectrum,True,91,"{""kappa"":10000.0}",20000,20000,1.0,complete
1025,spd_prescribed_spectrum:79fe5321ebe142a9,spd_prescribed_spectrum,True,91,"{""kappa"":100000.0}",20000,20000,1.0,complete
1026,spd_prescribed_spectrum:4953545b5c68c921,spd_prescribed_spectrum,True,91,"{""kappa"":1000000.0}",20000,20000,1.0,complete
1027,spd_prescribed_spectrum:70d7805e407478aa,spd_prescribed_spectrum,True,91,"{""kappa"":10000000.0}",20000,20000,1.0,complete
1028,spd_prescribed_spectrum:fc3ee47b52f52cc7,spd_prescribed_spectrum,True,91,"{""kappa"":100000000.0}",20000,20000,1.0,complete
1029,tnn_vandermonde_positive:d0b487e6f0518b72,tnn_vandermonde_positive,False,91,"{""cluster_parameter"":2.0,""node_type"":""equispaced_positive""}",1,1,1.0,complete
1030,tnn_vandermonde_positive:5aaa1a7a23ee6d83,tnn_vandermonde_positive,False,91,"{""cluster_parameter"":2.0,""node_type"":""clustered_positive""}",1,1,1.0,complete
1031,pascal:7b24b4808f94bc0d,pascal,False,91,{},1,1,1.0,complete
1032,random_conditioned:3d4ea8f7b0b7ac02,random_conditioned,True,128,"{""condition_number"":100.0,""profile"":""geometric""}",20000,20000,1.0,complete
1033,random_conditioned:f13d30e42b69e288,random_conditioned,True,128,"{""condition_number"":100.0,""profile"":""one_small""}",20000,20000,1.0,complete
1034,random_conditioned:5e2483f030292e83,random_conditioned,True,128,"{""condition_number"":100.0,""profile"":""clustered""}",20000,20000,1.0,complete
1035,random_conditioned:59554964dd17fd28,random_conditioned,True,128,"{""condition_number"":10000.0,""profile"":""geometric""}",20000,20000,1.0,complete
1036,random_conditioned:9249e93b9b37b741,random_conditioned,True,128,"{""condition_number"":10000.0,""profile"":""one_small""}",20000,20000,1.0,complete
1037,random_conditioned:24db10624cd06023,random_conditioned,True,128,"{""condition_number"":10000.0,""profile"":""clustered""}",20000,20000,1.0,complete
1038,random_conditioned:ede4f08ad80ec7c0,random_conditioned,True,128,"{""condition_number"":1000000.0,""profile"":""geometric""}",20000,20000,1.0,complete
1039,random_conditioned:58959af1bd395489,random_conditioned,True,128,"{""condition_number"":1000000.0,""profile"":""one_small""}",20000,20000,1.0,complete
1040,random_conditioned:60b649f84d12d8bd,random_conditioned,True,128,"{""condition_number"":1000000.0,""profile"":""clustered""}",20000,20000,1.0,complete
1041,random_conditioned:d85a46ecb6e00d73,random_conditioned,True,128,"{""condition_number"":100000000.0,""profile"":""geometric""}",20000,20000,1.0,complete
1042,random_conditioned:be39cf2c9bb5dcd1,random_conditioned,True,128,"{""condition_number"":100000000.0,""profile"":""one_small""}",20000,20000,1.0,complete
1043,random_conditioned:c09b81d86321af6f,random_conditioned,True,128,"{""condition_number"":100000000.0,""profile"":""clustered""}",20000,20000,1.0,complete
1044,random_conditioned:37f6a61bc4687e9e,random_conditioned,True,128,"{""condition_number"":10000000000.0,""profile"":""geometric""}",20000,20000,1.0,complete
1045,random_conditioned:33289cf8a89ff087,random_conditioned,True,128,"{""condition_number"":10000000000.0,""profile"":""one_small""}",20000,20000,1.0,complete
1046,random_conditioned:d512272586bc7c53,random_conditioned,True,128,"{""condition_number"":10000000000.0,""profile"":""clustered""}",20000,20000,1.0,complete
1047,random_conditioned:36337c2841740aff,random_conditioned,True,128,"{""condition_number"":1000000000000.0,""profile"":""geometric""}",20000,20000,1.0,complete
1048,random_conditioned:982d888343062026,random_conditioned,True,128,"{""condition_number"":1000000000000.0,""profile"":""one_small""}",20000,20000,1.0,complete
1049,random_conditioned:3868b8f4f35e5d1d,random_conditioned,True,128,"{""condition_number"":1000000000000.0,""profile"":""clustered""}",20000,20000,1.0,complete
1050,random_conditioned:e026603158c7af35,random_conditioned,True,128,"{""condition_number"":100000000000000.0,""profile"":""geometric""}",20000,20000,1.0,complete
1051,random_conditioned:5b19efd6ef2b5c0b,random_conditioned,True,128,"{""condition_number"":100000000000000.0,""profile"":""one_small""}",20000,20000,1.0,complete
1052,random_conditioned:20591473a1bf5735,random_conditioned,True,128,"{""condition_number"":100000000000000.0,""profile"":""clustered""}",20000,20000,1.0,complete
1053,random_conditioned:6ed2736ecab0398d,random_conditioned,True,128,"{""condition_number"":1.0,""profile"":""orthogonal""}",20000,20000,1.0,complete
1054,hilbert:b9c548331ca110df,hilbert,False,128,{},1,1,1.0,complete
1055,vandermonde:c75e7bcca1c1877c,vandermonde,False,128,"{""cluster_parameter"":10.0,""column_scaling"":false,""node_type"":""equispaced""}",1,1,1.0,complete
1056,vandermonde:ceedbcebccced4fc,vandermonde,False,128,"{""cluster_parameter"":10.0,""column_scaling"":true,""node_type"":""equispaced""}",1,1,1.0,complete
1057,vandermonde:e7c5154704c3d4c9,vandermonde,False,128,"{""cluster_parameter"":10.0,""column_scaling"":false,""node_type"":""chebyshev""}",1,1,1.0,complete
1058,vandermonde:df362d800fc64531,vandermonde,False,128,"{""cluster_parameter"":10.0,""column_scaling"":true,""node_type"":""chebyshev""}",1,1,1.0,complete
1059,vandermonde:1a694a5cc930f5b5,vandermonde,False,128,"{""cluster_parameter"":10.0,""column_scaling"":false,""node_type"":""clustered_zero""}",1,1,1.0,complete
1060,vandermonde:777568ed0dbc806c,vandermonde,False,128,"{""cluster_parameter"":10.0,""column_scaling"":true,""node_type"":""clustered_zero""}",1,1,1.0,complete
1061,vandermonde:b85fbb786a5eb62d,vandermonde,False,128,"{""cluster_parameter"":10.0,""column_scaling"":false,""node_type"":""near_one""}",1,1,1.0,complete
1062,vandermonde:bc1c5a7c363c1cb2,vandermonde,False,128,"{""cluster_parameter"":10.0,""column_scaling"":true,""node_type"":""near_one""}",1,1,1.0,complete
1063,vandermonde:d4c1dcf1fe7912e5,vandermonde,True,128,"{""cluster_parameter"":10.0,""column_scaling"":false,""node_type"":""random""}",20000,20000,1.0,complete
1064,vandermonde:0040369e0b8a027c,vandermonde,True,128,"{""cluster_parameter"":10.0,""column_scaling"":true,""node_type"":""random""}",20000,20000,1.0,complete
1065,kahan_type:4290efc4c47e83af,kahan_type,False,128,"{""column_scaling"":false,""theta"":0.1}",1,1,1.0,complete
1066,kahan_type:e71b6f9fd30d0d35,kahan_type,False,128,"{""column_scaling"":true,""theta"":0.1}",1,1,1.0,complete
1067,kahan_type:55976e314ebada33,kahan_type,False,128,"{""column_scaling"":false,""theta"":0.01}",1,1,1.0,complete
1068,kahan_type:3d5fca4b09918941,kahan_type,False,128,"{""column_scaling"":true,""theta"":0.01}",1,1,1.0,complete
1069,kahan_type:ea9d2f45216bcaa7,kahan_type,False,128,"{""column_scaling"":false,""theta"":0.001}",1,1,1.0,complete
1070,kahan_type:033d150a3a538c2e,kahan_type,False,128,"{""column_scaling"":true,""theta"":0.001}",1,1,1.0,complete
1071,kahan_type:bf657253a4babc02,kahan_type,False,128,"{""column_scaling"":false,""theta"":0.0001}",1,1,1.0,complete
1072,kahan_type:7de370b15bdacd56,kahan_type,False,128,"{""column_scaling"":true,""theta"":0.0001}",1,1,1.0,complete
1073,kahan_type:7411493e1f8f3a01,kahan_type,False,128,"{""column_scaling"":false,""theta"":1e-06}",1,1,1.0,complete
1074,kahan_type:7f88c9d87a09d37c,kahan_type,False,128,"{""column_scaling"":true,""theta"":1e-06}",1,1,1.0,complete
1075,kahan_type:3fcb70bbfebc9826,kahan_type,False,128,"{""column_scaling"":false,""theta"":1e-08}",1,1,1.0,complete
1076,kahan_type:cb92209d4d47c312,kahan_type,False,128,"{""column_scaling"":true,""theta"":1e-08}",1,1,1.0,complete
1077,kahan_type:cad9cb441519fc5b,kahan_type,False,128,"{""column_scaling"":false,""theta"":1e-10}",1,1,1.0,complete
1078,kahan_type:ea85790adba5c3b2,kahan_type,False,128,"{""column_scaling"":true,""theta"":1e-10}",1,1,1.0,complete
1079,kahan_type:ecb64b54443ddd5c,kahan_type,False,128,"{""column_scaling"":false,""theta"":1e-12}",1,1,1.0,complete
1080,kahan_type:8457c94dc014b009,kahan_type,False,128,"{""column_scaling"":true,""theta"":1e-12}",1,1,1.0,complete
1081,adversarial_rotation:b2c76300f74387b0,adversarial_rotation,False,128,"{""epsilon"":0.1}",1,1,1.0,complete
1082,adversarial_rotation:37c4e5a022b50612,adversarial_rotation,False,128,"{""epsilon"":0.01}",1,1,1.0,complete
1083,adversarial_rotation:fbc8efe02a7874dc,adversarial_rotation,False,128,"{""epsilon"":0.0001}",1,1,1.0,complete
1084,adversarial_rotation:f7cff71dbc36bc98,adversarial_rotation,False,128,"{""epsilon"":1e-06}",1,1,1.0,complete
1085,adversarial_rotation:ace807421641f23f,adversarial_rotation,False,128,"{""epsilon"":1e-08}",1,1,1.0,complete
1086,adversarial_rotation:6f8f58222266e918,adversarial_rotation,False,128,"{""epsilon"":1e-10}",1,1,1.0,complete
1087,adversarial_rotation:45392a8c926cd6a7,adversarial_rotation,False,128,"{""epsilon"":1e-12}",1,1,1.0,complete
1088,adversarial_rotation:2cc9ff6f36ee55eb,adversarial_rotation,False,128,"{""epsilon"":1e-14}",1,1,1.0,complete
1089,repeated_bad_pivots:ebddf4bf1bcd1f4b,repeated_bad_pivots,False,128,"{""decay"":1.0,""epsilon"":0.01}",1,1,1.0,complete
1090,repeated_bad_pivots:22f815a7b3f93bb6,repeated_bad_pivots,False,128,"{""decay"":0.3,""epsilon"":0.01}",1,1,1.0,complete
1091,repeated_bad_pivots:cf46139e6aa27490,repeated_bad_pivots,False,128,"{""decay"":0.1,""epsilon"":0.01}",1,1,1.0,complete
1092,repeated_bad_pivots:221878ec2b94bb83,repeated_bad_pivots,False,128,"{""decay"":1.0,""epsilon"":1e-06}",1,1,1.0,complete
1093,repeated_bad_pivots:142920ff1c832f8b,repeated_bad_pivots,False,128,"{""decay"":0.3,""epsilon"":1e-06}",1,1,1.0,complete
1094,repeated_bad_pivots:1be3591d8f74c193,repeated_bad_pivots,False,128,"{""decay"":0.1,""epsilon"":1e-06}",1,1,1.0,complete
1095,repeated_bad_pivots:34246cb149b429c4,repeated_bad_pivots,False,128,"{""decay"":1.0,""epsilon"":1e-10}",1,1,1.0,complete
1096,repeated_bad_pivots:73c9e8040232fdc6,repeated_bad_pivots,False,128,"{""decay"":0.3,""epsilon"":1e-10}",1,1,1.0,complete
1097,repeated_bad_pivots:14488bcb7546a054,repeated_bad_pivots,False,128,"{""decay"":0.1,""epsilon"":1e-10}",1,1,1.0,complete
1098,scaled_adversarial:a1544dd12bfc380a,scaled_adversarial,True,128,"{""epsilon"":0.01,""scale_range"":2.0}",20000,20000,1.0,complete
1099,scaled_adversarial:bfa61de27cbbe219,scaled_adversarial,True,128,"{""epsilon"":0.01,""scale_range"":4.0}",20000,20000,1.0,complete
1100,scaled_adversarial:e73afbc25af72981,scaled_adversarial,True,128,"{""epsilon"":0.01,""scale_range"":8.0}",20000,20000,1.0,complete
1101,scaled_adversarial:17741976c2dfbd54,scaled_adversarial,True,128,"{""epsilon"":0.01,""scale_range"":12.0}",20000,20000,1.0,complete
1102,scaled_adversarial:1c7b58eee2ed258c,scaled_adversarial,True,128,"{""epsilon"":1e-06,""scale_range"":2.0}",20000,20000,1.0,complete
1103,scaled_adversarial:4fa46c9b0730babb,scaled_adversarial,True,128,"{""epsilon"":1e-06,""scale_range"":4.0}",20000,20000,1.0,complete
1104,scaled_adversarial:693a2410d358b3b1,scaled_adversarial,True,128,"{""epsilon"":1e-06,""scale_range"":8.0}",20000,20000,1.0,complete
1105,scaled_adversarial:44cc26aec2af2f93,scaled_adversarial,True,128,"{""epsilon"":1e-06,""scale_range"":12.0}",20000,20000,1.0,complete
1106,scaled_adversarial:47817f90b3ae7eb7,scaled_adversarial,True,128,"{""epsilon"":1e-10,""scale_range"":2.0}",20000,20000,1.0,complete
1107,scaled_adversarial:4aad419250638d2a,scaled_adversarial,True,128,"{""epsilon"":1e-10,""scale_range"":4.0}",20000,20000,1.0,complete
1108,scaled_adversarial:5d1019a4ba6f1410,scaled_adversarial,True,128,"{""epsilon"":1e-10,""scale_range"":8.0}",20000,20000,1.0,complete
1109,scaled_adversarial:a7078d089ccfa660,scaled_adversarial,True,128,"{""epsilon"":1e-10,""scale_range"":12.0}",20000,20000,1.0,complete
1110,row_diagonal_dominant_random:93e6f52ebdb3ac55,row_diagonal_dominant_random,True,128,"{""alpha"":0.5}",20000,20000,1.0,complete
1111,row_diagonal_dominant_random:03e59f7215597618,row_diagonal_dominant_random,True,128,"{""alpha"":0.3}",20000,20000,1.0,complete
1112,row_diagonal_dominant_random:c6616c01f005a03d,row_diagonal_dominant_random,True,128,"{""alpha"":0.2}",20000,20000,1.0,complete
1113,row_diagonal_dominant_random:85f3946f6e4679ec,row_diagonal_dominant_random,True,128,"{""alpha"":0.1}",20000,20000,1.0,complete
1114,row_diagonal_dominant_random:2976d44433ad1387,row_diagonal_dominant_random,True,128,"{""alpha"":0.05}",20000,20000,1.0,complete
1115,row_diagonal_dominant_random:8a85d76f30eb75a6,row_diagonal_dominant_random,True,128,"{""alpha"":0.02}",20000,20000,1.0,complete
1116,row_diagonal_dominant_random:3cf57fa76b9a551c,row_diagonal_dominant_random,True,128,"{""alpha"":0.01}",20000,20000,1.0,complete
1117,row_diagonal_dominant_random:4cbd4f5958f010f8,row_diagonal_dominant_random,True,128,"{""alpha"":0.005}",20000,20000,1.0,complete
1118,row_diagonal_dominant_random:9493eb0855127051,row_diagonal_dominant_random,True,128,"{""alpha"":0.002}",20000,20000,1.0,complete
1119,row_diagonal_dominant_random:c93186b88112adec,row_diagonal_dominant_random,True,128,"{""alpha"":0.001}",20000,20000,1.0,complete
1120,row_diagonal_dominant_tridiagonal:982220238cdced02,row_diagonal_dominant_tridiagonal,False,128,"{""alpha"":0.5}",1,1,1.0,complete
1121,row_diagonal_dominant_tridiagonal:f7dbde840db0a0a1,row_diagonal_dominant_tridiagonal,False,128,"{""alpha"":0.3}",1,1,1.0,complete
1122,row_diagonal_dominant_tridiagonal:af932376a9e85180,row_diagonal_dominant_tridiagonal,False,128,"{""alpha"":0.2}",1,1,1.0,complete
1123,row_diagonal_dominant_tridiagonal:c27ad42e3f6fa594,row_diagonal_dominant_tridiagonal,False,128,"{""alpha"":0.1}",1,1,1.0,complete
1124,row_diagonal_dominant_tridiagonal:b140db102925b3ec,row_diagonal_dominant_tridiagonal,False,128,"{""alpha"":0.05}",1,1,1.0,complete
1125,row_diagonal_dominant_tridiagonal:9c6a6927336fc423,row_diagonal_dominant_tridiagonal,False,128,"{""alpha"":0.02}",1,1,1.0,complete
1126,row_diagonal_dominant_tridiagonal:a2ab9117ea3a1dfa,row_diagonal_dominant_tridiagonal,False,128,"{""alpha"":0.01}",1,1,1.0,complete
1127,row_diagonal_dominant_tridiagonal:80f1643c77f70cd6,row_diagonal_dominant_tridiagonal,False,128,"{""alpha"":0.005}",1,1,1.0,complete
1128,row_diagonal_dominant_tridiagonal:e81edd77eaa602f2,row_diagonal_dominant_tridiagonal,False,128,"{""alpha"":0.002}",1,1,1.0,complete
1129,row_diagonal_dominant_tridiagonal:3cc535104b50d6a1,row_diagonal_dominant_tridiagonal,False,128,"{""alpha"":0.001}",1,1,1.0,complete
1130,row_diagonal_dominant_rankone:9b1d06cd48c40ab2,row_diagonal_dominant_rankone,False,128,"{""alpha"":0.5}",1,1,1.0,complete
1131,row_diagonal_dominant_rankone:b2135906babb091e,row_diagonal_dominant_rankone,False,128,"{""alpha"":0.3}",1,1,1.0,complete
1132,row_diagonal_dominant_rankone:4b19e252ebf4e64e,row_diagonal_dominant_rankone,False,128,"{""alpha"":0.2}",1,1,1.0,complete
1133,row_diagonal_dominant_rankone:f77fdfb3efff94e7,row_diagonal_dominant_rankone,False,128,"{""alpha"":0.1}",1,1,1.0,complete
1134,row_diagonal_dominant_rankone:e9f8a9d621908331,row_diagonal_dominant_rankone,False,128,"{""alpha"":0.05}",1,1,1.0,complete
1135,row_diagonal_dominant_rankone:f5d1060d84da4649,row_diagonal_dominant_rankone,False,128,"{""alpha"":0.02}",1,1,1.0,complete
1136,row_diagonal_dominant_rankone:bbdf2ff377511d2a,row_diagonal_dominant_rankone,False,128,"{""alpha"":0.01}",1,1,1.0,complete
1137,row_diagonal_dominant_rankone:b724756e042d2640,row_diagonal_dominant_rankone,False,128,"{""alpha"":0.005}",1,1,1.0,complete
1138,row_diagonal_dominant_rankone:9248beec0335477a,row_diagonal_dominant_rankone,False,128,"{""alpha"":0.002}",1,1,1.0,complete
1139,row_diagonal_dominant_rankone:6689e0c35681572e,row_diagonal_dominant_rankone,False,128,"{""alpha"":0.001}",1,1,1.0,complete
1140,row_diagonal_dominant_stochastic:021519ee0a19df7c,row_diagonal_dominant_stochastic,True,128,"{""alpha"":0.5}",20000,20000,1.0,complete
1141,row_diagonal_dominant_stochastic:de30837b1853aaf8,row_diagonal_dominant_stochastic,True,128,"{""alpha"":0.3}",20000,20000,1.0,complete
1142,row_diagonal_dominant_stochastic:85d04ae4513fe85f,row_diagonal_dominant_stochastic,True,128,"{""alpha"":0.2}",20000,20000,1.0,complete
1143,row_diagonal_dominant_stochastic:0f7feef7c7880b20,row_diagonal_dominant_stochastic,True,128,"{""alpha"":0.1}",20000,20000,1.0,complete
1144,row_diagonal_dominant_stochastic:0530909e2322226a,row_diagonal_dominant_stochastic,True,128,"{""alpha"":0.05}",20000,20000,1.0,complete
1145,row_diagonal_dominant_stochastic:f5393029996d2c29,row_diagonal_dominant_stochastic,True,128,"{""alpha"":0.02}",20000,20000,1.0,complete
1146,row_diagonal_dominant_stochastic:0d717c35c3b2f62d,row_diagonal_dominant_stochastic,True,128,"{""alpha"":0.01}",20000,20000,1.0,complete
1147,row_diagonal_dominant_stochastic:6bb9c9b7e1526958,row_diagonal_dominant_stochastic,True,128,"{""alpha"":0.005}",20000,20000,1.0,complete
1148,row_diagonal_dominant_stochastic:103e29b8022442fa,row_diagonal_dominant_stochastic,True,128,"{""alpha"":0.002}",20000,20000,1.0,complete
1149,row_diagonal_dominant_stochastic:3f149f338e70104c,row_diagonal_dominant_stochastic,True,128,"{""alpha"":0.001}",20000,20000,1.0,complete
1150,spd_prescribed_spectrum:f3c8ebf0e249f88d,spd_prescribed_spectrum,True,128,"{""kappa"":10.0}",20000,20000,1.0,complete
1151,spd_prescribed_spectrum:fd9c01d27036b31c,spd_prescribed_spectrum,True,128,"{""kappa"":100.0}",20000,20000,1.0,complete
1152,spd_prescribed_spectrum:dc332cd1bfa688f6,spd_prescribed_spectrum,True,128,"{""kappa"":1000.0}",20000,20000,1.0,complete
1153,spd_prescribed_spectrum:a954fd91076fe28c,spd_prescribed_spectrum,True,128,"{""kappa"":10000.0}",20000,20000,1.0,complete
1154,spd_prescribed_spectrum:79fe5321ebe142a9,spd_prescribed_spectrum,True,128,"{""kappa"":100000.0}",20000,20000,1.0,complete
1155,spd_prescribed_spectrum:4953545b5c68c921,spd_prescribed_spectrum,True,128,"{""kappa"":1000000.0}",20000,20000,1.0,complete
1156,spd_prescribed_spectrum:70d7805e407478aa,spd_prescribed_spectrum,True,128,"{""kappa"":10000000.0}",20000,20000,1.0,complete
1157,spd_prescribed_spectrum:fc3ee47b52f52cc7,spd_prescribed_spectrum,True,128,"{""kappa"":100000000.0}",20000,20000,1.0,complete
1158,tnn_vandermonde_positive:d0b487e6f0518b72,tnn_vandermonde_positive,False,128,"{""cluster_parameter"":2.0,""node_type"":""equispaced_positive""}",1,1,1.0,complete
1159,tnn_vandermonde_positive:5aaa1a7a23ee6d83,tnn_vandermonde_positive,False,128,"{""cluster_parameter"":2.0,""node_type"":""clustered_positive""}",1,1,1.0,complete
1160,pascal:7b24b4808f94bc0d,pascal,False,128,{},1,1,1.0,complete
1161,random_conditioned:3d4ea8f7b0b7ac02,random_conditioned,True,181,"{""condition_number"":100.0,""profile"":""geometric""}",20000,20000,1.0,complete
1162,random_conditioned:f13d30e42b69e288,random_conditioned,True,181,"{""condition_number"":100.0,""profile"":""one_small""}",20000,20000,1.0,complete
1163,random_conditioned:5e2483f030292e83,random_conditioned,True,181,"{""condition_number"":100.0,""profile"":""clustered""}",20000,20000,1.0,complete
1164,random_conditioned:59554964dd17fd28,random_conditioned,True,181,"{""condition_number"":10000.0,""profile"":""geometric""}",20000,20000,1.0,complete
1165,random_conditioned:9249e93b9b37b741,random_conditioned,True,181,"{""condition_number"":10000.0,""profile"":""one_small""}",20000,20000,1.0,complete
1166,random_conditioned:24db10624cd06023,random_conditioned,True,181,"{""condition_number"":10000.0,""profile"":""clustered""}",20000,20000,1.0,complete
1167,random_conditioned:ede4f08ad80ec7c0,random_conditioned,True,181,"{""condition_number"":1000000.0,""profile"":""geometric""}",20000,20000,1.0,complete
1168,random_conditioned:58959af1bd395489,random_conditioned,True,181,"{""condition_number"":1000000.0,""profile"":""one_small""}",20000,20000,1.0,complete
1169,random_conditioned:60b649f84d12d8bd,random_conditioned,True,181,"{""condition_number"":1000000.0,""profile"":""clustered""}",20000,20000,1.0,complete
1170,random_conditioned:d85a46ecb6e00d73,random_conditioned,True,181,"{""condition_number"":100000000.0,""profile"":""geometric""}",20000,20000,1.0,complete
1171,random_conditioned:be39cf2c9bb5dcd1,random_conditioned,True,181,"{""condition_number"":100000000.0,""profile"":""one_small""}",20000,20000,1.0,complete
1172,random_conditioned:c09b81d86321af6f,random_conditioned,True,181,"{""condition_number"":100000000.0,""profile"":""clustered""}",20000,20000,1.0,complete
1173,random_conditioned:37f6a61bc4687e9e,random_conditioned,True,181,"{""condition_number"":10000000000.0,""profile"":""geometric""}",20000,20000,1.0,complete
1174,random_conditioned:33289cf8a89ff087,random_conditioned,True,181,"{""condition_number"":10000000000.0,""profile"":""one_small""}",20000,20000,1.0,complete
1175,random_conditioned:d512272586bc7c53,random_conditioned,True,181,"{""condition_number"":10000000000.0,""profile"":""clustered""}",20000,20000,1.0,complete
1176,random_conditioned:36337c2841740aff,random_conditioned,True,181,"{""condition_number"":1000000000000.0,""profile"":""geometric""}",20000,20000,1.0,complete
1177,random_conditioned:982d888343062026,random_conditioned,True,181,"{""condition_number"":1000000000000.0,""profile"":""one_small""}",20000,20000,1.0,complete
1178,random_conditioned:3868b8f4f35e5d1d,random_conditioned,True,181,"{""condition_number"":1000000000000.0,""profile"":""clustered""}",20000,20000,1.0,complete
1179,random_conditioned:e026603158c7af35,random_conditioned,True,181,"{""condition_number"":100000000000000.0,""profile"":""geometric""}",20000,20000,1.0,complete
1180,random_conditioned:5b19efd6ef2b5c0b,random_conditioned,True,181,"{""condition_number"":100000000000000.0,""profile"":""one_small""}",20000,20000,1.0,complete
1181,random_conditioned:20591473a1bf5735,random_conditioned,True,181,"{""condition_number"":100000000000000.0,""profile"":""clustered""}",20000,20000,1.0,complete
1182,random_conditioned:6ed2736ecab0398d,random_conditioned,True,181,"{""condition_number"":1.0,""profile"":""orthogonal""}",20000,20000,1.0,complete
1183,hilbert:b9c548331ca110df,hilbert,False,181,{},1,1,1.0,complete
1184,vandermonde:c75e7bcca1c1877c,vandermonde,False,181,"{""cluster_parameter"":10.0,""column_scaling"":false,""node_type"":""equispaced""}",1,1,1.0,complete
1185,vandermonde:ceedbcebccced4fc,vandermonde,False,181,"{""cluster_parameter"":10.0,""column_scaling"":true,""node_type"":""equispaced""}",1,1,1.0,complete
1186,vandermonde:e7c5154704c3d4c9,vandermonde,False,181,"{""cluster_parameter"":10.0,""column_scaling"":false,""node_type"":""chebyshev""}",1,1,1.0,complete
1187,vandermonde:df362d800fc64531,vandermonde,False,181,"{""cluster_parameter"":10.0,""column_scaling"":true,""node_type"":""chebyshev""}",1,1,1.0,complete
1188,vandermonde:1a694a5cc930f5b5,vandermonde,False,181,"{""cluster_parameter"":10.0,""column_scaling"":false,""node_type"":""clustered_zero""}",1,1,1.0,complete
1189,vandermonde:777568ed0dbc806c,vandermonde,False,181,"{""cluster_parameter"":10.0,""column_scaling"":true,""node_type"":""clustered_zero""}",1,1,1.0,complete
1190,vandermonde:b85fbb786a5eb62d,vandermonde,False,181,"{""cluster_parameter"":10.0,""column_scaling"":false,""node_type"":""near_one""}",1,1,1.0,complete
1191,vandermonde:bc1c5a7c363c1cb2,vandermonde,False,181,"{""cluster_parameter"":10.0,""column_scaling"":true,""node_type"":""near_one""}",1,1,1.0,complete
1192,vandermonde:d4c1dcf1fe7912e5,vandermonde,True,181,"{""cluster_parameter"":10.0,""column_scaling"":false,""node_type"":""random""}",20000,20000,1.0,complete
1193,vandermonde:0040369e0b8a027c,vandermonde,True,181,"{""cluster_parameter"":10.0,""column_scaling"":true,""node_type"":""random""}",20000,20000,1.0,complete
1194,kahan_type:4290efc4c47e83af,kahan_type,False,181,"{""column_scaling"":false,""theta"":0.1}",1,1,1.0,complete
1195,kahan_type:e71b6f9fd30d0d35,kahan_type,False,181,"{""column_scaling"":true,""theta"":0.1}",1,1,1.0,complete
1196,kahan_type:55976e314ebada33,kahan_type,False,181,"{""column_scaling"":false,""theta"":0.01}",1,1,1.0,complete
1197,kahan_type:3d5fca4b09918941,kahan_type,False,181,"{""column_scaling"":true,""theta"":0.01}",1,1,1.0,complete
1198,kahan_type:ea9d2f45216bcaa7,kahan_type,False,181,"{""column_scaling"":false,""theta"":0.001}",1,1,1.0,complete
1199,kahan_type:033d150a3a538c2e,kahan_type,False,181,"{""column_scaling"":true,""theta"":0.001}",1,1,1.0,complete
1200,kahan_type:bf657253a4babc02,kahan_type,False,181,"{""column_scaling"":false,""theta"":0.0001}",1,1,1.0,complete
1201,kahan_type:7de370b15bdacd56,kahan_type,False,181,"{""column_scaling"":true,""theta"":0.0001}",1,1,1.0,complete
1202,kahan_type:7411493e1f8f3a01,kahan_type,False,181,"{""column_scaling"":false,""theta"":1e-06}",1,1,1.0,complete
1203,kahan_type:7f88c9d87a09d37c,kahan_type,False,181,"{""column_scaling"":true,""theta"":1e-06}",1,1,1.0,complete
1204,kahan_type:3fcb70bbfebc9826,kahan_type,False,181,"{""column_scaling"":false,""theta"":1e-08}",1,1,1.0,complete
1205,kahan_type:cb92209d4d47c312,kahan_type,False,181,"{""column_scaling"":true,""theta"":1e-08}",1,1,1.0,complete
1206,kahan_type:cad9cb441519fc5b,kahan_type,False,181,"{""column_scaling"":false,""theta"":1e-10}",1,1,1.0,complete
1207,kahan_type:ea85790adba5c3b2,kahan_type,False,181,"{""column_scaling"":true,""theta"":1e-10}",1,1,1.0,complete
1208,kahan_type:ecb64b54443ddd5c,kahan_type,False,181,"{""column_scaling"":false,""theta"":1e-12}",1,1,1.0,complete
1209,kahan_type:8457c94dc014b009,kahan_type,False,181,"{""column_scaling"":true,""theta"":1e-12}",1,1,1.0,complete
1210,adversarial_rotation:b2c76300f74387b0,adversarial_rotation,False,181,"{""epsilon"":0.1}",1,1,1.0,complete
1211,adversarial_rotation:37c4e5a022b50612,adversarial_rotation,False,181,"{""epsilon"":0.01}",1,1,1.0,complete
1212,adversarial_rotation:fbc8efe02a7874dc,adversarial_rotation,False,181,"{""epsilon"":0.0001}",1,1,1.0,complete
1213,adversarial_rotation:f7cff71dbc36bc98,adversarial_rotation,False,181,"{""epsilon"":1e-06}",1,1,1.0,complete
1214,adversarial_rotation:ace807421641f23f,adversarial_rotation,False,181,"{""epsilon"":1e-08}",1,1,1.0,complete
1215,adversarial_rotation:6f8f58222266e918,adversarial_rotation,False,181,"{""epsilon"":1e-10}",1,1,1.0,complete
1216,adversarial_rotation:45392a8c926cd6a7,adversarial_rotation,False,181,"{""epsilon"":1e-12}",1,1,1.0,complete
1217,adversarial_rotation:2cc9ff6f36ee55eb,adversarial_rotation,False,181,"{""epsilon"":1e-14}",1,1,1.0,complete
1218,repeated_bad_pivots:ebddf4bf1bcd1f4b,repeated_bad_pivots,False,181,"{""decay"":1.0,""epsilon"":0.01}",1,1,1.0,complete
1219,repeated_bad_pivots:22f815a7b3f93bb6,repeated_bad_pivots,False,181,"{""decay"":0.3,""epsilon"":0.01}",1,1,1.0,complete
1220,repeated_bad_pivots:cf46139e6aa27490,repeated_bad_pivots,False,181,"{""decay"":0.1,""epsilon"":0.01}",1,1,1.0,complete
1221,repeated_bad_pivots:221878ec2b94bb83,repeated_bad_pivots,False,181,"{""decay"":1.0,""epsilon"":1e-06}",1,1,1.0,complete
1222,repeated_bad_pivots:142920ff1c832f8b,repeated_bad_pivots,False,181,"{""decay"":0.3,""epsilon"":1e-06}",1,1,1.0,complete
1223,repeated_bad_pivots:1be3591d8f74c193,repeated_bad_pivots,False,181,"{""decay"":0.1,""epsilon"":1e-06}",1,1,1.0,complete
1224,repeated_bad_pivots:34246cb149b429c4,repeated_bad_pivots,False,181,"{""decay"":1.0,""epsilon"":1e-10}",1,1,1.0,complete
1225,repeated_bad_pivots:73c9e8040232fdc6,repeated_bad_pivots,False,181,"{""decay"":0.3,""epsilon"":1e-10}",1,1,1.0,complete
1226,repeated_bad_pivots:14488bcb7546a054,repeated_bad_pivots,False,181,"{""decay"":0.1,""epsilon"":1e-10}",1,1,1.0,complete
1227,scaled_adversarial:a1544dd12bfc380a,scaled_adversarial,True,181,"{""epsilon"":0.01,""scale_range"":2.0}",20000,20000,1.0,complete
1228,scaled_adversarial:bfa61de27cbbe219,scaled_adversarial,True,181,"{""epsilon"":0.01,""scale_range"":4.0}",20000,20000,1.0,complete
1229,scaled_adversarial:e73afbc25af72981,scaled_adversarial,True,181,"{""epsilon"":0.01,""scale_range"":8.0}",20000,20000,1.0,complete
1230,scaled_adversarial:17741976c2dfbd54,scaled_adversarial,True,181,"{""epsilon"":0.01,""scale_range"":12.0}",20000,20000,1.0,complete
1231,scaled_adversarial:1c7b58eee2ed258c,scaled_adversarial,True,181,"{""epsilon"":1e-06,""scale_range"":2.0}",20000,20000,1.0,complete
1232,scaled_adversarial:4fa46c9b0730babb,scaled_adversarial,True,181,"{""epsilon"":1e-06,""scale_range"":4.0}",20000,20000,1.0,complete
1233,scaled_adversarial:693a2410d358b3b1,scaled_adversarial,True,181,"{""epsilon"":1e-06,""scale_range"":8.0}",20000,20000,1.0,complete
1234,scaled_adversarial:44cc26aec2af2f93,scaled_adversarial,True,181,"{""epsilon"":1e-06,""scale_range"":12.0}",20000,20000,1.0,complete
1235,scaled_adversarial:47817f90b3ae7eb7,scaled_adversarial,True,181,"{""epsilon"":1e-10,""scale_range"":2.0}",20000,20000,1.0,complete
1236,scaled_adversarial:4aad419250638d2a,scaled_adversarial,True,181,"{""epsilon"":1e-10,""scale_range"":4.0}",20000,20000,1.0,complete
1237,scaled_adversarial:5d1019a4ba6f1410,scaled_adversarial,True,181,"{""epsilon"":1e-10,""scale_range"":8.0}",20000,20000,1.0,complete
1238,scaled_adversarial:a7078d089ccfa660,scaled_adversarial,True,181,"{""epsilon"":1e-10,""scale_range"":12.0}",20000,20000,1.0,complete
1239,row_diagonal_dominant_random:93e6f52ebdb3ac55,row_diagonal_dominant_random,True,181,"{""alpha"":0.5}",20000,20000,1.0,complete
1240,row_diagonal_dominant_random:03e59f7215597618,row_diagonal_dominant_random,True,181,"{""alpha"":0.3}",20000,20000,1.0,complete
1241,row_diagonal_dominant_random:c6616c01f005a03d,row_diagonal_dominant_random,True,181,"{""alpha"":0.2}",20000,20000,1.0,complete
1242,row_diagonal_dominant_random:85f3946f6e4679ec,row_diagonal_dominant_random,True,181,"{""alpha"":0.1}",20000,20000,1.0,complete
1243,row_diagonal_dominant_random:2976d44433ad1387,row_diagonal_dominant_random,True,181,"{""alpha"":0.05}",20000,20000,1.0,complete
1244,row_diagonal_dominant_random:8a85d76f30eb75a6,row_diagonal_dominant_random,True,181,"{""alpha"":0.02}",20000,20000,1.0,complete
1245,row_diagonal_dominant_random:3cf57fa76b9a551c,row_diagonal_dominant_random,True,181,"{""alpha"":0.01}",20000,20000,1.0,complete
1246,row_diagonal_dominant_random:4cbd4f5958f010f8,row_diagonal_dominant_random,True,181,"{""alpha"":0.005}",20000,20000,1.0,complete
1247,row_diagonal_dominant_random:9493eb0855127051,row_diagonal_dominant_random,True,181,"{""alpha"":0.002}",20000,20000,1.0,complete
1248,row_diagonal_dominant_random:c93186b88112adec,row_diagonal_dominant_random,True,181,"{""alpha"":0.001}",20000,20000,1.0,complete
1249,row_diagonal_dominant_tridiagonal:982220238cdced02,row_diagonal_dominant_tridiagonal,False,181,"{""alpha"":0.5}",1,1,1.0,complete
1250,row_diagonal_dominant_tridiagonal:f7dbde840db0a0a1,row_diagonal_dominant_tridiagonal,False,181,"{""alpha"":0.3}",1,1,1.0,complete
1251,row_diagonal_dominant_tridiagonal:af932376a9e85180,row_diagonal_dominant_tridiagonal,False,181,"{""alpha"":0.2}",1,1,1.0,complete
1252,row_diagonal_dominant_tridiagonal:c27ad42e3f6fa594,row_diagonal_dominant_tridiagonal,False,181,"{""alpha"":0.1}",1,1,1.0,complete
1253,row_diagonal_dominant_tridiagonal:b140db102925b3ec,row_diagonal_dominant_tridiagonal,False,181,"{""alpha"":0.05}",1,1,1.0,complete
1254,row_diagonal_dominant_tridiagonal:9c6a6927336fc423,row_diagonal_dominant_tridiagonal,False,181,"{""alpha"":0.02}",1,1,1.0,complete
1255,row_diagonal_dominant_tridiagonal:a2ab9117ea3a1dfa,row_diagonal_dominant_tridiagonal,False,181,"{""alpha"":0.01}",1,1,1.0,complete
1256,row_diagonal_dominant_tridiagonal:80f1643c77f70cd6,row_diagonal_dominant_tridiagonal,False,181,"{""alpha"":0.005}",1,1,1.0,complete
1257,row_diagonal_dominant_tridiagonal:e81edd77eaa602f2,row_diagonal_dominant_tridiagonal,False,181,"{""alpha"":0.002}",1,1,1.0,complete
1258,row_diagonal_dominant_tridiagonal:3cc535104b50d6a1,row_diagonal_dominant_tridiagonal,False,181,"{""alpha"":0.001}",1,1,1.0,complete
1259,row_diagonal_dominant_rankone:9b1d06cd48c40ab2,row_diagonal_dominant_rankone,False,181,"{""alpha"":0.5}",1,1,1.0,complete
1260,row_diagonal_dominant_rankone:b2135906babb091e,row_diagonal_dominant_rankone,False,181,"{""alpha"":0.3}",1,1,1.0,complete
1261,row_diagonal_dominant_rankone:4b19e252ebf4e64e,row_diagonal_dominant_rankone,False,181,"{""alpha"":0.2}",1,1,1.0,complete
1262,row_diagonal_dominant_rankone:f77fdfb3efff94e7,row_diagonal_dominant_rankone,False,181,"{""alpha"":0.1}",1,1,1.0,complete
1263,row_diagonal_dominant_rankone:e9f8a9d621908331,row_diagonal_dominant_rankone,False,181,"{""alpha"":0.05}",1,1,1.0,complete
1264,row_diagonal_dominant_rankone:f5d1060d84da4649,row_diagonal_dominant_rankone,False,181,"{""alpha"":0.02}",1,1,1.0,complete
1265,row_diagonal_dominant_rankone:bbdf2ff377511d2a,row_diagonal_dominant_rankone,False,181,"{""alpha"":0.01}",1,1,1.0,complete
1266,row_diagonal_dominant_rankone:b724756e042d2640,row_diagonal_dominant_rankone,False,181,"{""alpha"":0.005}",1,1,1.0,complete
1267,row_diagonal_dominant_rankone:9248beec0335477a,row_diagonal_dominant_rankone,False,181,"{""alpha"":0.002}",1,1,1.0,complete
1268,row_diagonal_dominant_rankone:6689e0c35681572e,row_diagonal_dominant_rankone,False,181,"{""alpha"":0.001}",1,1,1.0,complete
1269,row_diagonal_dominant_stochastic:021519ee0a19df7c,row_diagonal_dominant_stochastic,True,181,"{""alpha"":0.5}",20000,20000,1.0,complete
1270,row_diagonal_dominant_stochastic:de30837b1853aaf8,row_diagonal_dominant_stochastic,True,181,"{""alpha"":0.3}",20000,20000,1.0,complete
1271,row_diagonal_dominant_stochastic:85d04ae4513fe85f,row_diagonal_dominant_stochastic,True,181,"{""alpha"":0.2}",20000,20000,1.0,complete
1272,row_diagonal_dominant_stochastic:0f7feef7c7880b20,row_diagonal_dominant_stochastic,True,181,"{""alpha"":0.1}",20000,20000,1.0,complete
1273,row_diagonal_dominant_stochastic:0530909e2322226a,row_diagonal_dominant_stochastic,True,181,"{""alpha"":0.05}",20000,20000,1.0,complete
1274,row_diagonal_dominant_stochastic:f5393029996d2c29,row_diagonal_dominant_stochastic,True,181,"{""alpha"":0.02}",20000,20000,1.0,complete
1275,row_diagonal_dominant_stochastic:0d717c35c3b2f62d,row_diagonal_dominant_stochastic,True,181,"{""alpha"":0.01}",20000,20000,1.0,complete
1276,row_diagonal_dominant_stochastic:6bb9c9b7e1526958,row_diagonal_dominant_stochastic,True,181,"{""alpha"":0.005}",20000,20000,1.0,complete
1277,row_diagonal_dominant_stochastic:103e29b8022442fa,row_diagonal_dominant_stochastic,True,181,"{""alpha"":0.002}",20000,20000,1.0,complete
1278,row_diagonal_dominant_stochastic:3f149f338e70104c,row_diagonal_dominant_stochastic,True,181,"{""alpha"":0.001}",20000,20000,1.0,complete
1279,spd_prescribed_spectrum:f3c8ebf0e249f88d,spd_prescribed_spectrum,True,181,"{""kappa"":10.0}",20000,20000,1.0,complete
1280,spd_prescribed_spectrum:fd9c01d27036b31c,spd_prescribed_spectrum,True,181,"{""kappa"":100.0}",20000,20000,1.0,complete
1281,spd_prescribed_spectrum:dc332cd1bfa688f6,spd_prescribed_spectrum,True,181,"{""kappa"":1000.0}",20000,20000,1.0,complete
1282,spd_prescribed_spectrum:a954fd91076fe28c,spd_prescribed_spectrum,True,181,"{""kappa"":10000.0}",20000,20000,1.0,complete
1283,spd_prescribed_spectrum:79fe5321ebe142a9,spd_prescribed_spectrum,True,181,"{""kappa"":100000.0}",20000,20000,1.0,complete
1284,spd_prescribed_spectrum:4953545b5c68c921,spd_prescribed_spectrum,True,181,"{""kappa"":1000000.0}",20000,20000,1.0,complete
1285,spd_prescribed_spectrum:70d7805e407478aa,spd_prescribed_spectrum,True,181,"{""kappa"":10000000.0}",20000,20000,1.0,complete
1286,spd_prescribed_spectrum:fc3ee47b52f52cc7,spd_prescribed_spectrum,True,181,"{""kappa"":100000000.0}",20000,20000,1.0,complete
1287,tnn_vandermonde_positive:d0b487e6f0518b72,tnn_vandermonde_positive,False,181,"{""cluster_parameter"":2.0,""node_type"":""equispaced_positive""}",1,1,1.0,complete
1288,tnn_vandermonde_positive:5aaa1a7a23ee6d83,tnn_vandermonde_positive,False,181,"{""cluster_parameter"":2.0,""node_type"":""clustered_positive""}",1,1,1.0,complete
1289,pascal:7b24b4808f94bc0d,pascal,False,181,{},1,1,1.0,complete
1290,random_conditioned:3d4ea8f7b0b7ac02,random_conditioned,True,256,"{""condition_number"":100.0,""profile"":""geometric""}",20000,20000,1.0,complete
1291,random_conditioned:f13d30e42b69e288,random_conditioned,True,256,"{""condition_number"":100.0,""profile"":""one_small""}",20000,20000,1.0,complete
1292,random_conditioned:5e2483f030292e83,random_conditioned,True,256,"{""condition_number"":100.0,""profile"":""clustered""}",20000,20000,1.0,complete
1293,random_conditioned:59554964dd17fd28,random_conditioned,True,256,"{""condition_number"":10000.0,""profile"":""geometric""}",20000,20000,1.0,complete
1294,random_conditioned:9249e93b9b37b741,random_conditioned,True,256,"{""condition_number"":10000.0,""profile"":""one_small""}",20000,20000,1.0,complete
1295,random_conditioned:24db10624cd06023,random_conditioned,True,256,"{""condition_number"":10000.0,""profile"":""clustered""}",20000,20000,1.0,complete
1296,random_conditioned:ede4f08ad80ec7c0,random_conditioned,True,256,"{""condition_number"":1000000.0,""profile"":""geometric""}",20000,20000,1.0,complete
1297,random_conditioned:58959af1bd395489,random_conditioned,True,256,"{""condition_number"":1000000.0,""profile"":""one_small""}",20000,20000,1.0,complete
1298,random_conditioned:60b649f84d12d8bd,random_conditioned,True,256,"{""condition_number"":1000000.0,""profile"":""clustered""}",20000,20000,1.0,complete
1299,random_conditioned:d85a46ecb6e00d73,random_conditioned,True,256,"{""condition_number"":100000000.0,""profile"":""geometric""}",20000,20000,1.0,complete
1300,random_conditioned:be39cf2c9bb5dcd1,random_conditioned,True,256,"{""condition_number"":100000000.0,""profile"":""one_small""}",20000,20000,1.0,complete
1301,random_conditioned:c09b81d86321af6f,random_conditioned,True,256,"{""condition_number"":100000000.0,""profile"":""clustered""}",20000,20000,1.0,complete
1302,random_conditioned:37f6a61bc4687e9e,random_conditioned,True,256,"{""condition_number"":10000000000.0,""profile"":""geometric""}",20000,20000,1.0,complete
1303,random_conditioned:33289cf8a89ff087,random_conditioned,True,256,"{""condition_number"":10000000000.0,""profile"":""one_small""}",20000,20000,1.0,complete
1304,random_conditioned:d512272586bc7c53,random_conditioned,True,256,"{""condition_number"":10000000000.0,""profile"":""clustered""}",20000,20000,1.0,complete
1305,random_conditioned:36337c2841740aff,random_conditioned,True,256,"{""condition_number"":1000000000000.0,""profile"":""geometric""}",20000,20000,1.0,complete
1306,random_conditioned:982d888343062026,random_conditioned,True,256,"{""condition_number"":1000000000000.0,""profile"":""one_small""}",20000,20000,1.0,complete
1307,random_conditioned:3868b8f4f35e5d1d,random_conditioned,True,256,"{""condition_number"":1000000000000.0,""profile"":""clustered""}",20000,20000,1.0,complete
1308,random_conditioned:e026603158c7af35,random_conditioned,True,256,"{""condition_number"":100000000000000.0,""profile"":""geometric""}",20000,20000,1.0,complete
1309,random_conditioned:5b19efd6ef2b5c0b,random_conditioned,True,256,"{""condition_number"":100000000000000.0,""profile"":""one_small""}",20000,20000,1.0,complete
1310,random_conditioned:20591473a1bf5735,random_conditioned,True,256,"{""condition_number"":100000000000000.0,""profile"":""clustered""}",20000,20000,1.0,complete
1311,random_conditioned:6ed2736ecab0398d,random_conditioned,True,256,"{""condition_number"":1.0,""profile"":""orthogonal""}",20000,20000,1.0,complete
1312,hilbert:b9c548331ca110df,hilbert,False,256,{},1,1,1.0,complete
1313,vandermonde:c75e7bcca1c1877c,vandermonde,False,256,"{""cluster_parameter"":10.0,""column_scaling"":false,""node_type"":""equispaced""}",1,1,1.0,complete
1314,vandermonde:ceedbcebccced4fc,vandermonde,False,256,"{""cluster_parameter"":10.0,""column_scaling"":true,""node_type"":""equispaced""}",1,1,1.0,complete
1315,vandermonde:e7c5154704c3d4c9,vandermonde,False,256,"{""cluster_parameter"":10.0,""column_scaling"":false,""node_type"":""chebyshev""}",1,1,1.0,complete
1316,vandermonde:df362d800fc64531,vandermonde,False,256,"{""cluster_parameter"":10.0,""column_scaling"":true,""node_type"":""chebyshev""}",1,1,1.0,complete
1317,vandermonde:1a694a5cc930f5b5,vandermonde,False,256,"{""cluster_parameter"":10.0,""column_scaling"":false,""node_type"":""clustered_zero""}",1,1,1.0,complete
1318,vandermonde:777568ed0dbc806c,vandermonde,False,256,"{""cluster_parameter"":10.0,""column_scaling"":true,""node_type"":""clustered_zero""}",1,1,1.0,complete
1319,vandermonde:b85fbb786a5eb62d,vandermonde,False,256,"{""cluster_parameter"":10.0,""column_scaling"":false,""node_type"":""near_one""}",1,1,1.0,complete
1320,vandermonde:bc1c5a7c363c1cb2,vandermonde,False,256,"{""cluster_parameter"":10.0,""column_scaling"":true,""node_type"":""near_one""}",1,1,1.0,complete
1321,vandermonde:d4c1dcf1fe7912e5,vandermonde,True,256,"{""cluster_parameter"":10.0,""column_scaling"":false,""node_type"":""random""}",20000,20000,1.0,complete
1322,vandermonde:0040369e0b8a027c,vandermonde,True,256,"{""cluster_parameter"":10.0,""column_scaling"":true,""node_type"":""random""}",20000,20000,1.0,complete
1323,kahan_type:4290efc4c47e83af,kahan_type,False,256,"{""column_scaling"":false,""theta"":0.1}",1,1,1.0,complete
1324,kahan_type:e71b6f9fd30d0d35,kahan_type,False,256,"{""column_scaling"":true,""theta"":0.1}",1,1,1.0,complete
1325,kahan_type:55976e314ebada33,kahan_type,False,256,"{""column_scaling"":false,""theta"":0.01}",1,1,1.0,complete
1326,kahan_type:3d5fca4b09918941,kahan_type,False,256,"{""column_scaling"":true,""theta"":0.01}",1,1,1.0,complete
1327,kahan_type:ea9d2f45216bcaa7,kahan_type,False,256,"{""column_scaling"":false,""theta"":0.001}",1,1,1.0,complete
1328,kahan_type:033d150a3a538c2e,kahan_type,False,256,"{""column_scaling"":true,""theta"":0.001}",1,1,1.0,complete
1329,kahan_type:bf657253a4babc02,kahan_type,False,256,"{""column_scaling"":false,""theta"":0.0001}",1,1,1.0,complete
1330,kahan_type:7de370b15bdacd56,kahan_type,False,256,"{""column_scaling"":true,""theta"":0.0001}",1,1,1.0,complete
1331,kahan_type:7411493e1f8f3a01,kahan_type,False,256,"{""column_scaling"":false,""theta"":1e-06}",1,1,1.0,complete
1332,kahan_type:7f88c9d87a09d37c,kahan_type,False,256,"{""column_scaling"":true,""theta"":1e-06}",1,1,1.0,complete
1333,kahan_type:3fcb70bbfebc9826,kahan_type,False,256,"{""column_scaling"":false,""theta"":1e-08}",1,1,1.0,complete
1334,kahan_type:cb92209d4d47c312,kahan_type,False,256,"{""column_scaling"":true,""theta"":1e-08}",1,1,1.0,complete
1335,kahan_type:cad9cb441519fc5b,kahan_type,False,256,"{""column_scaling"":false,""theta"":1e-10}",1,1,1.0,complete
1336,kahan_type:ea85790adba5c3b2,kahan_type,False,256,"{""column_scaling"":true,""theta"":1e-10}",1,1,1.0,complete
1337,kahan_type:ecb64b54443ddd5c,kahan_type,False,256,"{""column_scaling"":false,""theta"":1e-12}",1,1,1.0,complete
1338,kahan_type:8457c94dc014b009,kahan_type,False,256,"{""column_scaling"":true,""theta"":1e-12}",1,1,1.0,complete
1339,adversarial_rotation:b2c76300f74387b0,adversarial_rotation,False,256,"{""epsilon"":0.1}",1,1,1.0,complete
1340,adversarial_rotation:37c4e5a022b50612,adversarial_rotation,False,256,"{""epsilon"":0.01}",1,1,1.0,complete
1341,adversarial_rotation:fbc8efe02a7874dc,adversarial_rotation,False,256,"{""epsilon"":0.0001}",1,1,1.0,complete
1342,adversarial_rotation:f7cff71dbc36bc98,adversarial_rotation,False,256,"{""epsilon"":1e-06}",1,1,1.0,complete
1343,adversarial_rotation:ace807421641f23f,adversarial_rotation,False,256,"{""epsilon"":1e-08}",1,1,1.0,complete
1344,adversarial_rotation:6f8f58222266e918,adversarial_rotation,False,256,"{""epsilon"":1e-10}",1,1,1.0,complete
1345,adversarial_rotation:45392a8c926cd6a7,adversarial_rotation,False,256,"{""epsilon"":1e-12}",1,1,1.0,complete
1346,adversarial_rotation:2cc9ff6f36ee55eb,adversarial_rotation,False,256,"{""epsilon"":1e-14}",1,1,1.0,complete
1347,repeated_bad_pivots:ebddf4bf1bcd1f4b,repeated_bad_pivots,False,256,"{""decay"":1.0,""epsilon"":0.01}",1,1,1.0,complete
1348,repeated_bad_pivots:22f815a7b3f93bb6,repeated_bad_pivots,False,256,"{""decay"":0.3,""epsilon"":0.01}",1,1,1.0,complete
1349,repeated_bad_pivots:cf46139e6aa27490,repeated_bad_pivots,False,256,"{""decay"":0.1,""epsilon"":0.01}",1,1,1.0,complete
1350,repeated_bad_pivots:221878ec2b94bb83,repeated_bad_pivots,False,256,"{""decay"":1.0,""epsilon"":1e-06}",1,1,1.0,complete
1351,repeated_bad_pivots:142920ff1c832f8b,repeated_bad_pivots,False,256,"{""decay"":0.3,""epsilon"":1e-06}",1,1,1.0,complete
1352,repeated_bad_pivots:1be3591d8f74c193,repeated_bad_pivots,False,256,"{""decay"":0.1,""epsilon"":1e-06}",1,1,1.0,complete
1353,repeated_bad_pivots:34246cb149b429c4,repeated_bad_pivots,False,256,"{""decay"":1.0,""epsilon"":1e-10}",1,1,1.0,complete
1354,repeated_bad_pivots:73c9e8040232fdc6,repeated_bad_pivots,False,256,"{""decay"":0.3,""epsilon"":1e-10}",1,1,1.0,complete
1355,repeated_bad_pivots:14488bcb7546a054,repeated_bad_pivots,False,256,"{""decay"":0.1,""epsilon"":1e-10}",1,1,1.0,complete
1356,scaled_adversarial:a1544dd12bfc380a,scaled_adversarial,True,256,"{""epsilon"":0.01,""scale_range"":2.0}",20000,20000,1.0,complete
1357,scaled_adversarial:bfa61de27cbbe219,scaled_adversarial,True,256,"{""epsilon"":0.01,""scale_range"":4.0}",20000,19316,0.9658,partial_high
1358,scaled_adversarial:e73afbc25af72981,scaled_adversarial,True,256,"{""epsilon"":0.01,""scale_range"":8.0}",20000,13975,0.69875,partial_high
1359,scaled_adversarial:17741976c2dfbd54,scaled_adversarial,True,256,"{""epsilon"":0.01,""scale_range"":12.0}",20000,9561,0.47805,partial_5000
1360,scaled_adversarial:1c7b58eee2ed258c,scaled_adversarial,True,256,"{""epsilon"":1e-06,""scale_range"":2.0}",20000,9263,0.46315,partial_5000
1361,scaled_adversarial:4fa46c9b0730babb,scaled_adversarial,True,256,"{""epsilon"":1e-06,""scale_range"":4.0}",20000,9260,0.463,partial_5000
1362,scaled_adversarial:693a2410d358b3b1,scaled_adversarial,True,256,"{""epsilon"":1e-06,""scale_range"":8.0}",20000,9260,0.463,partial_5000
1363,scaled_adversarial:44cc26aec2af2f93,scaled_adversarial,True,256,"{""epsilon"":1e-06,""scale_range"":12.0}",20000,9260,0.463,partial_5000
1364,scaled_adversarial:47817f90b3ae7eb7,scaled_adversarial,True,256,"{""epsilon"":1e-10,""scale_range"":2.0}",20000,9260,0.463,partial_5000
1365,scaled_adversarial:4aad419250638d2a,scaled_adversarial,True,256,"{""epsilon"":1e-10,""scale_range"":4.0}",20000,9260,0.463,partial_5000
1366,scaled_adversarial:5d1019a4ba6f1410,scaled_adversarial,True,256,"{""epsilon"":1e-10,""scale_range"":8.0}",20000,9260,0.463,partial_5000
1367,scaled_adversarial:a7078d089ccfa660,scaled_adversarial,True,256,"{""epsilon"":1e-10,""scale_range"":12.0}",20000,9259,0.46295,partial_5000
1368,row_diagonal_dominant_random:93e6f52ebdb3ac55,row_diagonal_dominant_random,True,256,"{""alpha"":0.5}",20000,9249,0.46245,partial_5000
1369,row_diagonal_dominant_random:03e59f7215597618,row_diagonal_dominant_random,True,256,"{""alpha"":0.3}",20000,9256,0.4628,partial_5000
1370,row_diagonal_dominant_random:c6616c01f005a03d,row_diagonal_dominant_random,True,256,"{""alpha"":0.2}",20000,9248,0.4624,partial_5000
1371,row_diagonal_dominant_random:85f3946f6e4679ec,row_diagonal_dominant_random,True,256,"{""alpha"":0.1}",20000,9256,0.4628,partial_5000
1372,row_diagonal_dominant_random:2976d44433ad1387,row_diagonal_dominant_random,True,256,"{""alpha"":0.05}",20000,9254,0.4627,partial_5000
1373,row_diagonal_dominant_random:8a85d76f30eb75a6,row_diagonal_dominant_random,True,256,"{""alpha"":0.02}",20000,9242,0.4621,partial_5000
1374,row_diagonal_dominant_random:3cf57fa76b9a551c,row_diagonal_dominant_random,True,256,"{""alpha"":0.01}",20000,9243,0.46215,partial_5000
1375,row_diagonal_dominant_random:4cbd4f5958f010f8,row_diagonal_dominant_random,True,256,"{""alpha"":0.005}",20000,9247,0.46235,partial_5000
1376,row_diagonal_dominant_random:9493eb0855127051,row_diagonal_dominant_random,True,256,"{""alpha"":0.002}",20000,9258,0.4629,partial_5000
1377,row_diagonal_dominant_random:c93186b88112adec,row_diagonal_dominant_random,True,256,"{""alpha"":0.001}",20000,9260,0.463,partial_5000
1378,row_diagonal_dominant_tridiagonal:982220238cdced02,row_diagonal_dominant_tridiagonal,False,256,"{""alpha"":0.5}",1,1,1.0,complete
1379,row_diagonal_dominant_tridiagonal:f7dbde840db0a0a1,row_diagonal_dominant_tridiagonal,False,256,"{""alpha"":0.3}",1,1,1.0,complete
1380,row_diagonal_dominant_tridiagonal:af932376a9e85180,row_diagonal_dominant_tridiagonal,False,256,"{""alpha"":0.2}",1,1,1.0,complete
1381,row_diagonal_dominant_tridiagonal:c27ad42e3f6fa594,row_diagonal_dominant_tridiagonal,False,256,"{""alpha"":0.1}",1,1,1.0,complete
1382,row_diagonal_dominant_tridiagonal:b140db102925b3ec,row_diagonal_dominant_tridiagonal,False,256,"{""alpha"":0.05}",1,1,1.0,complete
1383,row_diagonal_dominant_tridiagonal:9c6a6927336fc423,row_diagonal_dominant_tridiagonal,False,256,"{""alpha"":0.02}",1,1,1.0,complete
1384,row_diagonal_dominant_tridiagonal:a2ab9117ea3a1dfa,row_diagonal_dominant_tridiagonal,False,256,"{""alpha"":0.01}",1,1,1.0,complete
1385,row_diagonal_dominant_tridiagonal:80f1643c77f70cd6,row_diagonal_dominant_tridiagonal,False,256,"{""alpha"":0.005}",1,1,1.0,complete
1386,row_diagonal_dominant_tridiagonal:e81edd77eaa602f2,row_diagonal_dominant_tridiagonal,False,256,"{""alpha"":0.002}",1,1,1.0,complete
1387,row_diagonal_dominant_tridiagonal:3cc535104b50d6a1,row_diagonal_dominant_tridiagonal,False,256,"{""alpha"":0.001}",1,1,1.0,complete
1388,row_diagonal_dominant_rankone:9b1d06cd48c40ab2,row_diagonal_dominant_rankone,False,256,"{""alpha"":0.5}",1,1,1.0,complete
1389,row_diagonal_dominant_rankone:b2135906babb091e,row_diagonal_dominant_rankone,False,256,"{""alpha"":0.3}",1,1,1.0,complete
1390,row_diagonal_dominant_rankone:4b19e252ebf4e64e,row_diagonal_dominant_rankone,False,256,"{""alpha"":0.2}",1,1,1.0,complete
1391,row_diagonal_dominant_rankone:f77fdfb3efff94e7,row_diagonal_dominant_rankone,False,256,"{""alpha"":0.1}",1,1,1.0,complete
1392,row_diagonal_dominant_rankone:e9f8a9d621908331,row_diagonal_dominant_rankone,False,256,"{""alpha"":0.05}",1,1,1.0,complete
1393,row_diagonal_dominant_rankone:f5d1060d84da4649,row_diagonal_dominant_rankone,False,256,"{""alpha"":0.02}",1,1,1.0,complete
1394,row_diagonal_dominant_rankone:bbdf2ff377511d2a,row_diagonal_dominant_rankone,False,256,"{""alpha"":0.01}",1,0,0.0,absent
1395,row_diagonal_dominant_rankone:b724756e042d2640,row_diagonal_dominant_rankone,False,256,"{""alpha"":0.005}",1,0,0.0,absent
1396,row_diagonal_dominant_rankone:9248beec0335477a,row_diagonal_dominant_rankone,False,256,"{""alpha"":0.002}",1,0,0.0,absent
1397,row_diagonal_dominant_rankone:6689e0c35681572e,row_diagonal_dominant_rankone,False,256,"{""alpha"":0.001}",1,1,1.0,complete
1398,row_diagonal_dominant_stochastic:021519ee0a19df7c,row_diagonal_dominant_stochastic,True,256,"{""alpha"":0.5}",20000,9252,0.4626,partial_5000
1399,row_diagonal_dominant_stochastic:de30837b1853aaf8,row_diagonal_dominant_stochastic,True,256,"{""alpha"":0.3}",20000,9252,0.4626,partial_5000
1400,row_diagonal_dominant_stochastic:85d04ae4513fe85f,row_diagonal_dominant_stochastic,True,256,"{""alpha"":0.2}",20000,9251,0.46255,partial_5000
1401,row_diagonal_dominant_stochastic:0f7feef7c7880b20,row_diagonal_dominant_stochastic,True,256,"{""alpha"":0.1}",20000,9252,0.4626,partial_5000
1402,row_diagonal_dominant_stochastic:0530909e2322226a,row_diagonal_dominant_stochastic,True,256,"{""alpha"":0.05}",20000,9254,0.4627,partial_5000
1403,row_diagonal_dominant_stochastic:f5393029996d2c29,row_diagonal_dominant_stochastic,True,256,"{""alpha"":0.02}",20000,9244,0.4622,partial_5000
1404,row_diagonal_dominant_stochastic:0d717c35c3b2f62d,row_diagonal_dominant_stochastic,True,256,"{""alpha"":0.01}",20000,9241,0.46205,partial_5000
1405,row_diagonal_dominant_stochastic:6bb9c9b7e1526958,row_diagonal_dominant_stochastic,True,256,"{""alpha"":0.005}",20000,9240,0.462,partial_5000
1406,row_diagonal_dominant_stochastic:103e29b8022442fa,row_diagonal_dominant_stochastic,True,256,"{""alpha"":0.002}",20000,9240,0.462,partial_5000
1407,row_diagonal_dominant_stochastic:3f149f338e70104c,row_diagonal_dominant_stochastic,True,256,"{""alpha"":0.001}",20000,9245,0.46225,partial_5000
1408,spd_prescribed_spectrum:f3c8ebf0e249f88d,spd_prescribed_spectrum,True,256,"{""kappa"":10.0}",20000,9242,0.4621,partial_5000
1409,spd_prescribed_spectrum:fd9c01d27036b31c,spd_prescribed_spectrum,True,256,"{""kappa"":100.0}",20000,9246,0.4623,partial_5000
1410,spd_prescribed_spectrum:dc332cd1bfa688f6,spd_prescribed_spectrum,True,256,"{""kappa"":1000.0}",20000,9242,0.4621,partial_5000
1411,spd_prescribed_spectrum:a954fd91076fe28c,spd_prescribed_spectrum,True,256,"{""kappa"":10000.0}",20000,9240,0.462,partial_5000
1412,spd_prescribed_spectrum:79fe5321ebe142a9,spd_prescribed_spectrum,True,256,"{""kappa"":100000.0}",20000,9240,0.462,partial_5000
1413,spd_prescribed_spectrum:4953545b5c68c921,spd_prescribed_spectrum,True,256,"{""kappa"":1000000.0}",20000,9240,0.462,partial_5000
1414,spd_prescribed_spectrum:70d7805e407478aa,spd_prescribed_spectrum,True,256,"{""kappa"":10000000.0}",20000,9240,0.462,partial_5000
1415,spd_prescribed_spectrum:fc3ee47b52f52cc7,spd_prescribed_spectrum,True,256,"{""kappa"":100000000.0}",20000,9244,0.4622,partial_5000
1416,tnn_vandermonde_positive:d0b487e6f0518b72,tnn_vandermonde_positive,False,256,"{""cluster_parameter"":2.0,""node_type"":""equispaced_positive""}",1,1,1.0,complete
1417,tnn_vandermonde_positive:5aaa1a7a23ee6d83,tnn_vandermonde_positive,False,256,"{""cluster_parameter"":2.0,""node_type"":""clustered_positive""}",1,1,1.0,complete
1418,pascal:7b24b4808f94bc0d,pascal,False,256,{},1,1,1.0,complete
1419,random_conditioned:3d4ea8f7b0b7ac02,random_conditioned,True,362,"{""condition_number"":100.0,""profile"":""geometric""}",20000,9247,0.46235,partial_5000
1420,random_conditioned:f13d30e42b69e288,random_conditioned,True,362,"{""condition_number"":100.0,""profile"":""one_small""}",20000,9240,0.462,partial_5000
1421,random_conditioned:5e2483f030292e83,random_conditioned,True,362,"{""condition_number"":100.0,""profile"":""clustered""}",20000,9242,0.4621,partial_5000
1422,random_conditioned:59554964dd17fd28,random_conditioned,True,362,"{""condition_number"":10000.0,""profile"":""geometric""}",20000,9240,0.462,partial_5000
1423,random_conditioned:9249e93b9b37b741,random_conditioned,True,362,"{""condition_number"":10000.0,""profile"":""one_small""}",20000,9240,0.462,partial_5000
1424,random_conditioned:24db10624cd06023,random_conditioned,True,362,"{""condition_number"":10000.0,""profile"":""clustered""}",20000,9240,0.462,partial_5000
1425,random_conditioned:ede4f08ad80ec7c0,random_conditioned,True,362,"{""condition_number"":1000000.0,""profile"":""geometric""}",20000,9240,0.462,partial_5000
1426,random_conditioned:58959af1bd395489,random_conditioned,True,362,"{""condition_number"":1000000.0,""profile"":""one_small""}",20000,9243,0.46215,partial_5000
1427,random_conditioned:60b649f84d12d8bd,random_conditioned,True,362,"{""condition_number"":1000000.0,""profile"":""clustered""}",20000,9240,0.462,partial_5000
1428,random_conditioned:d85a46ecb6e00d73,random_conditioned,True,362,"{""condition_number"":100000000.0,""profile"":""geometric""}",20000,9257,0.46285,partial_5000
1429,random_conditioned:be39cf2c9bb5dcd1,random_conditioned,True,362,"{""condition_number"":100000000.0,""profile"":""one_small""}",20000,9260,0.463,partial_5000
1430,random_conditioned:c09b81d86321af6f,random_conditioned,True,362,"{""condition_number"":100000000.0,""profile"":""clustered""}",20000,9260,0.463,partial_5000
1431,random_conditioned:37f6a61bc4687e9e,random_conditioned,True,362,"{""condition_number"":10000000000.0,""profile"":""geometric""}",20000,9260,0.463,partial_5000
1432,random_conditioned:33289cf8a89ff087,random_conditioned,True,362,"{""condition_number"":10000000000.0,""profile"":""one_small""}",20000,9260,0.463,partial_5000
1433,random_conditioned:d512272586bc7c53,random_conditioned,True,362,"{""condition_number"":10000000000.0,""profile"":""clustered""}",20000,9260,0.463,partial_5000
1434,random_conditioned:36337c2841740aff,random_conditioned,True,362,"{""condition_number"":1000000000000.0,""profile"":""geometric""}",20000,9260,0.463,partial_5000
1435,random_conditioned:982d888343062026,random_conditioned,True,362,"{""condition_number"":1000000000000.0,""profile"":""one_small""}",20000,9260,0.463,partial_5000
1436,random_conditioned:3868b8f4f35e5d1d,random_conditioned,True,362,"{""condition_number"":1000000000000.0,""profile"":""clustered""}",20000,9260,0.463,partial_5000
1437,random_conditioned:e026603158c7af35,random_conditioned,True,362,"{""condition_number"":100000000000000.0,""profile"":""geometric""}",20000,9260,0.463,partial_5000
1438,random_conditioned:5b19efd6ef2b5c0b,random_conditioned,True,362,"{""condition_number"":100000000000000.0,""profile"":""one_small""}",20000,9260,0.463,partial_5000
1439,random_conditioned:20591473a1bf5735,random_conditioned,True,362,"{""condition_number"":100000000000000.0,""profile"":""clustered""}",20000,9255,0.46275,partial_5000
1440,random_conditioned:6ed2736ecab0398d,random_conditioned,True,362,"{""condition_number"":1.0,""profile"":""orthogonal""}",20000,9253,0.46265,partial_5000
1441,hilbert:b9c548331ca110df,hilbert,False,362,{},1,1,1.0,complete
1442,vandermonde:c75e7bcca1c1877c,vandermonde,False,362,"{""cluster_parameter"":10.0,""column_scaling"":false,""node_type"":""equispaced""}",1,1,1.0,complete
1443,vandermonde:ceedbcebccced4fc,vandermonde,False,362,"{""cluster_parameter"":10.0,""column_scaling"":true,""node_type"":""equispaced""}",1,1,1.0,complete
1444,vandermonde:e7c5154704c3d4c9,vandermonde,False,362,"{""cluster_parameter"":10.0,""column_scaling"":false,""node_type"":""chebyshev""}",1,1,1.0,complete
1445,vandermonde:df362d800fc64531,vandermonde,False,362,"{""cluster_parameter"":10.0,""column_scaling"":true,""node_type"":""chebyshev""}",1,1,1.0,complete
1446,vandermonde:1a694a5cc930f5b5,vandermonde,False,362,"{""cluster_parameter"":10.0,""column_scaling"":false,""node_type"":""clustered_zero""}",1,1,1.0,complete
1447,vandermonde:777568ed0dbc806c,vandermonde,False,362,"{""cluster_parameter"":10.0,""column_scaling"":true,""node_type"":""clustered_zero""}",1,1,1.0,complete
1448,vandermonde:b85fbb786a5eb62d,vandermonde,False,362,"{""cluster_parameter"":10.0,""column_scaling"":false,""node_type"":""near_one""}",1,1,1.0,complete
1449,vandermonde:bc1c5a7c363c1cb2,vandermonde,False,362,"{""cluster_parameter"":10.0,""column_scaling"":true,""node_type"":""near_one""}",1,1,1.0,complete
1450,vandermonde:d4c1dcf1fe7912e5,vandermonde,True,362,"{""cluster_parameter"":10.0,""column_scaling"":false,""node_type"":""random""}",20000,9251,0.46255,partial_5000
1451,vandermonde:0040369e0b8a027c,vandermonde,True,362,"{""cluster_parameter"":10.0,""column_scaling"":true,""node_type"":""random""}",20000,9249,0.46245,partial_5000
1452,kahan_type:4290efc4c47e83af,kahan_type,False,362,"{""column_scaling"":false,""theta"":0.1}",1,1,1.0,complete
1453,kahan_type:e71b6f9fd30d0d35,kahan_type,False,362,"{""column_scaling"":true,""theta"":0.1}",1,1,1.0,complete
1454,kahan_type:55976e314ebada33,kahan_type,False,362,"{""column_scaling"":false,""theta"":0.01}",1,1,1.0,complete
1455,kahan_type:3d5fca4b09918941,kahan_type,False,362,"{""column_scaling"":true,""theta"":0.01}",1,1,1.0,complete
1456,kahan_type:ea9d2f45216bcaa7,kahan_type,False,362,"{""column_scaling"":false,""theta"":0.001}",1,1,1.0,complete
1457,kahan_type:033d150a3a538c2e,kahan_type,False,362,"{""column_scaling"":true,""theta"":0.001}",1,1,1.0,complete
1458,kahan_type:bf657253a4babc02,kahan_type,False,362,"{""column_scaling"":false,""theta"":0.0001}",1,1,1.0,complete
1459,kahan_type:7de370b15bdacd56,kahan_type,False,362,"{""column_scaling"":true,""theta"":0.0001}",1,1,1.0,complete
1460,kahan_type:7411493e1f8f3a01,kahan_type,False,362,"{""column_scaling"":false,""theta"":1e-06}",1,1,1.0,complete
1461,kahan_type:7f88c9d87a09d37c,kahan_type,False,362,"{""column_scaling"":true,""theta"":1e-06}",1,1,1.0,complete
1462,kahan_type:3fcb70bbfebc9826,kahan_type,False,362,"{""column_scaling"":false,""theta"":1e-08}",1,1,1.0,complete
1463,kahan_type:cb92209d4d47c312,kahan_type,False,362,"{""column_scaling"":true,""theta"":1e-08}",1,1,1.0,complete
1464,kahan_type:cad9cb441519fc5b,kahan_type,False,362,"{""column_scaling"":false,""theta"":1e-10}",1,1,1.0,complete
1465,kahan_type:ea85790adba5c3b2,kahan_type,False,362,"{""column_scaling"":true,""theta"":1e-10}",1,1,1.0,complete
1466,kahan_type:ecb64b54443ddd5c,kahan_type,False,362,"{""column_scaling"":false,""theta"":1e-12}",1,1,1.0,complete
1467,kahan_type:8457c94dc014b009,kahan_type,False,362,"{""column_scaling"":true,""theta"":1e-12}",1,1,1.0,complete
1468,adversarial_rotation:b2c76300f74387b0,adversarial_rotation,False,362,"{""epsilon"":0.1}",1,1,1.0,complete
1469,adversarial_rotation:37c4e5a022b50612,adversarial_rotation,False,362,"{""epsilon"":0.01}",1,1,1.0,complete
1470,adversarial_rotation:fbc8efe02a7874dc,adversarial_rotation,False,362,"{""epsilon"":0.0001}",1,1,1.0,complete
1471,adversarial_rotation:f7cff71dbc36bc98,adversarial_rotation,False,362,"{""epsilon"":1e-06}",1,1,1.0,complete
1472,adversarial_rotation:ace807421641f23f,adversarial_rotation,False,362,"{""epsilon"":1e-08}",1,1,1.0,complete
1473,adversarial_rotation:6f8f58222266e918,adversarial_rotation,False,362,"{""epsilon"":1e-10}",1,0,0.0,absent
1474,adversarial_rotation:45392a8c926cd6a7,adversarial_rotation,False,362,"{""epsilon"":1e-12}",1,0,0.0,absent
1475,adversarial_rotation:2cc9ff6f36ee55eb,adversarial_rotation,False,362,"{""epsilon"":1e-14}",1,0,0.0,absent
1476,repeated_bad_pivots:ebddf4bf1bcd1f4b,repeated_bad_pivots,False,362,"{""decay"":1.0,""epsilon"":0.01}",1,0,0.0,absent
1477,repeated_bad_pivots:22f815a7b3f93bb6,repeated_bad_pivots,False,362,"{""decay"":0.3,""epsilon"":0.01}",1,0,0.0,absent
1478,repeated_bad_pivots:cf46139e6aa27490,repeated_bad_pivots,False,362,"{""decay"":0.1,""epsilon"":0.01}",1,0,0.0,absent
1479,repeated_bad_pivots:221878ec2b94bb83,repeated_bad_pivots,False,362,"{""decay"":1.0,""epsilon"":1e-06}",1,0,0.0,absent
1480,repeated_bad_pivots:142920ff1c832f8b,repeated_bad_pivots,False,362,"{""decay"":0.3,""epsilon"":1e-06}",1,0,0.0,absent
1481,repeated_bad_pivots:1be3591d8f74c193,repeated_bad_pivots,False,362,"{""decay"":0.1,""epsilon"":1e-06}",1,0,0.0,absent
1482,repeated_bad_pivots:34246cb149b429c4,repeated_bad_pivots,False,362,"{""decay"":1.0,""epsilon"":1e-10}",1,0,0.0,absent
1483,repeated_bad_pivots:73c9e8040232fdc6,repeated_bad_pivots,False,362,"{""decay"":0.3,""epsilon"":1e-10}",1,0,0.0,absent
1484,repeated_bad_pivots:14488bcb7546a054,repeated_bad_pivots,False,362,"{""decay"":0.1,""epsilon"":1e-10}",1,0,0.0,absent
1485,scaled_adversarial:a1544dd12bfc380a,scaled_adversarial,True,362,"{""epsilon"":0.01,""scale_range"":2.0}",20000,9242,0.4621,partial_5000
1486,scaled_adversarial:bfa61de27cbbe219,scaled_adversarial,True,362,"{""epsilon"":0.01,""scale_range"":4.0}",20000,9243,0.46215,partial_5000
1487,scaled_adversarial:e73afbc25af72981,scaled_adversarial,True,362,"{""epsilon"":0.01,""scale_range"":8.0}",20000,9251,0.46255,partial_5000
1488,scaled_adversarial:17741976c2dfbd54,scaled_adversarial,True,362,"{""epsilon"":0.01,""scale_range"":12.0}",20000,9260,0.463,partial_5000
1489,scaled_adversarial:1c7b58eee2ed258c,scaled_adversarial,True,362,"{""epsilon"":1e-06,""scale_range"":2.0}",20000,9260,0.463,partial_5000
1490,scaled_adversarial:4fa46c9b0730babb,scaled_adversarial,True,362,"{""epsilon"":1e-06,""scale_range"":4.0}",20000,9253,0.46265,partial_5000
1491,scaled_adversarial:693a2410d358b3b1,scaled_adversarial,True,362,"{""epsilon"":1e-06,""scale_range"":8.0}",20000,9253,0.46265,partial_5000
1492,scaled_adversarial:44cc26aec2af2f93,scaled_adversarial,True,362,"{""epsilon"":1e-06,""scale_range"":12.0}",20000,9254,0.4627,partial_5000
1493,scaled_adversarial:47817f90b3ae7eb7,scaled_adversarial,True,362,"{""epsilon"":1e-10,""scale_range"":2.0}",20000,9248,0.4624,partial_5000
1494,scaled_adversarial:4aad419250638d2a,scaled_adversarial,True,362,"{""epsilon"":1e-10,""scale_range"":4.0}",20000,9255,0.46275,partial_5000
1495,scaled_adversarial:5d1019a4ba6f1410,scaled_adversarial,True,362,"{""epsilon"":1e-10,""scale_range"":8.0}",20000,9252,0.4626,partial_5000
1496,scaled_adversarial:a7078d089ccfa660,scaled_adversarial,True,362,"{""epsilon"":1e-10,""scale_range"":12.0}",20000,9242,0.4621,partial_5000
1497,row_diagonal_dominant_random:93e6f52ebdb3ac55,row_diagonal_dominant_random,True,362,"{""alpha"":0.5}",20000,9240,0.462,partial_5000
1498,row_diagonal_dominant_random:03e59f7215597618,row_diagonal_dominant_random,True,362,"{""alpha"":0.3}",20000,9240,0.462,partial_5000
1499,row_diagonal_dominant_random:c6616c01f005a03d,row_diagonal_dominant_random,True,362,"{""alpha"":0.2}",20000,9245,0.46225,partial_5000
1500,row_diagonal_dominant_random:85f3946f6e4679ec,row_diagonal_dominant_random,True,362,"{""alpha"":0.1}",20000,9240,0.462,partial_5000
1501,row_diagonal_dominant_random:2976d44433ad1387,row_diagonal_dominant_random,True,362,"{""alpha"":0.05}",20000,9246,0.4623,partial_5000
1502,row_diagonal_dominant_random:8a85d76f30eb75a6,row_diagonal_dominant_random,True,362,"{""alpha"":0.02}",20000,9242,0.4621,partial_5000
1503,row_diagonal_dominant_random:3cf57fa76b9a551c,row_diagonal_dominant_random,True,362,"{""alpha"":0.01}",20000,9242,0.4621,partial_5000
1504,row_diagonal_dominant_random:4cbd4f5958f010f8,row_diagonal_dominant_random,True,362,"{""alpha"":0.005}",20000,9240,0.462,partial_5000
1505,row_diagonal_dominant_random:9493eb0855127051,row_diagonal_dominant_random,True,362,"{""alpha"":0.002}",20000,9240,0.462,partial_5000
1506,row_diagonal_dominant_random:c93186b88112adec,row_diagonal_dominant_random,True,362,"{""alpha"":0.001}",20000,9240,0.462,partial_5000
1507,row_diagonal_dominant_tridiagonal:982220238cdced02,row_diagonal_dominant_tridiagonal,False,362,"{""alpha"":0.5}",1,0,0.0,absent
1508,row_diagonal_dominant_tridiagonal:f7dbde840db0a0a1,row_diagonal_dominant_tridiagonal,False,362,"{""alpha"":0.3}",1,0,0.0,absent
1509,row_diagonal_dominant_tridiagonal:af932376a9e85180,row_diagonal_dominant_tridiagonal,False,362,"{""alpha"":0.2}",1,0,0.0,absent
1510,row_diagonal_dominant_tridiagonal:c27ad42e3f6fa594,row_diagonal_dominant_tridiagonal,False,362,"{""alpha"":0.1}",1,0,0.0,absent
1511,row_diagonal_dominant_tridiagonal:b140db102925b3ec,row_diagonal_dominant_tridiagonal,False,362,"{""alpha"":0.05}",1,0,0.0,absent
1512,row_diagonal_dominant_tridiagonal:9c6a6927336fc423,row_diagonal_dominant_tridiagonal,False,362,"{""alpha"":0.02}",1,0,0.0,absent
1513,row_diagonal_dominant_tridiagonal:a2ab9117ea3a1dfa,row_diagonal_dominant_tridiagonal,False,362,"{""alpha"":0.01}",1,0,0.0,absent
1514,row_diagonal_dominant_tridiagonal:80f1643c77f70cd6,row_diagonal_dominant_tridiagonal,False,362,"{""alpha"":0.005}",1,0,0.0,absent
1515,row_diagonal_dominant_tridiagonal:e81edd77eaa602f2,row_diagonal_dominant_tridiagonal,False,362,"{""alpha"":0.002}",1,0,0.0,absent
1516,row_diagonal_dominant_tridiagonal:3cc535104b50d6a1,row_diagonal_dominant_tridiagonal,False,362,"{""alpha"":0.001}",1,0,0.0,absent
1517,row_diagonal_dominant_rankone:9b1d06cd48c40ab2,row_diagonal_dominant_rankone,False,362,"{""alpha"":0.5}",1,0,0.0,absent
1518,row_diagonal_dominant_rankone:b2135906babb091e,row_diagonal_dominant_rankone,False,362,"{""alpha"":0.3}",1,0,0.0,absent
1519,row_diagonal_dominant_rankone:4b19e252ebf4e64e,row_diagonal_dominant_rankone,False,362,"{""alpha"":0.2}",1,0,0.0,absent
1520,row_diagonal_dominant_rankone:f77fdfb3efff94e7,row_diagonal_dominant_rankone,False,362,"{""alpha"":0.1}",1,0,0.0,absent
1521,row_diagonal_dominant_rankone:e9f8a9d621908331,row_diagonal_dominant_rankone,False,362,"{""alpha"":0.05}",1,1,1.0,complete
1522,row_diagonal_dominant_rankone:f5d1060d84da4649,row_diagonal_dominant_rankone,False,362,"{""alpha"":0.02}",1,1,1.0,complete
1523,row_diagonal_dominant_rankone:bbdf2ff377511d2a,row_diagonal_dominant_rankone,False,362,"{""alpha"":0.01}",1,1,1.0,complete
1524,row_diagonal_dominant_rankone:b724756e042d2640,row_diagonal_dominant_rankone,False,362,"{""alpha"":0.005}",1,0,0.0,absent
1525,row_diagonal_dominant_rankone:9248beec0335477a,row_diagonal_dominant_rankone,False,362,"{""alpha"":0.002}",1,0,0.0,absent
1526,row_diagonal_dominant_rankone:6689e0c35681572e,row_diagonal_dominant_rankone,False,362,"{""alpha"":0.001}",1,0,0.0,absent
1527,row_diagonal_dominant_stochastic:021519ee0a19df7c,row_diagonal_dominant_stochastic,True,362,"{""alpha"":0.5}",20000,9245,0.46225,partial_5000
1528,row_diagonal_dominant_stochastic:de30837b1853aaf8,row_diagonal_dominant_stochastic,True,362,"{""alpha"":0.3}",20000,9246,0.4623,partial_5000
1529,row_diagonal_dominant_stochastic:85d04ae4513fe85f,row_diagonal_dominant_stochastic,True,362,"{""alpha"":0.2}",20000,9241,0.46205,partial_5000
1530,row_diagonal_dominant_stochastic:0f7feef7c7880b20,row_diagonal_dominant_stochastic,True,362,"{""alpha"":0.1}",20000,9241,0.46205,partial_5000
1531,row_diagonal_dominant_stochastic:0530909e2322226a,row_diagonal_dominant_stochastic,True,362,"{""alpha"":0.05}",20000,9240,0.462,partial_5000
1532,row_diagonal_dominant_stochastic:f5393029996d2c29,row_diagonal_dominant_stochastic,True,362,"{""alpha"":0.02}",20000,9240,0.462,partial_5000
1533,row_diagonal_dominant_stochastic:0d717c35c3b2f62d,row_diagonal_dominant_stochastic,True,362,"{""alpha"":0.01}",20000,9240,0.462,partial_5000
1534,row_diagonal_dominant_stochastic:6bb9c9b7e1526958,row_diagonal_dominant_stochastic,True,362,"{""alpha"":0.005}",20000,9240,0.462,partial_5000
1535,row_diagonal_dominant_stochastic:103e29b8022442fa,row_diagonal_dominant_stochastic,True,362,"{""alpha"":0.002}",20000,9243,0.46215,partial_5000
1536,row_diagonal_dominant_stochastic:3f149f338e70104c,row_diagonal_dominant_stochastic,True,362,"{""alpha"":0.001}",20000,9240,0.462,partial_5000
1537,spd_prescribed_spectrum:f3c8ebf0e249f88d,spd_prescribed_spectrum,True,362,"{""kappa"":10.0}",20000,9260,0.463,partial_5000
1538,spd_prescribed_spectrum:fd9c01d27036b31c,spd_prescribed_spectrum,True,362,"{""kappa"":100.0}",20000,9260,0.463,partial_5000
1539,spd_prescribed_spectrum:dc332cd1bfa688f6,spd_prescribed_spectrum,True,362,"{""kappa"":1000.0}",20000,9260,0.463,partial_5000
1540,spd_prescribed_spectrum:a954fd91076fe28c,spd_prescribed_spectrum,True,362,"{""kappa"":10000.0}",20000,9260,0.463,partial_5000
1541,spd_prescribed_spectrum:79fe5321ebe142a9,spd_prescribed_spectrum,True,362,"{""kappa"":100000.0}",20000,9260,0.463,partial_5000
1542,spd_prescribed_spectrum:4953545b5c68c921,spd_prescribed_spectrum,True,362,"{""kappa"":1000000.0}",20000,9260,0.463,partial_5000
1543,spd_prescribed_spectrum:70d7805e407478aa,spd_prescribed_spectrum,True,362,"{""kappa"":10000000.0}",20000,9260,0.463,partial_5000
1544,spd_prescribed_spectrum:fc3ee47b52f52cc7,spd_prescribed_spectrum,True,362,"{""kappa"":100000000.0}",20000,9260,0.463,partial_5000
1545,tnn_vandermonde_positive:d0b487e6f0518b72,tnn_vandermonde_positive,False,362,"{""cluster_parameter"":2.0,""node_type"":""equispaced_positive""}",1,1,1.0,complete
1546,tnn_vandermonde_positive:5aaa1a7a23ee6d83,tnn_vandermonde_positive,False,362,"{""cluster_parameter"":2.0,""node_type"":""clustered_positive""}",1,1,1.0,complete
1547,pascal:7b24b4808f94bc0d,pascal,False,362,{},1,1,1.0,complete
1548,random_conditioned:3d4ea8f7b0b7ac02,random_conditioned,True,512,"{""condition_number"":100.0,""profile"":""geometric""}",20000,9260,0.463,partial_5000
1549,random_conditioned:f13d30e42b69e288,random_conditioned,True,512,"{""condition_number"":100.0,""profile"":""one_small""}",20000,9260,0.463,partial_5000
1550,random_conditioned:5e2483f030292e83,random_conditioned,True,512,"{""condition_number"":100.0,""profile"":""clustered""}",20000,9260,0.463,partial_5000
1551,random_conditioned:59554964dd17fd28,random_conditioned,True,512,"{""condition_number"":10000.0,""profile"":""geometric""}",20000,9249,0.46245,partial_5000
1552,random_conditioned:9249e93b9b37b741,random_conditioned,True,512,"{""condition_number"":10000.0,""profile"":""one_small""}",20000,9259,0.46295,partial_5000
1553,random_conditioned:24db10624cd06023,random_conditioned,True,512,"{""condition_number"":10000.0,""profile"":""clustered""}",20000,9254,0.4627,partial_5000
1554,random_conditioned:ede4f08ad80ec7c0,random_conditioned,True,512,"{""condition_number"":1000000.0,""profile"":""geometric""}",20000,9246,0.4623,partial_5000
1555,random_conditioned:58959af1bd395489,random_conditioned,True,512,"{""condition_number"":1000000.0,""profile"":""one_small""}",20000,9260,0.463,partial_5000
1556,random_conditioned:60b649f84d12d8bd,random_conditioned,True,512,"{""condition_number"":1000000.0,""profile"":""clustered""}",20000,9244,0.4622,partial_5000
1557,random_conditioned:d85a46ecb6e00d73,random_conditioned,True,512,"{""condition_number"":100000000.0,""profile"":""geometric""}",20000,9244,0.4622,partial_5000
1558,random_conditioned:be39cf2c9bb5dcd1,random_conditioned,True,512,"{""condition_number"":100000000.0,""profile"":""one_small""}",20000,9244,0.4622,partial_5000
1559,random_conditioned:c09b81d86321af6f,random_conditioned,True,512,"{""condition_number"":100000000.0,""profile"":""clustered""}",20000,9252,0.4626,partial_5000
1560,random_conditioned:37f6a61bc4687e9e,random_conditioned,True,512,"{""condition_number"":10000000000.0,""profile"":""geometric""}",20000,9260,0.463,partial_5000
1561,random_conditioned:33289cf8a89ff087,random_conditioned,True,512,"{""condition_number"":10000000000.0,""profile"":""one_small""}",20000,9260,0.463,partial_5000
1562,random_conditioned:d512272586bc7c53,random_conditioned,True,512,"{""condition_number"":10000000000.0,""profile"":""clustered""}",20000,9251,0.46255,partial_5000
1563,random_conditioned:36337c2841740aff,random_conditioned,True,512,"{""condition_number"":1000000000000.0,""profile"":""geometric""}",20000,9253,0.46265,partial_5000
1564,random_conditioned:982d888343062026,random_conditioned,True,512,"{""condition_number"":1000000000000.0,""profile"":""one_small""}",20000,9256,0.4628,partial_5000
1565,random_conditioned:3868b8f4f35e5d1d,random_conditioned,True,512,"{""condition_number"":1000000000000.0,""profile"":""clustered""}",20000,9247,0.46235,partial_5000
1566,random_conditioned:e026603158c7af35,random_conditioned,True,512,"{""condition_number"":100000000000000.0,""profile"":""geometric""}",20000,9254,0.4627,partial_5000
1567,random_conditioned:5b19efd6ef2b5c0b,random_conditioned,True,512,"{""condition_number"":100000000000000.0,""profile"":""one_small""}",20000,9250,0.4625,partial_5000
1568,random_conditioned:20591473a1bf5735,random_conditioned,True,512,"{""condition_number"":100000000000000.0,""profile"":""clustered""}",20000,9242,0.4621,partial_5000
1569,random_conditioned:6ed2736ecab0398d,random_conditioned,True,512,"{""condition_number"":1.0,""profile"":""orthogonal""}",20000,9240,0.462,partial_5000
1570,hilbert:b9c548331ca110df,hilbert,False,512,{},1,0,0.0,absent
1571,vandermonde:c75e7bcca1c1877c,vandermonde,False,512,"{""cluster_parameter"":10.0,""column_scaling"":false,""node_type"":""equispaced""}",1,0,0.0,absent
1572,vandermonde:ceedbcebccced4fc,vandermonde,False,512,"{""cluster_parameter"":10.0,""column_scaling"":true,""node_type"":""equispaced""}",1,0,0.0,absent
1573,vandermonde:e7c5154704c3d4c9,vandermonde,False,512,"{""cluster_parameter"":10.0,""column_scaling"":false,""node_type"":""chebyshev""}",1,0,0.0,absent
1574,vandermonde:df362d800fc64531,vandermonde,False,512,"{""cluster_parameter"":10.0,""column_scaling"":true,""node_type"":""chebyshev""}",1,0,0.0,absent
1575,vandermonde:1a694a5cc930f5b5,vandermonde,False,512,"{""cluster_parameter"":10.0,""column_scaling"":false,""node_type"":""clustered_zero""}",1,0,0.0,absent
1576,vandermonde:777568ed0dbc806c,vandermonde,False,512,"{""cluster_parameter"":10.0,""column_scaling"":true,""node_type"":""clustered_zero""}",1,0,0.0,absent
1577,vandermonde:b85fbb786a5eb62d,vandermonde,False,512,"{""cluster_parameter"":10.0,""column_scaling"":false,""node_type"":""near_one""}",1,0,0.0,absent
1578,vandermonde:bc1c5a7c363c1cb2,vandermonde,False,512,"{""cluster_parameter"":10.0,""column_scaling"":true,""node_type"":""near_one""}",1,0,0.0,absent
1579,vandermonde:d4c1dcf1fe7912e5,vandermonde,True,512,"{""cluster_parameter"":10.0,""column_scaling"":false,""node_type"":""random""}",20000,9240,0.462,partial_5000
1580,vandermonde:0040369e0b8a027c,vandermonde,True,512,"{""cluster_parameter"":10.0,""column_scaling"":true,""node_type"":""random""}",20000,9245,0.46225,partial_5000
1581,kahan_type:4290efc4c47e83af,kahan_type,False,512,"{""column_scaling"":false,""theta"":0.1}",1,0,0.0,absent
1582,kahan_type:e71b6f9fd30d0d35,kahan_type,False,512,"{""column_scaling"":true,""theta"":0.1}",1,0,0.0,absent
1583,kahan_type:55976e314ebada33,kahan_type,False,512,"{""column_scaling"":false,""theta"":0.01}",1,0,0.0,absent
1584,kahan_type:3d5fca4b09918941,kahan_type,False,512,"{""column_scaling"":true,""theta"":0.01}",1,0,0.0,absent
1585,kahan_type:ea9d2f45216bcaa7,kahan_type,False,512,"{""column_scaling"":false,""theta"":0.001}",1,0,0.0,absent
1586,kahan_type:033d150a3a538c2e,kahan_type,False,512,"{""column_scaling"":true,""theta"":0.001}",1,0,0.0,absent
1587,kahan_type:bf657253a4babc02,kahan_type,False,512,"{""column_scaling"":false,""theta"":0.0001}",1,0,0.0,absent
1588,kahan_type:7de370b15bdacd56,kahan_type,False,512,"{""column_scaling"":true,""theta"":0.0001}",1,0,0.0,absent
1589,kahan_type:7411493e1f8f3a01,kahan_type,False,512,"{""column_scaling"":false,""theta"":1e-06}",1,0,0.0,absent
1590,kahan_type:7f88c9d87a09d37c,kahan_type,False,512,"{""column_scaling"":true,""theta"":1e-06}",1,0,0.0,absent
1591,kahan_type:3fcb70bbfebc9826,kahan_type,False,512,"{""column_scaling"":false,""theta"":1e-08}",1,0,0.0,absent
1592,kahan_type:cb92209d4d47c312,kahan_type,False,512,"{""column_scaling"":true,""theta"":1e-08}",1,1,1.0,complete
1593,kahan_type:cad9cb441519fc5b,kahan_type,False,512,"{""column_scaling"":false,""theta"":1e-10}",1,1,1.0,complete
1594,kahan_type:ea85790adba5c3b2,kahan_type,False,512,"{""column_scaling"":true,""theta"":1e-10}",1,0,0.0,absent
1595,kahan_type:ecb64b54443ddd5c,kahan_type,False,512,"{""column_scaling"":false,""theta"":1e-12}",1,0,0.0,absent
1596,kahan_type:8457c94dc014b009,kahan_type,False,512,"{""column_scaling"":true,""theta"":1e-12}",1,0,0.0,absent
1597,adversarial_rotation:b2c76300f74387b0,adversarial_rotation,False,512,"{""epsilon"":0.1}",1,0,0.0,absent
1598,adversarial_rotation:37c4e5a022b50612,adversarial_rotation,False,512,"{""epsilon"":0.01}",1,0,0.0,absent
1599,adversarial_rotation:fbc8efe02a7874dc,adversarial_rotation,False,512,"{""epsilon"":0.0001}",1,0,0.0,absent
1600,adversarial_rotation:f7cff71dbc36bc98,adversarial_rotation,False,512,"{""epsilon"":1e-06}",1,0,0.0,absent
1601,adversarial_rotation:ace807421641f23f,adversarial_rotation,False,512,"{""epsilon"":1e-08}",1,0,0.0,absent
1602,adversarial_rotation:6f8f58222266e918,adversarial_rotation,False,512,"{""epsilon"":1e-10}",1,1,1.0,complete
1603,adversarial_rotation:45392a8c926cd6a7,adversarial_rotation,False,512,"{""epsilon"":1e-12}",1,1,1.0,complete
1604,adversarial_rotation:2cc9ff6f36ee55eb,adversarial_rotation,False,512,"{""epsilon"":1e-14}",1,1,1.0,complete
1605,repeated_bad_pivots:ebddf4bf1bcd1f4b,repeated_bad_pivots,False,512,"{""decay"":1.0,""epsilon"":0.01}",1,1,1.0,complete
1606,repeated_bad_pivots:22f815a7b3f93bb6,repeated_bad_pivots,False,512,"{""decay"":0.3,""epsilon"":0.01}",1,0,0.0,absent
1607,repeated_bad_pivots:cf46139e6aa27490,repeated_bad_pivots,False,512,"{""decay"":0.1,""epsilon"":0.01}",1,0,0.0,absent
1608,repeated_bad_pivots:221878ec2b94bb83,repeated_bad_pivots,False,512,"{""decay"":1.0,""epsilon"":1e-06}",1,0,0.0,absent
1609,repeated_bad_pivots:142920ff1c832f8b,repeated_bad_pivots,False,512,"{""decay"":0.3,""epsilon"":1e-06}",1,0,0.0,absent
1610,repeated_bad_pivots:1be3591d8f74c193,repeated_bad_pivots,False,512,"{""decay"":0.1,""epsilon"":1e-06}",1,0,0.0,absent
1611,repeated_bad_pivots:34246cb149b429c4,repeated_bad_pivots,False,512,"{""decay"":1.0,""epsilon"":1e-10}",1,0,0.0,absent
1612,repeated_bad_pivots:73c9e8040232fdc6,repeated_bad_pivots,False,512,"{""decay"":0.3,""epsilon"":1e-10}",1,0,0.0,absent
1613,repeated_bad_pivots:14488bcb7546a054,repeated_bad_pivots,False,512,"{""decay"":0.1,""epsilon"":1e-10}",1,0,0.0,absent
1614,scaled_adversarial:a1544dd12bfc380a,scaled_adversarial,True,512,"{""epsilon"":0.01,""scale_range"":2.0}",20000,9242,0.4621,partial_5000
1615,scaled_adversarial:bfa61de27cbbe219,scaled_adversarial,True,512,"{""epsilon"":0.01,""scale_range"":4.0}",20000,9242,0.4621,partial_5000
1616,scaled_adversarial:e73afbc25af72981,scaled_adversarial,True,512,"{""epsilon"":0.01,""scale_range"":8.0}",20000,9240,0.462,partial_5000
1617,scaled_adversarial:17741976c2dfbd54,scaled_adversarial,True,512,"{""epsilon"":0.01,""scale_range"":12.0}",20000,9240,0.462,partial_5000
1618,scaled_adversarial:1c7b58eee2ed258c,scaled_adversarial,True,512,"{""epsilon"":1e-06,""scale_range"":2.0}",20000,9240,0.462,partial_5000
1619,scaled_adversarial:4fa46c9b0730babb,scaled_adversarial,True,512,"{""epsilon"":1e-06,""scale_range"":4.0}",20000,9243,0.46215,partial_5000
1620,scaled_adversarial:693a2410d358b3b1,scaled_adversarial,True,512,"{""epsilon"":1e-06,""scale_range"":8.0}",20000,9250,0.4625,partial_5000
1621,scaled_adversarial:44cc26aec2af2f93,scaled_adversarial,True,512,"{""epsilon"":1e-06,""scale_range"":12.0}",20000,9241,0.46205,partial_5000
1622,scaled_adversarial:47817f90b3ae7eb7,scaled_adversarial,True,512,"{""epsilon"":1e-10,""scale_range"":2.0}",20000,9224,0.4612,partial_5000
1623,scaled_adversarial:4aad419250638d2a,scaled_adversarial,True,512,"{""epsilon"":1e-10,""scale_range"":4.0}",20000,8872,0.4436,partial_5000
1624,scaled_adversarial:5d1019a4ba6f1410,scaled_adversarial,True,512,"{""epsilon"":1e-10,""scale_range"":8.0}",20000,7932,0.3966,partial_5000
1625,scaled_adversarial:a7078d089ccfa660,scaled_adversarial,True,512,"{""epsilon"":1e-10,""scale_range"":12.0}",20000,4583,0.22915,partial_2000
1626,row_diagonal_dominant_random:93e6f52ebdb3ac55,row_diagonal_dominant_random,True,512,"{""alpha"":0.5}",20000,2713,0.13565,partial_2000
1627,row_diagonal_dominant_random:03e59f7215597618,row_diagonal_dominant_random,True,512,"{""alpha"":0.3}",20000,2640,0.132,partial_2000
1628,row_diagonal_dominant_random:c6616c01f005a03d,row_diagonal_dominant_random,True,512,"{""alpha"":0.2}",20000,2640,0.132,partial_2000
1629,row_diagonal_dominant_random:85f3946f6e4679ec,row_diagonal_dominant_random,True,512,"{""alpha"":0.1}",20000,2640,0.132,partial_2000
1630,row_diagonal_dominant_random:2976d44433ad1387,row_diagonal_dominant_random,True,512,"{""alpha"":0.05}",20000,2647,0.13235,partial_2000
1631,row_diagonal_dominant_random:8a85d76f30eb75a6,row_diagonal_dominant_random,True,512,"{""alpha"":0.02}",20000,2660,0.133,partial_2000
1632,row_diagonal_dominant_random:3cf57fa76b9a551c,row_diagonal_dominant_random,True,512,"{""alpha"":0.01}",20000,2649,0.13245,partial_2000
1633,row_diagonal_dominant_random:4cbd4f5958f010f8,row_diagonal_dominant_random,True,512,"{""alpha"":0.005}",20000,2657,0.13285,partial_2000
1634,row_diagonal_dominant_random:9493eb0855127051,row_diagonal_dominant_random,True,512,"{""alpha"":0.002}",20000,2657,0.13285,partial_2000
1635,row_diagonal_dominant_random:c93186b88112adec,row_diagonal_dominant_random,True,512,"{""alpha"":0.001}",20000,2660,0.133,partial_2000
1636,row_diagonal_dominant_tridiagonal:982220238cdced02,row_diagonal_dominant_tridiagonal,False,512,"{""alpha"":0.5}",1,1,1.0,complete
1637,row_diagonal_dominant_tridiagonal:f7dbde840db0a0a1,row_diagonal_dominant_tridiagonal,False,512,"{""alpha"":0.3}",1,1,1.0,complete
1638,row_diagonal_dominant_tridiagonal:af932376a9e85180,row_diagonal_dominant_tridiagonal,False,512,"{""alpha"":0.2}",1,1,1.0,complete
1639,row_diagonal_dominant_tridiagonal:c27ad42e3f6fa594,row_diagonal_dominant_tridiagonal,False,512,"{""alpha"":0.1}",1,1,1.0,complete
1640,row_diagonal_dominant_tridiagonal:b140db102925b3ec,row_diagonal_dominant_tridiagonal,False,512,"{""alpha"":0.05}",1,1,1.0,complete
1641,row_diagonal_dominant_tridiagonal:9c6a6927336fc423,row_diagonal_dominant_tridiagonal,False,512,"{""alpha"":0.02}",1,1,1.0,complete
1642,row_diagonal_dominant_tridiagonal:a2ab9117ea3a1dfa,row_diagonal_dominant_tridiagonal,False,512,"{""alpha"":0.01}",1,1,1.0,complete
1643,row_diagonal_dominant_tridiagonal:80f1643c77f70cd6,row_diagonal_dominant_tridiagonal,False,512,"{""alpha"":0.005}",1,1,1.0,complete
1644,row_diagonal_dominant_tridiagonal:e81edd77eaa602f2,row_diagonal_dominant_tridiagonal,False,512,"{""alpha"":0.002}",1,1,1.0,complete
1645,row_diagonal_dominant_tridiagonal:3cc535104b50d6a1,row_diagonal_dominant_tridiagonal,False,512,"{""alpha"":0.001}",1,1,1.0,complete
1646,row_diagonal_dominant_rankone:9b1d06cd48c40ab2,row_diagonal_dominant_rankone,False,512,"{""alpha"":0.5}",1,1,1.0,complete
1647,row_diagonal_dominant_rankone:b2135906babb091e,row_diagonal_dominant_rankone,False,512,"{""alpha"":0.3}",1,0,0.0,absent
1648,row_diagonal_dominant_rankone:4b19e252ebf4e64e,row_diagonal_dominant_rankone,False,512,"{""alpha"":0.2}",1,0,0.0,absent
1649,row_diagonal_dominant_rankone:f77fdfb3efff94e7,row_diagonal_dominant_rankone,False,512,"{""alpha"":0.1}",1,0,0.0,absent
1650,row_diagonal_dominant_rankone:e9f8a9d621908331,row_diagonal_dominant_rankone,False,512,"{""alpha"":0.05}",1,0,0.0,absent
1651,row_diagonal_dominant_rankone:f5d1060d84da4649,row_diagonal_dominant_rankone,False,512,"{""alpha"":0.02}",1,0,0.0,absent
1652,row_diagonal_dominant_rankone:bbdf2ff377511d2a,row_diagonal_dominant_rankone,False,512,"{""alpha"":0.01}",1,0,0.0,absent
1653,row_diagonal_dominant_rankone:b724756e042d2640,row_diagonal_dominant_rankone,False,512,"{""alpha"":0.005}",1,0,0.0,absent
1654,row_diagonal_dominant_rankone:9248beec0335477a,row_diagonal_dominant_rankone,False,512,"{""alpha"":0.002}",1,0,0.0,absent
1655,row_diagonal_dominant_rankone:6689e0c35681572e,row_diagonal_dominant_rankone,False,512,"{""alpha"":0.001}",1,0,0.0,absent
1656,row_diagonal_dominant_stochastic:021519ee0a19df7c,row_diagonal_dominant_stochastic,True,512,"{""alpha"":0.5}",20000,2645,0.13225,partial_2000
1657,row_diagonal_dominant_stochastic:de30837b1853aaf8,row_diagonal_dominant_stochastic,True,512,"{""alpha"":0.3}",20000,2640,0.132,partial_2000
1658,row_diagonal_dominant_stochastic:85d04ae4513fe85f,row_diagonal_dominant_stochastic,True,512,"{""alpha"":0.2}",20000,2640,0.132,partial_2000
1659,row_diagonal_dominant_stochastic:0f7feef7c7880b20,row_diagonal_dominant_stochastic,True,512,"{""alpha"":0.1}",20000,2643,0.13215,partial_2000
1660,row_diagonal_dominant_stochastic:0530909e2322226a,row_diagonal_dominant_stochastic,True,512,"{""alpha"":0.05}",20000,2640,0.132,partial_2000
1661,row_diagonal_dominant_stochastic:f5393029996d2c29,row_diagonal_dominant_stochastic,True,512,"{""alpha"":0.02}",20000,2643,0.13215,partial_2000
1662,row_diagonal_dominant_stochastic:0d717c35c3b2f62d,row_diagonal_dominant_stochastic,True,512,"{""alpha"":0.01}",20000,2641,0.13205,partial_2000
1663,row_diagonal_dominant_stochastic:6bb9c9b7e1526958,row_diagonal_dominant_stochastic,True,512,"{""alpha"":0.005}",20000,2641,0.13205,partial_2000
1664,row_diagonal_dominant_stochastic:103e29b8022442fa,row_diagonal_dominant_stochastic,True,512,"{""alpha"":0.002}",20000,2642,0.1321,partial_2000
1665,row_diagonal_dominant_stochastic:3f149f338e70104c,row_diagonal_dominant_stochastic,True,512,"{""alpha"":0.001}",20000,2640,0.132,partial_2000
1666,spd_prescribed_spectrum:f3c8ebf0e249f88d,spd_prescribed_spectrum,True,512,"{""kappa"":10.0}",20000,2640,0.132,partial_2000
1667,spd_prescribed_spectrum:fd9c01d27036b31c,spd_prescribed_spectrum,True,512,"{""kappa"":100.0}",20000,2640,0.132,partial_2000
1668,spd_prescribed_spectrum:dc332cd1bfa688f6,spd_prescribed_spectrum,True,512,"{""kappa"":1000.0}",20000,2641,0.13205,partial_2000
1669,spd_prescribed_spectrum:a954fd91076fe28c,spd_prescribed_spectrum,True,512,"{""kappa"":10000.0}",20000,2642,0.1321,partial_2000
1670,spd_prescribed_spectrum:79fe5321ebe142a9,spd_prescribed_spectrum,True,512,"{""kappa"":100000.0}",20000,2640,0.132,partial_2000
1671,spd_prescribed_spectrum:4953545b5c68c921,spd_prescribed_spectrum,True,512,"{""kappa"":1000000.0}",20000,2640,0.132,partial_2000
1672,spd_prescribed_spectrum:70d7805e407478aa,spd_prescribed_spectrum,True,512,"{""kappa"":10000000.0}",20000,2640,0.132,partial_2000
1673,spd_prescribed_spectrum:fc3ee47b52f52cc7,spd_prescribed_spectrum,True,512,"{""kappa"":100000000.0}",20000,2640,0.132,partial_2000
1674,tnn_vandermonde_positive:d0b487e6f0518b72,tnn_vandermonde_positive,False,512,"{""cluster_parameter"":2.0,""node_type"":""equispaced_positive""}",1,0,0.0,absent
1675,tnn_vandermonde_positive:5aaa1a7a23ee6d83,tnn_vandermonde_positive,False,512,"{""cluster_parameter"":2.0,""node_type"":""clustered_positive""}",1,0,0.0,absent
1676,pascal:7b24b4808f94bc0d,pascal,False,512,{},1,0,0.0,absent
1677,random_conditioned:3d4ea8f7b0b7ac02,random_conditioned,True,724,"{""condition_number"":100.0,""profile"":""geometric""}",20000,2640,0.132,partial_2000
1678,random_conditioned:f13d30e42b69e288,random_conditioned,True,724,"{""condition_number"":100.0,""profile"":""one_small""}",20000,2640,0.132,partial_2000
1679,random_conditioned:5e2483f030292e83,random_conditioned,True,724,"{""condition_number"":100.0,""profile"":""clustered""}",20000,2640,0.132,partial_2000
1680,random_conditioned:59554964dd17fd28,random_conditioned,True,724,"{""condition_number"":10000.0,""profile"":""geometric""}",20000,2642,0.1321,partial_2000
1681,random_conditioned:9249e93b9b37b741,random_conditioned,True,724,"{""condition_number"":10000.0,""profile"":""one_small""}",20000,2640,0.132,partial_2000
1682,random_conditioned:24db10624cd06023,random_conditioned,True,724,"{""condition_number"":10000.0,""profile"":""clustered""}",20000,2626,0.1313,partial_2000
1683,random_conditioned:ede4f08ad80ec7c0,random_conditioned,True,724,"{""condition_number"":1000000.0,""profile"":""geometric""}",20000,1654,0.0827,partial_500
1684,random_conditioned:58959af1bd395489,random_conditioned,True,724,"{""condition_number"":1000000.0,""profile"":""one_small""}",20000,23,0.00115,partial_sparse
1685,random_conditioned:60b649f84d12d8bd,random_conditioned,True,724,"{""condition_number"":1000000.0,""profile"":""clustered""}",20000,0,0.0,absent
1686,random_conditioned:d85a46ecb6e00d73,random_conditioned,True,724,"{""condition_number"":100000000.0,""profile"":""geometric""}",20000,0,0.0,absent
1687,random_conditioned:be39cf2c9bb5dcd1,random_conditioned,True,724,"{""condition_number"":100000000.0,""profile"":""one_small""}",20000,0,0.0,absent
1688,random_conditioned:c09b81d86321af6f,random_conditioned,True,724,"{""condition_number"":100000000.0,""profile"":""clustered""}",20000,0,0.0,absent
1689,random_conditioned:37f6a61bc4687e9e,random_conditioned,True,724,"{""condition_number"":10000000000.0,""profile"":""geometric""}",20000,0,0.0,absent
1690,random_conditioned:33289cf8a89ff087,random_conditioned,True,724,"{""condition_number"":10000000000.0,""profile"":""one_small""}",20000,0,0.0,absent
1691,random_conditioned:d512272586bc7c53,random_conditioned,True,724,"{""condition_number"":10000000000.0,""profile"":""clustered""}",20000,0,0.0,absent
1692,random_conditioned:36337c2841740aff,random_conditioned,True,724,"{""condition_number"":1000000000000.0,""profile"":""geometric""}",20000,0,0.0,absent
1693,random_conditioned:982d888343062026,random_conditioned,True,724,"{""condition_number"":1000000000000.0,""profile"":""one_small""}",20000,0,0.0,absent
1694,random_conditioned:3868b8f4f35e5d1d,random_conditioned,True,724,"{""condition_number"":1000000000000.0,""profile"":""clustered""}",20000,0,0.0,absent
1695,random_conditioned:e026603158c7af35,random_conditioned,True,724,"{""condition_number"":100000000000000.0,""profile"":""geometric""}",20000,0,0.0,absent
1696,random_conditioned:5b19efd6ef2b5c0b,random_conditioned,True,724,"{""condition_number"":100000000000000.0,""profile"":""one_small""}",20000,0,0.0,absent
1697,random_conditioned:20591473a1bf5735,random_conditioned,True,724,"{""condition_number"":100000000000000.0,""profile"":""clustered""}",20000,0,0.0,absent
1698,random_conditioned:6ed2736ecab0398d,random_conditioned,True,724,"{""condition_number"":1.0,""profile"":""orthogonal""}",20000,0,0.0,absent
1699,hilbert:b9c548331ca110df,hilbert,False,724,{},1,0,0.0,absent
1700,vandermonde:c75e7bcca1c1877c,vandermonde,False,724,"{""cluster_parameter"":10.0,""column_scaling"":false,""node_type"":""equispaced""}",1,0,0.0,absent
1701,vandermonde:ceedbcebccced4fc,vandermonde,False,724,"{""cluster_parameter"":10.0,""column_scaling"":true,""node_type"":""equispaced""}",1,0,0.0,absent
1702,vandermonde:e7c5154704c3d4c9,vandermonde,False,724,"{""cluster_parameter"":10.0,""column_scaling"":false,""node_type"":""chebyshev""}",1,0,0.0,absent
1703,vandermonde:df362d800fc64531,vandermonde,False,724,"{""cluster_parameter"":10.0,""column_scaling"":true,""node_type"":""chebyshev""}",1,0,0.0,absent
1704,vandermonde:1a694a5cc930f5b5,vandermonde,False,724,"{""cluster_parameter"":10.0,""column_scaling"":false,""node_type"":""clustered_zero""}",1,0,0.0,absent
1705,vandermonde:777568ed0dbc806c,vandermonde,False,724,"{""cluster_parameter"":10.0,""column_scaling"":true,""node_type"":""clustered_zero""}",1,0,0.0,absent
1706,vandermonde:b85fbb786a5eb62d,vandermonde,False,724,"{""cluster_parameter"":10.0,""column_scaling"":false,""node_type"":""near_one""}",1,0,0.0,absent
1707,vandermonde:bc1c5a7c363c1cb2,vandermonde,False,724,"{""cluster_parameter"":10.0,""column_scaling"":true,""node_type"":""near_one""}",1,0,0.0,absent
1708,vandermonde:d4c1dcf1fe7912e5,vandermonde,True,724,"{""cluster_parameter"":10.0,""column_scaling"":false,""node_type"":""random""}",20000,0,0.0,absent
1709,vandermonde:0040369e0b8a027c,vandermonde,True,724,"{""cluster_parameter"":10.0,""column_scaling"":true,""node_type"":""random""}",20000,0,0.0,absent
1710,kahan_type:4290efc4c47e83af,kahan_type,False,724,"{""column_scaling"":false,""theta"":0.1}",1,0,0.0,absent
1711,kahan_type:e71b6f9fd30d0d35,kahan_type,False,724,"{""column_scaling"":true,""theta"":0.1}",1,0,0.0,absent
1712,kahan_type:55976e314ebada33,kahan_type,False,724,"{""column_scaling"":false,""theta"":0.01}",1,0,0.0,absent
1713,kahan_type:3d5fca4b09918941,kahan_type,False,724,"{""column_scaling"":true,""theta"":0.01}",1,0,0.0,absent
1714,kahan_type:ea9d2f45216bcaa7,kahan_type,False,724,"{""column_scaling"":false,""theta"":0.001}",1,0,0.0,absent
1715,kahan_type:033d150a3a538c2e,kahan_type,False,724,"{""column_scaling"":true,""theta"":0.001}",1,0,0.0,absent
1716,kahan_type:bf657253a4babc02,kahan_type,False,724,"{""column_scaling"":false,""theta"":0.0001}",1,0,0.0,absent
1717,kahan_type:7de370b15bdacd56,kahan_type,False,724,"{""column_scaling"":true,""theta"":0.0001}",1,0,0.0,absent
1718,kahan_type:7411493e1f8f3a01,kahan_type,False,724,"{""column_scaling"":false,""theta"":1e-06}",1,0,0.0,absent
1719,kahan_type:7f88c9d87a09d37c,kahan_type,False,724,"{""column_scaling"":true,""theta"":1e-06}",1,0,0.0,absent
1720,kahan_type:3fcb70bbfebc9826,kahan_type,False,724,"{""column_scaling"":false,""theta"":1e-08}",1,0,0.0,absent
1721,kahan_type:cb92209d4d47c312,kahan_type,False,724,"{""column_scaling"":true,""theta"":1e-08}",1,0,0.0,absent
1722,kahan_type:cad9cb441519fc5b,kahan_type,False,724,"{""column_scaling"":false,""theta"":1e-10}",1,0,0.0,absent
1723,kahan_type:ea85790adba5c3b2,kahan_type,False,724,"{""column_scaling"":true,""theta"":1e-10}",1,0,0.0,absent
1724,kahan_type:ecb64b54443ddd5c,kahan_type,False,724,"{""column_scaling"":false,""theta"":1e-12}",1,0,0.0,absent
1725,kahan_type:8457c94dc014b009,kahan_type,False,724,"{""column_scaling"":true,""theta"":1e-12}",1,0,0.0,absent
1726,adversarial_rotation:b2c76300f74387b0,adversarial_rotation,False,724,"{""epsilon"":0.1}",1,0,0.0,absent
1727,adversarial_rotation:37c4e5a022b50612,adversarial_rotation,False,724,"{""epsilon"":0.01}",1,0,0.0,absent
1728,adversarial_rotation:fbc8efe02a7874dc,adversarial_rotation,False,724,"{""epsilon"":0.0001}",1,0,0.0,absent
1729,adversarial_rotation:f7cff71dbc36bc98,adversarial_rotation,False,724,"{""epsilon"":1e-06}",1,0,0.0,absent
1730,adversarial_rotation:ace807421641f23f,adversarial_rotation,False,724,"{""epsilon"":1e-08}",1,0,0.0,absent
1731,adversarial_rotation:6f8f58222266e918,adversarial_rotation,False,724,"{""epsilon"":1e-10}",1,0,0.0,absent
1732,adversarial_rotation:45392a8c926cd6a7,adversarial_rotation,False,724,"{""epsilon"":1e-12}",1,0,0.0,absent
1733,adversarial_rotation:2cc9ff6f36ee55eb,adversarial_rotation,False,724,"{""epsilon"":1e-14}",1,0,0.0,absent
1734,repeated_bad_pivots:ebddf4bf1bcd1f4b,repeated_bad_pivots,False,724,"{""decay"":1.0,""epsilon"":0.01}",1,0,0.0,absent
1735,repeated_bad_pivots:22f815a7b3f93bb6,repeated_bad_pivots,False,724,"{""decay"":0.3,""epsilon"":0.01}",1,0,0.0,absent
1736,repeated_bad_pivots:cf46139e6aa27490,repeated_bad_pivots,False,724,"{""decay"":0.1,""epsilon"":0.01}",1,0,0.0,absent
1737,repeated_bad_pivots:221878ec2b94bb83,repeated_bad_pivots,False,724,"{""decay"":1.0,""epsilon"":1e-06}",1,0,0.0,absent
1738,repeated_bad_pivots:142920ff1c832f8b,repeated_bad_pivots,False,724,"{""decay"":0.3,""epsilon"":1e-06}",1,0,0.0,absent
1739,repeated_bad_pivots:1be3591d8f74c193,repeated_bad_pivots,False,724,"{""decay"":0.1,""epsilon"":1e-06}",1,0,0.0,absent
1740,repeated_bad_pivots:34246cb149b429c4,repeated_bad_pivots,False,724,"{""decay"":1.0,""epsilon"":1e-10}",1,0,0.0,absent
1741,repeated_bad_pivots:73c9e8040232fdc6,repeated_bad_pivots,False,724,"{""decay"":0.3,""epsilon"":1e-10}",1,0,0.0,absent
1742,repeated_bad_pivots:14488bcb7546a054,repeated_bad_pivots,False,724,"{""decay"":0.1,""epsilon"":1e-10}",1,0,0.0,absent
1743,scaled_adversarial:a1544dd12bfc380a,scaled_adversarial,True,724,"{""epsilon"":0.01,""scale_range"":2.0}",20000,0,0.0,absent
1744,scaled_adversarial:bfa61de27cbbe219,scaled_adversarial,True,724,"{""epsilon"":0.01,""scale_range"":4.0}",20000,0,0.0,absent
1745,scaled_adversarial:e73afbc25af72981,scaled_adversarial,True,724,"{""epsilon"":0.01,""scale_range"":8.0}",20000,0,0.0,absent
1746,scaled_adversarial:17741976c2dfbd54,scaled_adversarial,True,724,"{""epsilon"":0.01,""scale_range"":12.0}",20000,0,0.0,absent
1747,scaled_adversarial:1c7b58eee2ed258c,scaled_adversarial,True,724,"{""epsilon"":1e-06,""scale_range"":2.0}",20000,0,0.0,absent
1748,scaled_adversarial:4fa46c9b0730babb,scaled_adversarial,True,724,"{""epsilon"":1e-06,""scale_range"":4.0}",20000,0,0.0,absent
1749,scaled_adversarial:693a2410d358b3b1,scaled_adversarial,True,724,"{""epsilon"":1e-06,""scale_range"":8.0}",20000,0,0.0,absent
1750,scaled_adversarial:44cc26aec2af2f93,scaled_adversarial,True,724,"{""epsilon"":1e-06,""scale_range"":12.0}",20000,0,0.0,absent
1751,scaled_adversarial:47817f90b3ae7eb7,scaled_adversarial,True,724,"{""epsilon"":1e-10,""scale_range"":2.0}",20000,0,0.0,absent
1752,scaled_adversarial:4aad419250638d2a,scaled_adversarial,True,724,"{""epsilon"":1e-10,""scale_range"":4.0}",20000,0,0.0,absent
1753,scaled_adversarial:5d1019a4ba6f1410,scaled_adversarial,True,724,"{""epsilon"":1e-10,""scale_range"":8.0}",20000,0,0.0,absent
1754,scaled_adversarial:a7078d089ccfa660,scaled_adversarial,True,724,"{""epsilon"":1e-10,""scale_range"":12.0}",20000,0,0.0,absent
1755,row_diagonal_dominant_random:93e6f52ebdb3ac55,row_diagonal_dominant_random,True,724,"{""alpha"":0.5}",20000,0,0.0,absent
1756,row_diagonal_dominant_random:03e59f7215597618,row_diagonal_dominant_random,True,724,"{""alpha"":0.3}",20000,0,0.0,absent
1757,row_diagonal_dominant_random:c6616c01f005a03d,row_diagonal_dominant_random,True,724,"{""alpha"":0.2}",20000,0,0.0,absent
1758,row_diagonal_dominant_random:85f3946f6e4679ec,row_diagonal_dominant_random,True,724,"{""alpha"":0.1}",20000,0,0.0,absent
1759,row_diagonal_dominant_random:2976d44433ad1387,row_diagonal_dominant_random,True,724,"{""alpha"":0.05}",20000,0,0.0,absent
1760,row_diagonal_dominant_random:8a85d76f30eb75a6,row_diagonal_dominant_random,True,724,"{""alpha"":0.02}",20000,0,0.0,absent
1761,row_diagonal_dominant_random:3cf57fa76b9a551c,row_diagonal_dominant_random,True,724,"{""alpha"":0.01}",20000,0,0.0,absent
1762,row_diagonal_dominant_random:4cbd4f5958f010f8,row_diagonal_dominant_random,True,724,"{""alpha"":0.005}",20000,0,0.0,absent
1763,row_diagonal_dominant_random:9493eb0855127051,row_diagonal_dominant_random,True,724,"{""alpha"":0.002}",20000,0,0.0,absent
1764,row_diagonal_dominant_random:c93186b88112adec,row_diagonal_dominant_random,True,724,"{""alpha"":0.001}",20000,0,0.0,absent
1765,row_diagonal_dominant_tridiagonal:982220238cdced02,row_diagonal_dominant_tridiagonal,False,724,"{""alpha"":0.5}",1,0,0.0,absent
1766,row_diagonal_dominant_tridiagonal:f7dbde840db0a0a1,row_diagonal_dominant_tridiagonal,False,724,"{""alpha"":0.3}",1,0,0.0,absent
1767,row_diagonal_dominant_tridiagonal:af932376a9e85180,row_diagonal_dominant_tridiagonal,False,724,"{""alpha"":0.2}",1,0,0.0,absent
1768,row_diagonal_dominant_tridiagonal:c27ad42e3f6fa594,row_diagonal_dominant_tridiagonal,False,724,"{""alpha"":0.1}",1,0,0.0,absent
1769,row_diagonal_dominant_tridiagonal:b140db102925b3ec,row_diagonal_dominant_tridiagonal,False,724,"{""alpha"":0.05}",1,0,0.0,absent
1770,row_diagonal_dominant_tridiagonal:9c6a6927336fc423,row_diagonal_dominant_tridiagonal,False,724,"{""alpha"":0.02}",1,0,0.0,absent
1771,row_diagonal_dominant_tridiagonal:a2ab9117ea3a1dfa,row_diagonal_dominant_tridiagonal,False,724,"{""alpha"":0.01}",1,0,0.0,absent
1772,row_diagonal_dominant_tridiagonal:80f1643c77f70cd6,row_diagonal_dominant_tridiagonal,False,724,"{""alpha"":0.005}",1,0,0.0,absent
1773,row_diagonal_dominant_tridiagonal:e81edd77eaa602f2,row_diagonal_dominant_tridiagonal,False,724,"{""alpha"":0.002}",1,0,0.0,absent
1774,row_diagonal_dominant_tridiagonal:3cc535104b50d6a1,row_diagonal_dominant_tridiagonal,False,724,"{""alpha"":0.001}",1,0,0.0,absent
1775,row_diagonal_dominant_rankone:9b1d06cd48c40ab2,row_diagonal_dominant_rankone,False,724,"{""alpha"":0.5}",1,0,0.0,absent
1776,row_diagonal_dominant_rankone:b2135906babb091e,row_diagonal_dominant_rankone,False,724,"{""alpha"":0.3}",1,0,0.0,absent
1777,row_diagonal_dominant_rankone:4b19e252ebf4e64e,row_diagonal_dominant_rankone,False,724,"{""alpha"":0.2}",1,0,0.0,absent
1778,row_diagonal_dominant_rankone:f77fdfb3efff94e7,row_diagonal_dominant_rankone,False,724,"{""alpha"":0.1}",1,0,0.0,absent
1779,row_diagonal_dominant_rankone:e9f8a9d621908331,row_diagonal_dominant_rankone,False,724,"{""alpha"":0.05}",1,0,0.0,absent
1780,row_diagonal_dominant_rankone:f5d1060d84da4649,row_diagonal_dominant_rankone,False,724,"{""alpha"":0.02}",1,0,0.0,absent
1781,row_diagonal_dominant_rankone:bbdf2ff377511d2a,row_diagonal_dominant_rankone,False,724,"{""alpha"":0.01}",1,0,0.0,absent
1782,row_diagonal_dominant_rankone:b724756e042d2640,row_diagonal_dominant_rankone,False,724,"{""alpha"":0.005}",1,0,0.0,absent
1783,row_diagonal_dominant_rankone:9248beec0335477a,row_diagonal_dominant_rankone,False,724,"{""alpha"":0.002}",1,0,0.0,absent
1784,row_diagonal_dominant_rankone:6689e0c35681572e,row_diagonal_dominant_rankone,False,724,"{""alpha"":0.001}",1,0,0.0,absent
1785,row_diagonal_dominant_stochastic:021519ee0a19df7c,row_diagonal_dominant_stochastic,True,724,"{""alpha"":0.5}",20000,0,0.0,absent
1786,row_diagonal_dominant_stochastic:de30837b1853aaf8,row_diagonal_dominant_stochastic,True,724,"{""alpha"":0.3}",20000,0,0.0,absent
1787,row_diagonal_dominant_stochastic:85d04ae4513fe85f,row_diagonal_dominant_stochastic,True,724,"{""alpha"":0.2}",20000,0,0.0,absent
1788,row_diagonal_dominant_stochastic:0f7feef7c7880b20,row_diagonal_dominant_stochastic,True,724,"{""alpha"":0.1}",20000,0,0.0,absent
1789,row_diagonal_dominant_stochastic:0530909e2322226a,row_diagonal_dominant_stochastic,True,724,"{""alpha"":0.05}",20000,0,0.0,absent
1790,row_diagonal_dominant_stochastic:f5393029996d2c29,row_diagonal_dominant_stochastic,True,724,"{""alpha"":0.02}",20000,0,0.0,absent
1791,row_diagonal_dominant_stochastic:0d717c35c3b2f62d,row_diagonal_dominant_stochastic,True,724,"{""alpha"":0.01}",20000,0,0.0,absent
1792,row_diagonal_dominant_stochastic:6bb9c9b7e1526958,row_diagonal_dominant_stochastic,True,724,"{""alpha"":0.005}",20000,0,0.0,absent
1793,row_diagonal_dominant_stochastic:103e29b8022442fa,row_diagonal_dominant_stochastic,True,724,"{""alpha"":0.002}",20000,0,0.0,absent
1794,row_diagonal_dominant_stochastic:3f149f338e70104c,row_diagonal_dominant_stochastic,True,724,"{""alpha"":0.001}",20000,0,0.0,absent
1795,spd_prescribed_spectrum:f3c8ebf0e249f88d,spd_prescribed_spectrum,True,724,"{""kappa"":10.0}",20000,0,0.0,absent
1796,spd_prescribed_spectrum:fd9c01d27036b31c,spd_prescribed_spectrum,True,724,"{""kappa"":100.0}",20000,0,0.0,absent
1797,spd_prescribed_spectrum:dc332cd1bfa688f6,spd_prescribed_spectrum,True,724,"{""kappa"":1000.0}",20000,0,0.0,absent
1798,spd_prescribed_spectrum:a954fd91076fe28c,spd_prescribed_spectrum,True,724,"{""kappa"":10000.0}",20000,0,0.0,absent
1799,spd_prescribed_spectrum:79fe5321ebe142a9,spd_prescribed_spectrum,True,724,"{""kappa"":100000.0}",20000,0,0.0,absent
1800,spd_prescribed_spectrum:4953545b5c68c921,spd_prescribed_spectrum,True,724,"{""kappa"":1000000.0}",20000,0,0.0,absent
1801,spd_prescribed_spectrum:70d7805e407478aa,spd_prescribed_spectrum,True,724,"{""kappa"":10000000.0}",20000,0,0.0,absent
1802,spd_prescribed_spectrum:fc3ee47b52f52cc7,spd_prescribed_spectrum,True,724,"{""kappa"":100000000.0}",20000,0,0.0,absent
1803,tnn_vandermonde_positive:d0b487e6f0518b72,tnn_vandermonde_positive,False,724,"{""cluster_parameter"":2.0,""node_type"":""equispaced_positive""}",1,0,0.0,absent
1804,tnn_vandermonde_positive:5aaa1a7a23ee6d83,tnn_vandermonde_positive,False,724,"{""cluster_parameter"":2.0,""node_type"":""clustered_positive""}",1,0,0.0,absent
1805,pascal:7b24b4808f94bc0d,pascal,False,724,{},1,0,0.0,absent
1806,random_conditioned:3d4ea8f7b0b7ac02,random_conditioned,True,1024,"{""condition_number"":100.0,""profile"":""geometric""}",20000,0,0.0,absent
1807,random_conditioned:f13d30e42b69e288,random_conditioned,True,1024,"{""condition_number"":100.0,""profile"":""one_small""}",20000,0,0.0,absent
1808,random_conditioned:5e2483f030292e83,random_conditioned,True,1024,"{""condition_number"":100.0,""profile"":""clustered""}",20000,0,0.0,absent
1809,random_conditioned:59554964dd17fd28,random_conditioned,True,1024,"{""condition_number"":10000.0,""profile"":""geometric""}",20000,0,0.0,absent
1810,random_conditioned:9249e93b9b37b741,random_conditioned,True,1024,"{""condition_number"":10000.0,""profile"":""one_small""}",20000,0,0.0,absent
1811,random_conditioned:24db10624cd06023,random_conditioned,True,1024,"{""condition_number"":10000.0,""profile"":""clustered""}",20000,0,0.0,absent
1812,random_conditioned:ede4f08ad80ec7c0,random_conditioned,True,1024,"{""condition_number"":1000000.0,""profile"":""geometric""}",20000,0,0.0,absent
1813,random_conditioned:58959af1bd395489,random_conditioned,True,1024,"{""condition_number"":1000000.0,""profile"":""one_small""}",20000,0,0.0,absent
1814,random_conditioned:60b649f84d12d8bd,random_conditioned,True,1024,"{""condition_number"":1000000.0,""profile"":""clustered""}",20000,0,0.0,absent
1815,random_conditioned:d85a46ecb6e00d73,random_conditioned,True,1024,"{""condition_number"":100000000.0,""profile"":""geometric""}",20000,0,0.0,absent
1816,random_conditioned:be39cf2c9bb5dcd1,random_conditioned,True,1024,"{""condition_number"":100000000.0,""profile"":""one_small""}",20000,0,0.0,absent
1817,random_conditioned:c09b81d86321af6f,random_conditioned,True,1024,"{""condition_number"":100000000.0,""profile"":""clustered""}",20000,0,0.0,absent
1818,random_conditioned:37f6a61bc4687e9e,random_conditioned,True,1024,"{""condition_number"":10000000000.0,""profile"":""geometric""}",20000,0,0.0,absent
1819,random_conditioned:33289cf8a89ff087,random_conditioned,True,1024,"{""condition_number"":10000000000.0,""profile"":""one_small""}",20000,0,0.0,absent
1820,random_conditioned:d512272586bc7c53,random_conditioned,True,1024,"{""condition_number"":10000000000.0,""profile"":""clustered""}",20000,0,0.0,absent
1821,random_conditioned:36337c2841740aff,random_conditioned,True,1024,"{""condition_number"":1000000000000.0,""profile"":""geometric""}",20000,0,0.0,absent
1822,random_conditioned:982d888343062026,random_conditioned,True,1024,"{""condition_number"":1000000000000.0,""profile"":""one_small""}",20000,0,0.0,absent
1823,random_conditioned:3868b8f4f35e5d1d,random_conditioned,True,1024,"{""condition_number"":1000000000000.0,""profile"":""clustered""}",20000,0,0.0,absent
1824,random_conditioned:e026603158c7af35,random_conditioned,True,1024,"{""condition_number"":100000000000000.0,""profile"":""geometric""}",20000,0,0.0,absent
1825,random_conditioned:5b19efd6ef2b5c0b,random_conditioned,True,1024,"{""condition_number"":100000000000000.0,""profile"":""one_small""}",20000,0,0.0,absent
1826,random_conditioned:20591473a1bf5735,random_conditioned,True,1024,"{""condition_number"":100000000000000.0,""profile"":""clustered""}",20000,0,0.0,absent
1827,random_conditioned:6ed2736ecab0398d,random_conditioned,True,1024,"{""condition_number"":1.0,""profile"":""orthogonal""}",20000,0,0.0,absent
1828,hilbert:b9c548331ca110df,hilbert,False,1024,{},1,0,0.0,absent
1829,vandermonde:c75e7bcca1c1877c,vandermonde,False,1024,"{""cluster_parameter"":10.0,""column_scaling"":false,""node_type"":""equispaced""}",1,0,0.0,absent
1830,vandermonde:ceedbcebccced4fc,vandermonde,False,1024,"{""cluster_parameter"":10.0,""column_scaling"":true,""node_type"":""equispaced""}",1,0,0.0,absent
1831,vandermonde:e7c5154704c3d4c9,vandermonde,False,1024,"{""cluster_parameter"":10.0,""column_scaling"":false,""node_type"":""chebyshev""}",1,0,0.0,absent
1832,vandermonde:df362d800fc64531,vandermonde,False,1024,"{""cluster_parameter"":10.0,""column_scaling"":true,""node_type"":""chebyshev""}",1,0,0.0,absent
1833,vandermonde:1a694a5cc930f5b5,vandermonde,False,1024,"{""cluster_parameter"":10.0,""column_scaling"":false,""node_type"":""clustered_zero""}",1,0,0.0,absent
1834,vandermonde:777568ed0dbc806c,vandermonde,False,1024,"{""cluster_parameter"":10.0,""column_scaling"":true,""node_type"":""clustered_zero""}",1,0,0.0,absent
1835,vandermonde:b85fbb786a5eb62d,vandermonde,False,1024,"{""cluster_parameter"":10.0,""column_scaling"":false,""node_type"":""near_one""}",1,0,0.0,absent
1836,vandermonde:bc1c5a7c363c1cb2,vandermonde,False,1024,"{""cluster_parameter"":10.0,""column_scaling"":true,""node_type"":""near_one""}",1,0,0.0,absent
1837,vandermonde:d4c1dcf1fe7912e5,vandermonde,True,1024,"{""cluster_parameter"":10.0,""column_scaling"":false,""node_type"":""random""}",20000,0,0.0,absent
1838,vandermonde:0040369e0b8a027c,vandermonde,True,1024,"{""cluster_parameter"":10.0,""column_scaling"":true,""node_type"":""random""}",20000,0,0.0,absent
1839,kahan_type:4290efc4c47e83af,kahan_type,False,1024,"{""column_scaling"":false,""theta"":0.1}",1,0,0.0,absent
1840,kahan_type:e71b6f9fd30d0d35,kahan_type,False,1024,"{""column_scaling"":true,""theta"":0.1}",1,0,0.0,absent
1841,kahan_type:55976e314ebada33,kahan_type,False,1024,"{""column_scaling"":false,""theta"":0.01}",1,0,0.0,absent
1842,kahan_type:3d5fca4b09918941,kahan_type,False,1024,"{""column_scaling"":true,""theta"":0.01}",1,0,0.0,absent
1843,kahan_type:ea9d2f45216bcaa7,kahan_type,False,1024,"{""column_scaling"":false,""theta"":0.001}",1,0,0.0,absent
1844,kahan_type:033d150a3a538c2e,kahan_type,False,1024,"{""column_scaling"":true,""theta"":0.001}",1,0,0.0,absent
1845,kahan_type:bf657253a4babc02,kahan_type,False,1024,"{""column_scaling"":false,""theta"":0.0001}",1,0,0.0,absent
1846,kahan_type:7de370b15bdacd56,kahan_type,False,1024,"{""column_scaling"":true,""theta"":0.0001}",1,0,0.0,absent
1847,kahan_type:7411493e1f8f3a01,kahan_type,False,1024,"{""column_scaling"":false,""theta"":1e-06}",1,0,0.0,absent
1848,kahan_type:7f88c9d87a09d37c,kahan_type,False,1024,"{""column_scaling"":true,""theta"":1e-06}",1,0,0.0,absent
1849,kahan_type:3fcb70bbfebc9826,kahan_type,False,1024,"{""column_scaling"":false,""theta"":1e-08}",1,0,0.0,absent
1850,kahan_type:cb92209d4d47c312,kahan_type,False,1024,"{""column_scaling"":true,""theta"":1e-08}",1,0,0.0,absent
1851,kahan_type:cad9cb441519fc5b,kahan_type,False,1024,"{""column_scaling"":false,""theta"":1e-10}",1,0,0.0,absent
1852,kahan_type:ea85790adba5c3b2,kahan_type,False,1024,"{""column_scaling"":true,""theta"":1e-10}",1,0,0.0,absent
1853,kahan_type:ecb64b54443ddd5c,kahan_type,False,1024,"{""column_scaling"":false,""theta"":1e-12}",1,0,0.0,absent
1854,kahan_type:8457c94dc014b009,kahan_type,False,1024,"{""column_scaling"":true,""theta"":1e-12}",1,0,0.0,absent
1855,adversarial_rotation:b2c76300f74387b0,adversarial_rotation,False,1024,"{""epsilon"":0.1}",1,0,0.0,absent
1856,adversarial_rotation:37c4e5a022b50612,adversarial_rotation,False,1024,"{""epsilon"":0.01}",1,0,0.0,absent
1857,adversarial_rotation:fbc8efe02a7874dc,adversarial_rotation,False,1024,"{""epsilon"":0.0001}",1,0,0.0,absent
1858,adversarial_rotation:f7cff71dbc36bc98,adversarial_rotation,False,1024,"{""epsilon"":1e-06}",1,0,0.0,absent
1859,adversarial_rotation:ace807421641f23f,adversarial_rotation,False,1024,"{""epsilon"":1e-08}",1,0,0.0,absent
1860,adversarial_rotation:6f8f58222266e918,adversarial_rotation,False,1024,"{""epsilon"":1e-10}",1,0,0.0,absent
1861,adversarial_rotation:45392a8c926cd6a7,adversarial_rotation,False,1024,"{""epsilon"":1e-12}",1,0,0.0,absent
1862,adversarial_rotation:2cc9ff6f36ee55eb,adversarial_rotation,False,1024,"{""epsilon"":1e-14}",1,0,0.0,absent
1863,repeated_bad_pivots:ebddf4bf1bcd1f4b,repeated_bad_pivots,False,1024,"{""decay"":1.0,""epsilon"":0.01}",1,0,0.0,absent
1864,repeated_bad_pivots:22f815a7b3f93bb6,repeated_bad_pivots,False,1024,"{""decay"":0.3,""epsilon"":0.01}",1,0,0.0,absent
1865,repeated_bad_pivots:cf46139e6aa27490,repeated_bad_pivots,False,1024,"{""decay"":0.1,""epsilon"":0.01}",1,0,0.0,absent
1866,repeated_bad_pivots:221878ec2b94bb83,repeated_bad_pivots,False,1024,"{""decay"":1.0,""epsilon"":1e-06}",1,0,0.0,absent
1867,repeated_bad_pivots:142920ff1c832f8b,repeated_bad_pivots,False,1024,"{""decay"":0.3,""epsilon"":1e-06}",1,0,0.0,absent
1868,repeated_bad_pivots:1be3591d8f74c193,repeated_bad_pivots,False,1024,"{""decay"":0.1,""epsilon"":1e-06}",1,0,0.0,absent
1869,repeated_bad_pivots:34246cb149b429c4,repeated_bad_pivots,False,1024,"{""decay"":1.0,""epsilon"":1e-10}",1,0,0.0,absent
1870,repeated_bad_pivots:73c9e8040232fdc6,repeated_bad_pivots,False,1024,"{""decay"":0.3,""epsilon"":1e-10}",1,0,0.0,absent
1871,repeated_bad_pivots:14488bcb7546a054,repeated_bad_pivots,False,1024,"{""decay"":0.1,""epsilon"":1e-10}",1,0,0.0,absent
1872,scaled_adversarial:a1544dd12bfc380a,scaled_adversarial,True,1024,"{""epsilon"":0.01,""scale_range"":2.0}",20000,0,0.0,absent
1873,scaled_adversarial:bfa61de27cbbe219,scaled_adversarial,True,1024,"{""epsilon"":0.01,""scale_range"":4.0}",20000,0,0.0,absent
1874,scaled_adversarial:e73afbc25af72981,scaled_adversarial,True,1024,"{""epsilon"":0.01,""scale_range"":8.0}",20000,0,0.0,absent
1875,scaled_adversarial:17741976c2dfbd54,scaled_adversarial,True,1024,"{""epsilon"":0.01,""scale_range"":12.0}",20000,0,0.0,absent
1876,scaled_adversarial:1c7b58eee2ed258c,scaled_adversarial,True,1024,"{""epsilon"":1e-06,""scale_range"":2.0}",20000,0,0.0,absent
1877,scaled_adversarial:4fa46c9b0730babb,scaled_adversarial,True,1024,"{""epsilon"":1e-06,""scale_range"":4.0}",20000,0,0.0,absent
1878,scaled_adversarial:693a2410d358b3b1,scaled_adversarial,True,1024,"{""epsilon"":1e-06,""scale_range"":8.0}",20000,0,0.0,absent
1879,scaled_adversarial:44cc26aec2af2f93,scaled_adversarial,True,1024,"{""epsilon"":1e-06,""scale_range"":12.0}",20000,0,0.0,absent
1880,scaled_adversarial:47817f90b3ae7eb7,scaled_adversarial,True,1024,"{""epsilon"":1e-10,""scale_range"":2.0}",20000,0,0.0,absent
1881,scaled_adversarial:4aad419250638d2a,scaled_adversarial,True,1024,"{""epsilon"":1e-10,""scale_range"":4.0}",20000,0,0.0,absent
1882,scaled_adversarial:5d1019a4ba6f1410,scaled_adversarial,True,1024,"{""epsilon"":1e-10,""scale_range"":8.0}",20000,0,0.0,absent
1883,scaled_adversarial:a7078d089ccfa660,scaled_adversarial,True,1024,"{""epsilon"":1e-10,""scale_range"":12.0}",20000,0,0.0,absent
1884,row_diagonal_dominant_random:93e6f52ebdb3ac55,row_diagonal_dominant_random,True,1024,"{""alpha"":0.5}",20000,0,0.0,absent
1885,row_diagonal_dominant_random:03e59f7215597618,row_diagonal_dominant_random,True,1024,"{""alpha"":0.3}",20000,0,0.0,absent
1886,row_diagonal_dominant_random:c6616c01f005a03d,row_diagonal_dominant_random,True,1024,"{""alpha"":0.2}",20000,0,0.0,absent
1887,row_diagonal_dominant_random:85f3946f6e4679ec,row_diagonal_dominant_random,True,1024,"{""alpha"":0.1}",20000,0,0.0,absent
1888,row_diagonal_dominant_random:2976d44433ad1387,row_diagonal_dominant_random,True,1024,"{""alpha"":0.05}",20000,0,0.0,absent
1889,row_diagonal_dominant_random:8a85d76f30eb75a6,row_diagonal_dominant_random,True,1024,"{""alpha"":0.02}",20000,0,0.0,absent
1890,row_diagonal_dominant_random:3cf57fa76b9a551c,row_diagonal_dominant_random,True,1024,"{""alpha"":0.01}",20000,0,0.0,absent
1891,row_diagonal_dominant_random:4cbd4f5958f010f8,row_diagonal_dominant_random,True,1024,"{""alpha"":0.005}",20000,0,0.0,absent
1892,row_diagonal_dominant_random:9493eb0855127051,row_diagonal_dominant_random,True,1024,"{""alpha"":0.002}",20000,0,0.0,absent
1893,row_diagonal_dominant_random:c93186b88112adec,row_diagonal_dominant_random,True,1024,"{""alpha"":0.001}",20000,0,0.0,absent
1894,row_diagonal_dominant_tridiagonal:982220238cdced02,row_diagonal_dominant_tridiagonal,False,1024,"{""alpha"":0.5}",1,0,0.0,absent
1895,row_diagonal_dominant_tridiagonal:f7dbde840db0a0a1,row_diagonal_dominant_tridiagonal,False,1024,"{""alpha"":0.3}",1,0,0.0,absent
1896,row_diagonal_dominant_tridiagonal:af932376a9e85180,row_diagonal_dominant_tridiagonal,False,1024,"{""alpha"":0.2}",1,0,0.0,absent
1897,row_diagonal_dominant_tridiagonal:c27ad42e3f6fa594,row_diagonal_dominant_tridiagonal,False,1024,"{""alpha"":0.1}",1,0,0.0,absent
1898,row_diagonal_dominant_tridiagonal:b140db102925b3ec,row_diagonal_dominant_tridiagonal,False,1024,"{""alpha"":0.05}",1,0,0.0,absent
1899,row_diagonal_dominant_tridiagonal:9c6a6927336fc423,row_diagonal_dominant_tridiagonal,False,1024,"{""alpha"":0.02}",1,0,0.0,absent
1900,row_diagonal_dominant_tridiagonal:a2ab9117ea3a1dfa,row_diagonal_dominant_tridiagonal,False,1024,"{""alpha"":0.01}",1,0,0.0,absent
1901,row_diagonal_dominant_tridiagonal:80f1643c77f70cd6,row_diagonal_dominant_tridiagonal,False,1024,"{""alpha"":0.005}",1,0,0.0,absent
1902,row_diagonal_dominant_tridiagonal:e81edd77eaa602f2,row_diagonal_dominant_tridiagonal,False,1024,"{""alpha"":0.002}",1,0,0.0,absent
1903,row_diagonal_dominant_tridiagonal:3cc535104b50d6a1,row_diagonal_dominant_tridiagonal,False,1024,"{""alpha"":0.001}",1,0,0.0,absent
1904,row_diagonal_dominant_rankone:9b1d06cd48c40ab2,row_diagonal_dominant_rankone,False,1024,"{""alpha"":0.5}",1,0,0.0,absent
1905,row_diagonal_dominant_rankone:b2135906babb091e,row_diagonal_dominant_rankone,False,1024,"{""alpha"":0.3}",1,0,0.0,absent
1906,row_diagonal_dominant_rankone:4b19e252ebf4e64e,row_diagonal_dominant_rankone,False,1024,"{""alpha"":0.2}",1,0,0.0,absent
1907,row_diagonal_dominant_rankone:f77fdfb3efff94e7,row_diagonal_dominant_rankone,False,1024,"{""alpha"":0.1}",1,0,0.0,absent
1908,row_diagonal_dominant_rankone:e9f8a9d621908331,row_diagonal_dominant_rankone,False,1024,"{""alpha"":0.05}",1,0,0.0,absent
1909,row_diagonal_dominant_rankone:f5d1060d84da4649,row_diagonal_dominant_rankone,False,1024,"{""alpha"":0.02}",1,0,0.0,absent
1910,row_diagonal_dominant_rankone:bbdf2ff377511d2a,row_diagonal_dominant_rankone,False,1024,"{""alpha"":0.01}",1,0,0.0,absent
1911,row_diagonal_dominant_rankone:b724756e042d2640,row_diagonal_dominant_rankone,False,1024,"{""alpha"":0.005}",1,0,0.0,absent
1912,row_diagonal_dominant_rankone:9248beec0335477a,row_diagonal_dominant_rankone,False,1024,"{""alpha"":0.002}",1,0,0.0,absent
1913,row_diagonal_dominant_rankone:6689e0c35681572e,row_diagonal_dominant_rankone,False,1024,"{""alpha"":0.001}",1,0,0.0,absent
1914,row_diagonal_dominant_stochastic:021519ee0a19df7c,row_diagonal_dominant_stochastic,True,1024,"{""alpha"":0.5}",20000,0,0.0,absent
1915,row_diagonal_dominant_stochastic:de30837b1853aaf8,row_diagonal_dominant_stochastic,True,1024,"{""alpha"":0.3}",20000,0,0.0,absent
1916,row_diagonal_dominant_stochastic:85d04ae4513fe85f,row_diagonal_dominant_stochastic,True,1024,"{""alpha"":0.2}",20000,0,0.0,absent
1917,row_diagonal_dominant_stochastic:0f7feef7c7880b20,row_diagonal_dominant_stochastic,True,1024,"{""alpha"":0.1}",20000,0,0.0,absent
1918,row_diagonal_dominant_stochastic:0530909e2322226a,row_diagonal_dominant_stochastic,True,1024,"{""alpha"":0.05}",20000,0,0.0,absent
1919,row_diagonal_dominant_stochastic:f5393029996d2c29,row_diagonal_dominant_stochastic,True,1024,"{""alpha"":0.02}",20000,0,0.0,absent
1920,row_diagonal_dominant_stochastic:0d717c35c3b2f62d,row_diagonal_dominant_stochastic,True,1024,"{""alpha"":0.01}",20000,0,0.0,absent
1921,row_diagonal_dominant_stochastic:6bb9c9b7e1526958,row_diagonal_dominant_stochastic,True,1024,"{""alpha"":0.005}",20000,0,0.0,absent
1922,row_diagonal_dominant_stochastic:103e29b8022442fa,row_diagonal_dominant_stochastic,True,1024,"{""alpha"":0.002}",20000,0,0.0,absent
1923,row_diagonal_dominant_stochastic:3f149f338e70104c,row_diagonal_dominant_stochastic,True,1024,"{""alpha"":0.001}",20000,0,0.0,absent
1924,spd_prescribed_spectrum:f3c8ebf0e249f88d,spd_prescribed_spectrum,True,1024,"{""kappa"":10.0}",20000,0,0.0,absent
1925,spd_prescribed_spectrum:fd9c01d27036b31c,spd_prescribed_spectrum,True,1024,"{""kappa"":100.0}",20000,0,0.0,absent
1926,spd_prescribed_spectrum:dc332cd1bfa688f6,spd_prescribed_spectrum,True,1024,"{""kappa"":1000.0}",20000,0,0.0,absent
1927,spd_prescribed_spectrum:a954fd91076fe28c,spd_prescribed_spectrum,True,1024,"{""kappa"":10000.0}",20000,0,0.0,absent
1928,spd_prescribed_spectrum:79fe5321ebe142a9,spd_prescribed_spectrum,True,1024,"{""kappa"":100000.0}",20000,0,0.0,absent
1929,spd_prescribed_spectrum:4953545b5c68c921,spd_prescribed_spectrum,True,1024,"{""kappa"":1000000.0}",20000,0,0.0,absent
1930,spd_prescribed_spectrum:70d7805e407478aa,spd_prescribed_spectrum,True,1024,"{""kappa"":10000000.0}",20000,0,0.0,absent
1931,spd_prescribed_spectrum:fc3ee47b52f52cc7,spd_prescribed_spectrum,True,1024,"{""kappa"":100000000.0}",20000,0,0.0,absent
1932,tnn_vandermonde_positive:d0b487e6f0518b72,tnn_vandermonde_positive,False,1024,"{""cluster_parameter"":2.0,""node_type"":""equispaced_positive""}",1,0,0.0,absent
1933,tnn_vandermonde_positive:5aaa1a7a23ee6d83,tnn_vandermonde_positive,False,1024,"{""cluster_parameter"":2.0,""node_type"":""clustered_positive""}",1,0,0.0,absent
1934,pascal:7b24b4808f94bc0d,pascal,False,1024,{},1,0,0.0,absent
